date,port,fuel_type,price_usd_per_ton
2024-01-01,Singapore,VLSFO,623.24
2024-01-01,Singapore,LSMGO,813.96
2024-01-01,Singapore,HSFO,465.22
2024-01-01,Fujairah,VLSFO,611.29
2024-01-01,Fujairah,LSMGO,803.43
2024-01-01,Fujairah,HSFO,452.14
2024-01-01,Rotterdam,VLSFO,599.99
2024-01-01,Rotterdam,LSMGO,789.3
2024-01-01,Rotterdam,HSFO,438.45
2024-01-01,Visakhapatnam,VLSFO,662.37
2024-01-01,Visakhapatnam,LSMGO,851.26
2024-01-01,Visakhapatnam,HSFO,497.52
2024-01-02,Singapore,VLSFO,625.66
2024-01-02,Singapore,LSMGO,813.37
2024-01-02,Singapore,HSFO,465.82
2024-01-02,Fujairah,VLSFO,613.25
2024-01-02,Fujairah,LSMGO,801.0
2024-01-02,Fujairah,HSFO,448.58
2024-01-02,Rotterdam,VLSFO,597.06
2024-01-02,Rotterdam,LSMGO,788.7
2024-01-02,Rotterdam,HSFO,439.25
2024-01-02,Visakhapatnam,VLSFO,657.0
2024-01-02,Visakhapatnam,LSMGO,846.28
2024-01-02,Visakhapatnam,HSFO,500.46
2024-01-03,Singapore,VLSFO,632.47
2024-01-03,Singapore,LSMGO,819.72
2024-01-03,Singapore,HSFO,467.6
2024-01-03,Fujairah,VLSFO,616.2
2024-01-03,Fujairah,LSMGO,804.68
2024-01-03,Fujairah,HSFO,460.05
2024-01-03,Rotterdam,VLSFO,602.27
2024-01-03,Rotterdam,LSMGO,795.03
2024-01-03,Rotterdam,HSFO,443.21
2024-01-03,Visakhapatnam,VLSFO,664.89
2024-01-03,Visakhapatnam,LSMGO,855.48
2024-01-03,Visakhapatnam,HSFO,506.55
2024-01-04,Singapore,VLSFO,642.25
2024-01-04,Singapore,LSMGO,831.08
2024-01-04,Singapore,HSFO,481.83
2024-01-04,Fujairah,VLSFO,634.41
2024-01-04,Fujairah,LSMGO,824.26
2024-01-04,Fujairah,HSFO,472.6
2024-01-04,Rotterdam,VLSFO,619.62
2024-01-04,Rotterdam,LSMGO,810.0
2024-01-04,Rotterdam,HSFO,457.07
2024-01-04,Visakhapatnam,VLSFO,681.5
2024-01-04,Visakhapatnam,LSMGO,868.53
2024-01-04,Visakhapatnam,HSFO,518.31
2024-01-05,Singapore,VLSFO,641.93
2024-01-05,Singapore,LSMGO,829.1
2024-01-05,Singapore,HSFO,479.81
2024-01-05,Fujairah,VLSFO,631.24
2024-01-05,Fujairah,LSMGO,817.31
2024-01-05,Fujairah,HSFO,470.43
2024-01-05,Rotterdam,VLSFO,615.29
2024-01-05,Rotterdam,LSMGO,806.15
2024-01-05,Rotterdam,HSFO,455.55
2024-01-05,Visakhapatnam,VLSFO,675.95
2024-01-05,Visakhapatnam,LSMGO,868.13
2024-01-05,Visakhapatnam,HSFO,515.6
2024-01-08,Singapore,VLSFO,640.02
2024-01-08,Singapore,LSMGO,829.48
2024-01-08,Singapore,HSFO,480.61
2024-01-08,Fujairah,VLSFO,630.25
2024-01-08,Fujairah,LSMGO,819.02
2024-01-08,Fujairah,HSFO,465.92
2024-01-08,Rotterdam,VLSFO,611.81
2024-01-08,Rotterdam,LSMGO,803.2
2024-01-08,Rotterdam,HSFO,455.2
2024-01-08,Visakhapatnam,VLSFO,671.93
2024-01-08,Visakhapatnam,LSMGO,864.6
2024-01-08,Visakhapatnam,HSFO,515.21
2024-01-09,Singapore,VLSFO,653.85
2024-01-09,Singapore,LSMGO,846.47
2024-01-09,Singapore,HSFO,492.48
2024-01-09,Fujairah,VLSFO,640.29
2024-01-09,Fujairah,LSMGO,834.21
2024-01-09,Fujairah,HSFO,482.81
2024-01-09,Rotterdam,VLSFO,630.97
2024-01-09,Rotterdam,LSMGO,819.45
2024-01-09,Rotterdam,HSFO,468.32
2024-01-09,Visakhapatnam,VLSFO,691.76
2024-01-09,Visakhapatnam,LSMGO,881.64
2024-01-09,Visakhapatnam,HSFO,531.01
2024-01-10,Singapore,VLSFO,661.08
2024-01-10,Singapore,LSMGO,852.99
2024-01-10,Singapore,HSFO,501.61
2024-01-10,Fujairah,VLSFO,647.99
2024-01-10,Fujairah,LSMGO,842.95
2024-01-10,Fujairah,HSFO,488.27
2024-01-10,Rotterdam,VLSFO,640.15
2024-01-10,Rotterdam,LSMGO,827.12
2024-01-10,Rotterdam,HSFO,475.56
2024-01-10,Visakhapatnam,VLSFO,697.7
2024-01-10,Visakhapatnam,LSMGO,889.68
2024-01-10,Visakhapatnam,HSFO,538.84
2024-01-11,Singapore,VLSFO,659.69
2024-01-11,Singapore,LSMGO,848.8
2024-01-11,Singapore,HSFO,499.0
2024-01-11,Fujairah,VLSFO,647.94
2024-01-11,Fujairah,LSMGO,834.34
2024-01-11,Fujairah,HSFO,485.78
2024-01-11,Rotterdam,VLSFO,631.17
2024-01-11,Rotterdam,LSMGO,825.77
2024-01-11,Rotterdam,HSFO,475.51
2024-01-11,Visakhapatnam,VLSFO,690.08
2024-01-11,Visakhapatnam,LSMGO,884.08
2024-01-11,Visakhapatnam,HSFO,535.4
2024-01-12,Singapore,VLSFO,661.35
2024-01-12,Singapore,LSMGO,853.67
2024-01-12,Singapore,HSFO,505.76
2024-01-12,Fujairah,VLSFO,648.47
2024-01-12,Fujairah,LSMGO,842.45
2024-01-12,Fujairah,HSFO,490.05
2024-01-12,Rotterdam,VLSFO,640.81
2024-01-12,Rotterdam,LSMGO,831.09
2024-01-12,Rotterdam,HSFO,480.93
2024-01-12,Visakhapatnam,VLSFO,698.11
2024-01-12,Visakhapatnam,LSMGO,890.44
2024-01-12,Visakhapatnam,HSFO,540.33
2024-01-15,Singapore,VLSFO,657.64
2024-01-15,Singapore,LSMGO,850.7
2024-01-15,Singapore,HSFO,495.94
2024-01-15,Fujairah,VLSFO,647.3
2024-01-15,Fujairah,LSMGO,835.1
2024-01-15,Fujairah,HSFO,484.45
2024-01-15,Rotterdam,VLSFO,631.18
2024-01-15,Rotterdam,LSMGO,824.9
2024-01-15,Rotterdam,HSFO,472.76
2024-01-15,Visakhapatnam,VLSFO,695.07
2024-01-15,Visakhapatnam,LSMGO,881.11
2024-01-15,Visakhapatnam,HSFO,532.61
2024-01-16,Singapore,VLSFO,654.42
2024-01-16,Singapore,LSMGO,845.93
2024-01-16,Singapore,HSFO,493.1
2024-01-16,Fujairah,VLSFO,642.94
2024-01-16,Fujairah,LSMGO,834.5
2024-01-16,Fujairah,HSFO,482.88
2024-01-16,Rotterdam,VLSFO,627.58
2024-01-16,Rotterdam,LSMGO,816.33
2024-01-16,Rotterdam,HSFO,471.41
2024-01-16,Visakhapatnam,VLSFO,686.31
2024-01-16,Visakhapatnam,LSMGO,881.43
2024-01-16,Visakhapatnam,HSFO,529.36
2024-01-17,Singapore,VLSFO,659.26
2024-01-17,Singapore,LSMGO,848.42
2024-01-17,Singapore,HSFO,499.61
2024-01-17,Fujairah,VLSFO,643.73
2024-01-17,Fujairah,LSMGO,836.23
2024-01-17,Fujairah,HSFO,484.04
2024-01-17,Rotterdam,VLSFO,631.5
2024-01-17,Rotterdam,LSMGO,822.39
2024-01-17,Rotterdam,HSFO,473.87
2024-01-17,Visakhapatnam,VLSFO,694.53
2024-01-17,Visakhapatnam,LSMGO,883.24
2024-01-17,Visakhapatnam,HSFO,531.13
2024-01-18,Singapore,VLSFO,637.37
2024-01-18,Singapore,LSMGO,829.27
2024-01-18,Singapore,HSFO,476.28
2024-01-18,Fujairah,VLSFO,623.51
2024-01-18,Fujairah,LSMGO,814.97
2024-01-18,Fujairah,HSFO,464.57
2024-01-18,Rotterdam,VLSFO,611.62
2024-01-18,Rotterdam,LSMGO,801.25
2024-01-18,Rotterdam,HSFO,450.1
2024-01-18,Visakhapatnam,VLSFO,669.95
2024-01-18,Visakhapatnam,LSMGO,865.77
2024-01-18,Visakhapatnam,HSFO,512.41
2024-01-19,Singapore,VLSFO,620.71
2024-01-19,Singapore,LSMGO,812.48
2024-01-19,Singapore,HSFO,459.72
2024-01-19,Fujairah,VLSFO,612.11
2024-01-19,Fujairah,LSMGO,801.13
2024-01-19,Fujairah,HSFO,446.94
2024-01-19,Rotterdam,VLSFO,595.91
2024-01-19,Rotterdam,LSMGO,788.68
2024-01-19,Rotterdam,HSFO,439.08
2024-01-19,Visakhapatnam,VLSFO,656.21
2024-01-19,Visakhapatnam,LSMGO,847.09
2024-01-19,Visakhapatnam,HSFO,494.41
2024-01-22,Singapore,VLSFO,619.17
2024-01-22,Singapore,LSMGO,804.62
2024-01-22,Singapore,HSFO,458.88
2024-01-22,Fujairah,VLSFO,605.13
2024-01-22,Fujairah,LSMGO,794.87
2024-01-22,Fujairah,HSFO,444.3
2024-01-22,Rotterdam,VLSFO,589.61
2024-01-22,Rotterdam,LSMGO,779.29
2024-01-22,Rotterdam,HSFO,429.55
2024-01-22,Visakhapatnam,VLSFO,649.35
2024-01-22,Visakhapatnam,LSMGO,842.91
2024-01-22,Visakhapatnam,HSFO,490.33
2024-01-23,Singapore,VLSFO,604.27
2024-01-23,Singapore,LSMGO,799.74
2024-01-23,Singapore,HSFO,449.23
2024-01-23,Fujairah,VLSFO,597.49
2024-01-23,Fujairah,LSMGO,787.9
2024-01-23,Fujairah,HSFO,432.97
2024-01-23,Rotterdam,VLSFO,581.3
2024-01-23,Rotterdam,LSMGO,773.48
2024-01-23,Rotterdam,HSFO,423.1
2024-01-23,Visakhapatnam,VLSFO,639.85
2024-01-23,Visakhapatnam,LSMGO,833.82
2024-01-23,Visakhapatnam,HSFO,480.27
2024-01-24,Singapore,VLSFO,608.19
2024-01-24,Singapore,LSMGO,800.07
2024-01-24,Singapore,HSFO,450.41
2024-01-24,Fujairah,VLSFO,598.33
2024-01-24,Fujairah,LSMGO,785.4
2024-01-24,Fujairah,HSFO,440.11
2024-01-24,Rotterdam,VLSFO,583.44
2024-01-24,Rotterdam,LSMGO,772.63
2024-01-24,Rotterdam,HSFO,427.18
2024-01-24,Visakhapatnam,VLSFO,647.58
2024-01-24,Visakhapatnam,LSMGO,837.02
2024-01-24,Visakhapatnam,HSFO,486.71
2024-01-25,Singapore,VLSFO,602.54
2024-01-25,Singapore,LSMGO,791.91
2024-01-25,Singapore,HSFO,439.13
2024-01-25,Fujairah,VLSFO,589.05
2024-01-25,Fujairah,LSMGO,778.84
2024-01-25,Fujairah,HSFO,428.16
2024-01-25,Rotterdam,VLSFO,577.94
2024-01-25,Rotterdam,LSMGO,766.58
2024-01-25,Rotterdam,HSFO,414.09
2024-01-25,Visakhapatnam,VLSFO,634.92
2024-01-25,Visakhapatnam,LSMGO,827.7
2024-01-25,Visakhapatnam,HSFO,474.06
2024-01-26,Singapore,VLSFO,591.03
2024-01-26,Singapore,LSMGO,778.89
2024-01-26,Singapore,HSFO,428.8
2024-01-26,Fujairah,VLSFO,577.47
2024-01-26,Fujairah,LSMGO,768.87
2024-01-26,Fujairah,HSFO,416.01
2024-01-26,Rotterdam,VLSFO,564.99
2024-01-26,Rotterdam,LSMGO,754.31
2024-01-26,Rotterdam,HSFO,402.52
2024-01-26,Visakhapatnam,VLSFO,626.19
2024-01-26,Visakhapatnam,LSMGO,815.7
2024-01-26,Visakhapatnam,HSFO,464.87
2024-01-29,Singapore,VLSFO,604.03
2024-01-29,Singapore,LSMGO,794.13
2024-01-29,Singapore,HSFO,443.18
2024-01-29,Fujairah,VLSFO,591.95
2024-01-29,Fujairah,LSMGO,781.11
2024-01-29,Fujairah,HSFO,431.01
2024-01-29,Rotterdam,VLSFO,577.64
2024-01-29,Rotterdam,LSMGO,768.44
2024-01-29,Rotterdam,HSFO,414.88
2024-01-29,Visakhapatnam,VLSFO,639.21
2024-01-29,Visakhapatnam,LSMGO,829.16
2024-01-29,Visakhapatnam,HSFO,474.1
2024-01-30,Singapore,VLSFO,601.9
2024-01-30,Singapore,LSMGO,787.72
2024-01-30,Singapore,HSFO,438.96
2024-01-30,Fujairah,VLSFO,589.41
2024-01-30,Fujairah,LSMGO,775.91
2024-01-30,Fujairah,HSFO,429.85
2024-01-30,Rotterdam,VLSFO,576.94
2024-01-30,Rotterdam,LSMGO,764.99
2024-01-30,Rotterdam,HSFO,411.99
2024-01-30,Visakhapatnam,VLSFO,633.67
2024-01-30,Visakhapatnam,LSMGO,825.65
2024-01-30,Visakhapatnam,HSFO,477.83
2024-01-31,Singapore,VLSFO,601.41
2024-01-31,Singapore,LSMGO,789.17
2024-01-31,Singapore,HSFO,441.42
2024-01-31,Fujairah,VLSFO,588.85
2024-01-31,Fujairah,LSMGO,780.29
2024-01-31,Fujairah,HSFO,426.26
2024-01-31,Rotterdam,VLSFO,577.18
2024-01-31,Rotterdam,LSMGO,765.86
2024-01-31,Rotterdam,HSFO,418.39
2024-01-31,Visakhapatnam,VLSFO,634.67
2024-01-31,Visakhapatnam,LSMGO,826.41
2024-01-31,Visakhapatnam,HSFO,478.21
2024-02-01,Singapore,VLSFO,585.45
2024-02-01,Singapore,LSMGO,780.46
2024-02-01,Singapore,HSFO,428.97
2024-02-01,Fujairah,VLSFO,573.25
2024-02-01,Fujairah,LSMGO,764.64
2024-02-01,Fujairah,HSFO,417.09
2024-02-01,Rotterdam,VLSFO,560.24
2024-02-01,Rotterdam,LSMGO,753.33
2024-02-01,Rotterdam,HSFO,401.91
2024-02-01,Visakhapatnam,VLSFO,623.56
2024-02-01,Visakhapatnam,LSMGO,810.11
2024-02-01,Visakhapatnam,HSFO,465.07
2024-02-02,Singapore,VLSFO,585.94
2024-02-02,Singapore,LSMGO,775.91
2024-02-02,Singapore,HSFO,424.6
2024-02-02,Fujairah,VLSFO,568.88
2024-02-02,Fujairah,LSMGO,762.65
2024-02-02,Fujairah,HSFO,408.25
2024-02-02,Rotterdam,VLSFO,555.23
2024-02-02,Rotterdam,LSMGO,747.04
2024-02-02,Rotterdam,HSFO,398.03
2024-02-02,Visakhapatnam,VLSFO,619.72
2024-02-02,Visakhapatnam,LSMGO,809.2
2024-02-02,Visakhapatnam,HSFO,457.77
2024-02-05,Singapore,VLSFO,582.77
2024-02-05,Singapore,LSMGO,777.11
2024-02-05,Singapore,HSFO,423.68
2024-02-05,Fujairah,VLSFO,571.83
2024-02-05,Fujairah,LSMGO,760.11
2024-02-05,Fujairah,HSFO,413.89
2024-02-05,Rotterdam,VLSFO,560.29
2024-02-05,Rotterdam,LSMGO,747.45
2024-02-05,Rotterdam,HSFO,396.62
2024-02-05,Visakhapatnam,VLSFO,620.21
2024-02-05,Visakhapatnam,LSMGO,810.05
2024-02-05,Visakhapatnam,HSFO,457.77
2024-02-06,Singapore,VLSFO,576.8
2024-02-06,Singapore,LSMGO,762.01
2024-02-06,Singapore,HSFO,413.69
2024-02-06,Fujairah,VLSFO,564.76
2024-02-06,Fujairah,LSMGO,751.62
2024-02-06,Fujairah,HSFO,402.93
2024-02-06,Rotterdam,VLSFO,548.49
2024-02-06,Rotterdam,LSMGO,737.74
2024-02-06,Rotterdam,HSFO,392.0
2024-02-06,Visakhapatnam,VLSFO,608.56
2024-02-06,Visakhapatnam,LSMGO,801.46
2024-02-06,Visakhapatnam,HSFO,447.48
2024-02-07,Singapore,VLSFO,575.67
2024-02-07,Singapore,LSMGO,764.58
2024-02-07,Singapore,HSFO,418.3
2024-02-07,Fujairah,VLSFO,564.6
2024-02-07,Fujairah,LSMGO,757.58
2024-02-07,Fujairah,HSFO,405.23
2024-02-07,Rotterdam,VLSFO,555.2
2024-02-07,Rotterdam,LSMGO,740.51
2024-02-07,Rotterdam,HSFO,394.6
2024-02-07,Visakhapatnam,VLSFO,614.05
2024-02-07,Visakhapatnam,LSMGO,804.02
2024-02-07,Visakhapatnam,HSFO,454.46
2024-02-08,Singapore,VLSFO,573.81
2024-02-08,Singapore,LSMGO,763.01
2024-02-08,Singapore,HSFO,410.04
2024-02-08,Fujairah,VLSFO,557.44
2024-02-08,Fujairah,LSMGO,752.77
2024-02-08,Fujairah,HSFO,400.95
2024-02-08,Rotterdam,VLSFO,549.03
2024-02-08,Rotterdam,LSMGO,737.14
2024-02-08,Rotterdam,HSFO,384.95
2024-02-08,Visakhapatnam,VLSFO,605.0
2024-02-08,Visakhapatnam,LSMGO,798.36
2024-02-08,Visakhapatnam,HSFO,446.83
2024-02-09,Singapore,VLSFO,568.0
2024-02-09,Singapore,LSMGO,759.75
2024-02-09,Singapore,HSFO,407.19
2024-02-09,Fujairah,VLSFO,558.29
2024-02-09,Fujairah,LSMGO,746.42
2024-02-09,Fujairah,HSFO,399.59
2024-02-09,Rotterdam,VLSFO,543.66
2024-02-09,Rotterdam,LSMGO,734.53
2024-02-09,Rotterdam,HSFO,381.87
2024-02-09,Visakhapatnam,VLSFO,602.24
2024-02-09,Visakhapatnam,LSMGO,794.16
2024-02-09,Visakhapatnam,HSFO,444.68
2024-02-12,Singapore,VLSFO,565.32
2024-02-12,Singapore,LSMGO,753.47
2024-02-12,Singapore,HSFO,405.89
2024-02-12,Fujairah,VLSFO,554.88
2024-02-12,Fujairah,LSMGO,744.39
2024-02-12,Fujairah,HSFO,389.95
2024-02-12,Rotterdam,VLSFO,539.6
2024-02-12,Rotterdam,LSMGO,727.35
2024-02-12,Rotterdam,HSFO,378.17
2024-02-12,Visakhapatnam,VLSFO,602.64
2024-02-12,Visakhapatnam,LSMGO,787.57
2024-02-12,Visakhapatnam,HSFO,439.71
2024-02-13,Singapore,VLSFO,581.17
2024-02-13,Singapore,LSMGO,771.68
2024-02-13,Singapore,HSFO,420.82
2024-02-13,Fujairah,VLSFO,565.52
2024-02-13,Fujairah,LSMGO,757.42
2024-02-13,Fujairah,HSFO,408.57
2024-02-13,Rotterdam,VLSFO,552.99
2024-02-13,Rotterdam,LSMGO,744.57
2024-02-13,Rotterdam,HSFO,392.66
2024-02-13,Visakhapatnam,VLSFO,612.93
2024-02-13,Visakhapatnam,LSMGO,804.84
2024-02-13,Visakhapatnam,HSFO,453.26
2024-02-14,Singapore,VLSFO,580.81
2024-02-14,Singapore,LSMGO,771.54
2024-02-14,Singapore,HSFO,422.21
2024-02-14,Fujairah,VLSFO,566.6
2024-02-14,Fujairah,LSMGO,756.41
2024-02-14,Fujairah,HSFO,406.03
2024-02-14,Rotterdam,VLSFO,556.22
2024-02-14,Rotterdam,LSMGO,746.64
2024-02-14,Rotterdam,HSFO,392.59
2024-02-14,Visakhapatnam,VLSFO,618.02
2024-02-14,Visakhapatnam,LSMGO,802.71
2024-02-14,Visakhapatnam,HSFO,455.65
2024-02-15,Singapore,VLSFO,572.51
2024-02-15,Singapore,LSMGO,763.48
2024-02-15,Singapore,HSFO,412.54
2024-02-15,Fujairah,VLSFO,561.06
2024-02-15,Fujairah,LSMGO,748.29
2024-02-15,Fujairah,HSFO,401.14
2024-02-15,Rotterdam,VLSFO,543.73
2024-02-15,Rotterdam,LSMGO,738.62
2024-02-15,Rotterdam,HSFO,386.54
2024-02-15,Visakhapatnam,VLSFO,608.16
2024-02-15,Visakhapatnam,LSMGO,795.97
2024-02-15,Visakhapatnam,HSFO,447.11
2024-02-16,Singapore,VLSFO,578.52
2024-02-16,Singapore,LSMGO,769.75
2024-02-16,Singapore,HSFO,415.85
2024-02-16,Fujairah,VLSFO,563.72
2024-02-16,Fujairah,LSMGO,754.84
2024-02-16,Fujairah,HSFO,404.31
2024-02-16,Rotterdam,VLSFO,555.59
2024-02-16,Rotterdam,LSMGO,741.67
2024-02-16,Rotterdam,HSFO,396.21
2024-02-16,Visakhapatnam,VLSFO,612.38
2024-02-16,Visakhapatnam,LSMGO,801.45
2024-02-16,Visakhapatnam,HSFO,455.1
2024-02-19,Singapore,VLSFO,568.78
2024-02-19,Singapore,LSMGO,757.81
2024-02-19,Singapore,HSFO,408.16
2024-02-19,Fujairah,VLSFO,557.14
2024-02-19,Fujairah,LSMGO,744.19
2024-02-19,Fujairah,HSFO,398.8
2024-02-19,Rotterdam,VLSFO,545.67
2024-02-19,Rotterdam,LSMGO,733.73
2024-02-19,Rotterdam,HSFO,381.02
2024-02-19,Visakhapatnam,VLSFO,603.91
2024-02-19,Visakhapatnam,LSMGO,790.26
2024-02-19,Visakhapatnam,HSFO,440.01
2024-02-20,Singapore,VLSFO,568.21
2024-02-20,Singapore,LSMGO,759.44
2024-02-20,Singapore,HSFO,411.87
2024-02-20,Fujairah,VLSFO,559.02
2024-02-20,Fujairah,LSMGO,749.12
2024-02-20,Fujairah,HSFO,397.21
2024-02-20,Rotterdam,VLSFO,543.74
2024-02-20,Rotterdam,LSMGO,733.89
2024-02-20,Rotterdam,HSFO,387.59
2024-02-20,Visakhapatnam,VLSFO,601.9
2024-02-20,Visakhapatnam,LSMGO,796.86
2024-02-20,Visakhapatnam,HSFO,445.13
2024-02-21,Singapore,VLSFO,552.6
2024-02-21,Singapore,LSMGO,744.32
2024-02-21,Singapore,HSFO,392.89
2024-02-21,Fujairah,VLSFO,543.21
2024-02-21,Fujairah,LSMGO,733.38
2024-02-21,Fujairah,HSFO,380.5
2024-02-21,Rotterdam,VLSFO,526.63
2024-02-21,Rotterdam,LSMGO,718.53
2024-02-21,Rotterdam,HSFO,370.45
2024-02-21,Visakhapatnam,VLSFO,586.24
2024-02-21,Visakhapatnam,LSMGO,778.71
2024-02-21,Visakhapatnam,HSFO,428.76
2024-02-22,Singapore,VLSFO,543.41
2024-02-22,Singapore,LSMGO,729.8
2024-02-22,Singapore,HSFO,383.31
2024-02-22,Fujairah,VLSFO,532.46
2024-02-22,Fujairah,LSMGO,718.09
2024-02-22,Fujairah,HSFO,368.44
2024-02-22,Rotterdam,VLSFO,519.84
2024-02-22,Rotterdam,LSMGO,705.1
2024-02-22,Rotterdam,HSFO,359.14
2024-02-22,Visakhapatnam,VLSFO,576.96
2024-02-22,Visakhapatnam,LSMGO,765.49
2024-02-22,Visakhapatnam,HSFO,419.23
2024-02-23,Singapore,VLSFO,543.34
2024-02-23,Singapore,LSMGO,733.75
2024-02-23,Singapore,HSFO,382.82
2024-02-23,Fujairah,VLSFO,532.22
2024-02-23,Fujairah,LSMGO,719.65
2024-02-23,Fujairah,HSFO,371.01
2024-02-23,Rotterdam,VLSFO,521.48
2024-02-23,Rotterdam,LSMGO,707.21
2024-02-23,Rotterdam,HSFO,359.61
2024-02-23,Visakhapatnam,VLSFO,577.62
2024-02-23,Visakhapatnam,LSMGO,770.31
2024-02-23,Visakhapatnam,HSFO,416.45
2024-02-26,Singapore,VLSFO,552.56
2024-02-26,Singapore,LSMGO,739.46
2024-02-26,Singapore,HSFO,388.16
2024-02-26,Fujairah,VLSFO,535.18
2024-02-26,Fujairah,LSMGO,725.76
2024-02-26,Fujairah,HSFO,377.86
2024-02-26,Rotterdam,VLSFO,523.76
2024-02-26,Rotterdam,LSMGO,716.71
2024-02-26,Rotterdam,HSFO,364.33
2024-02-26,Visakhapatnam,VLSFO,583.23
2024-02-26,Visakhapatnam,LSMGO,775.44
2024-02-26,Visakhapatnam,HSFO,425.98
2024-02-27,Singapore,VLSFO,549.21
2024-02-27,Singapore,LSMGO,739.22
2024-02-27,Singapore,HSFO,388.43
2024-02-27,Fujairah,VLSFO,540.63
2024-02-27,Fujairah,LSMGO,730.19
2024-02-27,Fujairah,HSFO,379.06
2024-02-27,Rotterdam,VLSFO,528.27
2024-02-27,Rotterdam,LSMGO,718.04
2024-02-27,Rotterdam,HSFO,366.72
2024-02-27,Visakhapatnam,VLSFO,588.42
2024-02-27,Visakhapatnam,LSMGO,774.44
2024-02-27,Visakhapatnam,HSFO,423.88
2024-02-28,Singapore,VLSFO,548.93
2024-02-28,Singapore,LSMGO,737.65
2024-02-28,Singapore,HSFO,390.5
2024-02-28,Fujairah,VLSFO,540.93
2024-02-28,Fujairah,LSMGO,725.54
2024-02-28,Fujairah,HSFO,376.04
2024-02-28,Rotterdam,VLSFO,525.02
2024-02-28,Rotterdam,LSMGO,717.91
2024-02-28,Rotterdam,HSFO,364.21
2024-02-28,Visakhapatnam,VLSFO,585.35
2024-02-28,Visakhapatnam,LSMGO,772.56
2024-02-28,Visakhapatnam,HSFO,423.2
2024-02-29,Singapore,VLSFO,550.8
2024-02-29,Singapore,LSMGO,740.67
2024-02-29,Singapore,HSFO,384.91
2024-02-29,Fujairah,VLSFO,538.59
2024-02-29,Fujairah,LSMGO,726.71
2024-02-29,Fujairah,HSFO,378.09
2024-02-29,Rotterdam,VLSFO,522.61
2024-02-29,Rotterdam,LSMGO,712.97
2024-02-29,Rotterdam,HSFO,362.81
2024-02-29,Visakhapatnam,VLSFO,583.88
2024-02-29,Visakhapatnam,LSMGO,770.72
2024-02-29,Visakhapatnam,HSFO,420.06
2024-03-01,Singapore,VLSFO,534.63
2024-03-01,Singapore,LSMGO,727.01
2024-03-01,Singapore,HSFO,373.99
2024-03-01,Fujairah,VLSFO,524.82
2024-03-01,Fujairah,LSMGO,716.6
2024-03-01,Fujairah,HSFO,361.35
2024-03-01,Rotterdam,VLSFO,511.82
2024-03-01,Rotterdam,LSMGO,700.44
2024-03-01,Rotterdam,HSFO,352.99
2024-03-01,Visakhapatnam,VLSFO,568.85
2024-03-01,Visakhapatnam,LSMGO,761.94
2024-03-01,Visakhapatnam,HSFO,412.81
2024-03-04,Singapore,VLSFO,532.72
2024-03-04,Singapore,LSMGO,721.15
2024-03-04,Singapore,HSFO,370.03
2024-03-04,Fujairah,VLSFO,518.76
2024-03-04,Fujairah,LSMGO,710.26
2024-03-04,Fujairah,HSFO,358.47
2024-03-04,Rotterdam,VLSFO,502.23
2024-03-04,Rotterdam,LSMGO,697.64
2024-03-04,Rotterdam,HSFO,346.19
2024-03-04,Visakhapatnam,VLSFO,566.11
2024-03-04,Visakhapatnam,LSMGO,753.34
2024-03-04,Visakhapatnam,HSFO,406.0
2024-03-05,Singapore,VLSFO,525.8
2024-03-05,Singapore,LSMGO,717.35
2024-03-05,Singapore,HSFO,364.08
2024-03-05,Fujairah,VLSFO,515.39
2024-03-05,Fujairah,LSMGO,707.44
2024-03-05,Fujairah,HSFO,351.73
2024-03-05,Rotterdam,VLSFO,504.3
2024-03-05,Rotterdam,LSMGO,690.88
2024-03-05,Rotterdam,HSFO,343.67
2024-03-05,Visakhapatnam,VLSFO,563.14
2024-03-05,Visakhapatnam,LSMGO,751.84
2024-03-05,Visakhapatnam,HSFO,402.87
2024-03-06,Singapore,VLSFO,537.11
2024-03-06,Singapore,LSMGO,724.27
2024-03-06,Singapore,HSFO,373.8
2024-03-06,Fujairah,VLSFO,523.85
2024-03-06,Fujairah,LSMGO,714.69
2024-03-06,Fujairah,HSFO,364.42
2024-03-06,Rotterdam,VLSFO,511.63
2024-03-06,Rotterdam,LSMGO,699.45
2024-03-06,Rotterdam,HSFO,351.75
2024-03-06,Visakhapatnam,VLSFO,567.56
2024-03-06,Visakhapatnam,LSMGO,760.11
2024-03-06,Visakhapatnam,HSFO,406.88
2024-03-07,Singapore,VLSFO,536.6
2024-03-07,Singapore,LSMGO,726.85
2024-03-07,Singapore,HSFO,377.03
2024-03-07,Fujairah,VLSFO,526.82
2024-03-07,Fujairah,LSMGO,714.98
2024-03-07,Fujairah,HSFO,365.34
2024-03-07,Rotterdam,VLSFO,511.08
2024-03-07,Rotterdam,LSMGO,701.89
2024-03-07,Rotterdam,HSFO,351.02
2024-03-07,Visakhapatnam,VLSFO,570.09
2024-03-07,Visakhapatnam,LSMGO,763.27
2024-03-07,Visakhapatnam,HSFO,413.66
2024-03-08,Singapore,VLSFO,524.2
2024-03-08,Singapore,LSMGO,713.27
2024-03-08,Singapore,HSFO,362.77
2024-03-08,Fujairah,VLSFO,513.67
2024-03-08,Fujairah,LSMGO,701.6
2024-03-08,Fujairah,HSFO,351.36
2024-03-08,Rotterdam,VLSFO,495.64
2024-03-08,Rotterdam,LSMGO,687.53
2024-03-08,Rotterdam,HSFO,337.77
2024-03-08,Visakhapatnam,VLSFO,557.88
2024-03-08,Visakhapatnam,LSMGO,748.97
2024-03-08,Visakhapatnam,HSFO,398.69
2024-03-11,Singapore,VLSFO,526.73
2024-03-11,Singapore,LSMGO,717.67
2024-03-11,Singapore,HSFO,367.96
2024-03-11,Fujairah,VLSFO,515.39
2024-03-11,Fujairah,LSMGO,706.82
2024-03-11,Fujairah,HSFO,351.19
2024-03-11,Rotterdam,VLSFO,499.26
2024-03-11,Rotterdam,LSMGO,688.13
2024-03-11,Rotterdam,HSFO,341.97
2024-03-11,Visakhapatnam,VLSFO,563.47
2024-03-11,Visakhapatnam,LSMGO,749.54
2024-03-11,Visakhapatnam,HSFO,403.65
2024-03-12,Singapore,VLSFO,520.46
2024-03-12,Singapore,LSMGO,715.7
2024-03-12,Singapore,HSFO,362.21
2024-03-12,Fujairah,VLSFO,508.71
2024-03-12,Fujairah,LSMGO,701.01
2024-03-12,Fujairah,HSFO,349.64
2024-03-12,Rotterdam,VLSFO,496.81
2024-03-12,Rotterdam,LSMGO,686.94
2024-03-12,Rotterdam,HSFO,339.92
2024-03-12,Visakhapatnam,VLSFO,558.33
2024-03-12,Visakhapatnam,LSMGO,746.97
2024-03-12,Visakhapatnam,HSFO,398.76
2024-03-13,Singapore,VLSFO,519.14
2024-03-13,Singapore,LSMGO,706.47
2024-03-13,Singapore,HSFO,357.32
2024-03-13,Fujairah,VLSFO,503.57
2024-03-13,Fujairah,LSMGO,693.93
2024-03-13,Fujairah,HSFO,346.93
2024-03-13,Rotterdam,VLSFO,490.93
2024-03-13,Rotterdam,LSMGO,682.99
2024-03-13,Rotterdam,HSFO,334.09
2024-03-13,Visakhapatnam,VLSFO,550.48
2024-03-13,Visakhapatnam,LSMGO,743.24
2024-03-13,Visakhapatnam,HSFO,391.38
2024-03-14,Singapore,VLSFO,525.42
2024-03-14,Singapore,LSMGO,712.54
2024-03-14,Singapore,HSFO,364.48
2024-03-14,Fujairah,VLSFO,510.94
2024-03-14,Fujairah,LSMGO,697.9
2024-03-14,Fujairah,HSFO,351.44
2024-03-14,Rotterdam,VLSFO,500.35
2024-03-14,Rotterdam,LSMGO,688.25
2024-03-14,Rotterdam,HSFO,339.56
2024-03-14,Visakhapatnam,VLSFO,559.95
2024-03-14,Visakhapatnam,LSMGO,746.01
2024-03-14,Visakhapatnam,HSFO,395.91
2024-03-15,Singapore,VLSFO,531.44
2024-03-15,Singapore,LSMGO,720.24
2024-03-15,Singapore,HSFO,372.82
2024-03-15,Fujairah,VLSFO,521.18
2024-03-15,Fujairah,LSMGO,707.9
2024-03-15,Fujairah,HSFO,357.2
2024-03-15,Rotterdam,VLSFO,507.46
2024-03-15,Rotterdam,LSMGO,694.43
2024-03-15,Rotterdam,HSFO,347.71
2024-03-15,Visakhapatnam,VLSFO,565.32
2024-03-15,Visakhapatnam,LSMGO,756.78
2024-03-15,Visakhapatnam,HSFO,403.35
2024-03-18,Singapore,VLSFO,538.99
2024-03-18,Singapore,LSMGO,727.95
2024-03-18,Singapore,HSFO,378.76
2024-03-18,Fujairah,VLSFO,524.25
2024-03-18,Fujairah,LSMGO,717.67
2024-03-18,Fujairah,HSFO,368.42
2024-03-18,Rotterdam,VLSFO,511.54
2024-03-18,Rotterdam,LSMGO,700.82
2024-03-18,Rotterdam,HSFO,350.39
2024-03-18,Visakhapatnam,VLSFO,574.1
2024-03-18,Visakhapatnam,LSMGO,763.89
2024-03-18,Visakhapatnam,HSFO,413.52
2024-03-19,Singapore,VLSFO,529.91
2024-03-19,Singapore,LSMGO,720.87
2024-03-19,Singapore,HSFO,372.09
2024-03-19,Fujairah,VLSFO,519.5
2024-03-19,Fujairah,LSMGO,712.45
2024-03-19,Fujairah,HSFO,357.34
2024-03-19,Rotterdam,VLSFO,507.69
2024-03-19,Rotterdam,LSMGO,695.95
2024-03-19,Rotterdam,HSFO,346.09
2024-03-19,Visakhapatnam,VLSFO,567.83
2024-03-19,Visakhapatnam,LSMGO,757.68
2024-03-19,Visakhapatnam,HSFO,409.47
2024-03-20,Singapore,VLSFO,526.88
2024-03-20,Singapore,LSMGO,716.74
2024-03-20,Singapore,HSFO,370.46
2024-03-20,Fujairah,VLSFO,517.58
2024-03-20,Fujairah,LSMGO,705.76
2024-03-20,Fujairah,HSFO,354.59
2024-03-20,Rotterdam,VLSFO,501.62
2024-03-20,Rotterdam,LSMGO,696.48
2024-03-20,Rotterdam,HSFO,342.26
2024-03-20,Visakhapatnam,VLSFO,563.05
2024-03-20,Visakhapatnam,LSMGO,752.47
2024-03-20,Visakhapatnam,HSFO,403.24
2024-03-21,Singapore,VLSFO,529.21
2024-03-21,Singapore,LSMGO,721.91
2024-03-21,Singapore,HSFO,369.2
2024-03-21,Fujairah,VLSFO,521.59
2024-03-21,Fujairah,LSMGO,708.19
2024-03-21,Fujairah,HSFO,360.03
2024-03-21,Rotterdam,VLSFO,509.07
2024-03-21,Rotterdam,LSMGO,697.7
2024-03-21,Rotterdam,HSFO,346.99
2024-03-21,Visakhapatnam,VLSFO,565.74
2024-03-21,Visakhapatnam,LSMGO,755.79
2024-03-21,Visakhapatnam,HSFO,407.81
2024-03-22,Singapore,VLSFO,542.59
2024-03-22,Singapore,LSMGO,730.6
2024-03-22,Singapore,HSFO,379.97
2024-03-22,Fujairah,VLSFO,529.01
2024-03-22,Fujairah,LSMGO,717.42
2024-03-22,Fujairah,HSFO,364.99
2024-03-22,Rotterdam,VLSFO,515.0
2024-03-22,Rotterdam,LSMGO,707.37
2024-03-22,Rotterdam,HSFO,352.68
2024-03-22,Visakhapatnam,VLSFO,575.77
2024-03-22,Visakhapatnam,LSMGO,762.83
2024-03-22,Visakhapatnam,HSFO,414.84
2024-03-25,Singapore,VLSFO,533.38
2024-03-25,Singapore,LSMGO,725.5
2024-03-25,Singapore,HSFO,377.34
2024-03-25,Fujairah,VLSFO,522.89
2024-03-25,Fujairah,LSMGO,714.79
2024-03-25,Fujairah,HSFO,365.58
2024-03-25,Rotterdam,VLSFO,513.37
2024-03-25,Rotterdam,LSMGO,699.21
2024-03-25,Rotterdam,HSFO,350.2
2024-03-25,Visakhapatnam,VLSFO,568.72
2024-03-25,Visakhapatnam,LSMGO,763.76
2024-03-25,Visakhapatnam,HSFO,413.36
2024-03-26,Singapore,VLSFO,534.6
2024-03-26,Singapore,LSMGO,726.42
2024-03-26,Singapore,HSFO,374.49
2024-03-26,Fujairah,VLSFO,523.11
2024-03-26,Fujairah,LSMGO,709.9
2024-03-26,Fujairah,HSFO,363.9
2024-03-26,Rotterdam,VLSFO,507.13
2024-03-26,Rotterdam,LSMGO,701.32
2024-03-26,Rotterdam,HSFO,351.06
2024-03-26,Visakhapatnam,VLSFO,570.62
2024-03-26,Visakhapatnam,LSMGO,756.58
2024-03-26,Visakhapatnam,HSFO,408.18
2024-03-27,Singapore,VLSFO,524.13
2024-03-27,Singapore,LSMGO,714.71
2024-03-27,Singapore,HSFO,363.08
2024-03-27,Fujairah,VLSFO,516.17
2024-03-27,Fujairah,LSMGO,703.87
2024-03-27,Fujairah,HSFO,352.38
2024-03-27,Rotterdam,VLSFO,499.93
2024-03-27,Rotterdam,LSMGO,690.23
2024-03-27,Rotterdam,HSFO,341.15
2024-03-27,Visakhapatnam,VLSFO,560.64
2024-03-27,Visakhapatnam,LSMGO,753.07
2024-03-27,Visakhapatnam,HSFO,400.53
2024-03-28,Singapore,VLSFO,519.13
2024-03-28,Singapore,LSMGO,708.28
2024-03-28,Singapore,HSFO,354.42
2024-03-28,Fujairah,VLSFO,506.76
2024-03-28,Fujairah,LSMGO,691.87
2024-03-28,Fujairah,HSFO,346.08
2024-03-28,Rotterdam,VLSFO,490.46
2024-03-28,Rotterdam,LSMGO,683.44
2024-03-28,Rotterdam,HSFO,333.38
2024-03-28,Visakhapatnam,VLSFO,553.01
2024-03-28,Visakhapatnam,LSMGO,742.91
2024-03-28,Visakhapatnam,HSFO,390.0
2024-03-29,Singapore,VLSFO,520.0
2024-03-29,Singapore,LSMGO,711.93
2024-03-29,Singapore,HSFO,360.56
2024-03-29,Fujairah,VLSFO,511.68
2024-03-29,Fujairah,LSMGO,699.59
2024-03-29,Fujairah,HSFO,353.37
2024-03-29,Rotterdam,VLSFO,498.36
2024-03-29,Rotterdam,LSMGO,689.45
2024-03-29,Rotterdam,HSFO,335.31
2024-03-29,Visakhapatnam,VLSFO,559.69
2024-03-29,Visakhapatnam,LSMGO,750.05
2024-03-29,Visakhapatnam,HSFO,397.44
2024-04-01,Singapore,VLSFO,533.83
2024-04-01,Singapore,LSMGO,724.79
2024-04-01,Singapore,HSFO,371.25
2024-04-01,Fujairah,VLSFO,521.21
2024-04-01,Fujairah,LSMGO,710.59
2024-04-01,Fujairah,HSFO,359.08
2024-04-01,Rotterdam,VLSFO,507.4
2024-04-01,Rotterdam,LSMGO,695.61
2024-04-01,Rotterdam,HSFO,345.35
2024-04-01,Visakhapatnam,VLSFO,566.01
2024-04-01,Visakhapatnam,LSMGO,760.98
2024-04-01,Visakhapatnam,HSFO,408.49
2024-04-02,Singapore,VLSFO,535.47
2024-04-02,Singapore,LSMGO,722.27
2024-04-02,Singapore,HSFO,371.55
2024-04-02,Fujairah,VLSFO,520.71
2024-04-02,Fujairah,LSMGO,710.31
2024-04-02,Fujairah,HSFO,358.31
2024-04-02,Rotterdam,VLSFO,508.52
2024-04-02,Rotterdam,LSMGO,695.97
2024-04-02,Rotterdam,HSFO,348.39
2024-04-02,Visakhapatnam,VLSFO,568.58
2024-04-02,Visakhapatnam,LSMGO,755.59
2024-04-02,Visakhapatnam,HSFO,405.04
2024-04-03,Singapore,VLSFO,542.43
2024-04-03,Singapore,LSMGO,730.5
2024-04-03,Singapore,HSFO,378.1
2024-04-03,Fujairah,VLSFO,531.72
2024-04-03,Fujairah,LSMGO,716.09
2024-04-03,Fujairah,HSFO,369.92
2024-04-03,Rotterdam,VLSFO,518.65
2024-04-03,Rotterdam,LSMGO,704.18
2024-04-03,Rotterdam,HSFO,353.6
2024-04-03,Visakhapatnam,VLSFO,573.47
2024-04-03,Visakhapatnam,LSMGO,764.57
2024-04-03,Visakhapatnam,HSFO,413.35
2024-04-04,Singapore,VLSFO,544.89
2024-04-04,Singapore,LSMGO,731.11
2024-04-04,Singapore,HSFO,383.79
2024-04-04,Fujairah,VLSFO,534.71
2024-04-04,Fujairah,LSMGO,723.62
2024-04-04,Fujairah,HSFO,372.42
2024-04-04,Rotterdam,VLSFO,517.57
2024-04-04,Rotterdam,LSMGO,709.48
2024-04-04,Rotterdam,HSFO,358.9
2024-04-04,Visakhapatnam,VLSFO,578.29
2024-04-04,Visakhapatnam,LSMGO,766.52
2024-04-04,Visakhapatnam,HSFO,421.05
2024-04-05,Singapore,VLSFO,538.22
2024-04-05,Singapore,LSMGO,726.69
2024-04-05,Singapore,HSFO,377.73
2024-04-05,Fujairah,VLSFO,526.01
2024-04-05,Fujairah,LSMGO,718.49
2024-04-05,Fujairah,HSFO,367.93
2024-04-05,Rotterdam,VLSFO,515.14
2024-04-05,Rotterdam,LSMGO,700.59
2024-04-05,Rotterdam,HSFO,353.02
2024-04-05,Visakhapatnam,VLSFO,573.41
2024-04-05,Visakhapatnam,LSMGO,760.64
2024-04-05,Visakhapatnam,HSFO,412.09
2024-04-08,Singapore,VLSFO,543.06
2024-04-08,Singapore,LSMGO,729.32
2024-04-08,Singapore,HSFO,381.71
2024-04-08,Fujairah,VLSFO,527.79
2024-04-08,Fujairah,LSMGO,716.57
2024-04-08,Fujairah,HSFO,367.95
2024-04-08,Rotterdam,VLSFO,519.35
2024-04-08,Rotterdam,LSMGO,708.31
2024-04-08,Rotterdam,HSFO,359.26
2024-04-08,Visakhapatnam,VLSFO,576.43
2024-04-08,Visakhapatnam,LSMGO,764.16
2024-04-08,Visakhapatnam,HSFO,416.79
2024-04-09,Singapore,VLSFO,553.77
2024-04-09,Singapore,LSMGO,746.11
2024-04-09,Singapore,HSFO,391.63
2024-04-09,Fujairah,VLSFO,541.98
2024-04-09,Fujairah,LSMGO,729.95
2024-04-09,Fujairah,HSFO,380.99
2024-04-09,Rotterdam,VLSFO,530.47
2024-04-09,Rotterdam,LSMGO,718.9
2024-04-09,Rotterdam,HSFO,368.3
2024-04-09,Visakhapatnam,VLSFO,588.41
2024-04-09,Visakhapatnam,LSMGO,778.8
2024-04-09,Visakhapatnam,HSFO,430.76
2024-04-10,Singapore,VLSFO,556.16
2024-04-10,Singapore,LSMGO,746.54
2024-04-10,Singapore,HSFO,395.53
2024-04-10,Fujairah,VLSFO,540.7
2024-04-10,Fujairah,LSMGO,732.93
2024-04-10,Fujairah,HSFO,381.43
2024-04-10,Rotterdam,VLSFO,527.33
2024-04-10,Rotterdam,LSMGO,720.85
2024-04-10,Rotterdam,HSFO,366.03
2024-04-10,Visakhapatnam,VLSFO,591.21
2024-04-10,Visakhapatnam,LSMGO,778.57
2024-04-10,Visakhapatnam,HSFO,429.63
2024-04-11,Singapore,VLSFO,567.81
2024-04-11,Singapore,LSMGO,759.23
2024-04-11,Singapore,HSFO,407.68
2024-04-11,Fujairah,VLSFO,555.54
2024-04-11,Fujairah,LSMGO,742.26
2024-04-11,Fujairah,HSFO,394.97
2024-04-11,Rotterdam,VLSFO,539.76
2024-04-11,Rotterdam,LSMGO,733.28
2024-04-11,Rotterdam,HSFO,381.93
2024-04-11,Visakhapatnam,VLSFO,602.94
2024-04-11,Visakhapatnam,LSMGO,789.11
2024-04-11,Visakhapatnam,HSFO,439.37
2024-04-12,Singapore,VLSFO,545.94
2024-04-12,Singapore,LSMGO,732.07
2024-04-12,Singapore,HSFO,382.07
2024-04-12,Fujairah,VLSFO,529.71
2024-04-12,Fujairah,LSMGO,725.38
2024-04-12,Fujairah,HSFO,374.06
2024-04-12,Rotterdam,VLSFO,518.76
2024-04-12,Rotterdam,LSMGO,708.42
2024-04-12,Rotterdam,HSFO,358.74
2024-04-12,Visakhapatnam,VLSFO,581.29
2024-04-12,Visakhapatnam,LSMGO,770.61
2024-04-12,Visakhapatnam,HSFO,417.75
2024-04-15,Singapore,VLSFO,549.45
2024-04-15,Singapore,LSMGO,739.0
2024-04-15,Singapore,HSFO,392.37
2024-04-15,Fujairah,VLSFO,540.99
2024-04-15,Fujairah,LSMGO,728.0
2024-04-15,Fujairah,HSFO,376.53
2024-04-15,Rotterdam,VLSFO,523.9
2024-04-15,Rotterdam,LSMGO,719.21
2024-04-15,Rotterdam,HSFO,365.18
2024-04-15,Visakhapatnam,VLSFO,588.02
2024-04-15,Visakhapatnam,LSMGO,777.16
2024-04-15,Visakhapatnam,HSFO,425.7
2024-04-16,Singapore,VLSFO,550.42
2024-04-16,Singapore,LSMGO,739.91
2024-04-16,Singapore,HSFO,392.87
2024-04-16,Fujairah,VLSFO,541.83
2024-04-16,Fujairah,LSMGO,731.05
2024-04-16,Fujairah,HSFO,380.36
2024-04-16,Rotterdam,VLSFO,524.43
2024-04-16,Rotterdam,LSMGO,719.99
2024-04-16,Rotterdam,HSFO,368.97
2024-04-16,Visakhapatnam,VLSFO,585.94
2024-04-16,Visakhapatnam,LSMGO,780.06
2024-04-16,Visakhapatnam,HSFO,427.79
2024-04-17,Singapore,VLSFO,550.26
2024-04-17,Singapore,LSMGO,741.25
2024-04-17,Singapore,HSFO,391.63
2024-04-17,Fujairah,VLSFO,538.7
2024-04-17,Fujairah,LSMGO,725.53
2024-04-17,Fujairah,HSFO,376.79
2024-04-17,Rotterdam,VLSFO,527.33
2024-04-17,Rotterdam,LSMGO,713.11
2024-04-17,Rotterdam,HSFO,363.99
2024-04-17,Visakhapatnam,VLSFO,584.35
2024-04-17,Visakhapatnam,LSMGO,774.4
2024-04-17,Visakhapatnam,HSFO,425.44
2024-04-18,Singapore,VLSFO,553.23
2024-04-18,Singapore,LSMGO,739.02
2024-04-18,Singapore,HSFO,388.3
2024-04-18,Fujairah,VLSFO,536.76
2024-04-18,Fujairah,LSMGO,730.89
2024-04-18,Fujairah,HSFO,379.45
2024-04-18,Rotterdam,VLSFO,524.29
2024-04-18,Rotterdam,LSMGO,717.47
2024-04-18,Rotterdam,HSFO,367.74
2024-04-18,Visakhapatnam,VLSFO,587.65
2024-04-18,Visakhapatnam,LSMGO,778.09
2024-04-18,Visakhapatnam,HSFO,424.09
2024-04-19,Singapore,VLSFO,535.74
2024-04-19,Singapore,LSMGO,723.98
2024-04-19,Singapore,HSFO,376.27
2024-04-19,Fujairah,VLSFO,523.58
2024-04-19,Fujairah,LSMGO,713.87
2024-04-19,Fujairah,HSFO,363.15
2024-04-19,Rotterdam,VLSFO,507.28
2024-04-19,Rotterdam,LSMGO,699.48
2024-04-19,Rotterdam,HSFO,352.12
2024-04-19,Visakhapatnam,VLSFO,571.84
2024-04-19,Visakhapatnam,LSMGO,756.47
2024-04-19,Visakhapatnam,HSFO,407.2
2024-04-22,Singapore,VLSFO,530.3
2024-04-22,Singapore,LSMGO,723.86
2024-04-22,Singapore,HSFO,374.41
2024-04-22,Fujairah,VLSFO,518.79
2024-04-22,Fujairah,LSMGO,710.54
2024-04-22,Fujairah,HSFO,362.55
2024-04-22,Rotterdam,VLSFO,508.9
2024-04-22,Rotterdam,LSMGO,697.76
2024-04-22,Rotterdam,HSFO,348.05
2024-04-22,Visakhapatnam,VLSFO,567.56
2024-04-22,Visakhapatnam,LSMGO,756.29
2024-04-22,Visakhapatnam,HSFO,407.9
2024-04-23,Singapore,VLSFO,536.55
2024-04-23,Singapore,LSMGO,727.65
2024-04-23,Singapore,HSFO,376.23
2024-04-23,Fujairah,VLSFO,524.98
2024-04-23,Fujairah,LSMGO,711.37
2024-04-23,Fujairah,HSFO,363.18
2024-04-23,Rotterdam,VLSFO,507.47
2024-04-23,Rotterdam,LSMGO,698.89
2024-04-23,Rotterdam,HSFO,351.77
2024-04-23,Visakhapatnam,VLSFO,573.36
2024-04-23,Visakhapatnam,LSMGO,758.01
2024-04-23,Visakhapatnam,HSFO,409.82
2024-04-24,Singapore,VLSFO,549.14
2024-04-24,Singapore,LSMGO,735.56
2024-04-24,Singapore,HSFO,387.67
2024-04-24,Fujairah,VLSFO,536.73
2024-04-24,Fujairah,LSMGO,726.03
2024-04-24,Fujairah,HSFO,373.46
2024-04-24,Rotterdam,VLSFO,521.47
2024-04-24,Rotterdam,LSMGO,714.04
2024-04-24,Rotterdam,HSFO,362.66
2024-04-24,Visakhapatnam,VLSFO,579.37
2024-04-24,Visakhapatnam,LSMGO,773.9
2024-04-24,Visakhapatnam,HSFO,419.55
2024-04-25,Singapore,VLSFO,544.61
2024-04-25,Singapore,LSMGO,731.35
2024-04-25,Singapore,HSFO,385.88
2024-04-25,Fujairah,VLSFO,530.34
2024-04-25,Fujairah,LSMGO,720.1
2024-04-25,Fujairah,HSFO,369.03
2024-04-25,Rotterdam,VLSFO,516.97
2024-04-25,Rotterdam,LSMGO,710.39
2024-04-25,Rotterdam,HSFO,361.11
2024-04-25,Visakhapatnam,VLSFO,577.34
2024-04-25,Visakhapatnam,LSMGO,767.83
2024-04-25,Visakhapatnam,HSFO,419.47
2024-04-26,Singapore,VLSFO,538.92
2024-04-26,Singapore,LSMGO,727.16
2024-04-26,Singapore,HSFO,375.95
2024-04-26,Fujairah,VLSFO,524.08
2024-04-26,Fujairah,LSMGO,715.78
2024-04-26,Fujairah,HSFO,361.62
2024-04-26,Rotterdam,VLSFO,512.32
2024-04-26,Rotterdam,LSMGO,700.74
2024-04-26,Rotterdam,HSFO,353.37
2024-04-26,Visakhapatnam,VLSFO,569.16
2024-04-26,Visakhapatnam,LSMGO,762.13
2024-04-26,Visakhapatnam,HSFO,411.49
2024-04-29,Singapore,VLSFO,533.47
2024-04-29,Singapore,LSMGO,720.01
2024-04-29,Singapore,HSFO,373.1
2024-04-29,Fujairah,VLSFO,520.99
2024-04-29,Fujairah,LSMGO,710.98
2024-04-29,Fujairah,HSFO,361.24
2024-04-29,Rotterdam,VLSFO,508.68
2024-04-29,Rotterdam,LSMGO,699.45
2024-04-29,Rotterdam,HSFO,346.24
2024-04-29,Visakhapatnam,VLSFO,569.57
2024-04-29,Visakhapatnam,LSMGO,757.61
2024-04-29,Visakhapatnam,HSFO,405.08
2024-04-30,Singapore,VLSFO,537.34
2024-04-30,Singapore,LSMGO,728.99
2024-04-30,Singapore,HSFO,381.69
2024-04-30,Fujairah,VLSFO,529.23
2024-04-30,Fujairah,LSMGO,719.72
2024-04-30,Fujairah,HSFO,368.09
2024-04-30,Rotterdam,VLSFO,514.62
2024-04-30,Rotterdam,LSMGO,702.87
2024-04-30,Rotterdam,HSFO,353.95
2024-04-30,Visakhapatnam,VLSFO,574.59
2024-04-30,Visakhapatnam,LSMGO,762.52
2024-04-30,Visakhapatnam,HSFO,413.31
2024-05-01,Singapore,VLSFO,543.29
2024-05-01,Singapore,LSMGO,734.11
2024-05-01,Singapore,HSFO,385.69
2024-05-01,Fujairah,VLSFO,533.3
2024-05-01,Fujairah,LSMGO,721.56
2024-05-01,Fujairah,HSFO,370.23
2024-05-01,Rotterdam,VLSFO,518.52
2024-05-01,Rotterdam,LSMGO,709.41
2024-05-01,Rotterdam,HSFO,355.41
2024-05-01,Visakhapatnam,VLSFO,577.16
2024-05-01,Visakhapatnam,LSMGO,769.74
2024-05-01,Visakhapatnam,HSFO,417.0
2024-05-02,Singapore,VLSFO,538.87
2024-05-02,Singapore,LSMGO,728.97
2024-05-02,Singapore,HSFO,376.55
2024-05-02,Fujairah,VLSFO,525.62
2024-05-02,Fujairah,LSMGO,715.45
2024-05-02,Fujairah,HSFO,363.6
2024-05-02,Rotterdam,VLSFO,510.59
2024-05-02,Rotterdam,LSMGO,705.43
2024-05-02,Rotterdam,HSFO,352.08
2024-05-02,Visakhapatnam,VLSFO,573.55
2024-05-02,Visakhapatnam,LSMGO,762.23
2024-05-02,Visakhapatnam,HSFO,416.09
2024-05-03,Singapore,VLSFO,541.2
2024-05-03,Singapore,LSMGO,732.22
2024-05-03,Singapore,HSFO,384.88
2024-05-03,Fujairah,VLSFO,532.69
2024-05-03,Fujairah,LSMGO,718.76
2024-05-03,Fujairah,HSFO,372.46
2024-05-03,Rotterdam,VLSFO,517.39
2024-05-03,Rotterdam,LSMGO,707.54
2024-05-03,Rotterdam,HSFO,355.44
2024-05-03,Visakhapatnam,VLSFO,575.13
2024-05-03,Visakhapatnam,LSMGO,769.01
2024-05-03,Visakhapatnam,HSFO,417.62
2024-05-06,Singapore,VLSFO,543.11
2024-05-06,Singapore,LSMGO,734.86
2024-05-06,Singapore,HSFO,385.08
2024-05-06,Fujairah,VLSFO,529.44
2024-05-06,Fujairah,LSMGO,722.15
2024-05-06,Fujairah,HSFO,369.3
2024-05-06,Rotterdam,VLSFO,519.99
2024-05-06,Rotterdam,LSMGO,709.43
2024-05-06,Rotterdam,HSFO,361.23
2024-05-06,Visakhapatnam,VLSFO,575.9
2024-05-06,Visakhapatnam,LSMGO,765.83
2024-05-06,Visakhapatnam,HSFO,417.18
2024-05-07,Singapore,VLSFO,550.01
2024-05-07,Singapore,LSMGO,739.92
2024-05-07,Singapore,HSFO,393.87
2024-05-07,Fujairah,VLSFO,537.93
2024-05-07,Fujairah,LSMGO,728.07
2024-05-07,Fujairah,HSFO,380.99
2024-05-07,Rotterdam,VLSFO,526.14
2024-05-07,Rotterdam,LSMGO,718.1
2024-05-07,Rotterdam,HSFO,363.83
2024-05-07,Visakhapatnam,VLSFO,586.36
2024-05-07,Visakhapatnam,LSMGO,773.64
2024-05-07,Visakhapatnam,HSFO,423.81
2024-05-08,Singapore,VLSFO,548.12
2024-05-08,Singapore,LSMGO,733.52
2024-05-08,Singapore,HSFO,385.88
2024-05-08,Fujairah,VLSFO,533.15
2024-05-08,Fujairah,LSMGO,722.77
2024-05-08,Fujairah,HSFO,376.08
2024-05-08,Rotterdam,VLSFO,517.82
2024-05-08,Rotterdam,LSMGO,711.67
2024-05-08,Rotterdam,HSFO,363.47
2024-05-08,Visakhapatnam,VLSFO,581.05
2024-05-08,Visakhapatnam,LSMGO,773.31
2024-05-08,Visakhapatnam,HSFO,418.0
2024-05-09,Singapore,VLSFO,542.57
2024-05-09,Singapore,LSMGO,731.62
2024-05-09,Singapore,HSFO,384.44
2024-05-09,Fujairah,VLSFO,533.95
2024-05-09,Fujairah,LSMGO,719.6
2024-05-09,Fujairah,HSFO,371.98
2024-05-09,Rotterdam,VLSFO,516.25
2024-05-09,Rotterdam,LSMGO,708.45
2024-05-09,Rotterdam,HSFO,357.84
2024-05-09,Visakhapatnam,VLSFO,580.89
2024-05-09,Visakhapatnam,LSMGO,768.71
2024-05-09,Visakhapatnam,HSFO,417.15
2024-05-10,Singapore,VLSFO,537.6
2024-05-10,Singapore,LSMGO,727.83
2024-05-10,Singapore,HSFO,378.27
2024-05-10,Fujairah,VLSFO,526.42
2024-05-10,Fujairah,LSMGO,720.02
2024-05-10,Fujairah,HSFO,368.29
2024-05-10,Rotterdam,VLSFO,515.06
2024-05-10,Rotterdam,LSMGO,702.61
2024-05-10,Rotterdam,HSFO,357.08
2024-05-10,Visakhapatnam,VLSFO,576.25
2024-05-10,Visakhapatnam,LSMGO,762.32
2024-05-10,Visakhapatnam,HSFO,416.17
2024-05-13,Singapore,VLSFO,528.38
2024-05-13,Singapore,LSMGO,715.61
2024-05-13,Singapore,HSFO,367.87
2024-05-13,Fujairah,VLSFO,516.03
2024-05-13,Fujairah,LSMGO,704.11
2024-05-13,Fujairah,HSFO,358.79
2024-05-13,Rotterdam,VLSFO,505.22
2024-05-13,Rotterdam,LSMGO,694.13
2024-05-13,Rotterdam,HSFO,342.89
2024-05-13,Visakhapatnam,VLSFO,562.59
2024-05-13,Visakhapatnam,LSMGO,754.03
2024-05-13,Visakhapatnam,HSFO,403.39
2024-05-14,Singapore,VLSFO,527.89
2024-05-14,Singapore,LSMGO,720.59
2024-05-14,Singapore,HSFO,372.36
2024-05-14,Fujairah,VLSFO,518.27
2024-05-14,Fujairah,LSMGO,705.83
2024-05-14,Fujairah,HSFO,360.24
2024-05-14,Rotterdam,VLSFO,503.73
2024-05-14,Rotterdam,LSMGO,694.07
2024-05-14,Rotterdam,HSFO,343.51
2024-05-14,Visakhapatnam,VLSFO,564.5
2024-05-14,Visakhapatnam,LSMGO,757.06
2024-05-14,Visakhapatnam,HSFO,405.63
2024-05-15,Singapore,VLSFO,530.88
2024-05-15,Singapore,LSMGO,724.92
2024-05-15,Singapore,HSFO,374.93
2024-05-15,Fujairah,VLSFO,522.87
2024-05-15,Fujairah,LSMGO,709.08
2024-05-15,Fujairah,HSFO,360.36
2024-05-15,Rotterdam,VLSFO,510.56
2024-05-15,Rotterdam,LSMGO,699.28
2024-05-15,Rotterdam,HSFO,344.81
2024-05-15,Visakhapatnam,VLSFO,565.04
2024-05-15,Visakhapatnam,LSMGO,757.43
2024-05-15,Visakhapatnam,HSFO,410.1
2024-05-16,Singapore,VLSFO,532.97
2024-05-16,Singapore,LSMGO,722.73
2024-05-16,Singapore,HSFO,370.38
2024-05-16,Fujairah,VLSFO,521.68
2024-05-16,Fujairah,LSMGO,712.68
2024-05-16,Fujairah,HSFO,360.03
2024-05-16,Rotterdam,VLSFO,509.4
2024-05-16,Rotterdam,LSMGO,700.53
2024-05-16,Rotterdam,HSFO,345.97
2024-05-16,Visakhapatnam,VLSFO,567.88
2024-05-16,Visakhapatnam,LSMGO,756.47
2024-05-16,Visakhapatnam,HSFO,409.5
2024-05-17,Singapore,VLSFO,531.39
2024-05-17,Singapore,LSMGO,721.73
2024-05-17,Singapore,HSFO,372.71
2024-05-17,Fujairah,VLSFO,518.3
2024-05-17,Fujairah,LSMGO,711.41
2024-05-17,Fujairah,HSFO,359.12
2024-05-17,Rotterdam,VLSFO,503.87
2024-05-17,Rotterdam,LSMGO,697.1
2024-05-17,Rotterdam,HSFO,347.68
2024-05-17,Visakhapatnam,VLSFO,564.82
2024-05-17,Visakhapatnam,LSMGO,758.06
2024-05-17,Visakhapatnam,HSFO,408.36
2024-05-20,Singapore,VLSFO,518.36
2024-05-20,Singapore,LSMGO,712.6
2024-05-20,Singapore,HSFO,357.55
2024-05-20,Fujairah,VLSFO,505.91
2024-05-20,Fujairah,LSMGO,695.81
2024-05-20,Fujairah,HSFO,350.07
2024-05-20,Rotterdam,VLSFO,495.63
2024-05-20,Rotterdam,LSMGO,682.62
2024-05-20,Rotterdam,HSFO,334.34
2024-05-20,Visakhapatnam,VLSFO,555.39
2024-05-20,Visakhapatnam,LSMGO,742.2
2024-05-20,Visakhapatnam,HSFO,397.0
2024-05-21,Singapore,VLSFO,518.3
2024-05-21,Singapore,LSMGO,706.51
2024-05-21,Singapore,HSFO,359.28
2024-05-21,Fujairah,VLSFO,503.98
2024-05-21,Fujairah,LSMGO,697.38
2024-05-21,Fujairah,HSFO,345.48
2024-05-21,Rotterdam,VLSFO,492.28
2024-05-21,Rotterdam,LSMGO,679.47
2024-05-21,Rotterdam,HSFO,333.77
2024-05-21,Visakhapatnam,VLSFO,551.04
2024-05-21,Visakhapatnam,LSMGO,739.45
2024-05-21,Visakhapatnam,HSFO,388.55
2024-05-22,Singapore,VLSFO,514.23
2024-05-22,Singapore,LSMGO,704.04
2024-05-22,Singapore,HSFO,355.19
2024-05-22,Fujairah,VLSFO,504.21
2024-05-22,Fujairah,LSMGO,689.35
2024-05-22,Fujairah,HSFO,343.26
2024-05-22,Rotterdam,VLSFO,487.0
2024-05-22,Rotterdam,LSMGO,681.02
2024-05-22,Rotterdam,HSFO,330.79
2024-05-22,Visakhapatnam,VLSFO,549.12
2024-05-22,Visakhapatnam,LSMGO,740.13
2024-05-22,Visakhapatnam,HSFO,387.76
2024-05-23,Singapore,VLSFO,507.57
2024-05-23,Singapore,LSMGO,699.67
2024-05-23,Singapore,HSFO,347.49
2024-05-23,Fujairah,VLSFO,494.89
2024-05-23,Fujairah,LSMGO,685.7
2024-05-23,Fujairah,HSFO,337.71
2024-05-23,Rotterdam,VLSFO,481.75
2024-05-23,Rotterdam,LSMGO,670.78
2024-05-23,Rotterdam,HSFO,324.01
2024-05-23,Visakhapatnam,VLSFO,544.7
2024-05-23,Visakhapatnam,LSMGO,730.34
2024-05-23,Visakhapatnam,HSFO,381.18
2024-05-24,Singapore,VLSFO,504.41
2024-05-24,Singapore,LSMGO,695.65
2024-05-24,Singapore,HSFO,346.26
2024-05-24,Fujairah,VLSFO,496.05
2024-05-24,Fujairah,LSMGO,685.47
2024-05-24,Fujairah,HSFO,335.29
2024-05-24,Rotterdam,VLSFO,480.68
2024-05-24,Rotterdam,LSMGO,673.61
2024-05-24,Rotterdam,HSFO,321.39
2024-05-24,Visakhapatnam,VLSFO,544.44
2024-05-24,Visakhapatnam,LSMGO,732.37
2024-05-24,Visakhapatnam,HSFO,379.32
2024-05-27,Singapore,VLSFO,510.74
2024-05-27,Singapore,LSMGO,698.63
2024-05-27,Singapore,HSFO,350.8
2024-05-27,Fujairah,VLSFO,495.1
2024-05-27,Fujairah,LSMGO,685.73
2024-05-27,Fujairah,HSFO,339.82
2024-05-27,Rotterdam,VLSFO,483.05
2024-05-27,Rotterdam,LSMGO,676.7
2024-05-27,Rotterdam,HSFO,323.36
2024-05-27,Visakhapatnam,VLSFO,545.54
2024-05-27,Visakhapatnam,LSMGO,735.85
2024-05-27,Visakhapatnam,HSFO,384.76
2024-05-28,Singapore,VLSFO,522.99
2024-05-28,Singapore,LSMGO,712.43
2024-05-28,Singapore,HSFO,361.35
2024-05-28,Fujairah,VLSFO,510.98
2024-05-28,Fujairah,LSMGO,703.07
2024-05-28,Fujairah,HSFO,354.78
2024-05-28,Rotterdam,VLSFO,501.38
2024-05-28,Rotterdam,LSMGO,690.75
2024-05-28,Rotterdam,HSFO,340.88
2024-05-28,Visakhapatnam,VLSFO,560.14
2024-05-28,Visakhapatnam,LSMGO,747.72
2024-05-28,Visakhapatnam,HSFO,401.6
2024-05-29,Singapore,VLSFO,526.6
2024-05-29,Singapore,LSMGO,715.94
2024-05-29,Singapore,HSFO,363.24
2024-05-29,Fujairah,VLSFO,513.26
2024-05-29,Fujairah,LSMGO,703.34
2024-05-29,Fujairah,HSFO,355.77
2024-05-29,Rotterdam,VLSFO,500.86
2024-05-29,Rotterdam,LSMGO,689.86
2024-05-29,Rotterdam,HSFO,343.44
2024-05-29,Visakhapatnam,VLSFO,558.24
2024-05-29,Visakhapatnam,LSMGO,750.11
2024-05-29,Visakhapatnam,HSFO,397.83
2024-05-30,Singapore,VLSFO,529.1
2024-05-30,Singapore,LSMGO,720.17
2024-05-30,Singapore,HSFO,366.34
2024-05-30,Fujairah,VLSFO,517.81
2024-05-30,Fujairah,LSMGO,704.42
2024-05-30,Fujairah,HSFO,358.13
2024-05-30,Rotterdam,VLSFO,504.19
2024-05-30,Rotterdam,LSMGO,694.49
2024-05-30,Rotterdam,HSFO,339.77
2024-05-30,Visakhapatnam,VLSFO,565.44
2024-05-30,Visakhapatnam,LSMGO,754.02
2024-05-30,Visakhapatnam,HSFO,401.49
2024-05-31,Singapore,VLSFO,529.1
2024-05-31,Singapore,LSMGO,715.81
2024-05-31,Singapore,HSFO,369.36
2024-05-31,Fujairah,VLSFO,512.8
2024-05-31,Fujairah,LSMGO,706.35
2024-05-31,Fujairah,HSFO,355.37
2024-05-31,Rotterdam,VLSFO,499.7
2024-05-31,Rotterdam,LSMGO,690.58
2024-05-31,Rotterdam,HSFO,339.2
2024-05-31,Visakhapatnam,VLSFO,561.94
2024-05-31,Visakhapatnam,LSMGO,750.93
2024-05-31,Visakhapatnam,HSFO,402.72
2024-06-03,Singapore,VLSFO,510.79
2024-06-03,Singapore,LSMGO,700.81
2024-06-03,Singapore,HSFO,353.47
2024-06-03,Fujairah,VLSFO,497.3
2024-06-03,Fujairah,LSMGO,692.42
2024-06-03,Fujairah,HSFO,342.12
2024-06-03,Rotterdam,VLSFO,488.01
2024-06-03,Rotterdam,LSMGO,677.57
2024-06-03,Rotterdam,HSFO,329.36
2024-06-03,Visakhapatnam,VLSFO,545.12
2024-06-03,Visakhapatnam,LSMGO,734.48
2024-06-03,Visakhapatnam,HSFO,385.44
2024-06-04,Singapore,VLSFO,513.62
2024-06-04,Singapore,LSMGO,699.06
2024-06-04,Singapore,HSFO,352.35
2024-06-04,Fujairah,VLSFO,502.83
2024-06-04,Fujairah,LSMGO,691.99
2024-06-04,Fujairah,HSFO,339.98
2024-06-04,Rotterdam,VLSFO,484.24
2024-06-04,Rotterdam,LSMGO,678.84
2024-06-04,Rotterdam,HSFO,327.45
2024-06-04,Visakhapatnam,VLSFO,544.54
2024-06-04,Visakhapatnam,LSMGO,734.42
2024-06-04,Visakhapatnam,HSFO,389.31
2024-06-05,Singapore,VLSFO,513.38
2024-06-05,Singapore,LSMGO,704.34
2024-06-05,Singapore,HSFO,354.64
2024-06-05,Fujairah,VLSFO,500.8
2024-06-05,Fujairah,LSMGO,690.47
2024-06-05,Fujairah,HSFO,339.95
2024-06-05,Rotterdam,VLSFO,486.27
2024-06-05,Rotterdam,LSMGO,676.98
2024-06-05,Rotterdam,HSFO,329.01
2024-06-05,Visakhapatnam,VLSFO,547.98
2024-06-05,Visakhapatnam,LSMGO,739.72
2024-06-05,Visakhapatnam,HSFO,387.03
2024-06-06,Singapore,VLSFO,531.99
2024-06-06,Singapore,LSMGO,722.14
2024-06-06,Singapore,HSFO,371.9
2024-06-06,Fujairah,VLSFO,520.57
2024-06-06,Fujairah,LSMGO,707.77
2024-06-06,Fujairah,HSFO,359.42
2024-06-06,Rotterdam,VLSFO,503.98
2024-06-06,Rotterdam,LSMGO,695.66
2024-06-06,Rotterdam,HSFO,346.28
2024-06-06,Visakhapatnam,VLSFO,567.26
2024-06-06,Visakhapatnam,LSMGO,759.05
2024-06-06,Visakhapatnam,HSFO,406.95
2024-06-07,Singapore,VLSFO,531.33
2024-06-07,Singapore,LSMGO,719.91
2024-06-07,Singapore,HSFO,370.67
2024-06-07,Fujairah,VLSFO,515.3
2024-06-07,Fujairah,LSMGO,706.4
2024-06-07,Fujairah,HSFO,357.04
2024-06-07,Rotterdam,VLSFO,504.71
2024-06-07,Rotterdam,LSMGO,692.14
2024-06-07,Rotterdam,HSFO,342.71
2024-06-07,Visakhapatnam,VLSFO,563.53
2024-06-07,Visakhapatnam,LSMGO,757.7
2024-06-07,Visakhapatnam,HSFO,403.86
2024-06-10,Singapore,VLSFO,532.21
2024-06-10,Singapore,LSMGO,720.5
2024-06-10,Singapore,HSFO,372.98
2024-06-10,Fujairah,VLSFO,519.0
2024-06-10,Fujairah,LSMGO,708.56
2024-06-10,Fujairah,HSFO,360.42
2024-06-10,Rotterdam,VLSFO,504.35
2024-06-10,Rotterdam,LSMGO,694.37
2024-06-10,Rotterdam,HSFO,345.63
2024-06-10,Visakhapatnam,VLSFO,564.54
2024-06-10,Visakhapatnam,LSMGO,754.97
2024-06-10,Visakhapatnam,HSFO,406.35
2024-06-11,Singapore,VLSFO,533.91
2024-06-11,Singapore,LSMGO,722.53
2024-06-11,Singapore,HSFO,372.17
2024-06-11,Fujairah,VLSFO,518.86
2024-06-11,Fujairah,LSMGO,712.69
2024-06-11,Fujairah,HSFO,359.48
2024-06-11,Rotterdam,VLSFO,504.62
2024-06-11,Rotterdam,LSMGO,697.8
2024-06-11,Rotterdam,HSFO,344.78
2024-06-11,Visakhapatnam,VLSFO,566.17
2024-06-11,Visakhapatnam,LSMGO,757.14
2024-06-11,Visakhapatnam,HSFO,409.34
2024-06-12,Singapore,VLSFO,522.78
2024-06-12,Singapore,LSMGO,714.04
2024-06-12,Singapore,HSFO,365.78
2024-06-12,Fujairah,VLSFO,508.61
2024-06-12,Fujairah,LSMGO,699.47
2024-06-12,Fujairah,HSFO,350.19
2024-06-12,Rotterdam,VLSFO,497.35
2024-06-12,Rotterdam,LSMGO,687.29
2024-06-12,Rotterdam,HSFO,340.27
2024-06-12,Visakhapatnam,VLSFO,559.11
2024-06-12,Visakhapatnam,LSMGO,748.47
2024-06-12,Visakhapatnam,HSFO,396.68
2024-06-13,Singapore,VLSFO,533.78
2024-06-13,Singapore,LSMGO,724.57
2024-06-13,Singapore,HSFO,373.76
2024-06-13,Fujairah,VLSFO,516.85
2024-06-13,Fujairah,LSMGO,710.65
2024-06-13,Fujairah,HSFO,357.14
2024-06-13,Rotterdam,VLSFO,505.38
2024-06-13,Rotterdam,LSMGO,694.19
2024-06-13,Rotterdam,HSFO,347.46
2024-06-13,Visakhapatnam,VLSFO,567.96
2024-06-13,Visakhapatnam,LSMGO,754.52
2024-06-13,Visakhapatnam,HSFO,406.14
2024-06-14,Singapore,VLSFO,537.63
2024-06-14,Singapore,LSMGO,727.1
2024-06-14,Singapore,HSFO,375.61
2024-06-14,Fujairah,VLSFO,525.4
2024-06-14,Fujairah,LSMGO,717.4
2024-06-14,Fujairah,HSFO,363.31
2024-06-14,Rotterdam,VLSFO,510.37
2024-06-14,Rotterdam,LSMGO,702.02
2024-06-14,Rotterdam,HSFO,355.54
2024-06-14,Visakhapatnam,VLSFO,573.9
2024-06-14,Visakhapatnam,LSMGO,763.96
2024-06-14,Visakhapatnam,HSFO,412.06
2024-06-17,Singapore,VLSFO,544.89
2024-06-17,Singapore,LSMGO,731.38
2024-06-17,Singapore,HSFO,385.14
2024-06-17,Fujairah,VLSFO,534.8
2024-06-17,Fujairah,LSMGO,723.0
2024-06-17,Fujairah,HSFO,374.57
2024-06-17,Rotterdam,VLSFO,520.67
2024-06-17,Rotterdam,LSMGO,707.05
2024-06-17,Rotterdam,HSFO,361.74
2024-06-17,Visakhapatnam,VLSFO,576.72
2024-06-17,Visakhapatnam,LSMGO,769.53
2024-06-17,Visakhapatnam,HSFO,417.18
2024-06-18,Singapore,VLSFO,534.02
2024-06-18,Singapore,LSMGO,726.49
2024-06-18,Singapore,HSFO,375.72
2024-06-18,Fujairah,VLSFO,524.87
2024-06-18,Fujairah,LSMGO,715.42
2024-06-18,Fujairah,HSFO,362.22
2024-06-18,Rotterdam,VLSFO,509.69
2024-06-18,Rotterdam,LSMGO,702.31
2024-06-18,Rotterdam,HSFO,351.01
2024-06-18,Visakhapatnam,VLSFO,573.33
2024-06-18,Visakhapatnam,LSMGO,762.87
2024-06-18,Visakhapatnam,HSFO,414.03
2024-06-19,Singapore,VLSFO,549.46
2024-06-19,Singapore,LSMGO,737.89
2024-06-19,Singapore,HSFO,389.34
2024-06-19,Fujairah,VLSFO,534.96
2024-06-19,Fujairah,LSMGO,725.14
2024-06-19,Fujairah,HSFO,378.04
2024-06-19,Rotterdam,VLSFO,522.98
2024-06-19,Rotterdam,LSMGO,715.1
2024-06-19,Rotterdam,HSFO,365.24
2024-06-19,Visakhapatnam,VLSFO,585.45
2024-06-19,Visakhapatnam,LSMGO,775.81
2024-06-19,Visakhapatnam,HSFO,422.89
2024-06-20,Singapore,VLSFO,535.74
2024-06-20,Singapore,LSMGO,727.32
2024-06-20,Singapore,HSFO,376.06
2024-06-20,Fujairah,VLSFO,525.44
2024-06-20,Fujairah,LSMGO,716.06
2024-06-20,Fujairah,HSFO,365.96
2024-06-20,Rotterdam,VLSFO,511.08
2024-06-20,Rotterdam,LSMGO,699.83
2024-06-20,Rotterdam,HSFO,351.41
2024-06-20,Visakhapatnam,VLSFO,569.69
2024-06-20,Visakhapatnam,LSMGO,764.17
2024-06-20,Visakhapatnam,HSFO,410.91
2024-06-21,Singapore,VLSFO,539.54
2024-06-21,Singapore,LSMGO,728.76
2024-06-21,Singapore,HSFO,382.49
2024-06-21,Fujairah,VLSFO,530.43
2024-06-21,Fujairah,LSMGO,718.65
2024-06-21,Fujairah,HSFO,367.04
2024-06-21,Rotterdam,VLSFO,516.07
2024-06-21,Rotterdam,LSMGO,705.48
2024-06-21,Rotterdam,HSFO,357.67
2024-06-21,Visakhapatnam,VLSFO,577.24
2024-06-21,Visakhapatnam,LSMGO,765.8
2024-06-21,Visakhapatnam,HSFO,414.92
2024-06-24,Singapore,VLSFO,562.39
2024-06-24,Singapore,LSMGO,749.18
2024-06-24,Singapore,HSFO,400.59
2024-06-24,Fujairah,VLSFO,545.3
2024-06-24,Fujairah,LSMGO,737.37
2024-06-24,Fujairah,HSFO,384.63
2024-06-24,Rotterdam,VLSFO,534.49
2024-06-24,Rotterdam,LSMGO,727.24
2024-06-24,Rotterdam,HSFO,373.77
2024-06-24,Visakhapatnam,VLSFO,591.69
2024-06-24,Visakhapatnam,LSMGO,781.65
2024-06-24,Visakhapatnam,HSFO,433.79
2024-06-25,Singapore,VLSFO,549.16
2024-06-25,Singapore,LSMGO,738.34
2024-06-25,Singapore,HSFO,392.74
2024-06-25,Fujairah,VLSFO,538.95
2024-06-25,Fujairah,LSMGO,727.94
2024-06-25,Fujairah,HSFO,381.6
2024-06-25,Rotterdam,VLSFO,523.9
2024-06-25,Rotterdam,LSMGO,718.94
2024-06-25,Rotterdam,HSFO,365.09
2024-06-25,Visakhapatnam,VLSFO,588.53
2024-06-25,Visakhapatnam,LSMGO,776.82
2024-06-25,Visakhapatnam,HSFO,428.16
2024-06-26,Singapore,VLSFO,549.48
2024-06-26,Singapore,LSMGO,735.31
2024-06-26,Singapore,HSFO,389.34
2024-06-26,Fujairah,VLSFO,533.91
2024-06-26,Fujairah,LSMGO,723.89
2024-06-26,Fujairah,HSFO,373.62
2024-06-26,Rotterdam,VLSFO,521.82
2024-06-26,Rotterdam,LSMGO,709.5
2024-06-26,Rotterdam,HSFO,361.9
2024-06-26,Visakhapatnam,VLSFO,581.83
2024-06-26,Visakhapatnam,LSMGO,773.15
2024-06-26,Visakhapatnam,HSFO,423.58
2024-06-27,Singapore,VLSFO,547.09
2024-06-27,Singapore,LSMGO,736.26
2024-06-27,Singapore,HSFO,386.0
2024-06-27,Fujairah,VLSFO,533.62
2024-06-27,Fujairah,LSMGO,722.79
2024-06-27,Fujairah,HSFO,374.5
2024-06-27,Rotterdam,VLSFO,521.07
2024-06-27,Rotterdam,LSMGO,715.25
2024-06-27,Rotterdam,HSFO,362.79
2024-06-27,Visakhapatnam,VLSFO,581.53
2024-06-27,Visakhapatnam,LSMGO,772.93
2024-06-27,Visakhapatnam,HSFO,420.28
2024-06-28,Singapore,VLSFO,543.03
2024-06-28,Singapore,LSMGO,734.13
2024-06-28,Singapore,HSFO,383.3
2024-06-28,Fujairah,VLSFO,530.78
2024-06-28,Fujairah,LSMGO,724.33
2024-06-28,Fujairah,HSFO,373.65
2024-06-28,Rotterdam,VLSFO,519.11
2024-06-28,Rotterdam,LSMGO,708.78
2024-06-28,Rotterdam,HSFO,359.09
2024-06-28,Visakhapatnam,VLSFO,576.58
2024-06-28,Visakhapatnam,LSMGO,767.74
2024-06-28,Visakhapatnam,HSFO,415.61
2024-07-01,Singapore,VLSFO,530.64
2024-07-01,Singapore,LSMGO,721.04
2024-07-01,Singapore,HSFO,369.15
2024-07-01,Fujairah,VLSFO,521.57
2024-07-01,Fujairah,LSMGO,711.24
2024-07-01,Fujairah,HSFO,360.12
2024-07-01,Rotterdam,VLSFO,505.98
2024-07-01,Rotterdam,LSMGO,698.0
2024-07-01,Rotterdam,HSFO,343.57
2024-07-01,Visakhapatnam,VLSFO,567.53
2024-07-01,Visakhapatnam,LSMGO,753.53
2024-07-01,Visakhapatnam,HSFO,407.55
2024-07-02,Singapore,VLSFO,530.04
2024-07-02,Singapore,LSMGO,723.65
2024-07-02,Singapore,HSFO,374.05
2024-07-02,Fujairah,VLSFO,517.28
2024-07-02,Fujairah,LSMGO,709.16
2024-07-02,Fujairah,HSFO,362.27
2024-07-02,Rotterdam,VLSFO,506.28
2024-07-02,Rotterdam,LSMGO,698.56
2024-07-02,Rotterdam,HSFO,346.92
2024-07-02,Visakhapatnam,VLSFO,565.63
2024-07-02,Visakhapatnam,LSMGO,755.1
2024-07-02,Visakhapatnam,HSFO,404.6
2024-07-03,Singapore,VLSFO,524.54
2024-07-03,Singapore,LSMGO,712.29
2024-07-03,Singapore,HSFO,363.04
2024-07-03,Fujairah,VLSFO,510.92
2024-07-03,Fujairah,LSMGO,701.43
2024-07-03,Fujairah,HSFO,353.16
2024-07-03,Rotterdam,VLSFO,500.85
2024-07-03,Rotterdam,LSMGO,687.41
2024-07-03,Rotterdam,HSFO,339.93
2024-07-03,Visakhapatnam,VLSFO,559.56
2024-07-03,Visakhapatnam,LSMGO,748.41
2024-07-03,Visakhapatnam,HSFO,400.7
2024-07-04,Singapore,VLSFO,524.94
2024-07-04,Singapore,LSMGO,714.39
2024-07-04,Singapore,HSFO,368.86
2024-07-04,Fujairah,VLSFO,514.37
2024-07-04,Fujairah,LSMGO,706.82
2024-07-04,Fujairah,HSFO,357.09
2024-07-04,Rotterdam,VLSFO,499.11
2024-07-04,Rotterdam,LSMGO,694.04
2024-07-04,Rotterdam,HSFO,341.43
2024-07-04,Visakhapatnam,VLSFO,561.8
2024-07-04,Visakhapatnam,LSMGO,752.5
2024-07-04,Visakhapatnam,HSFO,404.29
2024-07-05,Singapore,VLSFO,516.64
2024-07-05,Singapore,LSMGO,709.39
2024-07-05,Singapore,HSFO,360.65
2024-07-05,Fujairah,VLSFO,508.86
2024-07-05,Fujairah,LSMGO,698.68
2024-07-05,Fujairah,HSFO,345.33
2024-07-05,Rotterdam,VLSFO,493.32
2024-07-05,Rotterdam,LSMGO,683.68
2024-07-05,Rotterdam,HSFO,336.35
2024-07-05,Visakhapatnam,VLSFO,553.2
2024-07-05,Visakhapatnam,LSMGO,742.79
2024-07-05,Visakhapatnam,HSFO,397.27
2024-07-08,Singapore,VLSFO,528.71
2024-07-08,Singapore,LSMGO,724.64
2024-07-08,Singapore,HSFO,372.72
2024-07-08,Fujairah,VLSFO,521.63
2024-07-08,Fujairah,LSMGO,708.42
2024-07-08,Fujairah,HSFO,356.74
2024-07-08,Rotterdam,VLSFO,508.08
2024-07-08,Rotterdam,LSMGO,698.66
2024-07-08,Rotterdam,HSFO,348.1
2024-07-08,Visakhapatnam,VLSFO,564.51
2024-07-08,Visakhapatnam,LSMGO,758.18
2024-07-08,Visakhapatnam,HSFO,408.27
2024-07-09,Singapore,VLSFO,526.41
2024-07-09,Singapore,LSMGO,717.06
2024-07-09,Singapore,HSFO,367.54
2024-07-09,Fujairah,VLSFO,514.14
2024-07-09,Fujairah,LSMGO,700.99
2024-07-09,Fujairah,HSFO,353.39
2024-07-09,Rotterdam,VLSFO,497.93
2024-07-09,Rotterdam,LSMGO,689.91
2024-07-09,Rotterdam,HSFO,339.9
2024-07-09,Visakhapatnam,VLSFO,557.86
2024-07-09,Visakhapatnam,LSMGO,749.55
2024-07-09,Visakhapatnam,HSFO,398.13
2024-07-10,Singapore,VLSFO,524.83
2024-07-10,Singapore,LSMGO,715.66
2024-07-10,Singapore,HSFO,360.41
2024-07-10,Fujairah,VLSFO,513.71
2024-07-10,Fujairah,LSMGO,701.11
2024-07-10,Fujairah,HSFO,349.77
2024-07-10,Rotterdam,VLSFO,495.44
2024-07-10,Rotterdam,LSMGO,687.98
2024-07-10,Rotterdam,HSFO,339.74
2024-07-10,Visakhapatnam,VLSFO,559.22
2024-07-10,Visakhapatnam,LSMGO,745.28
2024-07-10,Visakhapatnam,HSFO,395.41
2024-07-11,Singapore,VLSFO,528.83
2024-07-11,Singapore,LSMGO,718.18
2024-07-11,Singapore,HSFO,367.8
2024-07-11,Fujairah,VLSFO,516.1
2024-07-11,Fujairah,LSMGO,709.23
2024-07-11,Fujairah,HSFO,359.99
2024-07-11,Rotterdam,VLSFO,503.84
2024-07-11,Rotterdam,LSMGO,696.85
2024-07-11,Rotterdam,HSFO,343.34
2024-07-11,Visakhapatnam,VLSFO,564.27
2024-07-11,Visakhapatnam,LSMGO,752.77
2024-07-11,Visakhapatnam,HSFO,405.25
2024-07-12,Singapore,VLSFO,522.56
2024-07-12,Singapore,LSMGO,710.31
2024-07-12,Singapore,HSFO,358.84
2024-07-12,Fujairah,VLSFO,508.58
2024-07-12,Fujairah,LSMGO,695.43
2024-07-12,Fujairah,HSFO,350.02
2024-07-12,Rotterdam,VLSFO,494.71
2024-07-12,Rotterdam,LSMGO,684.38
2024-07-12,Rotterdam,HSFO,335.2
2024-07-12,Visakhapatnam,VLSFO,555.44
2024-07-12,Visakhapatnam,LSMGO,742.12
2024-07-12,Visakhapatnam,HSFO,395.78
2024-07-15,Singapore,VLSFO,519.96
2024-07-15,Singapore,LSMGO,712.8
2024-07-15,Singapore,HSFO,363.45
2024-07-15,Fujairah,VLSFO,511.34
2024-07-15,Fujairah,LSMGO,699.83
2024-07-15,Fujairah,HSFO,349.63
2024-07-15,Rotterdam,VLSFO,494.37
2024-07-15,Rotterdam,LSMGO,688.17
2024-07-15,Rotterdam,HSFO,335.14
2024-07-15,Visakhapatnam,VLSFO,556.49
2024-07-15,Visakhapatnam,LSMGO,745.22
2024-07-15,Visakhapatnam,HSFO,394.32
2024-07-16,Singapore,VLSFO,532.57
2024-07-16,Singapore,LSMGO,719.12
2024-07-16,Singapore,HSFO,373.28
2024-07-16,Fujairah,VLSFO,518.7
2024-07-16,Fujairah,LSMGO,706.79
2024-07-16,Fujairah,HSFO,359.86
2024-07-16,Rotterdam,VLSFO,504.07
2024-07-16,Rotterdam,LSMGO,695.45
2024-07-16,Rotterdam,HSFO,348.03
2024-07-16,Visakhapatnam,VLSFO,564.17
2024-07-16,Visakhapatnam,LSMGO,758.83
2024-07-16,Visakhapatnam,HSFO,403.81
2024-07-17,Singapore,VLSFO,517.5
2024-07-17,Singapore,LSMGO,710.47
2024-07-17,Singapore,HSFO,357.92
2024-07-17,Fujairah,VLSFO,504.63
2024-07-17,Fujairah,LSMGO,696.18
2024-07-17,Fujairah,HSFO,345.64
2024-07-17,Rotterdam,VLSFO,496.08
2024-07-17,Rotterdam,LSMGO,682.9
2024-07-17,Rotterdam,HSFO,335.75
2024-07-17,Visakhapatnam,VLSFO,556.37
2024-07-17,Visakhapatnam,LSMGO,743.62
2024-07-17,Visakhapatnam,HSFO,396.48
2024-07-18,Singapore,VLSFO,519.77
2024-07-18,Singapore,LSMGO,713.3
2024-07-18,Singapore,HSFO,358.05
2024-07-18,Fujairah,VLSFO,509.63
2024-07-18,Fujairah,LSMGO,698.47
2024-07-18,Fujairah,HSFO,347.84
2024-07-18,Rotterdam,VLSFO,496.31
2024-07-18,Rotterdam,LSMGO,686.73
2024-07-18,Rotterdam,HSFO,332.54
2024-07-18,Visakhapatnam,VLSFO,553.51
2024-07-18,Visakhapatnam,LSMGO,746.79
2024-07-18,Visakhapatnam,HSFO,396.51
2024-07-19,Singapore,VLSFO,525.39
2024-07-19,Singapore,LSMGO,714.16
2024-07-19,Singapore,HSFO,365.3
2024-07-19,Fujairah,VLSFO,511.81
2024-07-19,Fujairah,LSMGO,699.38
2024-07-19,Fujairah,HSFO,348.22
2024-07-19,Rotterdam,VLSFO,499.28
2024-07-19,Rotterdam,LSMGO,688.46
2024-07-19,Rotterdam,HSFO,334.88
2024-07-19,Visakhapatnam,VLSFO,556.75
2024-07-19,Visakhapatnam,LSMGO,750.33
2024-07-19,Visakhapatnam,HSFO,397.59
2024-07-22,Singapore,VLSFO,528.37
2024-07-22,Singapore,LSMGO,718.52
2024-07-22,Singapore,HSFO,367.03
2024-07-22,Fujairah,VLSFO,515.98
2024-07-22,Fujairah,LSMGO,705.99
2024-07-22,Fujairah,HSFO,354.09
2024-07-22,Rotterdam,VLSFO,505.38
2024-07-22,Rotterdam,LSMGO,693.27
2024-07-22,Rotterdam,HSFO,345.71
2024-07-22,Visakhapatnam,VLSFO,565.87
2024-07-22,Visakhapatnam,LSMGO,752.04
2024-07-22,Visakhapatnam,HSFO,404.72
2024-07-23,Singapore,VLSFO,518.85
2024-07-23,Singapore,LSMGO,711.3
2024-07-23,Singapore,HSFO,357.31
2024-07-23,Fujairah,VLSFO,508.08
2024-07-23,Fujairah,LSMGO,697.66
2024-07-23,Fujairah,HSFO,345.79
2024-07-23,Rotterdam,VLSFO,491.83
2024-07-23,Rotterdam,LSMGO,684.92
2024-07-23,Rotterdam,HSFO,335.45
2024-07-23,Visakhapatnam,VLSFO,552.91
2024-07-23,Visakhapatnam,LSMGO,744.88
2024-07-23,Visakhapatnam,HSFO,393.39
2024-07-24,Singapore,VLSFO,510.07
2024-07-24,Singapore,LSMGO,696.98
2024-07-24,Singapore,HSFO,351.13
2024-07-24,Fujairah,VLSFO,495.51
2024-07-24,Fujairah,LSMGO,685.99
2024-07-24,Fujairah,HSFO,334.13
2024-07-24,Rotterdam,VLSFO,481.46
2024-07-24,Rotterdam,LSMGO,673.88
2024-07-24,Rotterdam,HSFO,322.39
2024-07-24,Visakhapatnam,VLSFO,545.8
2024-07-24,Visakhapatnam,LSMGO,730.87
2024-07-24,Visakhapatnam,HSFO,383.06
2024-07-25,Singapore,VLSFO,511.84
2024-07-25,Singapore,LSMGO,699.94
2024-07-25,Singapore,HSFO,350.57
2024-07-25,Fujairah,VLSFO,500.3
2024-07-25,Fujairah,LSMGO,690.78
2024-07-25,Fujairah,HSFO,340.25
2024-07-25,Rotterdam,VLSFO,488.01
2024-07-25,Rotterdam,LSMGO,678.39
2024-07-25,Rotterdam,HSFO,324.88
2024-07-25,Visakhapatnam,VLSFO,547.61
2024-07-25,Visakhapatnam,LSMGO,740.6
2024-07-25,Visakhapatnam,HSFO,387.93
2024-07-26,Singapore,VLSFO,516.22
2024-07-26,Singapore,LSMGO,704.03
2024-07-26,Singapore,HSFO,356.8
2024-07-26,Fujairah,VLSFO,504.79
2024-07-26,Fujairah,LSMGO,693.28
2024-07-26,Fujairah,HSFO,346.01
2024-07-26,Rotterdam,VLSFO,487.91
2024-07-26,Rotterdam,LSMGO,677.26
2024-07-26,Rotterdam,HSFO,331.78
2024-07-26,Visakhapatnam,VLSFO,552.0
2024-07-26,Visakhapatnam,LSMGO,737.88
2024-07-26,Visakhapatnam,HSFO,388.75
2024-07-29,Singapore,VLSFO,514.25
2024-07-29,Singapore,LSMGO,705.9
2024-07-29,Singapore,HSFO,358.78
2024-07-29,Fujairah,VLSFO,505.25
2024-07-29,Fujairah,LSMGO,694.23
2024-07-29,Fujairah,HSFO,344.37
2024-07-29,Rotterdam,VLSFO,489.15
2024-07-29,Rotterdam,LSMGO,680.94
2024-07-29,Rotterdam,HSFO,333.02
2024-07-29,Visakhapatnam,VLSFO,554.99
2024-07-29,Visakhapatnam,LSMGO,744.23
2024-07-29,Visakhapatnam,HSFO,389.29
2024-07-30,Singapore,VLSFO,522.27
2024-07-30,Singapore,LSMGO,711.58
2024-07-30,Singapore,HSFO,361.57
2024-07-30,Fujairah,VLSFO,507.63
2024-07-30,Fujairah,LSMGO,697.27
2024-07-30,Fujairah,HSFO,346.7
2024-07-30,Rotterdam,VLSFO,492.28
2024-07-30,Rotterdam,LSMGO,683.25
2024-07-30,Rotterdam,HSFO,333.36
2024-07-30,Visakhapatnam,VLSFO,554.79
2024-07-30,Visakhapatnam,LSMGO,746.37
2024-07-30,Visakhapatnam,HSFO,394.73
2024-07-31,Singapore,VLSFO,511.98
2024-07-31,Singapore,LSMGO,707.38
2024-07-31,Singapore,HSFO,357.29
2024-07-31,Fujairah,VLSFO,504.34
2024-07-31,Fujairah,LSMGO,695.58
2024-07-31,Fujairah,HSFO,342.9
2024-07-31,Rotterdam,VLSFO,492.41
2024-07-31,Rotterdam,LSMGO,677.09
2024-07-31,Rotterdam,HSFO,328.83
2024-07-31,Visakhapatnam,VLSFO,547.98
2024-07-31,Visakhapatnam,LSMGO,737.81
2024-07-31,Visakhapatnam,HSFO,387.48
2024-08-01,Singapore,VLSFO,517.21
2024-08-01,Singapore,LSMGO,708.16
2024-08-01,Singapore,HSFO,356.95
2024-08-01,Fujairah,VLSFO,502.36
2024-08-01,Fujairah,LSMGO,696.34
2024-08-01,Fujairah,HSFO,345.29
2024-08-01,Rotterdam,VLSFO,490.81
2024-08-01,Rotterdam,LSMGO,682.52
2024-08-01,Rotterdam,HSFO,330.04
2024-08-01,Visakhapatnam,VLSFO,550.55
2024-08-01,Visakhapatnam,LSMGO,743.98
2024-08-01,Visakhapatnam,HSFO,390.22
2024-08-02,Singapore,VLSFO,518.62
2024-08-02,Singapore,LSMGO,711.14
2024-08-02,Singapore,HSFO,360.04
2024-08-02,Fujairah,VLSFO,504.17
2024-08-02,Fujairah,LSMGO,694.68
2024-08-02,Fujairah,HSFO,343.85
2024-08-02,Rotterdam,VLSFO,494.58
2024-08-02,Rotterdam,LSMGO,683.48
2024-08-02,Rotterdam,HSFO,331.6
2024-08-02,Visakhapatnam,VLSFO,556.55
2024-08-02,Visakhapatnam,LSMGO,743.98
2024-08-02,Visakhapatnam,HSFO,392.25
2024-08-05,Singapore,VLSFO,513.29
2024-08-05,Singapore,LSMGO,704.37
2024-08-05,Singapore,HSFO,350.75
2024-08-05,Fujairah,VLSFO,499.94
2024-08-05,Fujairah,LSMGO,693.13
2024-08-05,Fujairah,HSFO,341.05
2024-08-05,Rotterdam,VLSFO,488.57
2024-08-05,Rotterdam,LSMGO,677.89
2024-08-05,Rotterdam,HSFO,325.55
2024-08-05,Visakhapatnam,VLSFO,546.29
2024-08-05,Visakhapatnam,LSMGO,737.96
2024-08-05,Visakhapatnam,HSFO,386.55
2024-08-06,Singapore,VLSFO,525.01
2024-08-06,Singapore,LSMGO,719.77
2024-08-06,Singapore,HSFO,370.59
2024-08-06,Fujairah,VLSFO,517.47
2024-08-06,Fujairah,LSMGO,707.83
2024-08-06,Fujairah,HSFO,354.16
2024-08-06,Rotterdam,VLSFO,505.47
2024-08-06,Rotterdam,LSMGO,690.89
2024-08-06,Rotterdam,HSFO,345.42
2024-08-06,Visakhapatnam,VLSFO,565.68
2024-08-06,Visakhapatnam,LSMGO,753.98
2024-08-06,Visakhapatnam,HSFO,405.59
2024-08-07,Singapore,VLSFO,531.93
2024-08-07,Singapore,LSMGO,720.07
2024-08-07,Singapore,HSFO,371.13
2024-08-07,Fujairah,VLSFO,520.07
2024-08-07,Fujairah,LSMGO,706.95
2024-08-07,Fujairah,HSFO,360.25
2024-08-07,Rotterdam,VLSFO,509.4
2024-08-07,Rotterdam,LSMGO,694.65
2024-08-07,Rotterdam,HSFO,348.27
2024-08-07,Visakhapatnam,VLSFO,568.96
2024-08-07,Visakhapatnam,LSMGO,759.17
2024-08-07,Visakhapatnam,HSFO,409.27
2024-08-08,Singapore,VLSFO,522.2
2024-08-08,Singapore,LSMGO,714.93
2024-08-08,Singapore,HSFO,363.61
2024-08-08,Fujairah,VLSFO,508.04
2024-08-08,Fujairah,LSMGO,699.93
2024-08-08,Fujairah,HSFO,351.38
2024-08-08,Rotterdam,VLSFO,495.55
2024-08-08,Rotterdam,LSMGO,687.91
2024-08-08,Rotterdam,HSFO,338.07
2024-08-08,Visakhapatnam,VLSFO,555.04
2024-08-08,Visakhapatnam,LSMGO,747.46
2024-08-08,Visakhapatnam,HSFO,398.7
2024-08-09,Singapore,VLSFO,527.25
2024-08-09,Singapore,LSMGO,714.33
2024-08-09,Singapore,HSFO,364.31
2024-08-09,Fujairah,VLSFO,514.4
2024-08-09,Fujairah,LSMGO,707.82
2024-08-09,Fujairah,HSFO,353.63
2024-08-09,Rotterdam,VLSFO,503.07
2024-08-09,Rotterdam,LSMGO,690.59
2024-08-09,Rotterdam,HSFO,341.19
2024-08-09,Visakhapatnam,VLSFO,564.35
2024-08-09,Visakhapatnam,LSMGO,753.63
2024-08-09,Visakhapatnam,HSFO,399.83
2024-08-12,Singapore,VLSFO,519.18
2024-08-12,Singapore,LSMGO,706.78
2024-08-12,Singapore,HSFO,359.49
2024-08-12,Fujairah,VLSFO,508.58
2024-08-12,Fujairah,LSMGO,695.32
2024-08-12,Fujairah,HSFO,346.34
2024-08-12,Rotterdam,VLSFO,493.99
2024-08-12,Rotterdam,LSMGO,687.12
2024-08-12,Rotterdam,HSFO,337.56
2024-08-12,Visakhapatnam,VLSFO,551.87
2024-08-12,Visakhapatnam,LSMGO,746.17
2024-08-12,Visakhapatnam,HSFO,393.83
2024-08-13,Singapore,VLSFO,525.15
2024-08-13,Singapore,LSMGO,717.32
2024-08-13,Singapore,HSFO,368.3
2024-08-13,Fujairah,VLSFO,516.5
2024-08-13,Fujairah,LSMGO,704.25
2024-08-13,Fujairah,HSFO,352.93
2024-08-13,Rotterdam,VLSFO,502.52
2024-08-13,Rotterdam,LSMGO,689.3
2024-08-13,Rotterdam,HSFO,341.18
2024-08-13,Visakhapatnam,VLSFO,559.94
2024-08-13,Visakhapatnam,LSMGO,751.73
2024-08-13,Visakhapatnam,HSFO,399.23
2024-08-14,Singapore,VLSFO,533.13
2024-08-14,Singapore,LSMGO,727.49
2024-08-14,Singapore,HSFO,372.59
2024-08-14,Fujairah,VLSFO,523.02
2024-08-14,Fujairah,LSMGO,711.31
2024-08-14,Fujairah,HSFO,360.21
2024-08-14,Rotterdam,VLSFO,507.2
2024-08-14,Rotterdam,LSMGO,698.03
2024-08-14,Rotterdam,HSFO,352.18
2024-08-14,Visakhapatnam,VLSFO,568.68
2024-08-14,Visakhapatnam,LSMGO,762.68
2024-08-14,Visakhapatnam,HSFO,410.47
2024-08-15,Singapore,VLSFO,528.07
2024-08-15,Singapore,LSMGO,718.93
2024-08-15,Singapore,HSFO,368.55
2024-08-15,Fujairah,VLSFO,518.0
2024-08-15,Fujairah,LSMGO,705.14
2024-08-15,Fujairah,HSFO,355.57
2024-08-15,Rotterdam,VLSFO,505.81
2024-08-15,Rotterdam,LSMGO,696.13
2024-08-15,Rotterdam,HSFO,345.8
2024-08-15,Visakhapatnam,VLSFO,562.97
2024-08-15,Visakhapatnam,LSMGO,755.13
2024-08-15,Visakhapatnam,HSFO,403.31
2024-08-16,Singapore,VLSFO,536.12
2024-08-16,Singapore,LSMGO,724.37
2024-08-16,Singapore,HSFO,376.68
2024-08-16,Fujairah,VLSFO,522.25
2024-08-16,Fujairah,LSMGO,713.13
2024-08-16,Fujairah,HSFO,366.27
2024-08-16,Rotterdam,VLSFO,509.38
2024-08-16,Rotterdam,LSMGO,698.56
2024-08-16,Rotterdam,HSFO,348.55
2024-08-16,Visakhapatnam,VLSFO,573.78
2024-08-16,Visakhapatnam,LSMGO,761.18
2024-08-16,Visakhapatnam,HSFO,410.59
2024-08-19,Singapore,VLSFO,541.38
2024-08-19,Singapore,LSMGO,731.53
2024-08-19,Singapore,HSFO,378.5
2024-08-19,Fujairah,VLSFO,528.67
2024-08-19,Fujairah,LSMGO,719.14
2024-08-19,Fujairah,HSFO,368.44
2024-08-19,Rotterdam,VLSFO,512.42
2024-08-19,Rotterdam,LSMGO,706.77
2024-08-19,Rotterdam,HSFO,354.75
2024-08-19,Visakhapatnam,VLSFO,573.21
2024-08-19,Visakhapatnam,LSMGO,764.06
2024-08-19,Visakhapatnam,HSFO,411.74
2024-08-20,Singapore,VLSFO,543.99
2024-08-20,Singapore,LSMGO,737.81
2024-08-20,Singapore,HSFO,383.22
2024-08-20,Fujairah,VLSFO,533.72
2024-08-20,Fujairah,LSMGO,724.35
2024-08-20,Fujairah,HSFO,371.55
2024-08-20,Rotterdam,VLSFO,524.06
2024-08-20,Rotterdam,LSMGO,709.57
2024-08-20,Rotterdam,HSFO,360.04
2024-08-20,Visakhapatnam,VLSFO,580.04
2024-08-20,Visakhapatnam,LSMGO,769.6
2024-08-20,Visakhapatnam,HSFO,418.23
2024-08-21,Singapore,VLSFO,563.19
2024-08-21,Singapore,LSMGO,754.61
2024-08-21,Singapore,HSFO,400.16
2024-08-21,Fujairah,VLSFO,550.79
2024-08-21,Fujairah,LSMGO,741.26
2024-08-21,Fujairah,HSFO,391.9
2024-08-21,Rotterdam,VLSFO,536.35
2024-08-21,Rotterdam,LSMGO,725.63
2024-08-21,Rotterdam,HSFO,375.77
2024-08-21,Visakhapatnam,VLSFO,598.09
2024-08-21,Visakhapatnam,LSMGO,788.71
2024-08-21,Visakhapatnam,HSFO,434.9
2024-08-22,Singapore,VLSFO,559.03
2024-08-22,Singapore,LSMGO,752.21
2024-08-22,Singapore,HSFO,401.64
2024-08-22,Fujairah,VLSFO,550.71
2024-08-22,Fujairah,LSMGO,739.33
2024-08-22,Fujairah,HSFO,387.16
2024-08-22,Rotterdam,VLSFO,535.35
2024-08-22,Rotterdam,LSMGO,725.77
2024-08-22,Rotterdam,HSFO,372.27
2024-08-22,Visakhapatnam,VLSFO,595.07
2024-08-22,Visakhapatnam,LSMGO,786.06
2024-08-22,Visakhapatnam,HSFO,432.81
2024-08-23,Singapore,VLSFO,555.21
2024-08-23,Singapore,LSMGO,744.03
2024-08-23,Singapore,HSFO,396.24
2024-08-23,Fujairah,VLSFO,538.78
2024-08-23,Fujairah,LSMGO,730.12
2024-08-23,Fujairah,HSFO,382.14
2024-08-23,Rotterdam,VLSFO,527.31
2024-08-23,Rotterdam,LSMGO,719.81
2024-08-23,Rotterdam,HSFO,370.08
2024-08-23,Visakhapatnam,VLSFO,586.14
2024-08-23,Visakhapatnam,LSMGO,778.61
2024-08-23,Visakhapatnam,HSFO,428.58
2024-08-26,Singapore,VLSFO,545.41
2024-08-26,Singapore,LSMGO,738.8
2024-08-26,Singapore,HSFO,388.16
2024-08-26,Fujairah,VLSFO,535.38
2024-08-26,Fujairah,LSMGO,725.48
2024-08-26,Fujairah,HSFO,373.97
2024-08-26,Rotterdam,VLSFO,523.72
2024-08-26,Rotterdam,LSMGO,712.37
2024-08-26,Rotterdam,HSFO,362.57
2024-08-26,Visakhapatnam,VLSFO,583.37
2024-08-26,Visakhapatnam,LSMGO,769.84
2024-08-26,Visakhapatnam,HSFO,423.04
2024-08-27,Singapore,VLSFO,537.74
2024-08-27,Singapore,LSMGO,728.64
2024-08-27,Singapore,HSFO,378.58
2024-08-27,Fujairah,VLSFO,530.44
2024-08-27,Fujairah,LSMGO,719.71
2024-08-27,Fujairah,HSFO,368.78
2024-08-27,Rotterdam,VLSFO,515.93
2024-08-27,Rotterdam,LSMGO,704.94
2024-08-27,Rotterdam,HSFO,357.25
2024-08-27,Visakhapatnam,VLSFO,574.55
2024-08-27,Visakhapatnam,LSMGO,763.85
2024-08-27,Visakhapatnam,HSFO,412.55
2024-08-28,Singapore,VLSFO,540.72
2024-08-28,Singapore,LSMGO,730.41
2024-08-28,Singapore,HSFO,378.3
2024-08-28,Fujairah,VLSFO,524.15
2024-08-28,Fujairah,LSMGO,719.03
2024-08-28,Fujairah,HSFO,364.07
2024-08-28,Rotterdam,VLSFO,515.22
2024-08-28,Rotterdam,LSMGO,706.82
2024-08-28,Rotterdam,HSFO,353.62
2024-08-28,Visakhapatnam,VLSFO,572.41
2024-08-28,Visakhapatnam,LSMGO,765.23
2024-08-28,Visakhapatnam,HSFO,415.9
2024-08-29,Singapore,VLSFO,542.09
2024-08-29,Singapore,LSMGO,734.61
2024-08-29,Singapore,HSFO,379.12
2024-08-29,Fujairah,VLSFO,529.84
2024-08-29,Fujairah,LSMGO,721.12
2024-08-29,Fujairah,HSFO,371.99
2024-08-29,Rotterdam,VLSFO,514.89
2024-08-29,Rotterdam,LSMGO,708.61
2024-08-29,Rotterdam,HSFO,357.13
2024-08-29,Visakhapatnam,VLSFO,576.19
2024-08-29,Visakhapatnam,LSMGO,764.6
2024-08-29,Visakhapatnam,HSFO,419.0
2024-08-30,Singapore,VLSFO,542.06
2024-08-30,Singapore,LSMGO,732.97
2024-08-30,Singapore,HSFO,382.85
2024-08-30,Fujairah,VLSFO,534.34
2024-08-30,Fujairah,LSMGO,723.15
2024-08-30,Fujairah,HSFO,373.89
2024-08-30,Rotterdam,VLSFO,517.62
2024-08-30,Rotterdam,LSMGO,709.86
2024-08-30,Rotterdam,HSFO,359.54
2024-08-30,Visakhapatnam,VLSFO,581.11
2024-08-30,Visakhapatnam,LSMGO,771.55
2024-08-30,Visakhapatnam,HSFO,416.19
2024-09-02,Singapore,VLSFO,551.96
2024-09-02,Singapore,LSMGO,738.23
2024-09-02,Singapore,HSFO,391.21
2024-09-02,Fujairah,VLSFO,537.65
2024-09-02,Fujairah,LSMGO,727.76
2024-09-02,Fujairah,HSFO,378.04
2024-09-02,Rotterdam,VLSFO,526.65
2024-09-02,Rotterdam,LSMGO,714.92
2024-09-02,Rotterdam,HSFO,367.32
2024-09-02,Visakhapatnam,VLSFO,585.35
2024-09-02,Visakhapatnam,LSMGO,773.33
2024-09-02,Visakhapatnam,HSFO,427.62
2024-09-03,Singapore,VLSFO,549.8
2024-09-03,Singapore,LSMGO,740.68
2024-09-03,Singapore,HSFO,392.19
2024-09-03,Fujairah,VLSFO,538.08
2024-09-03,Fujairah,LSMGO,726.42
2024-09-03,Fujairah,HSFO,378.33
2024-09-03,Rotterdam,VLSFO,528.75
2024-09-03,Rotterdam,LSMGO,716.93
2024-09-03,Rotterdam,HSFO,367.11
2024-09-03,Visakhapatnam,VLSFO,586.88
2024-09-03,Visakhapatnam,LSMGO,774.28
2024-09-03,Visakhapatnam,HSFO,425.59
2024-09-04,Singapore,VLSFO,564.66
2024-09-04,Singapore,LSMGO,750.76
2024-09-04,Singapore,HSFO,401.82
2024-09-04,Fujairah,VLSFO,549.81
2024-09-04,Fujairah,LSMGO,740.74
2024-09-04,Fujairah,HSFO,394.03
2024-09-04,Rotterdam,VLSFO,535.56
2024-09-04,Rotterdam,LSMGO,728.26
2024-09-04,Rotterdam,HSFO,376.23
2024-09-04,Visakhapatnam,VLSFO,600.98
2024-09-04,Visakhapatnam,LSMGO,785.83
2024-09-04,Visakhapatnam,HSFO,437.57
2024-09-05,Singapore,VLSFO,562.4
2024-09-05,Singapore,LSMGO,752.2
2024-09-05,Singapore,HSFO,400.51
2024-09-05,Fujairah,VLSFO,548.05
2024-09-05,Fujairah,LSMGO,738.36
2024-09-05,Fujairah,HSFO,387.56
2024-09-05,Rotterdam,VLSFO,534.21
2024-09-05,Rotterdam,LSMGO,725.87
2024-09-05,Rotterdam,HSFO,374.58
2024-09-05,Visakhapatnam,VLSFO,594.7
2024-09-05,Visakhapatnam,LSMGO,786.91
2024-09-05,Visakhapatnam,HSFO,438.78
2024-09-06,Singapore,VLSFO,584.54
2024-09-06,Singapore,LSMGO,771.38
2024-09-06,Singapore,HSFO,421.37
2024-09-06,Fujairah,VLSFO,574.63
2024-09-06,Fujairah,LSMGO,760.7
2024-09-06,Fujairah,HSFO,409.47
2024-09-06,Rotterdam,VLSFO,559.51
2024-09-06,Rotterdam,LSMGO,749.66
2024-09-06,Rotterdam,HSFO,399.81
2024-09-06,Visakhapatnam,VLSFO,617.52
2024-09-06,Visakhapatnam,LSMGO,806.01
2024-09-06,Visakhapatnam,HSFO,461.71
2024-09-09,Singapore,VLSFO,587.96
2024-09-09,Singapore,LSMGO,780.51
2024-09-09,Singapore,HSFO,430.7
2024-09-09,Fujairah,VLSFO,578.12
2024-09-09,Fujairah,LSMGO,766.33
2024-09-09,Fujairah,HSFO,416.08
2024-09-09,Rotterdam,VLSFO,565.04
2024-09-09,Rotterdam,LSMGO,756.65
2024-09-09,Rotterdam,HSFO,407.14
2024-09-09,Visakhapatnam,VLSFO,622.09
2024-09-09,Visakhapatnam,LSMGO,812.39
2024-09-09,Visakhapatnam,HSFO,467.13
2024-09-10,Singapore,VLSFO,583.36
2024-09-10,Singapore,LSMGO,774.23
2024-09-10,Singapore,HSFO,420.15
2024-09-10,Fujairah,VLSFO,570.46
2024-09-10,Fujairah,LSMGO,761.14
2024-09-10,Fujairah,HSFO,411.02
2024-09-10,Rotterdam,VLSFO,556.39
2024-09-10,Rotterdam,LSMGO,744.03
2024-09-10,Rotterdam,HSFO,397.43
2024-09-10,Visakhapatnam,VLSFO,615.46
2024-09-10,Visakhapatnam,LSMGO,806.64
2024-09-10,Visakhapatnam,HSFO,459.68
2024-09-11,Singapore,VLSFO,572.04
2024-09-11,Singapore,LSMGO,764.69
2024-09-11,Singapore,HSFO,410.78
2024-09-11,Fujairah,VLSFO,561.68
2024-09-11,Fujairah,LSMGO,753.51
2024-09-11,Fujairah,HSFO,398.26
2024-09-11,Rotterdam,VLSFO,544.7
2024-09-11,Rotterdam,LSMGO,737.25
2024-09-11,Rotterdam,HSFO,385.2
2024-09-11,Visakhapatnam,VLSFO,609.14
2024-09-11,Visakhapatnam,LSMGO,800.13
2024-09-11,Visakhapatnam,HSFO,447.25
2024-09-12,Singapore,VLSFO,575.4
2024-09-12,Singapore,LSMGO,766.46
2024-09-12,Singapore,HSFO,418.19
2024-09-12,Fujairah,VLSFO,561.9
2024-09-12,Fujairah,LSMGO,755.39
2024-09-12,Fujairah,HSFO,405.53
2024-09-12,Rotterdam,VLSFO,552.67
2024-09-12,Rotterdam,LSMGO,740.3
2024-09-12,Rotterdam,HSFO,393.13
2024-09-12,Visakhapatnam,VLSFO,609.4
2024-09-12,Visakhapatnam,LSMGO,800.04
2024-09-12,Visakhapatnam,HSFO,454.11
2024-09-13,Singapore,VLSFO,576.41
2024-09-13,Singapore,LSMGO,762.06
2024-09-13,Singapore,HSFO,413.46
2024-09-13,Fujairah,VLSFO,561.26
2024-09-13,Fujairah,LSMGO,751.6
2024-09-13,Fujairah,HSFO,401.46
2024-09-13,Rotterdam,VLSFO,547.35
2024-09-13,Rotterdam,LSMGO,739.73
2024-09-13,Rotterdam,HSFO,391.37
2024-09-13,Visakhapatnam,VLSFO,610.61
2024-09-13,Visakhapatnam,LSMGO,801.01
2024-09-13,Visakhapatnam,HSFO,447.46
2024-09-16,Singapore,VLSFO,583.9
2024-09-16,Singapore,LSMGO,773.22
2024-09-16,Singapore,HSFO,423.02
2024-09-16,Fujairah,VLSFO,571.13
2024-09-16,Fujairah,LSMGO,761.78
2024-09-16,Fujairah,HSFO,409.45
2024-09-16,Rotterdam,VLSFO,554.39
2024-09-16,Rotterdam,LSMGO,746.89
2024-09-16,Rotterdam,HSFO,397.65
2024-09-16,Visakhapatnam,VLSFO,617.62
2024-09-16,Visakhapatnam,LSMGO,806.32
2024-09-16,Visakhapatnam,HSFO,453.6
2024-09-17,Singapore,VLSFO,584.6
2024-09-17,Singapore,LSMGO,777.9
2024-09-17,Singapore,HSFO,425.88
2024-09-17,Fujairah,VLSFO,573.6
2024-09-17,Fujairah,LSMGO,761.99
2024-09-17,Fujairah,HSFO,412.58
2024-09-17,Rotterdam,VLSFO,562.74
2024-09-17,Rotterdam,LSMGO,751.37
2024-09-17,Rotterdam,HSFO,402.1
2024-09-17,Visakhapatnam,VLSFO,620.1
2024-09-17,Visakhapatnam,LSMGO,811.15
2024-09-17,Visakhapatnam,HSFO,458.86
2024-09-18,Singapore,VLSFO,586.02
2024-09-18,Singapore,LSMGO,774.36
2024-09-18,Singapore,HSFO,424.45
2024-09-18,Fujairah,VLSFO,573.69
2024-09-18,Fujairah,LSMGO,765.41
2024-09-18,Fujairah,HSFO,410.18
2024-09-18,Rotterdam,VLSFO,561.74
2024-09-18,Rotterdam,LSMGO,748.55
2024-09-18,Rotterdam,HSFO,399.45
2024-09-18,Visakhapatnam,VLSFO,616.92
2024-09-18,Visakhapatnam,LSMGO,808.6
2024-09-18,Visakhapatnam,HSFO,459.81
2024-09-19,Singapore,VLSFO,574.76
2024-09-19,Singapore,LSMGO,767.37
2024-09-19,Singapore,HSFO,419.98
2024-09-19,Fujairah,VLSFO,563.05
2024-09-19,Fujairah,LSMGO,757.01
2024-09-19,Fujairah,HSFO,404.88
2024-09-19,Rotterdam,VLSFO,553.35
2024-09-19,Rotterdam,LSMGO,740.98
2024-09-19,Rotterdam,HSFO,390.38
2024-09-19,Visakhapatnam,VLSFO,610.38
2024-09-19,Visakhapatnam,LSMGO,799.84
2024-09-19,Visakhapatnam,HSFO,450.54
2024-09-20,Singapore,VLSFO,565.34
2024-09-20,Singapore,LSMGO,756.65
2024-09-20,Singapore,HSFO,406.24
2024-09-20,Fujairah,VLSFO,553.47
2024-09-20,Fujairah,LSMGO,740.02
2024-09-20,Fujairah,HSFO,391.09
2024-09-20,Rotterdam,VLSFO,538.22
2024-09-20,Rotterdam,LSMGO,727.86
2024-09-20,Rotterdam,HSFO,379.45
2024-09-20,Visakhapatnam,VLSFO,599.57
2024-09-20,Visakhapatnam,LSMGO,788.5
2024-09-20,Visakhapatnam,HSFO,438.48
2024-09-23,Singapore,VLSFO,562.61
2024-09-23,Singapore,LSMGO,752.37
2024-09-23,Singapore,HSFO,399.48
2024-09-23,Fujairah,VLSFO,551.12
2024-09-23,Fujairah,LSMGO,741.35
2024-09-23,Fujairah,HSFO,387.6
2024-09-23,Rotterdam,VLSFO,534.76
2024-09-23,Rotterdam,LSMGO,725.67
2024-09-23,Rotterdam,HSFO,378.28
2024-09-23,Visakhapatnam,VLSFO,597.89
2024-09-23,Visakhapatnam,LSMGO,783.25
2024-09-23,Visakhapatnam,HSFO,434.99
2024-09-24,Singapore,VLSFO,568.21
2024-09-24,Singapore,LSMGO,757.91
2024-09-24,Singapore,HSFO,406.06
2024-09-24,Fujairah,VLSFO,558.05
2024-09-24,Fujairah,LSMGO,746.95
2024-09-24,Fujairah,HSFO,397.92
2024-09-24,Rotterdam,VLSFO,545.05
2024-09-24,Rotterdam,LSMGO,734.38
2024-09-24,Rotterdam,HSFO,382.53
2024-09-24,Visakhapatnam,VLSFO,603.56
2024-09-24,Visakhapatnam,LSMGO,790.86
2024-09-24,Visakhapatnam,HSFO,443.94
2024-09-25,Singapore,VLSFO,567.85
2024-09-25,Singapore,LSMGO,760.94
2024-09-25,Singapore,HSFO,408.15
2024-09-25,Fujairah,VLSFO,555.48
2024-09-25,Fujairah,LSMGO,745.77
2024-09-25,Fujairah,HSFO,394.79
2024-09-25,Rotterdam,VLSFO,546.09
2024-09-25,Rotterdam,LSMGO,736.17
2024-09-25,Rotterdam,HSFO,384.86
2024-09-25,Visakhapatnam,VLSFO,602.74
2024-09-25,Visakhapatnam,LSMGO,792.28
2024-09-25,Visakhapatnam,HSFO,441.89
2024-09-26,Singapore,VLSFO,557.18
2024-09-26,Singapore,LSMGO,751.53
2024-09-26,Singapore,HSFO,397.63
2024-09-26,Fujairah,VLSFO,546.31
2024-09-26,Fujairah,LSMGO,734.82
2024-09-26,Fujairah,HSFO,385.52
2024-09-26,Rotterdam,VLSFO,534.3
2024-09-26,Rotterdam,LSMGO,724.83
2024-09-26,Rotterdam,HSFO,372.66
2024-09-26,Visakhapatnam,VLSFO,591.53
2024-09-26,Visakhapatnam,LSMGO,783.53
2024-09-26,Visakhapatnam,HSFO,432.59
2024-09-27,Singapore,VLSFO,559.01
2024-09-27,Singapore,LSMGO,753.45
2024-09-27,Singapore,HSFO,401.39
2024-09-27,Fujairah,VLSFO,549.03
2024-09-27,Fujairah,LSMGO,738.19
2024-09-27,Fujairah,HSFO,388.27
2024-09-27,Rotterdam,VLSFO,535.94
2024-09-27,Rotterdam,LSMGO,726.87
2024-09-27,Rotterdam,HSFO,376.91
2024-09-27,Visakhapatnam,VLSFO,593.72
2024-09-27,Visakhapatnam,LSMGO,785.69
2024-09-27,Visakhapatnam,HSFO,435.16
2024-09-30,Singapore,VLSFO,566.21
2024-09-30,Singapore,LSMGO,754.78
2024-09-30,Singapore,HSFO,404.18
2024-09-30,Fujairah,VLSFO,549.68
2024-09-30,Fujairah,LSMGO,742.62
2024-09-30,Fujairah,HSFO,389.69
2024-09-30,Rotterdam,VLSFO,538.01
2024-09-30,Rotterdam,LSMGO,726.85
2024-09-30,Rotterdam,HSFO,380.14
2024-09-30,Visakhapatnam,VLSFO,597.23
2024-09-30,Visakhapatnam,LSMGO,788.34
2024-09-30,Visakhapatnam,HSFO,441.36
2024-10-01,Singapore,VLSFO,554.79
2024-10-01,Singapore,LSMGO,746.62
2024-10-01,Singapore,HSFO,396.08
2024-10-01,Fujairah,VLSFO,541.68
2024-10-01,Fujairah,LSMGO,736.32
2024-10-01,Fujairah,HSFO,381.98
2024-10-01,Rotterdam,VLSFO,531.41
2024-10-01,Rotterdam,LSMGO,721.93
2024-10-01,Rotterdam,HSFO,372.34
2024-10-01,Visakhapatnam,VLSFO,592.7
2024-10-01,Visakhapatnam,LSMGO,780.09
2024-10-01,Visakhapatnam,HSFO,428.63
2024-10-02,Singapore,VLSFO,559.25
2024-10-02,Singapore,LSMGO,748.12
2024-10-02,Singapore,HSFO,399.92
2024-10-02,Fujairah,VLSFO,547.84
2024-10-02,Fujairah,LSMGO,737.97
2024-10-02,Fujairah,HSFO,385.82
2024-10-02,Rotterdam,VLSFO,531.91
2024-10-02,Rotterdam,LSMGO,724.66
2024-10-02,Rotterdam,HSFO,372.62
2024-10-02,Visakhapatnam,VLSFO,591.01
2024-10-02,Visakhapatnam,LSMGO,785.04
2024-10-02,Visakhapatnam,HSFO,435.2
2024-10-03,Singapore,VLSFO,558.25
2024-10-03,Singapore,LSMGO,745.9
2024-10-03,Singapore,HSFO,397.78
2024-10-03,Fujairah,VLSFO,548.27
2024-10-03,Fujairah,LSMGO,738.86
2024-10-03,Fujairah,HSFO,384.67
2024-10-03,Rotterdam,VLSFO,530.85
2024-10-03,Rotterdam,LSMGO,725.71
2024-10-03,Rotterdam,HSFO,372.79
2024-10-03,Visakhapatnam,VLSFO,593.7
2024-10-03,Visakhapatnam,LSMGO,786.26
2024-10-03,Visakhapatnam,HSFO,430.85
2024-10-04,Singapore,VLSFO,549.82
2024-10-04,Singapore,LSMGO,736.38
2024-10-04,Singapore,HSFO,388.18
2024-10-04,Fujairah,VLSFO,538.75
2024-10-04,Fujairah,LSMGO,726.53
2024-10-04,Fujairah,HSFO,379.91
2024-10-04,Rotterdam,VLSFO,524.29
2024-10-04,Rotterdam,LSMGO,712.86
2024-10-04,Rotterdam,HSFO,362.25
2024-10-04,Visakhapatnam,VLSFO,583.03
2024-10-04,Visakhapatnam,LSMGO,773.17
2024-10-04,Visakhapatnam,HSFO,421.34
2024-10-07,Singapore,VLSFO,551.15
2024-10-07,Singapore,LSMGO,741.72
2024-10-07,Singapore,HSFO,393.27
2024-10-07,Fujairah,VLSFO,540.87
2024-10-07,Fujairah,LSMGO,731.19
2024-10-07,Fujairah,HSFO,376.98
2024-10-07,Rotterdam,VLSFO,525.24
2024-10-07,Rotterdam,LSMGO,717.9
2024-10-07,Rotterdam,HSFO,366.84
2024-10-07,Visakhapatnam,VLSFO,583.96
2024-10-07,Visakhapatnam,LSMGO,778.76
2024-10-07,Visakhapatnam,HSFO,428.57
2024-10-08,Singapore,VLSFO,556.92
2024-10-08,Singapore,LSMGO,744.03
2024-10-08,Singapore,HSFO,398.23
2024-10-08,Fujairah,VLSFO,545.13
2024-10-08,Fujairah,LSMGO,736.32
2024-10-08,Fujairah,HSFO,386.14
2024-10-08,Rotterdam,VLSFO,533.45
2024-10-08,Rotterdam,LSMGO,721.74
2024-10-08,Rotterdam,HSFO,369.47
2024-10-08,Visakhapatnam,VLSFO,592.66
2024-10-08,Visakhapatnam,LSMGO,782.35
2024-10-08,Visakhapatnam,HSFO,433.08
2024-10-09,Singapore,VLSFO,563.75
2024-10-09,Singapore,LSMGO,753.9
2024-10-09,Singapore,HSFO,408.07
2024-10-09,Fujairah,VLSFO,555.23
2024-10-09,Fujairah,LSMGO,746.18
2024-10-09,Fujairah,HSFO,395.28
2024-10-09,Rotterdam,VLSFO,541.31
2024-10-09,Rotterdam,LSMGO,731.65
2024-10-09,Rotterdam,HSFO,383.06
2024-10-09,Visakhapatnam,VLSFO,601.2
2024-10-09,Visakhapatnam,LSMGO,791.52
2024-10-09,Visakhapatnam,HSFO,438.67
2024-10-10,Singapore,VLSFO,574.57
2024-10-10,Singapore,LSMGO,766.03
2024-10-10,Singapore,HSFO,413.35
2024-10-10,Fujairah,VLSFO,560.94
2024-10-10,Fujairah,LSMGO,751.61
2024-10-10,Fujairah,HSFO,401.18
2024-10-10,Rotterdam,VLSFO,548.02
2024-10-10,Rotterdam,LSMGO,739.28
2024-10-10,Rotterdam,HSFO,392.18
2024-10-10,Visakhapatnam,VLSFO,609.77
2024-10-10,Visakhapatnam,LSMGO,797.86
2024-10-10,Visakhapatnam,HSFO,447.19
2024-10-11,Singapore,VLSFO,564.09
2024-10-11,Singapore,LSMGO,752.21
2024-10-11,Singapore,HSFO,404.84
2024-10-11,Fujairah,VLSFO,551.87
2024-10-11,Fujairah,LSMGO,742.69
2024-10-11,Fujairah,HSFO,389.54
2024-10-11,Rotterdam,VLSFO,539.06
2024-10-11,Rotterdam,LSMGO,726.49
2024-10-11,Rotterdam,HSFO,380.54
2024-10-11,Visakhapatnam,VLSFO,598.73
2024-10-11,Visakhapatnam,LSMGO,786.86
2024-10-11,Visakhapatnam,HSFO,436.53
2024-10-14,Singapore,VLSFO,553.19
2024-10-14,Singapore,LSMGO,746.21
2024-10-14,Singapore,HSFO,393.36
2024-10-14,Fujairah,VLSFO,543.62
2024-10-14,Fujairah,LSMGO,731.63
2024-10-14,Fujairah,HSFO,384.02
2024-10-14,Rotterdam,VLSFO,531.94
2024-10-14,Rotterdam,LSMGO,721.71
2024-10-14,Rotterdam,HSFO,371.61
2024-10-14,Visakhapatnam,VLSFO,588.17
2024-10-14,Visakhapatnam,LSMGO,777.58
2024-10-14,Visakhapatnam,HSFO,431.24
2024-10-15,Singapore,VLSFO,558.6
2024-10-15,Singapore,LSMGO,748.98
2024-10-15,Singapore,HSFO,396.58
2024-10-15,Fujairah,VLSFO,545.95
2024-10-15,Fujairah,LSMGO,734.59
2024-10-15,Fujairah,HSFO,389.67
2024-10-15,Rotterdam,VLSFO,532.85
2024-10-15,Rotterdam,LSMGO,724.73
2024-10-15,Rotterdam,HSFO,371.62
2024-10-15,Visakhapatnam,VLSFO,595.39
2024-10-15,Visakhapatnam,LSMGO,783.33
2024-10-15,Visakhapatnam,HSFO,436.78
2024-10-16,Singapore,VLSFO,566.09
2024-10-16,Singapore,LSMGO,752.71
2024-10-16,Singapore,HSFO,406.16
2024-10-16,Fujairah,VLSFO,554.73
2024-10-16,Fujairah,LSMGO,743.71
2024-10-16,Fujairah,HSFO,393.83
2024-10-16,Rotterdam,VLSFO,537.25
2024-10-16,Rotterdam,LSMGO,729.22
2024-10-16,Rotterdam,HSFO,376.16
2024-10-16,Visakhapatnam,VLSFO,596.33
2024-10-16,Visakhapatnam,LSMGO,791.75
2024-10-16,Visakhapatnam,HSFO,437.72
2024-10-17,Singapore,VLSFO,569.66
2024-10-17,Singapore,LSMGO,760.01
2024-10-17,Singapore,HSFO,410.32
2024-10-17,Fujairah,VLSFO,559.15
2024-10-17,Fujairah,LSMGO,744.62
2024-10-17,Fujairah,HSFO,393.41
2024-10-17,Rotterdam,VLSFO,542.64
2024-10-17,Rotterdam,LSMGO,730.95
2024-10-17,Rotterdam,HSFO,380.3
2024-10-17,Visakhapatnam,VLSFO,602.33
2024-10-17,Visakhapatnam,LSMGO,794.87
2024-10-17,Visakhapatnam,HSFO,443.57
2024-10-18,Singapore,VLSFO,599.94
2024-10-18,Singapore,LSMGO,791.99
2024-10-18,Singapore,HSFO,439.45
2024-10-18,Fujairah,VLSFO,586.15
2024-10-18,Fujairah,LSMGO,780.65
2024-10-18,Fujairah,HSFO,429.8
2024-10-18,Rotterdam,VLSFO,577.63
2024-10-18,Rotterdam,LSMGO,763.29
2024-10-18,Rotterdam,HSFO,418.08
2024-10-18,Visakhapatnam,VLSFO,636.78
2024-10-18,Visakhapatnam,LSMGO,826.44
2024-10-18,Visakhapatnam,HSFO,476.81
2024-10-21,Singapore,VLSFO,608.45
2024-10-21,Singapore,LSMGO,796.79
2024-10-21,Singapore,HSFO,446.75
2024-10-21,Fujairah,VLSFO,597.21
2024-10-21,Fujairah,LSMGO,785.81
2024-10-21,Fujairah,HSFO,433.92
2024-10-21,Rotterdam,VLSFO,582.51
2024-10-21,Rotterdam,LSMGO,770.6
2024-10-21,Rotterdam,HSFO,419.64
2024-10-21,Visakhapatnam,VLSFO,641.85
2024-10-21,Visakhapatnam,LSMGO,833.84
2024-10-21,Visakhapatnam,HSFO,483.84
2024-10-22,Singapore,VLSFO,615.71
2024-10-22,Singapore,LSMGO,806.82
2024-10-22,Singapore,HSFO,454.93
2024-10-22,Fujairah,VLSFO,607.63
2024-10-22,Fujairah,LSMGO,797.54
2024-10-22,Fujairah,HSFO,445.55
2024-10-22,Rotterdam,VLSFO,593.48
2024-10-22,Rotterdam,LSMGO,782.95
2024-10-22,Rotterdam,HSFO,432.21
2024-10-22,Visakhapatnam,VLSFO,648.98
2024-10-22,Visakhapatnam,LSMGO,841.38
2024-10-22,Visakhapatnam,HSFO,492.7
2024-10-23,Singapore,VLSFO,626.61
2024-10-23,Singapore,LSMGO,814.78
2024-10-23,Singapore,HSFO,468.19
2024-10-23,Fujairah,VLSFO,611.55
2024-10-23,Fujairah,LSMGO,803.54
2024-10-23,Fujairah,HSFO,454.69
2024-10-23,Rotterdam,VLSFO,601.72
2024-10-23,Rotterdam,LSMGO,791.43
2024-10-23,Rotterdam,HSFO,439.19
2024-10-23,Visakhapatnam,VLSFO,658.48
2024-10-23,Visakhapatnam,LSMGO,851.36
2024-10-23,Visakhapatnam,HSFO,501.14
2024-10-24,Singapore,VLSFO,629.79
2024-10-24,Singapore,LSMGO,822.95
2024-10-24,Singapore,HSFO,471.45
2024-10-24,Fujairah,VLSFO,620.72
2024-10-24,Fujairah,LSMGO,811.74
2024-10-24,Fujairah,HSFO,457.73
2024-10-24,Rotterdam,VLSFO,603.83
2024-10-24,Rotterdam,LSMGO,798.39
2024-10-24,Rotterdam,HSFO,447.37
2024-10-24,Visakhapatnam,VLSFO,667.91
2024-10-24,Visakhapatnam,LSMGO,858.74
2024-10-24,Visakhapatnam,HSFO,508.53
2024-10-25,Singapore,VLSFO,631.56
2024-10-25,Singapore,LSMGO,819.01
2024-10-25,Singapore,HSFO,468.72
2024-10-25,Fujairah,VLSFO,616.2
2024-10-25,Fujairah,LSMGO,804.71
2024-10-25,Fujairah,HSFO,457.23
2024-10-25,Rotterdam,VLSFO,602.45
2024-10-25,Rotterdam,LSMGO,796.32
2024-10-25,Rotterdam,HSFO,444.29
2024-10-25,Visakhapatnam,VLSFO,664.35
2024-10-25,Visakhapatnam,LSMGO,852.92
2024-10-25,Visakhapatnam,HSFO,501.1
2024-10-28,Singapore,VLSFO,633.2
2024-10-28,Singapore,LSMGO,825.55
2024-10-28,Singapore,HSFO,473.52
2024-10-28,Fujairah,VLSFO,624.65
2024-10-28,Fujairah,LSMGO,816.3
2024-10-28,Fujairah,HSFO,466.31
2024-10-28,Rotterdam,VLSFO,611.97
2024-10-28,Rotterdam,LSMGO,799.28
2024-10-28,Rotterdam,HSFO,453.19
2024-10-28,Visakhapatnam,VLSFO,673.33
2024-10-28,Visakhapatnam,LSMGO,859.19
2024-10-28,Visakhapatnam,HSFO,512.44
2024-10-29,Singapore,VLSFO,627.42
2024-10-29,Singapore,LSMGO,820.52
2024-10-29,Singapore,HSFO,471.69
2024-10-29,Fujairah,VLSFO,613.88
2024-10-29,Fujairah,LSMGO,809.09
2024-10-29,Fujairah,HSFO,457.44
2024-10-29,Rotterdam,VLSFO,606.54
2024-10-29,Rotterdam,LSMGO,793.49
2024-10-29,Rotterdam,HSFO,445.79
2024-10-29,Visakhapatnam,VLSFO,661.08
2024-10-29,Visakhapatnam,LSMGO,852.72
2024-10-29,Visakhapatnam,HSFO,501.11
2024-10-30,Singapore,VLSFO,629.39
2024-10-30,Singapore,LSMGO,818.44
2024-10-30,Singapore,HSFO,468.65
2024-10-30,Fujairah,VLSFO,617.16
2024-10-30,Fujairah,LSMGO,802.04
2024-10-30,Fujairah,HSFO,453.85
2024-10-30,Rotterdam,VLSFO,598.96
2024-10-30,Rotterdam,LSMGO,789.8
2024-10-30,Rotterdam,HSFO,439.91
2024-10-30,Visakhapatnam,VLSFO,661.35
2024-10-30,Visakhapatnam,LSMGO,850.14
2024-10-30,Visakhapatnam,HSFO,499.14
2024-10-31,Singapore,VLSFO,620.04
2024-10-31,Singapore,LSMGO,809.92
2024-10-31,Singapore,HSFO,464.87
2024-10-31,Fujairah,VLSFO,611.59
2024-10-31,Fujairah,LSMGO,802.84
2024-10-31,Fujairah,HSFO,449.67
2024-10-31,Rotterdam,VLSFO,595.7
2024-10-31,Rotterdam,LSMGO,788.82
2024-10-31,Rotterdam,HSFO,435.99
2024-10-31,Visakhapatnam,VLSFO,655.83
2024-10-31,Visakhapatnam,LSMGO,845.43
2024-10-31,Visakhapatnam,HSFO,494.81
2024-11-01,Singapore,VLSFO,621.4
2024-11-01,Singapore,LSMGO,811.99
2024-11-01,Singapore,HSFO,463.9
2024-11-01,Fujairah,VLSFO,608.24
2024-11-01,Fujairah,LSMGO,799.12
2024-11-01,Fujairah,HSFO,452.71
2024-11-01,Rotterdam,VLSFO,595.74
2024-11-01,Rotterdam,LSMGO,786.92
2024-11-01,Rotterdam,HSFO,440.05
2024-11-01,Visakhapatnam,VLSFO,655.79
2024-11-01,Visakhapatnam,LSMGO,845.36
2024-11-01,Visakhapatnam,HSFO,497.77
2024-11-04,Singapore,VLSFO,643.36
2024-11-04,Singapore,LSMGO,834.93
2024-11-04,Singapore,HSFO,486.37
2024-11-04,Fujairah,VLSFO,630.37
2024-11-04,Fujairah,LSMGO,823.03
2024-11-04,Fujairah,HSFO,472.58
2024-11-04,Rotterdam,VLSFO,617.41
2024-11-04,Rotterdam,LSMGO,810.29
2024-11-04,Rotterdam,HSFO,458.19
2024-11-04,Visakhapatnam,VLSFO,679.48
2024-11-04,Visakhapatnam,LSMGO,867.04
2024-11-04,Visakhapatnam,HSFO,519.31
2024-11-05,Singapore,VLSFO,625.4
2024-11-05,Singapore,LSMGO,818.49
2024-11-05,Singapore,HSFO,463.9
2024-11-05,Fujairah,VLSFO,614.07
2024-11-05,Fujairah,LSMGO,804.31
2024-11-05,Fujairah,HSFO,455.91
2024-11-05,Rotterdam,VLSFO,602.01
2024-11-05,Rotterdam,LSMGO,792.56
2024-11-05,Rotterdam,HSFO,443.22
2024-11-05,Visakhapatnam,VLSFO,663.73
2024-11-05,Visakhapatnam,LSMGO,850.44
2024-11-05,Visakhapatnam,HSFO,501.79
2024-11-06,Singapore,VLSFO,635.11
2024-11-06,Singapore,LSMGO,826.01
2024-11-06,Singapore,HSFO,475.41
2024-11-06,Fujairah,VLSFO,620.3
2024-11-06,Fujairah,LSMGO,809.24
2024-11-06,Fujairah,HSFO,461.01
2024-11-06,Rotterdam,VLSFO,609.52
2024-11-06,Rotterdam,LSMGO,798.03
2024-11-06,Rotterdam,HSFO,447.97
2024-11-06,Visakhapatnam,VLSFO,670.1
2024-11-06,Visakhapatnam,LSMGO,857.24
2024-11-06,Visakhapatnam,HSFO,510.23
2024-11-07,Singapore,VLSFO,617.26
2024-11-07,Singapore,LSMGO,806.79
2024-11-07,Singapore,HSFO,457.55
2024-11-07,Fujairah,VLSFO,607.4
2024-11-07,Fujairah,LSMGO,793.58
2024-11-07,Fujairah,HSFO,444.0
2024-11-07,Rotterdam,VLSFO,595.53
2024-11-07,Rotterdam,LSMGO,780.87
2024-11-07,Rotterdam,HSFO,433.23
2024-11-07,Visakhapatnam,VLSFO,653.3
2024-11-07,Visakhapatnam,LSMGO,842.76
2024-11-07,Visakhapatnam,HSFO,493.69
2024-11-08,Singapore,VLSFO,611.89
2024-11-08,Singapore,LSMGO,803.83
2024-11-08,Singapore,HSFO,452.74
2024-11-08,Fujairah,VLSFO,602.48
2024-11-08,Fujairah,LSMGO,789.36
2024-11-08,Fujairah,HSFO,441.93
2024-11-08,Rotterdam,VLSFO,586.62
2024-11-08,Rotterdam,LSMGO,777.18
2024-11-08,Rotterdam,HSFO,426.82
2024-11-08,Visakhapatnam,VLSFO,646.61
2024-11-08,Visakhapatnam,LSMGO,840.46
2024-11-08,Visakhapatnam,HSFO,487.22
2024-11-11,Singapore,VLSFO,626.15
2024-11-11,Singapore,LSMGO,816.41
2024-11-11,Singapore,HSFO,464.02
2024-11-11,Fujairah,VLSFO,609.45
2024-11-11,Fujairah,LSMGO,800.84
2024-11-11,Fujairah,HSFO,453.38
2024-11-11,Rotterdam,VLSFO,597.8
2024-11-11,Rotterdam,LSMGO,786.11
2024-11-11,Rotterdam,HSFO,438.93
2024-11-11,Visakhapatnam,VLSFO,660.66
2024-11-11,Visakhapatnam,LSMGO,850.37
2024-11-11,Visakhapatnam,HSFO,496.64
2024-11-12,Singapore,VLSFO,625.29
2024-11-12,Singapore,LSMGO,812.58
2024-11-12,Singapore,HSFO,462.56
2024-11-12,Fujairah,VLSFO,614.5
2024-11-12,Fujairah,LSMGO,800.75
2024-11-12,Fujairah,HSFO,450.84
2024-11-12,Rotterdam,VLSFO,596.26
2024-11-12,Rotterdam,LSMGO,791.48
2024-11-12,Rotterdam,HSFO,441.01
2024-11-12,Visakhapatnam,VLSFO,660.02
2024-11-12,Visakhapatnam,LSMGO,850.76
2024-11-12,Visakhapatnam,HSFO,497.17
2024-11-13,Singapore,VLSFO,613.98
2024-11-13,Singapore,LSMGO,803.33
2024-11-13,Singapore,HSFO,451.79
2024-11-13,Fujairah,VLSFO,602.14
2024-11-13,Fujairah,LSMGO,794.75
2024-11-13,Fujairah,HSFO,439.47
2024-11-13,Rotterdam,VLSFO,587.98
2024-11-13,Rotterdam,LSMGO,777.47
2024-11-13,Rotterdam,HSFO,427.66
2024-11-13,Visakhapatnam,VLSFO,651.68
2024-11-13,Visakhapatnam,LSMGO,839.03
2024-11-13,Visakhapatnam,HSFO,489.02
2024-11-14,Singapore,VLSFO,609.26
2024-11-14,Singapore,LSMGO,795.62
2024-11-14,Singapore,HSFO,447.62
2024-11-14,Fujairah,VLSFO,595.28
2024-11-14,Fujairah,LSMGO,786.28
2024-11-14,Fujairah,HSFO,438.69
2024-11-14,Rotterdam,VLSFO,584.31
2024-11-14,Rotterdam,LSMGO,772.08
2024-11-14,Rotterdam,HSFO,424.66
2024-11-14,Visakhapatnam,VLSFO,640.72
2024-11-14,Visakhapatnam,LSMGO,829.88
2024-11-14,Visakhapatnam,HSFO,480.92
2024-11-15,Singapore,VLSFO,613.0
2024-11-15,Singapore,LSMGO,804.02
2024-11-15,Singapore,HSFO,454.64
2024-11-15,Fujairah,VLSFO,604.42
2024-11-15,Fujairah,LSMGO,792.01
2024-11-15,Fujairah,HSFO,441.96
2024-11-15,Rotterdam,VLSFO,586.25
2024-11-15,Rotterdam,LSMGO,776.16
2024-11-15,Rotterdam,HSFO,429.26
2024-11-15,Visakhapatnam,VLSFO,648.58
2024-11-15,Visakhapatnam,LSMGO,840.99
2024-11-15,Visakhapatnam,HSFO,486.92
2024-11-18,Singapore,VLSFO,604.44
2024-11-18,Singapore,LSMGO,796.98
2024-11-18,Singapore,HSFO,445.71
2024-11-18,Fujairah,VLSFO,592.59
2024-11-18,Fujairah,LSMGO,786.64
2024-11-18,Fujairah,HSFO,432.96
2024-11-18,Rotterdam,VLSFO,582.94
2024-11-18,Rotterdam,LSMGO,770.97
2024-11-18,Rotterdam,HSFO,420.33
2024-11-18,Visakhapatnam,VLSFO,641.57
2024-11-18,Visakhapatnam,LSMGO,834.1
2024-11-18,Visakhapatnam,HSFO,481.64
2024-11-19,Singapore,VLSFO,610.83
2024-11-19,Singapore,LSMGO,797.07
2024-11-19,Singapore,HSFO,450.96
2024-11-19,Fujairah,VLSFO,595.74
2024-11-19,Fujairah,LSMGO,788.39
2024-11-19,Fujairah,HSFO,437.72
2024-11-19,Rotterdam,VLSFO,586.9
2024-11-19,Rotterdam,LSMGO,773.64
2024-11-19,Rotterdam,HSFO,421.72
2024-11-19,Visakhapatnam,VLSFO,641.44
2024-11-19,Visakhapatnam,LSMGO,836.28
2024-11-19,Visakhapatnam,HSFO,484.47
2024-11-20,Singapore,VLSFO,611.45
2024-11-20,Singapore,LSMGO,798.2
2024-11-20,Singapore,HSFO,448.87
2024-11-20,Fujairah,VLSFO,594.98
2024-11-20,Fujairah,LSMGO,790.57
2024-11-20,Fujairah,HSFO,438.81
2024-11-20,Rotterdam,VLSFO,587.4
2024-11-20,Rotterdam,LSMGO,773.39
2024-11-20,Rotterdam,HSFO,425.47
2024-11-20,Visakhapatnam,VLSFO,645.87
2024-11-20,Visakhapatnam,LSMGO,833.7
2024-11-20,Visakhapatnam,HSFO,486.89
2024-11-21,Singapore,VLSFO,606.58
2024-11-21,Singapore,LSMGO,796.21
2024-11-21,Singapore,HSFO,445.33
2024-11-21,Fujairah,VLSFO,590.56
2024-11-21,Fujairah,LSMGO,780.59
2024-11-21,Fujairah,HSFO,434.68
2024-11-21,Rotterdam,VLSFO,575.96
2024-11-21,Rotterdam,LSMGO,770.2
2024-11-21,Rotterdam,HSFO,420.14
2024-11-21,Visakhapatnam,VLSFO,639.64
2024-11-21,Visakhapatnam,LSMGO,831.84
2024-11-21,Visakhapatnam,HSFO,477.77
2024-11-22,Singapore,VLSFO,622.42
2024-11-22,Singapore,LSMGO,810.85
2024-11-22,Singapore,HSFO,463.04
2024-11-22,Fujairah,VLSFO,609.95
2024-11-22,Fujairah,LSMGO,800.44
2024-11-22,Fujairah,HSFO,453.39
2024-11-22,Rotterdam,VLSFO,600.99
2024-11-22,Rotterdam,LSMGO,786.49
2024-11-22,Rotterdam,HSFO,437.62
2024-11-22,Visakhapatnam,VLSFO,660.95
2024-11-22,Visakhapatnam,LSMGO,845.75
2024-11-22,Visakhapatnam,HSFO,495.93
2024-11-25,Singapore,VLSFO,627.35
2024-11-25,Singapore,LSMGO,819.94
2024-11-25,Singapore,HSFO,467.27
2024-11-25,Fujairah,VLSFO,620.18
2024-11-25,Fujairah,LSMGO,807.05
2024-11-25,Fujairah,HSFO,457.38
2024-11-25,Rotterdam,VLSFO,602.85
2024-11-25,Rotterdam,LSMGO,794.2
2024-11-25,Rotterdam,HSFO,445.34
2024-11-25,Visakhapatnam,VLSFO,665.88
2024-11-25,Visakhapatnam,LSMGO,855.89
2024-11-25,Visakhapatnam,HSFO,504.84
2024-11-26,Singapore,VLSFO,612.74
2024-11-26,Singapore,LSMGO,802.22
2024-11-26,Singapore,HSFO,451.86
2024-11-26,Fujairah,VLSFO,595.65
2024-11-26,Fujairah,LSMGO,785.36
2024-11-26,Fujairah,HSFO,436.59
2024-11-26,Rotterdam,VLSFO,586.3
2024-11-26,Rotterdam,LSMGO,774.78
2024-11-26,Rotterdam,HSFO,424.73
2024-11-26,Visakhapatnam,VLSFO,647.62
2024-11-26,Visakhapatnam,LSMGO,837.69
2024-11-26,Visakhapatnam,HSFO,487.77
2024-11-27,Singapore,VLSFO,610.97
2024-11-27,Singapore,LSMGO,803.23
2024-11-27,Singapore,HSFO,450.71
2024-11-27,Fujairah,VLSFO,598.23
2024-11-27,Fujairah,LSMGO,788.19
2024-11-27,Fujairah,HSFO,439.14
2024-11-27,Rotterdam,VLSFO,586.66
2024-11-27,Rotterdam,LSMGO,779.07
2024-11-27,Rotterdam,HSFO,424.8
2024-11-27,Visakhapatnam,VLSFO,648.49
2024-11-27,Visakhapatnam,LSMGO,837.27
2024-11-27,Visakhapatnam,HSFO,485.81
2024-11-28,Singapore,VLSFO,606.02
2024-11-28,Singapore,LSMGO,794.87
2024-11-28,Singapore,HSFO,446.64
2024-11-28,Fujairah,VLSFO,593.67
2024-11-28,Fujairah,LSMGO,782.05
2024-11-28,Fujairah,HSFO,431.77
2024-11-28,Rotterdam,VLSFO,581.35
2024-11-28,Rotterdam,LSMGO,773.48
2024-11-28,Rotterdam,HSFO,420.13
2024-11-28,Visakhapatnam,VLSFO,642.47
2024-11-28,Visakhapatnam,LSMGO,832.02
2024-11-28,Visakhapatnam,HSFO,483.66
2024-11-29,Singapore,VLSFO,615.8
2024-11-29,Singapore,LSMGO,804.28
2024-11-29,Singapore,HSFO,454.82
2024-11-29,Fujairah,VLSFO,604.27
2024-11-29,Fujairah,LSMGO,791.27
2024-11-29,Fujairah,HSFO,440.84
2024-11-29,Rotterdam,VLSFO,585.94
2024-11-29,Rotterdam,LSMGO,780.84
2024-11-29,Rotterdam,HSFO,430.68
2024-11-29,Visakhapatnam,VLSFO,646.5
2024-11-29,Visakhapatnam,LSMGO,839.34
2024-11-29,Visakhapatnam,HSFO,488.66
2024-12-02,Singapore,VLSFO,604.35
2024-12-02,Singapore,LSMGO,799.53
2024-12-02,Singapore,HSFO,444.93
2024-12-02,Fujairah,VLSFO,592.05
2024-12-02,Fujairah,LSMGO,785.21
2024-12-02,Fujairah,HSFO,436.07
2024-12-02,Rotterdam,VLSFO,578.84
2024-12-02,Rotterdam,LSMGO,772.59
2024-12-02,Rotterdam,HSFO,421.84
2024-12-02,Visakhapatnam,VLSFO,639.26
2024-12-02,Visakhapatnam,LSMGO,829.68
2024-12-02,Visakhapatnam,HSFO,482.05
2024-12-03,Singapore,VLSFO,604.44
2024-12-03,Singapore,LSMGO,798.29
2024-12-03,Singapore,HSFO,447.57
2024-12-03,Fujairah,VLSFO,596.56
2024-12-03,Fujairah,LSMGO,782.22
2024-12-03,Fujairah,HSFO,436.48
2024-12-03,Rotterdam,VLSFO,580.25
2024-12-03,Rotterdam,LSMGO,769.74
2024-12-03,Rotterdam,HSFO,417.96
2024-12-03,Visakhapatnam,VLSFO,637.97
2024-12-03,Visakhapatnam,LSMGO,831.81
2024-12-03,Visakhapatnam,HSFO,480.41
2024-12-04,Singapore,VLSFO,608.67
2024-12-04,Singapore,LSMGO,800.99
2024-12-04,Singapore,HSFO,448.82
2024-12-04,Fujairah,VLSFO,598.77
2024-12-04,Fujairah,LSMGO,787.46
2024-12-04,Fujairah,HSFO,440.25
2024-12-04,Rotterdam,VLSFO,587.23
2024-12-04,Rotterdam,LSMGO,775.17
2024-12-04,Rotterdam,HSFO,424.41
2024-12-04,Visakhapatnam,VLSFO,644.48
2024-12-04,Visakhapatnam,LSMGO,837.14
2024-12-04,Visakhapatnam,HSFO,484.28
2024-12-05,Singapore,VLSFO,616.55
2024-12-05,Singapore,LSMGO,805.8
2024-12-05,Singapore,HSFO,458.09
2024-12-05,Fujairah,VLSFO,606.19
2024-12-05,Fujairah,LSMGO,798.34
2024-12-05,Fujairah,HSFO,444.62
2024-12-05,Rotterdam,VLSFO,592.58
2024-12-05,Rotterdam,LSMGO,785.14
2024-12-05,Rotterdam,HSFO,435.23
2024-12-05,Visakhapatnam,VLSFO,652.6
2024-12-05,Visakhapatnam,LSMGO,843.05
2024-12-05,Visakhapatnam,HSFO,492.11
2024-12-06,Singapore,VLSFO,609.82
2024-12-06,Singapore,LSMGO,794.93
2024-12-06,Singapore,HSFO,449.83
2024-12-06,Fujairah,VLSFO,596.33
2024-12-06,Fujairah,LSMGO,785.41
2024-12-06,Fujairah,HSFO,432.42
2024-12-06,Rotterdam,VLSFO,582.08
2024-12-06,Rotterdam,LSMGO,771.67
2024-12-06,Rotterdam,HSFO,420.19
2024-12-06,Visakhapatnam,VLSFO,643.16
2024-12-06,Visakhapatnam,LSMGO,835.05
2024-12-06,Visakhapatnam,HSFO,482.6
2024-12-09,Singapore,VLSFO,605.53
2024-12-09,Singapore,LSMGO,791.65
2024-12-09,Singapore,HSFO,443.74
2024-12-09,Fujairah,VLSFO,589.94
2024-12-09,Fujairah,LSMGO,782.91
2024-12-09,Fujairah,HSFO,434.87
2024-12-09,Rotterdam,VLSFO,580.21
2024-12-09,Rotterdam,LSMGO,766.7
2024-12-09,Rotterdam,HSFO,418.36
2024-12-09,Visakhapatnam,VLSFO,639.54
2024-12-09,Visakhapatnam,LSMGO,828.66
2024-12-09,Visakhapatnam,HSFO,481.24
2024-12-10,Singapore,VLSFO,601.88
2024-12-10,Singapore,LSMGO,790.66
2024-12-10,Singapore,HSFO,439.23
2024-12-10,Fujairah,VLSFO,586.52
2024-12-10,Fujairah,LSMGO,775.63
2024-12-10,Fujairah,HSFO,427.12
2024-12-10,Rotterdam,VLSFO,574.47
2024-12-10,Rotterdam,LSMGO,766.05
2024-12-10,Rotterdam,HSFO,415.94
2024-12-10,Visakhapatnam,VLSFO,632.41
2024-12-10,Visakhapatnam,LSMGO,824.36
2024-12-10,Visakhapatnam,HSFO,473.08
2024-12-11,Singapore,VLSFO,592.11
2024-12-11,Singapore,LSMGO,786.14
2024-12-11,Singapore,HSFO,431.42
2024-12-11,Fujairah,VLSFO,581.69
2024-12-11,Fujairah,LSMGO,770.18
2024-12-11,Fujairah,HSFO,424.45
2024-12-11,Rotterdam,VLSFO,569.52
2024-12-11,Rotterdam,LSMGO,757.56
2024-12-11,Rotterdam,HSFO,409.19
2024-12-11,Visakhapatnam,VLSFO,630.56
2024-12-11,Visakhapatnam,LSMGO,821.92
2024-12-11,Visakhapatnam,HSFO,467.5
2024-12-12,Singapore,VLSFO,612.28
2024-12-12,Singapore,LSMGO,802.57
2024-12-12,Singapore,HSFO,452.47
2024-12-12,Fujairah,VLSFO,598.78
2024-12-12,Fujairah,LSMGO,788.75
2024-12-12,Fujairah,HSFO,437.39
2024-12-12,Rotterdam,VLSFO,586.48
2024-12-12,Rotterdam,LSMGO,775.15
2024-12-12,Rotterdam,HSFO,426.03
2024-12-12,Visakhapatnam,VLSFO,644.54
2024-12-12,Visakhapatnam,LSMGO,836.36
2024-12-12,Visakhapatnam,HSFO,486.91
2024-12-13,Singapore,VLSFO,611.61
2024-12-13,Singapore,LSMGO,805.73
2024-12-13,Singapore,HSFO,453.98
2024-12-13,Fujairah,VLSFO,603.8
2024-12-13,Fujairah,LSMGO,791.32
2024-12-13,Fujairah,HSFO,441.01
2024-12-13,Rotterdam,VLSFO,591.22
2024-12-13,Rotterdam,LSMGO,777.24
2024-12-13,Rotterdam,HSFO,430.8
2024-12-13,Visakhapatnam,VLSFO,648.64
2024-12-13,Visakhapatnam,LSMGO,838.82
2024-12-13,Visakhapatnam,HSFO,487.58
2024-12-16,Singapore,VLSFO,602.63
2024-12-16,Singapore,LSMGO,791.14
2024-12-16,Singapore,HSFO,439.42
2024-12-16,Fujairah,VLSFO,588.82
2024-12-16,Fujairah,LSMGO,777.23
2024-12-16,Fujairah,HSFO,433.06
2024-12-16,Rotterdam,VLSFO,579.98
2024-12-16,Rotterdam,LSMGO,766.56
2024-12-16,Rotterdam,HSFO,418.56
2024-12-16,Visakhapatnam,VLSFO,636.26
2024-12-16,Visakhapatnam,LSMGO,828.21
2024-12-16,Visakhapatnam,HSFO,479.02
2024-12-17,Singapore,VLSFO,613.22
2024-12-17,Singapore,LSMGO,799.94
2024-12-17,Singapore,HSFO,452.24
2024-12-17,Fujairah,VLSFO,597.13
2024-12-17,Fujairah,LSMGO,791.48
2024-12-17,Fujairah,HSFO,435.69
2024-12-17,Rotterdam,VLSFO,586.16
2024-12-17,Rotterdam,LSMGO,776.5
2024-12-17,Rotterdam,HSFO,426.67
2024-12-17,Visakhapatnam,VLSFO,643.26
2024-12-17,Visakhapatnam,LSMGO,838.17
2024-12-17,Visakhapatnam,HSFO,483.63
2024-12-18,Singapore,VLSFO,630.77
2024-12-18,Singapore,LSMGO,818.37
2024-12-18,Singapore,HSFO,468.88
2024-12-18,Fujairah,VLSFO,618.31
2024-12-18,Fujairah,LSMGO,807.54
2024-12-18,Fujairah,HSFO,456.0
2024-12-18,Rotterdam,VLSFO,603.06
2024-12-18,Rotterdam,LSMGO,794.54
2024-12-18,Rotterdam,HSFO,446.58
2024-12-18,Visakhapatnam,VLSFO,667.42
2024-12-18,Visakhapatnam,LSMGO,852.54
2024-12-18,Visakhapatnam,HSFO,504.39
2024-12-19,Singapore,VLSFO,637.46
2024-12-19,Singapore,LSMGO,826.95
2024-12-19,Singapore,HSFO,480.82
2024-12-19,Fujairah,VLSFO,628.47
2024-12-19,Fujairah,LSMGO,815.83
2024-12-19,Fujairah,HSFO,466.26
2024-12-19,Rotterdam,VLSFO,612.0
2024-12-19,Rotterdam,LSMGO,806.86
2024-12-19,Rotterdam,HSFO,457.7
2024-12-19,Visakhapatnam,VLSFO,672.67
2024-12-19,Visakhapatnam,LSMGO,863.24
2024-12-19,Visakhapatnam,HSFO,517.06
2024-12-20,Singapore,VLSFO,627.89
2024-12-20,Singapore,LSMGO,814.85
2024-12-20,Singapore,HSFO,462.64
2024-12-20,Fujairah,VLSFO,610.57
2024-12-20,Fujairah,LSMGO,803.78
2024-12-20,Fujairah,HSFO,452.69
2024-12-20,Rotterdam,VLSFO,597.51
2024-12-20,Rotterdam,LSMGO,790.84
2024-12-20,Rotterdam,HSFO,437.4
2024-12-20,Visakhapatnam,VLSFO,662.06
2024-12-20,Visakhapatnam,LSMGO,849.17
2024-12-20,Visakhapatnam,HSFO,497.58
2024-12-23,Singapore,VLSFO,621.39
2024-12-23,Singapore,LSMGO,810.24
2024-12-23,Singapore,HSFO,463.7
2024-12-23,Fujairah,VLSFO,609.12
2024-12-23,Fujairah,LSMGO,797.51
2024-12-23,Fujairah,HSFO,450.11
2024-12-23,Rotterdam,VLSFO,594.49
2024-12-23,Rotterdam,LSMGO,788.28
2024-12-23,Rotterdam,HSFO,435.1
2024-12-23,Visakhapatnam,VLSFO,656.16
2024-12-23,Visakhapatnam,LSMGO,843.16
2024-12-23,Visakhapatnam,HSFO,495.41
2024-12-24,Singapore,VLSFO,634.71
2024-12-24,Singapore,LSMGO,824.55
2024-12-24,Singapore,HSFO,471.06
2024-12-24,Fujairah,VLSFO,619.07
2024-12-24,Fujairah,LSMGO,812.62
2024-12-24,Fujairah,HSFO,463.3
2024-12-24,Rotterdam,VLSFO,605.29
2024-12-24,Rotterdam,LSMGO,797.42
2024-12-24,Rotterdam,HSFO,446.74
2024-12-24,Visakhapatnam,VLSFO,669.94
2024-12-24,Visakhapatnam,LSMGO,855.22
2024-12-24,Visakhapatnam,HSFO,505.98
2024-12-25,Singapore,VLSFO,627.58
2024-12-25,Singapore,LSMGO,813.37
2024-12-25,Singapore,HSFO,466.02
2024-12-25,Fujairah,VLSFO,613.72
2024-12-25,Fujairah,LSMGO,803.07
2024-12-25,Fujairah,HSFO,453.43
2024-12-25,Rotterdam,VLSFO,601.24
2024-12-25,Rotterdam,LSMGO,789.03
2024-12-25,Rotterdam,HSFO,441.5
2024-12-25,Visakhapatnam,VLSFO,662.9
2024-12-25,Visakhapatnam,LSMGO,852.62
2024-12-25,Visakhapatnam,HSFO,498.99
2024-12-26,Singapore,VLSFO,628.19
2024-12-26,Singapore,LSMGO,818.9
2024-12-26,Singapore,HSFO,469.46
2024-12-26,Fujairah,VLSFO,617.74
2024-12-26,Fujairah,LSMGO,809.37
2024-12-26,Fujairah,HSFO,455.63
2024-12-26,Rotterdam,VLSFO,602.5
2024-12-26,Rotterdam,LSMGO,794.65
2024-12-26,Rotterdam,HSFO,446.48
2024-12-26,Visakhapatnam,VLSFO,663.45
2024-12-26,Visakhapatnam,LSMGO,856.14
2024-12-26,Visakhapatnam,HSFO,503.85
2024-12-27,Singapore,VLSFO,640.0
2024-12-27,Singapore,LSMGO,830.06
2024-12-27,Singapore,HSFO,476.46
2024-12-27,Fujairah,VLSFO,624.06
2024-12-27,Fujairah,LSMGO,815.15
2024-12-27,Fujairah,HSFO,464.12
2024-12-27,Rotterdam,VLSFO,613.72
2024-12-27,Rotterdam,LSMGO,804.64
2024-12-27,Rotterdam,HSFO,453.72
2024-12-27,Visakhapatnam,VLSFO,674.63
2024-12-27,Visakhapatnam,LSMGO,862.06
2024-12-27,Visakhapatnam,HSFO,510.62
2024-12-30,Singapore,VLSFO,630.31
2024-12-30,Singapore,LSMGO,818.04
2024-12-30,Singapore,HSFO,469.91
2024-12-30,Fujairah,VLSFO,615.5
2024-12-30,Fujairah,LSMGO,804.37
2024-12-30,Fujairah,HSFO,459.83
2024-12-30,Rotterdam,VLSFO,601.82
2024-12-30,Rotterdam,LSMGO,796.81
2024-12-30,Rotterdam,HSFO,446.74
2024-12-30,Visakhapatnam,VLSFO,665.64
2024-12-30,Visakhapatnam,LSMGO,854.83
2024-12-30,Visakhapatnam,HSFO,504.35
2024-12-31,Singapore,VLSFO,630.58
2024-12-31,Singapore,LSMGO,817.12
2024-12-31,Singapore,HSFO,468.19
2024-12-31,Fujairah,VLSFO,617.1
2024-12-31,Fujairah,LSMGO,805.85
2024-12-31,Fujairah,HSFO,455.94
2024-12-31,Rotterdam,VLSFO,602.36
2024-12-31,Rotterdam,LSMGO,793.77
2024-12-31,Rotterdam,HSFO,445.48
2024-12-31,Visakhapatnam,VLSFO,661.59
2024-12-31,Visakhapatnam,LSMGO,855.99
2024-12-31,Visakhapatnam,HSFO,504.51
2025-01-01,Singapore,VLSFO,599.83
2025-01-01,Singapore,LSMGO,788.23
2025-01-01,Singapore,HSFO,439.57
2025-01-01,Fujairah,VLSFO,582.99
2025-01-01,Fujairah,LSMGO,777.8
2025-01-01,Fujairah,HSFO,423.13
2025-01-01,Rotterdam,VLSFO,575.23
2025-01-01,Rotterdam,LSMGO,765.84
2025-01-01,Rotterdam,HSFO,411.66
2025-01-01,Visakhapatnam,VLSFO,631.15
2025-01-01,Visakhapatnam,LSMGO,824.48
2025-01-01,Visakhapatnam,HSFO,471.41
2025-01-02,Singapore,VLSFO,590.96
2025-01-02,Singapore,LSMGO,776.38
2025-01-02,Singapore,HSFO,426.52
2025-01-02,Fujairah,VLSFO,579.64
2025-01-02,Fujairah,LSMGO,767.81
2025-01-02,Fujairah,HSFO,418.85
2025-01-02,Rotterdam,VLSFO,562.71
2025-01-02,Rotterdam,LSMGO,754.82
2025-01-02,Rotterdam,HSFO,404.33
2025-01-02,Visakhapatnam,VLSFO,624.38
2025-01-02,Visakhapatnam,LSMGO,814.86
2025-01-02,Visakhapatnam,HSFO,464.22
2025-01-03,Singapore,VLSFO,586.17
2025-01-03,Singapore,LSMGO,775.25
2025-01-03,Singapore,HSFO,428.2
2025-01-03,Fujairah,VLSFO,572.95
2025-01-03,Fujairah,LSMGO,765.75
2025-01-03,Fujairah,HSFO,412.99
2025-01-03,Rotterdam,VLSFO,562.34
2025-01-03,Rotterdam,LSMGO,753.07
2025-01-03,Rotterdam,HSFO,399.9
2025-01-03,Visakhapatnam,VLSFO,618.95
2025-01-03,Visakhapatnam,LSMGO,809.38
2025-01-03,Visakhapatnam,HSFO,462.23
2025-01-06,Singapore,VLSFO,577.77
2025-01-06,Singapore,LSMGO,762.94
2025-01-06,Singapore,HSFO,417.08
2025-01-06,Fujairah,VLSFO,562.72
2025-01-06,Fujairah,LSMGO,753.54
2025-01-06,Fujairah,HSFO,406.25
2025-01-06,Rotterdam,VLSFO,549.66
2025-01-06,Rotterdam,LSMGO,740.46
2025-01-06,Rotterdam,HSFO,387.75
2025-01-06,Visakhapatnam,VLSFO,608.16
2025-01-06,Visakhapatnam,LSMGO,799.22
2025-01-06,Visakhapatnam,HSFO,447.84
2025-01-07,Singapore,VLSFO,590.61
2025-01-07,Singapore,LSMGO,779.38
2025-01-07,Singapore,HSFO,430.11
2025-01-07,Fujairah,VLSFO,575.87
2025-01-07,Fujairah,LSMGO,766.6
2025-01-07,Fujairah,HSFO,418.81
2025-01-07,Rotterdam,VLSFO,567.62
2025-01-07,Rotterdam,LSMGO,752.13
2025-01-07,Rotterdam,HSFO,407.17
2025-01-07,Visakhapatnam,VLSFO,625.29
2025-01-07,Visakhapatnam,LSMGO,815.21
2025-01-07,Visakhapatnam,HSFO,464.83
2025-01-08,Singapore,VLSFO,574.65
2025-01-08,Singapore,LSMGO,764.77
2025-01-08,Singapore,HSFO,417.84
2025-01-08,Fujairah,VLSFO,564.28
2025-01-08,Fujairah,LSMGO,757.74
2025-01-08,Fujairah,HSFO,404.67
2025-01-08,Rotterdam,VLSFO,550.09
2025-01-08,Rotterdam,LSMGO,743.52
2025-01-08,Rotterdam,HSFO,390.99
2025-01-08,Visakhapatnam,VLSFO,612.38
2025-01-08,Visakhapatnam,LSMGO,803.42
2025-01-08,Visakhapatnam,HSFO,454.63
2025-01-09,Singapore,VLSFO,575.23
2025-01-09,Singapore,LSMGO,764.54
2025-01-09,Singapore,HSFO,414.56
2025-01-09,Fujairah,VLSFO,564.15
2025-01-09,Fujairah,LSMGO,750.25
2025-01-09,Fujairah,HSFO,398.49
2025-01-09,Rotterdam,VLSFO,547.11
2025-01-09,Rotterdam,LSMGO,736.79
2025-01-09,Rotterdam,HSFO,389.45
2025-01-09,Visakhapatnam,VLSFO,609.28
2025-01-09,Visakhapatnam,LSMGO,799.04
2025-01-09,Visakhapatnam,HSFO,445.58
2025-01-10,Singapore,VLSFO,576.03
2025-01-10,Singapore,LSMGO,763.6
2025-01-10,Singapore,HSFO,415.65
2025-01-10,Fujairah,VLSFO,563.0
2025-01-10,Fujairah,LSMGO,751.72
2025-01-10,Fujairah,HSFO,400.47
2025-01-10,Rotterdam,VLSFO,547.23
2025-01-10,Rotterdam,LSMGO,741.65
2025-01-10,Rotterdam,HSFO,392.17
2025-01-10,Visakhapatnam,VLSFO,610.56
2025-01-10,Visakhapatnam,LSMGO,797.28
2025-01-10,Visakhapatnam,HSFO,449.07
2025-01-13,Singapore,VLSFO,588.52
2025-01-13,Singapore,LSMGO,778.82
2025-01-13,Singapore,HSFO,424.85
2025-01-13,Fujairah,VLSFO,572.14
2025-01-13,Fujairah,LSMGO,766.42
2025-01-13,Fujairah,HSFO,414.28
2025-01-13,Rotterdam,VLSFO,560.67
2025-01-13,Rotterdam,LSMGO,749.22
2025-01-13,Rotterdam,HSFO,402.38
2025-01-13,Visakhapatnam,VLSFO,624.25
2025-01-13,Visakhapatnam,LSMGO,814.89
2025-01-13,Visakhapatnam,HSFO,462.54
2025-01-14,Singapore,VLSFO,574.64
2025-01-14,Singapore,LSMGO,762.07
2025-01-14,Singapore,HSFO,414.85
2025-01-14,Fujairah,VLSFO,561.84
2025-01-14,Fujairah,LSMGO,753.2
2025-01-14,Fujairah,HSFO,401.89
2025-01-14,Rotterdam,VLSFO,548.0
2025-01-14,Rotterdam,LSMGO,737.12
2025-01-14,Rotterdam,HSFO,388.44
2025-01-14,Visakhapatnam,VLSFO,607.14
2025-01-14,Visakhapatnam,LSMGO,797.62
2025-01-14,Visakhapatnam,HSFO,452.48
2025-01-15,Singapore,VLSFO,584.3
2025-01-15,Singapore,LSMGO,774.83
2025-01-15,Singapore,HSFO,426.88
2025-01-15,Fujairah,VLSFO,575.61
2025-01-15,Fujairah,LSMGO,763.13
2025-01-15,Fujairah,HSFO,414.51
2025-01-15,Rotterdam,VLSFO,558.6
2025-01-15,Rotterdam,LSMGO,748.47
2025-01-15,Rotterdam,HSFO,399.05
2025-01-15,Visakhapatnam,VLSFO,620.67
2025-01-15,Visakhapatnam,LSMGO,810.73
2025-01-15,Visakhapatnam,HSFO,458.53
2025-01-16,Singapore,VLSFO,582.58
2025-01-16,Singapore,LSMGO,775.58
2025-01-16,Singapore,HSFO,422.56
2025-01-16,Fujairah,VLSFO,573.26
2025-01-16,Fujairah,LSMGO,763.95
2025-01-16,Fujairah,HSFO,413.99
2025-01-16,Rotterdam,VLSFO,561.31
2025-01-16,Rotterdam,LSMGO,752.02
2025-01-16,Rotterdam,HSFO,399.79
2025-01-16,Visakhapatnam,VLSFO,621.17
2025-01-16,Visakhapatnam,LSMGO,810.5
2025-01-16,Visakhapatnam,HSFO,457.91
2025-01-17,Singapore,VLSFO,573.39
2025-01-17,Singapore,LSMGO,764.94
2025-01-17,Singapore,HSFO,415.89
2025-01-17,Fujairah,VLSFO,564.94
2025-01-17,Fujairah,LSMGO,756.33
2025-01-17,Fujairah,HSFO,402.41
2025-01-17,Rotterdam,VLSFO,548.99
2025-01-17,Rotterdam,LSMGO,744.02
2025-01-17,Rotterdam,HSFO,388.88
2025-01-17,Visakhapatnam,VLSFO,611.11
2025-01-17,Visakhapatnam,LSMGO,801.75
2025-01-17,Visakhapatnam,HSFO,451.48
2025-01-20,Singapore,VLSFO,577.8
2025-01-20,Singapore,LSMGO,767.63
2025-01-20,Singapore,HSFO,417.92
2025-01-20,Fujairah,VLSFO,568.8
2025-01-20,Fujairah,LSMGO,758.55
2025-01-20,Fujairah,HSFO,406.69
2025-01-20,Rotterdam,VLSFO,556.11
2025-01-20,Rotterdam,LSMGO,747.21
2025-01-20,Rotterdam,HSFO,392.54
2025-01-20,Visakhapatnam,VLSFO,615.27
2025-01-20,Visakhapatnam,LSMGO,806.42
2025-01-20,Visakhapatnam,HSFO,453.8
2025-01-21,Singapore,VLSFO,580.92
2025-01-21,Singapore,LSMGO,772.76
2025-01-21,Singapore,HSFO,424.46
2025-01-21,Fujairah,VLSFO,571.94
2025-01-21,Fujairah,LSMGO,760.58
2025-01-21,Fujairah,HSFO,411.46
2025-01-21,Rotterdam,VLSFO,556.27
2025-01-21,Rotterdam,LSMGO,747.92
2025-01-21,Rotterdam,HSFO,396.87
2025-01-21,Visakhapatnam,VLSFO,615.22
2025-01-21,Visakhapatnam,LSMGO,808.29
2025-01-21,Visakhapatnam,HSFO,457.42
2025-01-22,Singapore,VLSFO,576.05
2025-01-22,Singapore,LSMGO,769.36
2025-01-22,Singapore,HSFO,414.02
2025-01-22,Fujairah,VLSFO,563.79
2025-01-22,Fujairah,LSMGO,752.24
2025-01-22,Fujairah,HSFO,406.49
2025-01-22,Rotterdam,VLSFO,553.11
2025-01-22,Rotterdam,LSMGO,740.88
2025-01-22,Rotterdam,HSFO,392.95
2025-01-22,Visakhapatnam,VLSFO,611.27
2025-01-22,Visakhapatnam,LSMGO,803.43
2025-01-22,Visakhapatnam,HSFO,451.62
2025-01-23,Singapore,VLSFO,577.03
2025-01-23,Singapore,LSMGO,770.16
2025-01-23,Singapore,HSFO,416.06
2025-01-23,Fujairah,VLSFO,563.28
2025-01-23,Fujairah,LSMGO,756.06
2025-01-23,Fujairah,HSFO,408.37
2025-01-23,Rotterdam,VLSFO,551.82
2025-01-23,Rotterdam,LSMGO,739.93
2025-01-23,Rotterdam,HSFO,391.59
2025-01-23,Visakhapatnam,VLSFO,612.59
2025-01-23,Visakhapatnam,LSMGO,800.53
2025-01-23,Visakhapatnam,HSFO,453.5
2025-01-24,Singapore,VLSFO,577.26
2025-01-24,Singapore,LSMGO,763.99
2025-01-24,Singapore,HSFO,413.4
2025-01-24,Fujairah,VLSFO,561.68
2025-01-24,Fujairah,LSMGO,749.97
2025-01-24,Fujairah,HSFO,404.58
2025-01-24,Rotterdam,VLSFO,548.76
2025-01-24,Rotterdam,LSMGO,738.6
2025-01-24,Rotterdam,HSFO,390.23
2025-01-24,Visakhapatnam,VLSFO,608.93
2025-01-24,Visakhapatnam,LSMGO,800.17
2025-01-24,Visakhapatnam,HSFO,446.64
2025-01-27,Singapore,VLSFO,577.19
2025-01-27,Singapore,LSMGO,767.95
2025-01-27,Singapore,HSFO,416.2
2025-01-27,Fujairah,VLSFO,566.04
2025-01-27,Fujairah,LSMGO,751.22
2025-01-27,Fujairah,HSFO,403.18
2025-01-27,Rotterdam,VLSFO,550.92
2025-01-27,Rotterdam,LSMGO,740.8
2025-01-27,Rotterdam,HSFO,389.72
2025-01-27,Visakhapatnam,VLSFO,609.34
2025-01-27,Visakhapatnam,LSMGO,798.07
2025-01-27,Visakhapatnam,HSFO,449.66
2025-01-28,Singapore,VLSFO,579.06
2025-01-28,Singapore,LSMGO,772.49
2025-01-28,Singapore,HSFO,419.34
2025-01-28,Fujairah,VLSFO,566.43
2025-01-28,Fujairah,LSMGO,759.4
2025-01-28,Fujairah,HSFO,409.65
2025-01-28,Rotterdam,VLSFO,558.31
2025-01-28,Rotterdam,LSMGO,746.54
2025-01-28,Rotterdam,HSFO,395.16
2025-01-28,Visakhapatnam,VLSFO,617.9
2025-01-28,Visakhapatnam,LSMGO,806.32
2025-01-28,Visakhapatnam,HSFO,453.56
2025-01-29,Singapore,VLSFO,595.36
2025-01-29,Singapore,LSMGO,787.41
2025-01-29,Singapore,HSFO,434.34
2025-01-29,Fujairah,VLSFO,581.74
2025-01-29,Fujairah,LSMGO,770.83
2025-01-29,Fujairah,HSFO,420.87
2025-01-29,Rotterdam,VLSFO,569.56
2025-01-29,Rotterdam,LSMGO,760.54
2025-01-29,Rotterdam,HSFO,407.45
2025-01-29,Visakhapatnam,VLSFO,632.6
2025-01-29,Visakhapatnam,LSMGO,821.5
2025-01-29,Visakhapatnam,HSFO,470.48
2025-01-30,Singapore,VLSFO,585.95
2025-01-30,Singapore,LSMGO,771.46
2025-01-30,Singapore,HSFO,423.84
2025-01-30,Fujairah,VLSFO,572.76
2025-01-30,Fujairah,LSMGO,763.95
2025-01-30,Fujairah,HSFO,413.68
2025-01-30,Rotterdam,VLSFO,557.64
2025-01-30,Rotterdam,LSMGO,751.62
2025-01-30,Rotterdam,HSFO,396.72
2025-01-30,Visakhapatnam,VLSFO,621.23
2025-01-30,Visakhapatnam,LSMGO,811.8
2025-01-30,Visakhapatnam,HSFO,457.04
2025-01-31,Singapore,VLSFO,604.05
2025-01-31,Singapore,LSMGO,789.96
2025-01-31,Singapore,HSFO,442.15
2025-01-31,Fujairah,VLSFO,590.82
2025-01-31,Fujairah,LSMGO,781.2
2025-01-31,Fujairah,HSFO,433.34
2025-01-31,Rotterdam,VLSFO,578.75
2025-01-31,Rotterdam,LSMGO,767.61
2025-01-31,Rotterdam,HSFO,419.58
2025-01-31,Visakhapatnam,VLSFO,640.42
2025-01-31,Visakhapatnam,LSMGO,824.85
2025-01-31,Visakhapatnam,HSFO,480.62
2025-02-03,Singapore,VLSFO,582.65
2025-02-03,Singapore,LSMGO,777.02
2025-02-03,Singapore,HSFO,423.81
2025-02-03,Fujairah,VLSFO,570.93
2025-02-03,Fujairah,LSMGO,762.77
2025-02-03,Fujairah,HSFO,414.0
2025-02-03,Rotterdam,VLSFO,559.42
2025-02-03,Rotterdam,LSMGO,747.46
2025-02-03,Rotterdam,HSFO,400.73
2025-02-03,Visakhapatnam,VLSFO,622.55
2025-02-03,Visakhapatnam,LSMGO,809.43
2025-02-03,Visakhapatnam,HSFO,458.43
2025-02-04,Singapore,VLSFO,583.51
2025-02-04,Singapore,LSMGO,771.15
2025-02-04,Singapore,HSFO,425.78
2025-02-04,Fujairah,VLSFO,573.82
2025-02-04,Fujairah,LSMGO,762.39
2025-02-04,Fujairah,HSFO,410.98
2025-02-04,Rotterdam,VLSFO,560.66
2025-02-04,Rotterdam,LSMGO,749.19
2025-02-04,Rotterdam,HSFO,400.81
2025-02-04,Visakhapatnam,VLSFO,619.65
2025-02-04,Visakhapatnam,LSMGO,810.57
2025-02-04,Visakhapatnam,HSFO,459.45
2025-02-05,Singapore,VLSFO,588.55
2025-02-05,Singapore,LSMGO,781.82
2025-02-05,Singapore,HSFO,429.32
2025-02-05,Fujairah,VLSFO,577.7
2025-02-05,Fujairah,LSMGO,765.39
2025-02-05,Fujairah,HSFO,417.82
2025-02-05,Rotterdam,VLSFO,564.5
2025-02-05,Rotterdam,LSMGO,752.18
2025-02-05,Rotterdam,HSFO,401.43
2025-02-05,Visakhapatnam,VLSFO,624.7
2025-02-05,Visakhapatnam,LSMGO,815.65
2025-02-05,Visakhapatnam,HSFO,464.21
2025-02-06,Singapore,VLSFO,589.97
2025-02-06,Singapore,LSMGO,782.61
2025-02-06,Singapore,HSFO,429.09
2025-02-06,Fujairah,VLSFO,579.26
2025-02-06,Fujairah,LSMGO,767.59
2025-02-06,Fujairah,HSFO,417.72
2025-02-06,Rotterdam,VLSFO,564.82
2025-02-06,Rotterdam,LSMGO,755.93
2025-02-06,Rotterdam,HSFO,403.92
2025-02-06,Visakhapatnam,VLSFO,626.0
2025-02-06,Visakhapatnam,LSMGO,816.68
2025-02-06,Visakhapatnam,HSFO,466.51
2025-02-07,Singapore,VLSFO,585.44
2025-02-07,Singapore,LSMGO,778.18
2025-02-07,Singapore,HSFO,424.02
2025-02-07,Fujairah,VLSFO,574.18
2025-02-07,Fujairah,LSMGO,761.52
2025-02-07,Fujairah,HSFO,411.57
2025-02-07,Rotterdam,VLSFO,561.59
2025-02-07,Rotterdam,LSMGO,751.54
2025-02-07,Rotterdam,HSFO,403.41
2025-02-07,Visakhapatnam,VLSFO,621.49
2025-02-07,Visakhapatnam,LSMGO,813.9
2025-02-07,Visakhapatnam,HSFO,458.44
2025-02-10,Singapore,VLSFO,581.96
2025-02-10,Singapore,LSMGO,771.64
2025-02-10,Singapore,HSFO,422.48
2025-02-10,Fujairah,VLSFO,572.62
2025-02-10,Fujairah,LSMGO,763.25
2025-02-10,Fujairah,HSFO,409.65
2025-02-10,Rotterdam,VLSFO,562.05
2025-02-10,Rotterdam,LSMGO,751.43
2025-02-10,Rotterdam,HSFO,398.15
2025-02-10,Visakhapatnam,VLSFO,616.84
2025-02-10,Visakhapatnam,LSMGO,807.39
2025-02-10,Visakhapatnam,HSFO,457.13
2025-02-11,Singapore,VLSFO,577.85
2025-02-11,Singapore,LSMGO,770.22
2025-02-11,Singapore,HSFO,418.59
2025-02-11,Fujairah,VLSFO,567.26
2025-02-11,Fujairah,LSMGO,761.05
2025-02-11,Fujairah,HSFO,409.22
2025-02-11,Rotterdam,VLSFO,557.8
2025-02-11,Rotterdam,LSMGO,742.97
2025-02-11,Rotterdam,HSFO,394.4
2025-02-11,Visakhapatnam,VLSFO,615.44
2025-02-11,Visakhapatnam,LSMGO,802.57
2025-02-11,Visakhapatnam,HSFO,452.14
2025-02-12,Singapore,VLSFO,576.06
2025-02-12,Singapore,LSMGO,765.89
2025-02-12,Singapore,HSFO,414.5
2025-02-12,Fujairah,VLSFO,562.98
2025-02-12,Fujairah,LSMGO,752.53
2025-02-12,Fujairah,HSFO,400.18
2025-02-12,Rotterdam,VLSFO,549.05
2025-02-12,Rotterdam,LSMGO,738.1
2025-02-12,Rotterdam,HSFO,387.63
2025-02-12,Visakhapatnam,VLSFO,612.78
2025-02-12,Visakhapatnam,LSMGO,800.64
2025-02-12,Visakhapatnam,HSFO,451.41
2025-02-13,Singapore,VLSFO,581.32
2025-02-13,Singapore,LSMGO,771.78
2025-02-13,Singapore,HSFO,420.85
2025-02-13,Fujairah,VLSFO,568.01
2025-02-13,Fujairah,LSMGO,758.5
2025-02-13,Fujairah,HSFO,412.21
2025-02-13,Rotterdam,VLSFO,558.49
2025-02-13,Rotterdam,LSMGO,747.71
2025-02-13,Rotterdam,HSFO,397.28
2025-02-13,Visakhapatnam,VLSFO,619.96
2025-02-13,Visakhapatnam,LSMGO,804.86
2025-02-13,Visakhapatnam,HSFO,456.11
2025-02-14,Singapore,VLSFO,584.7
2025-02-14,Singapore,LSMGO,777.3
2025-02-14,Singapore,HSFO,428.56
2025-02-14,Fujairah,VLSFO,572.05
2025-02-14,Fujairah,LSMGO,765.85
2025-02-14,Fujairah,HSFO,415.59
2025-02-14,Rotterdam,VLSFO,558.95
2025-02-14,Rotterdam,LSMGO,750.0
2025-02-14,Rotterdam,HSFO,400.06
2025-02-14,Visakhapatnam,VLSFO,623.47
2025-02-14,Visakhapatnam,LSMGO,808.69
2025-02-14,Visakhapatnam,HSFO,462.4
2025-02-17,Singapore,VLSFO,578.58
2025-02-17,Singapore,LSMGO,770.96
2025-02-17,Singapore,HSFO,419.09
2025-02-17,Fujairah,VLSFO,568.04
2025-02-17,Fujairah,LSMGO,759.57
2025-02-17,Fujairah,HSFO,409.4
2025-02-17,Rotterdam,VLSFO,556.77
2025-02-17,Rotterdam,LSMGO,741.93
2025-02-17,Rotterdam,HSFO,395.73
2025-02-17,Visakhapatnam,VLSFO,612.41
2025-02-17,Visakhapatnam,LSMGO,804.07
2025-02-17,Visakhapatnam,HSFO,454.87
2025-02-18,Singapore,VLSFO,586.87
2025-02-18,Singapore,LSMGO,777.57
2025-02-18,Singapore,HSFO,430.43
2025-02-18,Fujairah,VLSFO,573.26
2025-02-18,Fujairah,LSMGO,766.51
2025-02-18,Fujairah,HSFO,414.83
2025-02-18,Rotterdam,VLSFO,560.25
2025-02-18,Rotterdam,LSMGO,750.41
2025-02-18,Rotterdam,HSFO,405.15
2025-02-18,Visakhapatnam,VLSFO,624.73
2025-02-18,Visakhapatnam,LSMGO,814.9
2025-02-18,Visakhapatnam,HSFO,465.4
2025-02-19,Singapore,VLSFO,588.47
2025-02-19,Singapore,LSMGO,779.35
2025-02-19,Singapore,HSFO,431.24
2025-02-19,Fujairah,VLSFO,578.12
2025-02-19,Fujairah,LSMGO,767.73
2025-02-19,Fujairah,HSFO,417.37
2025-02-19,Rotterdam,VLSFO,565.78
2025-02-19,Rotterdam,LSMGO,755.67
2025-02-19,Rotterdam,HSFO,403.19
2025-02-19,Visakhapatnam,VLSFO,625.05
2025-02-19,Visakhapatnam,LSMGO,815.54
2025-02-19,Visakhapatnam,HSFO,465.64
2025-02-20,Singapore,VLSFO,595.74
2025-02-20,Singapore,LSMGO,788.93
2025-02-20,Singapore,HSFO,434.63
2025-02-20,Fujairah,VLSFO,584.6
2025-02-20,Fujairah,LSMGO,777.16
2025-02-20,Fujairah,HSFO,425.86
2025-02-20,Rotterdam,VLSFO,571.04
2025-02-20,Rotterdam,LSMGO,763.65
2025-02-20,Rotterdam,HSFO,412.88
2025-02-20,Visakhapatnam,VLSFO,634.25
2025-02-20,Visakhapatnam,LSMGO,823.89
2025-02-20,Visakhapatnam,HSFO,473.14
2025-02-21,Singapore,VLSFO,603.11
2025-02-21,Singapore,LSMGO,790.98
2025-02-21,Singapore,HSFO,441.75
2025-02-21,Fujairah,VLSFO,590.69
2025-02-21,Fujairah,LSMGO,781.77
2025-02-21,Fujairah,HSFO,431.26
2025-02-21,Rotterdam,VLSFO,576.91
2025-02-21,Rotterdam,LSMGO,765.22
2025-02-21,Rotterdam,HSFO,418.16
2025-02-21,Visakhapatnam,VLSFO,636.89
2025-02-21,Visakhapatnam,LSMGO,829.59
2025-02-21,Visakhapatnam,HSFO,475.32
2025-02-24,Singapore,VLSFO,596.25
2025-02-24,Singapore,LSMGO,788.39
2025-02-24,Singapore,HSFO,433.78
2025-02-24,Fujairah,VLSFO,583.57
2025-02-24,Fujairah,LSMGO,771.29
2025-02-24,Fujairah,HSFO,424.49
2025-02-24,Rotterdam,VLSFO,571.04
2025-02-24,Rotterdam,LSMGO,760.18
2025-02-24,Rotterdam,HSFO,410.87
2025-02-24,Visakhapatnam,VLSFO,633.12
2025-02-24,Visakhapatnam,LSMGO,818.92
2025-02-24,Visakhapatnam,HSFO,467.87
2025-02-25,Singapore,VLSFO,592.96
2025-02-25,Singapore,LSMGO,781.25
2025-02-25,Singapore,HSFO,433.14
2025-02-25,Fujairah,VLSFO,579.37
2025-02-25,Fujairah,LSMGO,770.65
2025-02-25,Fujairah,HSFO,418.37
2025-02-25,Rotterdam,VLSFO,567.29
2025-02-25,Rotterdam,LSMGO,758.27
2025-02-25,Rotterdam,HSFO,406.22
2025-02-25,Visakhapatnam,VLSFO,623.88
2025-02-25,Visakhapatnam,LSMGO,814.4
2025-02-25,Visakhapatnam,HSFO,463.98
2025-02-26,Singapore,VLSFO,595.95
2025-02-26,Singapore,LSMGO,786.31
2025-02-26,Singapore,HSFO,437.8
2025-02-26,Fujairah,VLSFO,586.0
2025-02-26,Fujairah,LSMGO,775.03
2025-02-26,Fujairah,HSFO,426.17
2025-02-26,Rotterdam,VLSFO,569.96
2025-02-26,Rotterdam,LSMGO,760.0
2025-02-26,Rotterdam,HSFO,410.5
2025-02-26,Visakhapatnam,VLSFO,632.58
2025-02-26,Visakhapatnam,LSMGO,820.76
2025-02-26,Visakhapatnam,HSFO,471.17
2025-02-27,Singapore,VLSFO,602.41
2025-02-27,Singapore,LSMGO,794.87
2025-02-27,Singapore,HSFO,440.09
2025-02-27,Fujairah,VLSFO,591.9
2025-02-27,Fujairah,LSMGO,782.02
2025-02-27,Fujairah,HSFO,432.8
2025-02-27,Rotterdam,VLSFO,580.6
2025-02-27,Rotterdam,LSMGO,765.12
2025-02-27,Rotterdam,HSFO,415.93
2025-02-27,Visakhapatnam,VLSFO,640.32
2025-02-27,Visakhapatnam,LSMGO,827.75
2025-02-27,Visakhapatnam,HSFO,478.39
2025-02-28,Singapore,VLSFO,603.85
2025-02-28,Singapore,LSMGO,793.95
2025-02-28,Singapore,HSFO,445.46
2025-02-28,Fujairah,VLSFO,593.86
2025-02-28,Fujairah,LSMGO,782.2
2025-02-28,Fujairah,HSFO,429.6
2025-02-28,Rotterdam,VLSFO,580.15
2025-02-28,Rotterdam,LSMGO,765.17
2025-02-28,Rotterdam,HSFO,416.26
2025-02-28,Visakhapatnam,VLSFO,640.26
2025-02-28,Visakhapatnam,LSMGO,826.41
2025-02-28,Visakhapatnam,HSFO,476.2
2025-03-03,Singapore,VLSFO,601.82
2025-03-03,Singapore,LSMGO,796.15
2025-03-03,Singapore,HSFO,444.0
2025-03-03,Fujairah,VLSFO,593.05
2025-03-03,Fujairah,LSMGO,780.43
2025-03-03,Fujairah,HSFO,433.54
2025-03-03,Rotterdam,VLSFO,580.56
2025-03-03,Rotterdam,LSMGO,767.87
2025-03-03,Rotterdam,HSFO,418.46
2025-03-03,Visakhapatnam,VLSFO,637.25
2025-03-03,Visakhapatnam,LSMGO,831.86
2025-03-03,Visakhapatnam,HSFO,479.87
2025-03-04,Singapore,VLSFO,618.24
2025-03-04,Singapore,LSMGO,804.45
2025-03-04,Singapore,HSFO,457.32
2025-03-04,Fujairah,VLSFO,605.23
2025-03-04,Fujairah,LSMGO,794.78
2025-03-04,Fujairah,HSFO,446.43
2025-03-04,Rotterdam,VLSFO,589.99
2025-03-04,Rotterdam,LSMGO,778.42
2025-03-04,Rotterdam,HSFO,431.66
2025-03-04,Visakhapatnam,VLSFO,652.01
2025-03-04,Visakhapatnam,LSMGO,841.08
2025-03-04,Visakhapatnam,HSFO,488.87
2025-03-05,Singapore,VLSFO,610.26
2025-03-05,Singapore,LSMGO,799.1
2025-03-05,Singapore,HSFO,449.8
2025-03-05,Fujairah,VLSFO,599.1
2025-03-05,Fujairah,LSMGO,789.7
2025-03-05,Fujairah,HSFO,436.62
2025-03-05,Rotterdam,VLSFO,584.66
2025-03-05,Rotterdam,LSMGO,773.85
2025-03-05,Rotterdam,HSFO,423.42
2025-03-05,Visakhapatnam,VLSFO,646.93
2025-03-05,Visakhapatnam,LSMGO,837.69
2025-03-05,Visakhapatnam,HSFO,484.45
2025-03-06,Singapore,VLSFO,616.81
2025-03-06,Singapore,LSMGO,807.68
2025-03-06,Singapore,HSFO,457.38
2025-03-06,Fujairah,VLSFO,601.4
2025-03-06,Fujairah,LSMGO,796.04
2025-03-06,Fujairah,HSFO,442.56
2025-03-06,Rotterdam,VLSFO,589.33
2025-03-06,Rotterdam,LSMGO,777.67
2025-03-06,Rotterdam,HSFO,430.22
2025-03-06,Visakhapatnam,VLSFO,647.95
2025-03-06,Visakhapatnam,LSMGO,838.79
2025-03-06,Visakhapatnam,HSFO,489.2
2025-03-07,Singapore,VLSFO,615.35
2025-03-07,Singapore,LSMGO,805.75
2025-03-07,Singapore,HSFO,452.31
2025-03-07,Fujairah,VLSFO,603.65
2025-03-07,Fujairah,LSMGO,793.64
2025-03-07,Fujairah,HSFO,443.08
2025-03-07,Rotterdam,VLSFO,586.37
2025-03-07,Rotterdam,LSMGO,779.64
2025-03-07,Rotterdam,HSFO,431.16
2025-03-07,Visakhapatnam,VLSFO,649.59
2025-03-07,Visakhapatnam,LSMGO,837.48
2025-03-07,Visakhapatnam,HSFO,488.5
2025-03-10,Singapore,VLSFO,612.43
2025-03-10,Singapore,LSMGO,801.62
2025-03-10,Singapore,HSFO,449.27
2025-03-10,Fujairah,VLSFO,598.43
2025-03-10,Fujairah,LSMGO,791.37
2025-03-10,Fujairah,HSFO,441.72
2025-03-10,Rotterdam,VLSFO,584.38
2025-03-10,Rotterdam,LSMGO,779.27
2025-03-10,Rotterdam,HSFO,425.53
2025-03-10,Visakhapatnam,VLSFO,647.53
2025-03-10,Visakhapatnam,LSMGO,838.06
2025-03-10,Visakhapatnam,HSFO,488.42
2025-03-11,Singapore,VLSFO,624.37
2025-03-11,Singapore,LSMGO,810.57
2025-03-11,Singapore,HSFO,463.84
2025-03-11,Fujairah,VLSFO,607.48
2025-03-11,Fujairah,LSMGO,800.92
2025-03-11,Fujairah,HSFO,451.15
2025-03-11,Rotterdam,VLSFO,597.76
2025-03-11,Rotterdam,LSMGO,785.21
2025-03-11,Rotterdam,HSFO,438.93
2025-03-11,Visakhapatnam,VLSFO,654.71
2025-03-11,Visakhapatnam,LSMGO,844.02
2025-03-11,Visakhapatnam,HSFO,498.0
2025-03-12,Singapore,VLSFO,629.31
2025-03-12,Singapore,LSMGO,821.55
2025-03-12,Singapore,HSFO,468.75
2025-03-12,Fujairah,VLSFO,615.46
2025-03-12,Fujairah,LSMGO,809.47
2025-03-12,Fujairah,HSFO,457.75
2025-03-12,Rotterdam,VLSFO,602.59
2025-03-12,Rotterdam,LSMGO,795.78
2025-03-12,Rotterdam,HSFO,444.52
2025-03-12,Visakhapatnam,VLSFO,665.08
2025-03-12,Visakhapatnam,LSMGO,854.22
2025-03-12,Visakhapatnam,HSFO,506.43
2025-03-13,Singapore,VLSFO,639.17
2025-03-13,Singapore,LSMGO,828.45
2025-03-13,Singapore,HSFO,474.83
2025-03-13,Fujairah,VLSFO,627.23
2025-03-13,Fujairah,LSMGO,816.22
2025-03-13,Fujairah,HSFO,466.38
2025-03-13,Rotterdam,VLSFO,611.37
2025-03-13,Rotterdam,LSMGO,804.47
2025-03-13,Rotterdam,HSFO,453.55
2025-03-13,Visakhapatnam,VLSFO,669.87
2025-03-13,Visakhapatnam,LSMGO,861.64
2025-03-13,Visakhapatnam,HSFO,514.52
2025-03-14,Singapore,VLSFO,647.02
2025-03-14,Singapore,LSMGO,842.51
2025-03-14,Singapore,HSFO,490.81
2025-03-14,Fujairah,VLSFO,638.53
2025-03-14,Fujairah,LSMGO,826.36
2025-03-14,Fujairah,HSFO,476.23
2025-03-14,Rotterdam,VLSFO,627.39
2025-03-14,Rotterdam,LSMGO,813.53
2025-03-14,Rotterdam,HSFO,466.39
2025-03-14,Visakhapatnam,VLSFO,684.1
2025-03-14,Visakhapatnam,LSMGO,872.57
2025-03-14,Visakhapatnam,HSFO,521.8
2025-03-17,Singapore,VLSFO,650.27
2025-03-17,Singapore,LSMGO,842.86
2025-03-17,Singapore,HSFO,489.22
2025-03-17,Fujairah,VLSFO,637.15
2025-03-17,Fujairah,LSMGO,827.07
2025-03-17,Fujairah,HSFO,478.13
2025-03-17,Rotterdam,VLSFO,624.65
2025-03-17,Rotterdam,LSMGO,817.29
2025-03-17,Rotterdam,HSFO,465.04
2025-03-17,Visakhapatnam,VLSFO,685.05
2025-03-17,Visakhapatnam,LSMGO,872.84
2025-03-17,Visakhapatnam,HSFO,527.9
2025-03-18,Singapore,VLSFO,655.22
2025-03-18,Singapore,LSMGO,844.16
2025-03-18,Singapore,HSFO,497.7
2025-03-18,Fujairah,VLSFO,645.29
2025-03-18,Fujairah,LSMGO,834.21
2025-03-18,Fujairah,HSFO,484.26
2025-03-18,Rotterdam,VLSFO,633.43
2025-03-18,Rotterdam,LSMGO,819.9
2025-03-18,Rotterdam,HSFO,473.64
2025-03-18,Visakhapatnam,VLSFO,692.61
2025-03-18,Visakhapatnam,LSMGO,881.24
2025-03-18,Visakhapatnam,HSFO,531.47
2025-03-19,Singapore,VLSFO,652.27
2025-03-19,Singapore,LSMGO,845.24
2025-03-19,Singapore,HSFO,493.81
2025-03-19,Fujairah,VLSFO,640.66
2025-03-19,Fujairah,LSMGO,832.31
2025-03-19,Fujairah,HSFO,484.71
2025-03-19,Rotterdam,VLSFO,628.34
2025-03-19,Rotterdam,LSMGO,821.26
2025-03-19,Rotterdam,HSFO,467.8
2025-03-19,Visakhapatnam,VLSFO,686.06
2025-03-19,Visakhapatnam,LSMGO,876.96
2025-03-19,Visakhapatnam,HSFO,528.24
2025-03-20,Singapore,VLSFO,655.29
2025-03-20,Singapore,LSMGO,843.98
2025-03-20,Singapore,HSFO,499.47
2025-03-20,Fujairah,VLSFO,647.04
2025-03-20,Fujairah,LSMGO,836.43
2025-03-20,Fujairah,HSFO,482.98
2025-03-20,Rotterdam,VLSFO,629.7
2025-03-20,Rotterdam,LSMGO,819.38
2025-03-20,Rotterdam,HSFO,473.32
2025-03-20,Visakhapatnam,VLSFO,694.55
2025-03-20,Visakhapatnam,LSMGO,881.56
2025-03-20,Visakhapatnam,HSFO,529.69
2025-03-21,Singapore,VLSFO,655.83
2025-03-21,Singapore,LSMGO,844.85
2025-03-21,Singapore,HSFO,495.01
2025-03-21,Fujairah,VLSFO,644.49
2025-03-21,Fujairah,LSMGO,835.07
2025-03-21,Fujairah,HSFO,481.42
2025-03-21,Rotterdam,VLSFO,627.97
2025-03-21,Rotterdam,LSMGO,823.72
2025-03-21,Rotterdam,HSFO,469.16
2025-03-21,Visakhapatnam,VLSFO,688.08
2025-03-21,Visakhapatnam,LSMGO,878.9
2025-03-21,Visakhapatnam,HSFO,527.99
2025-03-24,Singapore,VLSFO,656.13
2025-03-24,Singapore,LSMGO,848.59
2025-03-24,Singapore,HSFO,495.83
2025-03-24,Fujairah,VLSFO,644.44
2025-03-24,Fujairah,LSMGO,835.83
2025-03-24,Fujairah,HSFO,484.83
2025-03-24,Rotterdam,VLSFO,633.95
2025-03-24,Rotterdam,LSMGO,823.97
2025-03-24,Rotterdam,HSFO,468.84
2025-03-24,Visakhapatnam,VLSFO,693.45
2025-03-24,Visakhapatnam,LSMGO,881.54
2025-03-24,Visakhapatnam,HSFO,534.71
2025-03-25,Singapore,VLSFO,662.61
2025-03-25,Singapore,LSMGO,855.63
2025-03-25,Singapore,HSFO,504.23
2025-03-25,Fujairah,VLSFO,649.2
2025-03-25,Fujairah,LSMGO,840.94
2025-03-25,Fujairah,HSFO,493.66
2025-03-25,Rotterdam,VLSFO,639.85
2025-03-25,Rotterdam,LSMGO,825.29
2025-03-25,Rotterdam,HSFO,478.95
2025-03-25,Visakhapatnam,VLSFO,696.78
2025-03-25,Visakhapatnam,LSMGO,884.75
2025-03-25,Visakhapatnam,HSFO,537.13
2025-03-26,Singapore,VLSFO,653.05
2025-03-26,Singapore,LSMGO,846.55
2025-03-26,Singapore,HSFO,493.66
2025-03-26,Fujairah,VLSFO,644.61
2025-03-26,Fujairah,LSMGO,829.64
2025-03-26,Fujairah,HSFO,481.49
2025-03-26,Rotterdam,VLSFO,628.09
2025-03-26,Rotterdam,LSMGO,818.04
2025-03-26,Rotterdam,HSFO,467.05
2025-03-26,Visakhapatnam,VLSFO,687.76
2025-03-26,Visakhapatnam,LSMGO,879.97
2025-03-26,Visakhapatnam,HSFO,528.39
2025-03-27,Singapore,VLSFO,674.76
2025-03-27,Singapore,LSMGO,864.51
2025-03-27,Singapore,HSFO,517.51
2025-03-27,Fujairah,VLSFO,665.68
2025-03-27,Fujairah,LSMGO,853.21
2025-03-27,Fujairah,HSFO,502.23
2025-03-27,Rotterdam,VLSFO,647.89
2025-03-27,Rotterdam,LSMGO,842.97
2025-03-27,Rotterdam,HSFO,487.61
2025-03-27,Visakhapatnam,VLSFO,709.04
2025-03-27,Visakhapatnam,LSMGO,899.04
2025-03-27,Visakhapatnam,HSFO,549.17
2025-03-28,Singapore,VLSFO,663.12
2025-03-28,Singapore,LSMGO,856.83
2025-03-28,Singapore,HSFO,502.86
2025-03-28,Fujairah,VLSFO,653.94
2025-03-28,Fujairah,LSMGO,840.87
2025-03-28,Fujairah,HSFO,490.55
2025-03-28,Rotterdam,VLSFO,642.59
2025-03-28,Rotterdam,LSMGO,828.27
2025-03-28,Rotterdam,HSFO,482.06
2025-03-28,Visakhapatnam,VLSFO,700.4
2025-03-28,Visakhapatnam,LSMGO,887.6
2025-03-28,Visakhapatnam,HSFO,542.86
2025-03-31,Singapore,VLSFO,651.56
2025-03-31,Singapore,LSMGO,845.24
2025-03-31,Singapore,HSFO,491.1
2025-03-31,Fujairah,VLSFO,643.21
2025-03-31,Fujairah,LSMGO,828.16
2025-03-31,Fujairah,HSFO,481.15
2025-03-31,Rotterdam,VLSFO,629.7
2025-03-31,Rotterdam,LSMGO,820.69
2025-03-31,Rotterdam,HSFO,470.54
2025-03-31,Visakhapatnam,VLSFO,690.0
2025-03-31,Visakhapatnam,LSMGO,880.41
2025-03-31,Visakhapatnam,HSFO,526.28
2025-04-01,Singapore,VLSFO,663.2
2025-04-01,Singapore,LSMGO,853.23
2025-04-01,Singapore,HSFO,503.76
2025-04-01,Fujairah,VLSFO,651.85
2025-04-01,Fujairah,LSMGO,842.76
2025-04-01,Fujairah,HSFO,490.45
2025-04-01,Rotterdam,VLSFO,640.64
2025-04-01,Rotterdam,LSMGO,827.5
2025-04-01,Rotterdam,HSFO,478.35
2025-04-01,Visakhapatnam,VLSFO,699.51
2025-04-01,Visakhapatnam,LSMGO,891.27
2025-04-01,Visakhapatnam,HSFO,540.93
2025-04-02,Singapore,VLSFO,673.32
2025-04-02,Singapore,LSMGO,860.38
2025-04-02,Singapore,HSFO,512.73
2025-04-02,Fujairah,VLSFO,657.97
2025-04-02,Fujairah,LSMGO,849.71
2025-04-02,Fujairah,HSFO,499.93
2025-04-02,Rotterdam,VLSFO,644.69
2025-04-02,Rotterdam,LSMGO,836.09
2025-04-02,Rotterdam,HSFO,490.18
2025-04-02,Visakhapatnam,VLSFO,710.17
2025-04-02,Visakhapatnam,LSMGO,896.56
2025-04-02,Visakhapatnam,HSFO,544.71
2025-04-03,Singapore,VLSFO,676.89
2025-04-03,Singapore,LSMGO,868.17
2025-04-03,Singapore,HSFO,521.5
2025-04-03,Fujairah,VLSFO,664.66
2025-04-03,Fujairah,LSMGO,858.39
2025-04-03,Fujairah,HSFO,504.46
2025-04-03,Rotterdam,VLSFO,656.7
2025-04-03,Rotterdam,LSMGO,843.1
2025-04-03,Rotterdam,HSFO,495.46
2025-04-03,Visakhapatnam,VLSFO,712.87
2025-04-03,Visakhapatnam,LSMGO,904.58
2025-04-03,Visakhapatnam,HSFO,551.96
2025-04-04,Singapore,VLSFO,683.15
2025-04-04,Singapore,LSMGO,877.91
2025-04-04,Singapore,HSFO,527.78
2025-04-04,Fujairah,VLSFO,675.6
2025-04-04,Fujairah,LSMGO,864.03
2025-04-04,Fujairah,HSFO,515.13
2025-04-04,Rotterdam,VLSFO,657.69
2025-04-04,Rotterdam,LSMGO,849.29
2025-04-04,Rotterdam,HSFO,499.16
2025-04-04,Visakhapatnam,VLSFO,721.09
2025-04-04,Visakhapatnam,LSMGO,909.41
2025-04-04,Visakhapatnam,HSFO,558.17
2025-04-07,Singapore,VLSFO,685.8
2025-04-07,Singapore,LSMGO,877.11
2025-04-07,Singapore,HSFO,524.51
2025-04-07,Fujairah,VLSFO,671.01
2025-04-07,Fujairah,LSMGO,861.4
2025-04-07,Fujairah,HSFO,511.65
2025-04-07,Rotterdam,VLSFO,659.02
2025-04-07,Rotterdam,LSMGO,851.08
2025-04-07,Rotterdam,HSFO,500.83
2025-04-07,Visakhapatnam,VLSFO,721.4
2025-04-07,Visakhapatnam,LSMGO,909.4
2025-04-07,Visakhapatnam,HSFO,562.17
2025-04-08,Singapore,VLSFO,674.29
2025-04-08,Singapore,LSMGO,865.88
2025-04-08,Singapore,HSFO,517.87
2025-04-08,Fujairah,VLSFO,662.15
2025-04-08,Fujairah,LSMGO,851.73
2025-04-08,Fujairah,HSFO,506.37
2025-04-08,Rotterdam,VLSFO,650.12
2025-04-08,Rotterdam,LSMGO,842.17
2025-04-08,Rotterdam,HSFO,488.22
2025-04-08,Visakhapatnam,VLSFO,712.21
2025-04-08,Visakhapatnam,LSMGO,899.96
2025-04-08,Visakhapatnam,HSFO,548.4
2025-04-09,Singapore,VLSFO,677.56
2025-04-09,Singapore,LSMGO,865.35
2025-04-09,Singapore,HSFO,516.22
2025-04-09,Fujairah,VLSFO,662.39
2025-04-09,Fujairah,LSMGO,852.79
2025-04-09,Fujairah,HSFO,503.69
2025-04-09,Rotterdam,VLSFO,649.44
2025-04-09,Rotterdam,LSMGO,844.37
2025-04-09,Rotterdam,HSFO,488.94
2025-04-09,Visakhapatnam,VLSFO,711.81
2025-04-09,Visakhapatnam,LSMGO,899.64
2025-04-09,Visakhapatnam,HSFO,550.75
2025-04-10,Singapore,VLSFO,672.65
2025-04-10,Singapore,LSMGO,858.07
2025-04-10,Singapore,HSFO,512.89
2025-04-10,Fujairah,VLSFO,656.33
2025-04-10,Fujairah,LSMGO,849.55
2025-04-10,Fujairah,HSFO,498.38
2025-04-10,Rotterdam,VLSFO,647.4
2025-04-10,Rotterdam,LSMGO,835.42
2025-04-10,Rotterdam,HSFO,485.3
2025-04-10,Visakhapatnam,VLSFO,703.27
2025-04-10,Visakhapatnam,LSMGO,893.09
2025-04-10,Visakhapatnam,HSFO,547.59
2025-04-11,Singapore,VLSFO,678.93
2025-04-11,Singapore,LSMGO,869.2
2025-04-11,Singapore,HSFO,521.52
2025-04-11,Fujairah,VLSFO,667.0
2025-04-11,Fujairah,LSMGO,860.68
2025-04-11,Fujairah,HSFO,509.39
2025-04-11,Rotterdam,VLSFO,655.55
2025-04-11,Rotterdam,LSMGO,847.25
2025-04-11,Rotterdam,HSFO,492.26
2025-04-11,Visakhapatnam,VLSFO,713.51
2025-04-11,Visakhapatnam,LSMGO,904.75
2025-04-11,Visakhapatnam,HSFO,553.33
2025-04-14,Singapore,VLSFO,680.0
2025-04-14,Singapore,LSMGO,871.05
2025-04-14,Singapore,HSFO,518.07
2025-04-14,Fujairah,VLSFO,665.59
2025-04-14,Fujairah,LSMGO,859.3
2025-04-14,Fujairah,HSFO,506.2
2025-04-14,Rotterdam,VLSFO,653.47
2025-04-14,Rotterdam,LSMGO,842.64
2025-04-14,Rotterdam,HSFO,495.99
2025-04-14,Visakhapatnam,VLSFO,713.95
2025-04-14,Visakhapatnam,LSMGO,905.11
2025-04-14,Visakhapatnam,HSFO,555.4
2025-04-15,Singapore,VLSFO,669.25
2025-04-15,Singapore,LSMGO,859.8
2025-04-15,Singapore,HSFO,512.29
2025-04-15,Fujairah,VLSFO,657.38
2025-04-15,Fujairah,LSMGO,849.96
2025-04-15,Fujairah,HSFO,500.84
2025-04-15,Rotterdam,VLSFO,645.94
2025-04-15,Rotterdam,LSMGO,836.65
2025-04-15,Rotterdam,HSFO,487.03
2025-04-15,Visakhapatnam,VLSFO,707.27
2025-04-15,Visakhapatnam,LSMGO,894.57
2025-04-15,Visakhapatnam,HSFO,542.51
2025-04-16,Singapore,VLSFO,666.45
2025-04-16,Singapore,LSMGO,858.08
2025-04-16,Singapore,HSFO,506.74
2025-04-16,Fujairah,VLSFO,656.53
2025-04-16,Fujairah,LSMGO,844.18
2025-04-16,Fujairah,HSFO,495.84
2025-04-16,Rotterdam,VLSFO,640.15
2025-04-16,Rotterdam,LSMGO,833.53
2025-04-16,Rotterdam,HSFO,482.31
2025-04-16,Visakhapatnam,VLSFO,700.26
2025-04-16,Visakhapatnam,LSMGO,890.79
2025-04-16,Visakhapatnam,HSFO,543.53
2025-04-17,Singapore,VLSFO,671.13
2025-04-17,Singapore,LSMGO,859.53
2025-04-17,Singapore,HSFO,514.04
2025-04-17,Fujairah,VLSFO,660.52
2025-04-17,Fujairah,LSMGO,851.98
2025-04-17,Fujairah,HSFO,498.8
2025-04-17,Rotterdam,VLSFO,646.08
2025-04-17,Rotterdam,LSMGO,838.62
2025-04-17,Rotterdam,HSFO,486.38
2025-04-17,Visakhapatnam,VLSFO,707.48
2025-04-17,Visakhapatnam,LSMGO,894.75
2025-04-17,Visakhapatnam,HSFO,545.91
2025-04-18,Singapore,VLSFO,663.36
2025-04-18,Singapore,LSMGO,853.86
2025-04-18,Singapore,HSFO,502.63
2025-04-18,Fujairah,VLSFO,650.86
2025-04-18,Fujairah,LSMGO,846.49
2025-04-18,Fujairah,HSFO,492.08
2025-04-18,Rotterdam,VLSFO,641.6
2025-04-18,Rotterdam,LSMGO,832.66
2025-04-18,Rotterdam,HSFO,480.93
2025-04-18,Visakhapatnam,VLSFO,698.54
2025-04-18,Visakhapatnam,LSMGO,891.99
2025-04-18,Visakhapatnam,HSFO,541.23
2025-04-21,Singapore,VLSFO,658.87
2025-04-21,Singapore,LSMGO,849.1
2025-04-21,Singapore,HSFO,500.33
2025-04-21,Fujairah,VLSFO,645.92
2025-04-21,Fujairah,LSMGO,834.53
2025-04-21,Fujairah,HSFO,486.37
2025-04-21,Rotterdam,VLSFO,629.89
2025-04-21,Rotterdam,LSMGO,824.87
2025-04-21,Rotterdam,HSFO,470.2
2025-04-21,Visakhapatnam,VLSFO,691.45
2025-04-21,Visakhapatnam,LSMGO,884.38
2025-04-21,Visakhapatnam,HSFO,533.06
2025-04-22,Singapore,VLSFO,659.31
2025-04-22,Singapore,LSMGO,849.79
2025-04-22,Singapore,HSFO,502.08
2025-04-22,Fujairah,VLSFO,646.99
2025-04-22,Fujairah,LSMGO,840.17
2025-04-22,Fujairah,HSFO,485.48
2025-04-22,Rotterdam,VLSFO,636.61
2025-04-22,Rotterdam,LSMGO,827.04
2025-04-22,Rotterdam,HSFO,473.04
2025-04-22,Visakhapatnam,VLSFO,694.53
2025-04-22,Visakhapatnam,LSMGO,882.94
2025-04-22,Visakhapatnam,HSFO,536.19
2025-04-23,Singapore,VLSFO,662.65
2025-04-23,Singapore,LSMGO,853.25
2025-04-23,Singapore,HSFO,500.62
2025-04-23,Fujairah,VLSFO,648.71
2025-04-23,Fujairah,LSMGO,837.69
2025-04-23,Fujairah,HSFO,489.37
2025-04-23,Rotterdam,VLSFO,637.8
2025-04-23,Rotterdam,LSMGO,829.59
2025-04-23,Rotterdam,HSFO,478.44
2025-04-23,Visakhapatnam,VLSFO,697.05
2025-04-23,Visakhapatnam,LSMGO,890.16
2025-04-23,Visakhapatnam,HSFO,538.76
2025-04-24,Singapore,VLSFO,660.05
2025-04-24,Singapore,LSMGO,847.64
2025-04-24,Singapore,HSFO,496.02
2025-04-24,Fujairah,VLSFO,642.79
2025-04-24,Fujairah,LSMGO,836.83
2025-04-24,Fujairah,HSFO,483.2
2025-04-24,Rotterdam,VLSFO,631.29
2025-04-24,Rotterdam,LSMGO,822.66
2025-04-24,Rotterdam,HSFO,472.86
2025-04-24,Visakhapatnam,VLSFO,693.07
2025-04-24,Visakhapatnam,LSMGO,880.47
2025-04-24,Visakhapatnam,HSFO,531.75
2025-04-25,Singapore,VLSFO,653.59
2025-04-25,Singapore,LSMGO,845.71
2025-04-25,Singapore,HSFO,494.26
2025-04-25,Fujairah,VLSFO,643.43
2025-04-25,Fujairah,LSMGO,832.46
2025-04-25,Fujairah,HSFO,481.44
2025-04-25,Rotterdam,VLSFO,626.04
2025-04-25,Rotterdam,LSMGO,818.89
2025-04-25,Rotterdam,HSFO,468.63
2025-04-25,Visakhapatnam,VLSFO,688.51
2025-04-25,Visakhapatnam,LSMGO,877.83
2025-04-25,Visakhapatnam,HSFO,528.06
2025-04-28,Singapore,VLSFO,654.23
2025-04-28,Singapore,LSMGO,845.34
2025-04-28,Singapore,HSFO,493.41
2025-04-28,Fujairah,VLSFO,645.06
2025-04-28,Fujairah,LSMGO,831.34
2025-04-28,Fujairah,HSFO,480.74
2025-04-28,Rotterdam,VLSFO,629.85
2025-04-28,Rotterdam,LSMGO,821.18
2025-04-28,Rotterdam,HSFO,469.85
2025-04-28,Visakhapatnam,VLSFO,688.89
2025-04-28,Visakhapatnam,LSMGO,880.58
2025-04-28,Visakhapatnam,HSFO,529.31
2025-04-29,Singapore,VLSFO,643.66
2025-04-29,Singapore,LSMGO,833.6
2025-04-29,Singapore,HSFO,481.08
2025-04-29,Fujairah,VLSFO,628.03
2025-04-29,Fujairah,LSMGO,820.48
2025-04-29,Fujairah,HSFO,466.28
2025-04-29,Rotterdam,VLSFO,615.91
2025-04-29,Rotterdam,LSMGO,805.08
2025-04-29,Rotterdam,HSFO,458.58
2025-04-29,Visakhapatnam,VLSFO,673.13
2025-04-29,Visakhapatnam,LSMGO,866.38
2025-04-29,Visakhapatnam,HSFO,517.51
2025-04-30,Singapore,VLSFO,627.5
2025-04-30,Singapore,LSMGO,815.1
2025-04-30,Singapore,HSFO,470.43
2025-04-30,Fujairah,VLSFO,615.7
2025-04-30,Fujairah,LSMGO,806.28
2025-04-30,Fujairah,HSFO,454.01
2025-04-30,Rotterdam,VLSFO,602.49
2025-04-30,Rotterdam,LSMGO,792.17
2025-04-30,Rotterdam,HSFO,440.04
2025-04-30,Visakhapatnam,VLSFO,660.23
2025-04-30,Visakhapatnam,LSMGO,854.62
2025-04-30,Visakhapatnam,HSFO,501.03
2025-05-01,Singapore,VLSFO,619.06
2025-05-01,Singapore,LSMGO,810.92
2025-05-01,Singapore,HSFO,462.5
2025-05-01,Fujairah,VLSFO,606.26
2025-05-01,Fujairah,LSMGO,799.35
2025-05-01,Fujairah,HSFO,446.61
2025-05-01,Rotterdam,VLSFO,593.11
2025-05-01,Rotterdam,LSMGO,783.21
2025-05-01,Rotterdam,HSFO,437.9
2025-05-01,Visakhapatnam,VLSFO,653.6
2025-05-01,Visakhapatnam,LSMGO,843.16
2025-05-01,Visakhapatnam,HSFO,495.52
2025-05-02,Singapore,VLSFO,621.03
2025-05-02,Singapore,LSMGO,807.54
2025-05-02,Singapore,HSFO,458.5
2025-05-02,Fujairah,VLSFO,604.2
2025-05-02,Fujairah,LSMGO,796.66
2025-05-02,Fujairah,HSFO,447.43
2025-05-02,Rotterdam,VLSFO,594.39
2025-05-02,Rotterdam,LSMGO,782.96
2025-05-02,Rotterdam,HSFO,432.86
2025-05-02,Visakhapatnam,VLSFO,651.6
2025-05-02,Visakhapatnam,LSMGO,843.17
2025-05-02,Visakhapatnam,HSFO,491.56
2025-05-05,Singapore,VLSFO,623.51
2025-05-05,Singapore,LSMGO,814.71
2025-05-05,Singapore,HSFO,464.73
2025-05-05,Fujairah,VLSFO,612.1
2025-05-05,Fujairah,LSMGO,800.52
2025-05-05,Fujairah,HSFO,451.12
2025-05-05,Rotterdam,VLSFO,595.62
2025-05-05,Rotterdam,LSMGO,787.7
2025-05-05,Rotterdam,HSFO,436.65
2025-05-05,Visakhapatnam,VLSFO,656.81
2025-05-05,Visakhapatnam,LSMGO,848.46
2025-05-05,Visakhapatnam,HSFO,495.61
2025-05-06,Singapore,VLSFO,634.65
2025-05-06,Singapore,LSMGO,828.29
2025-05-06,Singapore,HSFO,473.08
2025-05-06,Fujairah,VLSFO,623.65
2025-05-06,Fujairah,LSMGO,816.22
2025-05-06,Fujairah,HSFO,464.4
2025-05-06,Rotterdam,VLSFO,611.02
2025-05-06,Rotterdam,LSMGO,799.24
2025-05-06,Rotterdam,HSFO,449.8
2025-05-06,Visakhapatnam,VLSFO,672.85
2025-05-06,Visakhapatnam,LSMGO,861.09
2025-05-06,Visakhapatnam,HSFO,510.83
2025-05-07,Singapore,VLSFO,641.58
2025-05-07,Singapore,LSMGO,831.08
2025-05-07,Singapore,HSFO,486.76
2025-05-07,Fujairah,VLSFO,631.24
2025-05-07,Fujairah,LSMGO,822.6
2025-05-07,Fujairah,HSFO,469.46
2025-05-07,Rotterdam,VLSFO,620.08
2025-05-07,Rotterdam,LSMGO,811.58
2025-05-07,Rotterdam,HSFO,459.44
2025-05-07,Visakhapatnam,VLSFO,676.74
2025-05-07,Visakhapatnam,LSMGO,869.47
2025-05-07,Visakhapatnam,HSFO,520.58
2025-05-08,Singapore,VLSFO,641.94
2025-05-08,Singapore,LSMGO,834.78
2025-05-08,Singapore,HSFO,483.39
2025-05-08,Fujairah,VLSFO,632.9
2025-05-08,Fujairah,LSMGO,821.24
2025-05-08,Fujairah,HSFO,468.29
2025-05-08,Rotterdam,VLSFO,616.36
2025-05-08,Rotterdam,LSMGO,805.71
2025-05-08,Rotterdam,HSFO,459.95
2025-05-08,Visakhapatnam,VLSFO,679.06
2025-05-08,Visakhapatnam,LSMGO,868.56
2025-05-08,Visakhapatnam,HSFO,516.31
2025-05-09,Singapore,VLSFO,640.49
2025-05-09,Singapore,LSMGO,833.92
2025-05-09,Singapore,HSFO,482.23
2025-05-09,Fujairah,VLSFO,628.74
2025-05-09,Fujairah,LSMGO,821.08
2025-05-09,Fujairah,HSFO,467.62
2025-05-09,Rotterdam,VLSFO,616.34
2025-05-09,Rotterdam,LSMGO,807.19
2025-05-09,Rotterdam,HSFO,455.27
2025-05-09,Visakhapatnam,VLSFO,680.29
2025-05-09,Visakhapatnam,LSMGO,865.64
2025-05-09,Visakhapatnam,HSFO,515.16
2025-05-12,Singapore,VLSFO,631.01
2025-05-12,Singapore,LSMGO,824.4
2025-05-12,Singapore,HSFO,472.34
2025-05-12,Fujairah,VLSFO,621.18
2025-05-12,Fujairah,LSMGO,807.91
2025-05-12,Fujairah,HSFO,457.99
2025-05-12,Rotterdam,VLSFO,607.46
2025-05-12,Rotterdam,LSMGO,799.69
2025-05-12,Rotterdam,HSFO,450.1
2025-05-12,Visakhapatnam,VLSFO,665.31
2025-05-12,Visakhapatnam,LSMGO,858.02
2025-05-12,Visakhapatnam,HSFO,510.27
2025-05-13,Singapore,VLSFO,632.0
2025-05-13,Singapore,LSMGO,824.65
2025-05-13,Singapore,HSFO,470.48
2025-05-13,Fujairah,VLSFO,623.29
2025-05-13,Fujairah,LSMGO,812.18
2025-05-13,Fujairah,HSFO,463.32
2025-05-13,Rotterdam,VLSFO,608.73
2025-05-13,Rotterdam,LSMGO,796.85
2025-05-13,Rotterdam,HSFO,450.3
2025-05-13,Visakhapatnam,VLSFO,666.33
2025-05-13,Visakhapatnam,LSMGO,856.67
2025-05-13,Visakhapatnam,HSFO,508.88
2025-05-14,Singapore,VLSFO,631.59
2025-05-14,Singapore,LSMGO,822.57
2025-05-14,Singapore,HSFO,468.23
2025-05-14,Fujairah,VLSFO,619.79
2025-05-14,Fujairah,LSMGO,809.43
2025-05-14,Fujairah,HSFO,455.38
2025-05-14,Rotterdam,VLSFO,604.32
2025-05-14,Rotterdam,LSMGO,793.69
2025-05-14,Rotterdam,HSFO,443.82
2025-05-14,Visakhapatnam,VLSFO,667.89
2025-05-14,Visakhapatnam,LSMGO,855.85
2025-05-14,Visakhapatnam,HSFO,506.3
2025-05-15,Singapore,VLSFO,635.97
2025-05-15,Singapore,LSMGO,822.37
2025-05-15,Singapore,HSFO,474.92
2025-05-15,Fujairah,VLSFO,620.72
2025-05-15,Fujairah,LSMGO,813.33
2025-05-15,Fujairah,HSFO,459.19
2025-05-15,Rotterdam,VLSFO,610.8
2025-05-15,Rotterdam,LSMGO,796.42
2025-05-15,Rotterdam,HSFO,447.07
2025-05-15,Visakhapatnam,VLSFO,669.65
2025-05-15,Visakhapatnam,LSMGO,857.47
2025-05-15,Visakhapatnam,HSFO,508.76
2025-05-16,Singapore,VLSFO,624.98
2025-05-16,Singapore,LSMGO,816.77
2025-05-16,Singapore,HSFO,463.69
2025-05-16,Fujairah,VLSFO,610.67
2025-05-16,Fujairah,LSMGO,802.12
2025-05-16,Fujairah,HSFO,453.16
2025-05-16,Rotterdam,VLSFO,598.33
2025-05-16,Rotterdam,LSMGO,789.45
2025-05-16,Rotterdam,HSFO,439.72
2025-05-16,Visakhapatnam,VLSFO,657.66
2025-05-16,Visakhapatnam,LSMGO,850.82
2025-05-16,Visakhapatnam,HSFO,502.62
2025-05-19,Singapore,VLSFO,628.16
2025-05-19,Singapore,LSMGO,820.84
2025-05-19,Singapore,HSFO,471.24
2025-05-19,Fujairah,VLSFO,617.77
2025-05-19,Fujairah,LSMGO,809.46
2025-05-19,Fujairah,HSFO,457.72
2025-05-19,Rotterdam,VLSFO,605.28
2025-05-19,Rotterdam,LSMGO,792.3
2025-05-19,Rotterdam,HSFO,446.4
2025-05-19,Visakhapatnam,VLSFO,666.22
2025-05-19,Visakhapatnam,LSMGO,852.48
2025-05-19,Visakhapatnam,HSFO,504.46
2025-05-20,Singapore,VLSFO,647.68
2025-05-20,Singapore,LSMGO,834.33
2025-05-20,Singapore,HSFO,484.82
2025-05-20,Fujairah,VLSFO,635.26
2025-05-20,Fujairah,LSMGO,824.11
2025-05-20,Fujairah,HSFO,473.3
2025-05-20,Rotterdam,VLSFO,621.59
2025-05-20,Rotterdam,LSMGO,811.99
2025-05-20,Rotterdam,HSFO,459.55
2025-05-20,Visakhapatnam,VLSFO,679.65
2025-05-20,Visakhapatnam,LSMGO,869.12
2025-05-20,Visakhapatnam,HSFO,522.6
2025-05-21,Singapore,VLSFO,645.0
2025-05-21,Singapore,LSMGO,831.32
2025-05-21,Singapore,HSFO,485.99
2025-05-21,Fujairah,VLSFO,631.7
2025-05-21,Fujairah,LSMGO,819.23
2025-05-21,Fujairah,HSFO,472.12
2025-05-21,Rotterdam,VLSFO,618.32
2025-05-21,Rotterdam,LSMGO,811.08
2025-05-21,Rotterdam,HSFO,457.04
2025-05-21,Visakhapatnam,VLSFO,680.78
2025-05-21,Visakhapatnam,LSMGO,869.16
2025-05-21,Visakhapatnam,HSFO,516.14
2025-05-22,Singapore,VLSFO,650.59
2025-05-22,Singapore,LSMGO,837.84
2025-05-22,Singapore,HSFO,486.51
2025-05-22,Fujairah,VLSFO,635.58
2025-05-22,Fujairah,LSMGO,827.91
2025-05-22,Fujairah,HSFO,474.59
2025-05-22,Rotterdam,VLSFO,620.92
2025-05-22,Rotterdam,LSMGO,810.54
2025-05-22,Rotterdam,HSFO,461.55
2025-05-22,Visakhapatnam,VLSFO,684.44
2025-05-22,Visakhapatnam,LSMGO,872.59
2025-05-22,Visakhapatnam,HSFO,521.13
2025-05-23,Singapore,VLSFO,652.53
2025-05-23,Singapore,LSMGO,843.53
2025-05-23,Singapore,HSFO,497.17
2025-05-23,Fujairah,VLSFO,641.59
2025-05-23,Fujairah,LSMGO,835.46
2025-05-23,Fujairah,HSFO,482.44
2025-05-23,Rotterdam,VLSFO,627.61
2025-05-23,Rotterdam,LSMGO,821.88
2025-05-23,Rotterdam,HSFO,469.29
2025-05-23,Visakhapatnam,VLSFO,690.79
2025-05-23,Visakhapatnam,LSMGO,882.43
2025-05-23,Visakhapatnam,HSFO,526.83
2025-05-26,Singapore,VLSFO,648.24
2025-05-26,Singapore,LSMGO,841.98
2025-05-26,Singapore,HSFO,489.35
2025-05-26,Fujairah,VLSFO,636.76
2025-05-26,Fujairah,LSMGO,825.89
2025-05-26,Fujairah,HSFO,475.79
2025-05-26,Rotterdam,VLSFO,627.3
2025-05-26,Rotterdam,LSMGO,813.46
2025-05-26,Rotterdam,HSFO,465.46
2025-05-26,Visakhapatnam,VLSFO,686.29
2025-05-26,Visakhapatnam,LSMGO,875.23
2025-05-26,Visakhapatnam,HSFO,522.82
2025-05-27,Singapore,VLSFO,654.61
2025-05-27,Singapore,LSMGO,839.97
2025-05-27,Singapore,HSFO,494.48
2025-05-27,Fujairah,VLSFO,643.27
2025-05-27,Fujairah,LSMGO,830.51
2025-05-27,Fujairah,HSFO,481.12
2025-05-27,Rotterdam,VLSFO,627.77
2025-05-27,Rotterdam,LSMGO,817.24
2025-05-27,Rotterdam,HSFO,470.23
2025-05-27,Visakhapatnam,VLSFO,690.27
2025-05-27,Visakhapatnam,LSMGO,876.92
2025-05-27,Visakhapatnam,HSFO,528.6
2025-05-28,Singapore,VLSFO,655.66
2025-05-28,Singapore,LSMGO,845.87
2025-05-28,Singapore,HSFO,493.15
2025-05-28,Fujairah,VLSFO,640.82
2025-05-28,Fujairah,LSMGO,829.77
2025-05-28,Fujairah,HSFO,483.85
2025-05-28,Rotterdam,VLSFO,625.96
2025-05-28,Rotterdam,LSMGO,818.58
2025-05-28,Rotterdam,HSFO,466.79
2025-05-28,Visakhapatnam,VLSFO,686.77
2025-05-28,Visakhapatnam,LSMGO,877.53
2025-05-28,Visakhapatnam,HSFO,531.09
2025-05-29,Singapore,VLSFO,651.45
2025-05-29,Singapore,LSMGO,844.59
2025-05-29,Singapore,HSFO,491.62
2025-05-29,Fujairah,VLSFO,640.05
2025-05-29,Fujairah,LSMGO,831.76
2025-05-29,Fujairah,HSFO,482.18
2025-05-29,Rotterdam,VLSFO,627.67
2025-05-29,Rotterdam,LSMGO,818.02
2025-05-29,Rotterdam,HSFO,466.64
2025-05-29,Visakhapatnam,VLSFO,687.94
2025-05-29,Visakhapatnam,LSMGO,881.92
2025-05-29,Visakhapatnam,HSFO,531.79
2025-05-30,Singapore,VLSFO,645.61
2025-05-30,Singapore,LSMGO,837.03
2025-05-30,Singapore,HSFO,489.06
2025-05-30,Fujairah,VLSFO,631.64
2025-05-30,Fujairah,LSMGO,826.47
2025-05-30,Fujairah,HSFO,477.29
2025-05-30,Rotterdam,VLSFO,619.15
2025-05-30,Rotterdam,LSMGO,809.57
2025-05-30,Rotterdam,HSFO,464.37
2025-05-30,Visakhapatnam,VLSFO,681.83
2025-05-30,Visakhapatnam,LSMGO,868.69
2025-05-30,Visakhapatnam,HSFO,520.15
2025-06-02,Singapore,VLSFO,646.6
2025-06-02,Singapore,LSMGO,838.06
2025-06-02,Singapore,HSFO,488.3
2025-06-02,Fujairah,VLSFO,637.88
2025-06-02,Fujairah,LSMGO,823.63
2025-06-02,Fujairah,HSFO,475.13
2025-06-02,Rotterdam,VLSFO,622.1
2025-06-02,Rotterdam,LSMGO,811.34
2025-06-02,Rotterdam,HSFO,459.92
2025-06-02,Visakhapatnam,VLSFO,684.77
2025-06-02,Visakhapatnam,LSMGO,874.02
2025-06-02,Visakhapatnam,HSFO,521.89
2025-06-03,Singapore,VLSFO,652.42
2025-06-03,Singapore,LSMGO,840.16
2025-06-03,Singapore,HSFO,492.06
2025-06-03,Fujairah,VLSFO,640.97
2025-06-03,Fujairah,LSMGO,829.89
2025-06-03,Fujairah,HSFO,482.74
2025-06-03,Rotterdam,VLSFO,627.47
2025-06-03,Rotterdam,LSMGO,816.03
2025-06-03,Rotterdam,HSFO,468.43
2025-06-03,Visakhapatnam,VLSFO,684.82
2025-06-03,Visakhapatnam,LSMGO,876.11
2025-06-03,Visakhapatnam,HSFO,525.88
2025-06-04,Singapore,VLSFO,665.64
2025-06-04,Singapore,LSMGO,857.74
2025-06-04,Singapore,HSFO,505.96
2025-06-04,Fujairah,VLSFO,655.82
2025-06-04,Fujairah,LSMGO,844.51
2025-06-04,Fujairah,HSFO,493.11
2025-06-04,Rotterdam,VLSFO,642.91
2025-06-04,Rotterdam,LSMGO,829.48
2025-06-04,Rotterdam,HSFO,479.4
2025-06-04,Visakhapatnam,VLSFO,701.08
2025-06-04,Visakhapatnam,LSMGO,889.62
2025-06-04,Visakhapatnam,HSFO,538.11
2025-06-05,Singapore,VLSFO,676.59
2025-06-05,Singapore,LSMGO,865.77
2025-06-05,Singapore,HSFO,515.38
2025-06-05,Fujairah,VLSFO,666.51
2025-06-05,Fujairah,LSMGO,854.13
2025-06-05,Fujairah,HSFO,505.88
2025-06-05,Rotterdam,VLSFO,648.54
2025-06-05,Rotterdam,LSMGO,841.12
2025-06-05,Rotterdam,HSFO,492.91
2025-06-05,Visakhapatnam,VLSFO,711.2
2025-06-05,Visakhapatnam,LSMGO,902.01
2025-06-05,Visakhapatnam,HSFO,549.94
2025-06-06,Singapore,VLSFO,695.15
2025-06-06,Singapore,LSMGO,887.34
2025-06-06,Singapore,HSFO,536.96
2025-06-06,Fujairah,VLSFO,687.8
2025-06-06,Fujairah,LSMGO,874.06
2025-06-06,Fujairah,HSFO,528.4
2025-06-06,Rotterdam,VLSFO,675.34
2025-06-06,Rotterdam,LSMGO,861.08
2025-06-06,Rotterdam,HSFO,511.68
2025-06-06,Visakhapatnam,VLSFO,734.97
2025-06-06,Visakhapatnam,LSMGO,925.4
2025-06-06,Visakhapatnam,HSFO,572.26
2025-06-09,Singapore,VLSFO,688.56
2025-06-09,Singapore,LSMGO,879.79
2025-06-09,Singapore,HSFO,530.76
2025-06-09,Fujairah,VLSFO,676.28
2025-06-09,Fujairah,LSMGO,869.05
2025-06-09,Fujairah,HSFO,514.95
2025-06-09,Rotterdam,VLSFO,661.93
2025-06-09,Rotterdam,LSMGO,853.95
2025-06-09,Rotterdam,HSFO,503.76
2025-06-09,Visakhapatnam,VLSFO,723.53
2025-06-09,Visakhapatnam,LSMGO,914.58
2025-06-09,Visakhapatnam,HSFO,563.56
2025-06-10,Singapore,VLSFO,696.88
2025-06-10,Singapore,LSMGO,887.59
2025-06-10,Singapore,HSFO,541.58
2025-06-10,Fujairah,VLSFO,686.2
2025-06-10,Fujairah,LSMGO,876.4
2025-06-10,Fujairah,HSFO,527.19
2025-06-10,Rotterdam,VLSFO,676.63
2025-06-10,Rotterdam,LSMGO,862.18
2025-06-10,Rotterdam,HSFO,514.82
2025-06-10,Visakhapatnam,VLSFO,735.02
2025-06-10,Visakhapatnam,LSMGO,924.37
2025-06-10,Visakhapatnam,HSFO,571.26
2025-06-11,Singapore,VLSFO,701.78
2025-06-11,Singapore,LSMGO,888.1
2025-06-11,Singapore,HSFO,541.3
2025-06-11,Fujairah,VLSFO,690.16
2025-06-11,Fujairah,LSMGO,876.99
2025-06-11,Fujairah,HSFO,530.77
2025-06-11,Rotterdam,VLSFO,672.9
2025-06-11,Rotterdam,LSMGO,867.78
2025-06-11,Rotterdam,HSFO,515.48
2025-06-11,Visakhapatnam,VLSFO,734.03
2025-06-11,Visakhapatnam,LSMGO,923.52
2025-06-11,Visakhapatnam,HSFO,578.44
2025-06-12,Singapore,VLSFO,721.24
2025-06-12,Singapore,LSMGO,912.0
2025-06-12,Singapore,HSFO,562.89
2025-06-12,Fujairah,VLSFO,712.53
2025-06-12,Fujairah,LSMGO,902.08
2025-06-12,Fujairah,HSFO,549.56
2025-06-12,Rotterdam,VLSFO,697.54
2025-06-12,Rotterdam,LSMGO,887.24
2025-06-12,Rotterdam,HSFO,537.09
2025-06-12,Visakhapatnam,VLSFO,758.27
2025-06-12,Visakhapatnam,LSMGO,950.03
2025-06-12,Visakhapatnam,HSFO,597.11
2025-06-13,Singapore,VLSFO,714.3
2025-06-13,Singapore,LSMGO,904.45
2025-06-13,Singapore,HSFO,557.96
2025-06-13,Fujairah,VLSFO,705.83
2025-06-13,Fujairah,LSMGO,894.9
2025-06-13,Fujairah,HSFO,541.55
2025-06-13,Rotterdam,VLSFO,687.51
2025-06-13,Rotterdam,LSMGO,879.0
2025-06-13,Rotterdam,HSFO,528.7
2025-06-13,Visakhapatnam,VLSFO,750.14
2025-06-13,Visakhapatnam,LSMGO,941.77
2025-06-13,Visakhapatnam,HSFO,592.25
2025-06-16,Singapore,VLSFO,708.24
2025-06-16,Singapore,LSMGO,895.33
2025-06-16,Singapore,HSFO,547.29
2025-06-16,Fujairah,VLSFO,693.04
2025-06-16,Fujairah,LSMGO,881.53
2025-06-16,Fujairah,HSFO,535.38
2025-06-16,Rotterdam,VLSFO,678.23
2025-06-16,Rotterdam,LSMGO,870.62
2025-06-16,Rotterdam,HSFO,520.14
2025-06-16,Visakhapatnam,VLSFO,742.33
2025-06-16,Visakhapatnam,LSMGO,932.76
2025-06-16,Visakhapatnam,HSFO,579.99
2025-06-17,Singapore,VLSFO,701.76
2025-06-17,Singapore,LSMGO,888.65
2025-06-17,Singapore,HSFO,539.57
2025-06-17,Fujairah,VLSFO,689.25
2025-06-17,Fujairah,LSMGO,879.05
2025-06-17,Fujairah,HSFO,530.81
2025-06-17,Rotterdam,VLSFO,673.24
2025-06-17,Rotterdam,LSMGO,865.86
2025-06-17,Rotterdam,HSFO,515.55
2025-06-17,Visakhapatnam,VLSFO,737.38
2025-06-17,Visakhapatnam,LSMGO,922.83
2025-06-17,Visakhapatnam,HSFO,576.4
2025-06-18,Singapore,VLSFO,678.07
2025-06-18,Singapore,LSMGO,866.31
2025-06-18,Singapore,HSFO,517.51
2025-06-18,Fujairah,VLSFO,664.66
2025-06-18,Fujairah,LSMGO,856.14
2025-06-18,Fujairah,HSFO,508.0
2025-06-18,Rotterdam,VLSFO,653.08
2025-06-18,Rotterdam,LSMGO,843.45
2025-06-18,Rotterdam,HSFO,492.77
2025-06-18,Visakhapatnam,VLSFO,709.97
2025-06-18,Visakhapatnam,LSMGO,901.06
2025-06-18,Visakhapatnam,HSFO,552.61
2025-06-19,Singapore,VLSFO,671.25
2025-06-19,Singapore,LSMGO,860.48
2025-06-19,Singapore,HSFO,512.41
2025-06-19,Fujairah,VLSFO,659.32
2025-06-19,Fujairah,LSMGO,848.93
2025-06-19,Fujairah,HSFO,500.17
2025-06-19,Rotterdam,VLSFO,645.18
2025-06-19,Rotterdam,LSMGO,839.95
2025-06-19,Rotterdam,HSFO,489.59
2025-06-19,Visakhapatnam,VLSFO,708.63
2025-06-19,Visakhapatnam,LSMGO,895.02
2025-06-19,Visakhapatnam,HSFO,549.04
2025-06-20,Singapore,VLSFO,666.64
2025-06-20,Singapore,LSMGO,856.4
2025-06-20,Singapore,HSFO,502.48
2025-06-20,Fujairah,VLSFO,653.66
2025-06-20,Fujairah,LSMGO,844.8
2025-06-20,Fujairah,HSFO,493.26
2025-06-20,Rotterdam,VLSFO,640.67
2025-06-20,Rotterdam,LSMGO,829.55
2025-06-20,Rotterdam,HSFO,479.97
2025-06-20,Visakhapatnam,VLSFO,697.0
2025-06-20,Visakhapatnam,LSMGO,890.63
2025-06-20,Visakhapatnam,HSFO,537.28
2025-06-23,Singapore,VLSFO,665.97
2025-06-23,Singapore,LSMGO,855.12
2025-06-23,Singapore,HSFO,506.63
2025-06-23,Fujairah,VLSFO,652.16
2025-06-23,Fujairah,LSMGO,845.51
2025-06-23,Fujairah,HSFO,496.13
2025-06-23,Rotterdam,VLSFO,639.34
2025-06-23,Rotterdam,LSMGO,828.99
2025-06-23,Rotterdam,HSFO,479.24
2025-06-23,Visakhapatnam,VLSFO,703.62
2025-06-23,Visakhapatnam,LSMGO,891.53
2025-06-23,Visakhapatnam,HSFO,541.17
2025-06-24,Singapore,VLSFO,667.48
2025-06-24,Singapore,LSMGO,860.74
2025-06-24,Singapore,HSFO,512.05
2025-06-24,Fujairah,VLSFO,659.81
2025-06-24,Fujairah,LSMGO,848.6
2025-06-24,Fujairah,HSFO,495.3
2025-06-24,Rotterdam,VLSFO,642.52
2025-06-24,Rotterdam,LSMGO,832.14
2025-06-24,Rotterdam,HSFO,483.39
2025-06-24,Visakhapatnam,VLSFO,702.66
2025-06-24,Visakhapatnam,LSMGO,893.4
2025-06-24,Visakhapatnam,HSFO,544.16
2025-06-25,Singapore,VLSFO,691.42
2025-06-25,Singapore,LSMGO,879.43
2025-06-25,Singapore,HSFO,530.77
2025-06-25,Fujairah,VLSFO,678.02
2025-06-25,Fujairah,LSMGO,864.44
2025-06-25,Fujairah,HSFO,518.18
2025-06-25,Rotterdam,VLSFO,662.41
2025-06-25,Rotterdam,LSMGO,854.6
2025-06-25,Rotterdam,HSFO,502.81
2025-06-25,Visakhapatnam,VLSFO,726.75
2025-06-25,Visakhapatnam,LSMGO,912.34
2025-06-25,Visakhapatnam,HSFO,562.44
2025-06-26,Singapore,VLSFO,701.23
2025-06-26,Singapore,LSMGO,885.8
2025-06-26,Singapore,HSFO,539.83
2025-06-26,Fujairah,VLSFO,688.0
2025-06-26,Fujairah,LSMGO,878.67
2025-06-26,Fujairah,HSFO,529.5
2025-06-26,Rotterdam,VLSFO,676.5
2025-06-26,Rotterdam,LSMGO,861.04
2025-06-26,Rotterdam,HSFO,515.58
2025-06-26,Visakhapatnam,VLSFO,734.53
2025-06-26,Visakhapatnam,LSMGO,924.53
2025-06-26,Visakhapatnam,HSFO,571.42
2025-06-27,Singapore,VLSFO,693.58
2025-06-27,Singapore,LSMGO,885.57
2025-06-27,Singapore,HSFO,535.15
2025-06-27,Fujairah,VLSFO,680.31
2025-06-27,Fujairah,LSMGO,867.91
2025-06-27,Fujairah,HSFO,519.85
2025-06-27,Rotterdam,VLSFO,669.63
2025-06-27,Rotterdam,LSMGO,858.88
2025-06-27,Rotterdam,HSFO,507.43
2025-06-27,Visakhapatnam,VLSFO,725.01
2025-06-27,Visakhapatnam,LSMGO,917.24
2025-06-27,Visakhapatnam,HSFO,567.49
2025-06-30,Singapore,VLSFO,685.98
2025-06-30,Singapore,LSMGO,874.26
2025-06-30,Singapore,HSFO,522.28
2025-06-30,Fujairah,VLSFO,671.56
2025-06-30,Fujairah,LSMGO,858.81
2025-06-30,Fujairah,HSFO,514.24
2025-06-30,Rotterdam,VLSFO,657.57
2025-06-30,Rotterdam,LSMGO,848.28
2025-06-30,Rotterdam,HSFO,497.54
2025-06-30,Visakhapatnam,VLSFO,719.5
2025-06-30,Visakhapatnam,LSMGO,909.38
2025-06-30,Visakhapatnam,HSFO,559.7
2025-07-01,Singapore,VLSFO,687.13
2025-07-01,Singapore,LSMGO,877.41
2025-07-01,Singapore,HSFO,526.27
2025-07-01,Fujairah,VLSFO,677.45
2025-07-01,Fujairah,LSMGO,863.76
2025-07-01,Fujairah,HSFO,517.11
2025-07-01,Rotterdam,VLSFO,665.74
2025-07-01,Rotterdam,LSMGO,855.87
2025-07-01,Rotterdam,HSFO,503.21
2025-07-01,Visakhapatnam,VLSFO,723.28
2025-07-01,Visakhapatnam,LSMGO,910.98
2025-07-01,Visakhapatnam,HSFO,564.55
2025-07-02,Singapore,VLSFO,676.88
2025-07-02,Singapore,LSMGO,863.42
2025-07-02,Singapore,HSFO,514.48
2025-07-02,Fujairah,VLSFO,664.99
2025-07-02,Fujairah,LSMGO,855.22
2025-07-02,Fujairah,HSFO,501.41
2025-07-02,Rotterdam,VLSFO,650.26
2025-07-02,Rotterdam,LSMGO,838.11
2025-07-02,Rotterdam,HSFO,487.57
2025-07-02,Visakhapatnam,VLSFO,712.42
2025-07-02,Visakhapatnam,LSMGO,901.88
2025-07-02,Visakhapatnam,HSFO,551.51
2025-07-03,Singapore,VLSFO,690.86
2025-07-03,Singapore,LSMGO,885.63
2025-07-03,Singapore,HSFO,533.19
2025-07-03,Fujairah,VLSFO,680.62
2025-07-03,Fujairah,LSMGO,871.84
2025-07-03,Fujairah,HSFO,519.11
2025-07-03,Rotterdam,VLSFO,670.1
2025-07-03,Rotterdam,LSMGO,859.06
2025-07-03,Rotterdam,HSFO,506.68
2025-07-03,Visakhapatnam,VLSFO,726.69
2025-07-03,Visakhapatnam,LSMGO,916.67
2025-07-03,Visakhapatnam,HSFO,565.91
2025-07-04,Singapore,VLSFO,706.43
2025-07-04,Singapore,LSMGO,897.95
2025-07-04,Singapore,HSFO,543.01
2025-07-04,Fujairah,VLSFO,691.2
2025-07-04,Fujairah,LSMGO,884.34
2025-07-04,Fujairah,HSFO,535.82
2025-07-04,Rotterdam,VLSFO,679.86
2025-07-04,Rotterdam,LSMGO,870.0
2025-07-04,Rotterdam,HSFO,521.48
2025-07-04,Visakhapatnam,VLSFO,739.55
2025-07-04,Visakhapatnam,LSMGO,928.06
2025-07-04,Visakhapatnam,HSFO,582.32
2025-07-07,Singapore,VLSFO,701.76
2025-07-07,Singapore,LSMGO,891.49
2025-07-07,Singapore,HSFO,542.46
2025-07-07,Fujairah,VLSFO,690.06
2025-07-07,Fujairah,LSMGO,877.24
2025-07-07,Fujairah,HSFO,528.12
2025-07-07,Rotterdam,VLSFO,673.76
2025-07-07,Rotterdam,LSMGO,863.79
2025-07-07,Rotterdam,HSFO,517.06
2025-07-07,Visakhapatnam,VLSFO,738.16
2025-07-07,Visakhapatnam,LSMGO,928.78
2025-07-07,Visakhapatnam,HSFO,576.78
2025-07-08,Singapore,VLSFO,681.17
2025-07-08,Singapore,LSMGO,870.7
2025-07-08,Singapore,HSFO,524.94
2025-07-08,Fujairah,VLSFO,671.54
2025-07-08,Fujairah,LSMGO,861.77
2025-07-08,Fujairah,HSFO,512.75
2025-07-08,Rotterdam,VLSFO,659.28
2025-07-08,Rotterdam,LSMGO,850.07
2025-07-08,Rotterdam,HSFO,495.4
2025-07-08,Visakhapatnam,VLSFO,719.55
2025-07-08,Visakhapatnam,LSMGO,910.17
2025-07-08,Visakhapatnam,HSFO,556.78
2025-07-09,Singapore,VLSFO,697.85
2025-07-09,Singapore,LSMGO,885.89
2025-07-09,Singapore,HSFO,539.75
2025-07-09,Fujairah,VLSFO,682.2
2025-07-09,Fujairah,LSMGO,875.48
2025-07-09,Fujairah,HSFO,523.0
2025-07-09,Rotterdam,VLSFO,673.28
2025-07-09,Rotterdam,LSMGO,860.06
2025-07-09,Rotterdam,HSFO,510.42
2025-07-09,Visakhapatnam,VLSFO,731.97
2025-07-09,Visakhapatnam,LSMGO,924.49
2025-07-09,Visakhapatnam,HSFO,570.27
2025-07-10,Singapore,VLSFO,693.74
2025-07-10,Singapore,LSMGO,887.43
2025-07-10,Singapore,HSFO,535.88
2025-07-10,Fujairah,VLSFO,686.35
2025-07-10,Fujairah,LSMGO,871.75
2025-07-10,Fujairah,HSFO,524.75
2025-07-10,Rotterdam,VLSFO,669.27
2025-07-10,Rotterdam,LSMGO,858.82
2025-07-10,Rotterdam,HSFO,511.98
2025-07-10,Visakhapatnam,VLSFO,731.44
2025-07-10,Visakhapatnam,LSMGO,922.4
2025-07-10,Visakhapatnam,HSFO,569.73
2025-07-11,Singapore,VLSFO,708.55
2025-07-11,Singapore,LSMGO,898.3
2025-07-11,Singapore,HSFO,551.77
2025-07-11,Fujairah,VLSFO,695.62
2025-07-11,Fujairah,LSMGO,885.63
2025-07-11,Fujairah,HSFO,535.99
2025-07-11,Rotterdam,VLSFO,684.25
2025-07-11,Rotterdam,LSMGO,872.38
2025-07-11,Rotterdam,HSFO,526.36
2025-07-11,Visakhapatnam,VLSFO,742.46
2025-07-11,Visakhapatnam,LSMGO,936.24
2025-07-11,Visakhapatnam,HSFO,581.49
2025-07-14,Singapore,VLSFO,692.92
2025-07-14,Singapore,LSMGO,884.42
2025-07-14,Singapore,HSFO,529.99
2025-07-14,Fujairah,VLSFO,682.79
2025-07-14,Fujairah,LSMGO,869.7
2025-07-14,Fujairah,HSFO,522.66
2025-07-14,Rotterdam,VLSFO,668.04
2025-07-14,Rotterdam,LSMGO,855.79
2025-07-14,Rotterdam,HSFO,505.11
2025-07-14,Visakhapatnam,VLSFO,725.8
2025-07-14,Visakhapatnam,LSMGO,914.54
2025-07-14,Visakhapatnam,HSFO,564.85
2025-07-15,Singapore,VLSFO,683.46
2025-07-15,Singapore,LSMGO,875.37
2025-07-15,Singapore,HSFO,527.6
2025-07-15,Fujairah,VLSFO,671.68
2025-07-15,Fujairah,LSMGO,861.61
2025-07-15,Fujairah,HSFO,514.69
2025-07-15,Rotterdam,VLSFO,659.01
2025-07-15,Rotterdam,LSMGO,848.42
2025-07-15,Rotterdam,HSFO,498.83
2025-07-15,Visakhapatnam,VLSFO,723.37
2025-07-15,Visakhapatnam,LSMGO,912.76
2025-07-15,Visakhapatnam,HSFO,559.95
2025-07-16,Singapore,VLSFO,686.89
2025-07-16,Singapore,LSMGO,876.18
2025-07-16,Singapore,HSFO,527.02
2025-07-16,Fujairah,VLSFO,675.05
2025-07-16,Fujairah,LSMGO,864.73
2025-07-16,Fujairah,HSFO,512.55
2025-07-16,Rotterdam,VLSFO,658.19
2025-07-16,Rotterdam,LSMGO,850.69
2025-07-16,Rotterdam,HSFO,503.3
2025-07-16,Visakhapatnam,VLSFO,721.37
2025-07-16,Visakhapatnam,LSMGO,912.95
2025-07-16,Visakhapatnam,HSFO,563.9
2025-07-17,Singapore,VLSFO,684.49
2025-07-17,Singapore,LSMGO,877.66
2025-07-17,Singapore,HSFO,527.55
2025-07-17,Fujairah,VLSFO,677.38
2025-07-17,Fujairah,LSMGO,867.42
2025-07-17,Fujairah,HSFO,515.62
2025-07-17,Rotterdam,VLSFO,659.97
2025-07-17,Rotterdam,LSMGO,853.3
2025-07-17,Rotterdam,HSFO,499.15
2025-07-17,Visakhapatnam,VLSFO,723.19
2025-07-17,Visakhapatnam,LSMGO,913.97
2025-07-17,Visakhapatnam,HSFO,560.8
2025-07-18,Singapore,VLSFO,682.72
2025-07-18,Singapore,LSMGO,871.52
2025-07-18,Singapore,HSFO,521.57
2025-07-18,Fujairah,VLSFO,668.8
2025-07-18,Fujairah,LSMGO,861.51
2025-07-18,Fujairah,HSFO,512.56
2025-07-18,Rotterdam,VLSFO,659.58
2025-07-18,Rotterdam,LSMGO,844.99
2025-07-18,Rotterdam,HSFO,499.19
2025-07-18,Visakhapatnam,VLSFO,718.36
2025-07-18,Visakhapatnam,LSMGO,905.46
2025-07-18,Visakhapatnam,HSFO,554.34
2025-07-21,Singapore,VLSFO,686.99
2025-07-21,Singapore,LSMGO,880.85
2025-07-21,Singapore,HSFO,529.18
2025-07-21,Fujairah,VLSFO,677.7
2025-07-21,Fujairah,LSMGO,864.92
2025-07-21,Fujairah,HSFO,517.69
2025-07-21,Rotterdam,VLSFO,660.55
2025-07-21,Rotterdam,LSMGO,852.63
2025-07-21,Rotterdam,HSFO,504.14
2025-07-21,Visakhapatnam,VLSFO,721.25
2025-07-21,Visakhapatnam,LSMGO,915.32
2025-07-21,Visakhapatnam,HSFO,561.79
2025-07-22,Singapore,VLSFO,678.34
2025-07-22,Singapore,LSMGO,866.85
2025-07-22,Singapore,HSFO,518.0
2025-07-22,Fujairah,VLSFO,663.07
2025-07-22,Fujairah,LSMGO,852.52
2025-07-22,Fujairah,HSFO,507.88
2025-07-22,Rotterdam,VLSFO,651.04
2025-07-22,Rotterdam,LSMGO,844.34
2025-07-22,Rotterdam,HSFO,495.42
2025-07-22,Visakhapatnam,VLSFO,710.69
2025-07-22,Visakhapatnam,LSMGO,901.01
2025-07-22,Visakhapatnam,HSFO,553.4
2025-07-23,Singapore,VLSFO,678.84
2025-07-23,Singapore,LSMGO,868.54
2025-07-23,Singapore,HSFO,516.06
2025-07-23,Fujairah,VLSFO,665.81
2025-07-23,Fujairah,LSMGO,851.86
2025-07-23,Fujairah,HSFO,506.91
2025-07-23,Rotterdam,VLSFO,653.83
2025-07-23,Rotterdam,LSMGO,839.03
2025-07-23,Rotterdam,HSFO,489.84
2025-07-23,Visakhapatnam,VLSFO,708.65
2025-07-23,Visakhapatnam,LSMGO,899.67
2025-07-23,Visakhapatnam,HSFO,552.94
2025-07-24,Singapore,VLSFO,676.6
2025-07-24,Singapore,LSMGO,864.86
2025-07-24,Singapore,HSFO,516.38
2025-07-24,Fujairah,VLSFO,668.22
2025-07-24,Fujairah,LSMGO,856.11
2025-07-24,Fujairah,HSFO,504.83
2025-07-24,Rotterdam,VLSFO,650.33
2025-07-24,Rotterdam,LSMGO,845.25
2025-07-24,Rotterdam,HSFO,494.26
2025-07-24,Visakhapatnam,VLSFO,711.02
2025-07-24,Visakhapatnam,LSMGO,899.75
2025-07-24,Visakhapatnam,HSFO,549.67
2025-07-25,Singapore,VLSFO,680.35
2025-07-25,Singapore,LSMGO,873.11
2025-07-25,Singapore,HSFO,525.2
2025-07-25,Fujairah,VLSFO,670.61
2025-07-25,Fujairah,LSMGO,862.68
2025-07-25,Fujairah,HSFO,510.3
2025-07-25,Rotterdam,VLSFO,658.88
2025-07-25,Rotterdam,LSMGO,849.02
2025-07-25,Rotterdam,HSFO,495.67
2025-07-25,Visakhapatnam,VLSFO,716.79
2025-07-25,Visakhapatnam,LSMGO,908.45
2025-07-25,Visakhapatnam,HSFO,555.05
2025-07-28,Singapore,VLSFO,689.15
2025-07-28,Singapore,LSMGO,880.19
2025-07-28,Singapore,HSFO,532.96
2025-07-28,Fujairah,VLSFO,677.83
2025-07-28,Fujairah,LSMGO,869.88
2025-07-28,Fujairah,HSFO,517.57
2025-07-28,Rotterdam,VLSFO,666.76
2025-07-28,Rotterdam,LSMGO,855.55
2025-07-28,Rotterdam,HSFO,507.3
2025-07-28,Visakhapatnam,VLSFO,724.45
2025-07-28,Visakhapatnam,LSMGO,915.61
2025-07-28,Visakhapatnam,HSFO,565.76
2025-07-29,Singapore,VLSFO,677.91
2025-07-29,Singapore,LSMGO,866.28
2025-07-29,Singapore,HSFO,515.97
2025-07-29,Fujairah,VLSFO,663.51
2025-07-29,Fujairah,LSMGO,858.65
2025-07-29,Fujairah,HSFO,504.83
2025-07-29,Rotterdam,VLSFO,651.68
2025-07-29,Rotterdam,LSMGO,844.83
2025-07-29,Rotterdam,HSFO,492.33
2025-07-29,Visakhapatnam,VLSFO,713.45
2025-07-29,Visakhapatnam,LSMGO,901.39
2025-07-29,Visakhapatnam,HSFO,556.17
2025-07-30,Singapore,VLSFO,664.98
2025-07-30,Singapore,LSMGO,855.05
2025-07-30,Singapore,HSFO,502.31
2025-07-30,Fujairah,VLSFO,652.44
2025-07-30,Fujairah,LSMGO,838.73
2025-07-30,Fujairah,HSFO,487.92
2025-07-30,Rotterdam,VLSFO,634.99
2025-07-30,Rotterdam,LSMGO,828.39
2025-07-30,Rotterdam,HSFO,477.6
2025-07-30,Visakhapatnam,VLSFO,697.97
2025-07-30,Visakhapatnam,LSMGO,884.91
2025-07-30,Visakhapatnam,HSFO,537.4
2025-07-31,Singapore,VLSFO,676.95
2025-07-31,Singapore,LSMGO,865.29
2025-07-31,Singapore,HSFO,517.03
2025-07-31,Fujairah,VLSFO,662.03
2025-07-31,Fujairah,LSMGO,855.52
2025-07-31,Fujairah,HSFO,504.17
2025-07-31,Rotterdam,VLSFO,648.9
2025-07-31,Rotterdam,LSMGO,839.06
2025-07-31,Rotterdam,HSFO,491.4
2025-07-31,Visakhapatnam,VLSFO,712.62
2025-07-31,Visakhapatnam,LSMGO,900.13
2025-07-31,Visakhapatnam,HSFO,549.19
2025-08-01,Singapore,VLSFO,681.27
2025-08-01,Singapore,LSMGO,870.09
2025-08-01,Singapore,HSFO,518.76
2025-08-01,Fujairah,VLSFO,667.0
2025-08-01,Fujairah,LSMGO,855.3
2025-08-01,Fujairah,HSFO,507.83
2025-08-01,Rotterdam,VLSFO,653.22
2025-08-01,Rotterdam,LSMGO,847.05
2025-08-01,Rotterdam,HSFO,493.95
2025-08-01,Visakhapatnam,VLSFO,713.99
2025-08-01,Visakhapatnam,LSMGO,904.47
2025-08-01,Visakhapatnam,HSFO,556.57
2025-08-04,Singapore,VLSFO,673.32
2025-08-04,Singapore,LSMGO,861.22
2025-08-04,Singapore,HSFO,512.83
2025-08-04,Fujairah,VLSFO,660.03
2025-08-04,Fujairah,LSMGO,849.47
2025-08-04,Fujairah,HSFO,497.67
2025-08-04,Rotterdam,VLSFO,646.3
2025-08-04,Rotterdam,LSMGO,834.99
2025-08-04,Rotterdam,HSFO,489.01
2025-08-04,Visakhapatnam,VLSFO,705.53
2025-08-04,Visakhapatnam,LSMGO,899.23
2025-08-04,Visakhapatnam,HSFO,546.71
2025-08-05,Singapore,VLSFO,688.0
2025-08-05,Singapore,LSMGO,877.47
2025-08-05,Singapore,HSFO,524.98
2025-08-05,Fujairah,VLSFO,674.46
2025-08-05,Fujairah,LSMGO,862.8
2025-08-05,Fujairah,HSFO,515.95
2025-08-05,Rotterdam,VLSFO,661.89
2025-08-05,Rotterdam,LSMGO,853.88
2025-08-05,Rotterdam,HSFO,500.53
2025-08-05,Visakhapatnam,VLSFO,720.19
2025-08-05,Visakhapatnam,LSMGO,911.65
2025-08-05,Visakhapatnam,HSFO,564.77
2025-08-06,Singapore,VLSFO,689.73
2025-08-06,Singapore,LSMGO,877.98
2025-08-06,Singapore,HSFO,528.57
2025-08-06,Fujairah,VLSFO,673.97
2025-08-06,Fujairah,LSMGO,869.38
2025-08-06,Fujairah,HSFO,517.47
2025-08-06,Rotterdam,VLSFO,662.18
2025-08-06,Rotterdam,LSMGO,853.98
2025-08-06,Rotterdam,HSFO,501.13
2025-08-06,Visakhapatnam,VLSFO,726.26
2025-08-06,Visakhapatnam,LSMGO,911.52
2025-08-06,Visakhapatnam,HSFO,564.36
2025-08-07,Singapore,VLSFO,699.19
2025-08-07,Singapore,LSMGO,892.02
2025-08-07,Singapore,HSFO,542.38
2025-08-07,Fujairah,VLSFO,689.76
2025-08-07,Fujairah,LSMGO,879.4
2025-08-07,Fujairah,HSFO,531.07
2025-08-07,Rotterdam,VLSFO,673.19
2025-08-07,Rotterdam,LSMGO,864.7
2025-08-07,Rotterdam,HSFO,514.21
2025-08-07,Visakhapatnam,VLSFO,738.64
2025-08-07,Visakhapatnam,LSMGO,925.05
2025-08-07,Visakhapatnam,HSFO,577.11
2025-08-08,Singapore,VLSFO,702.6
2025-08-08,Singapore,LSMGO,889.77
2025-08-08,Singapore,HSFO,539.93
2025-08-08,Fujairah,VLSFO,688.18
2025-08-08,Fujairah,LSMGO,878.96
2025-08-08,Fujairah,HSFO,527.9
2025-08-08,Rotterdam,VLSFO,673.61
2025-08-08,Rotterdam,LSMGO,868.77
2025-08-08,Rotterdam,HSFO,519.29
2025-08-08,Visakhapatnam,VLSFO,735.55
2025-08-08,Visakhapatnam,LSMGO,925.53
2025-08-08,Visakhapatnam,HSFO,573.54
2025-08-11,Singapore,VLSFO,724.33
2025-08-11,Singapore,LSMGO,915.2
2025-08-11,Singapore,HSFO,561.13
2025-08-11,Fujairah,VLSFO,709.21
2025-08-11,Fujairah,LSMGO,902.99
2025-08-11,Fujairah,HSFO,551.95
2025-08-11,Rotterdam,VLSFO,695.52
2025-08-11,Rotterdam,LSMGO,888.99
2025-08-11,Rotterdam,HSFO,537.1
2025-08-11,Visakhapatnam,VLSFO,757.46
2025-08-11,Visakhapatnam,LSMGO,949.87
2025-08-11,Visakhapatnam,HSFO,600.12
2025-08-12,Singapore,VLSFO,741.77
2025-08-12,Singapore,LSMGO,935.05
2025-08-12,Singapore,HSFO,581.8
2025-08-12,Fujairah,VLSFO,732.0
2025-08-12,Fujairah,LSMGO,920.27
2025-08-12,Fujairah,HSFO,572.75
2025-08-12,Rotterdam,VLSFO,719.81
2025-08-12,Rotterdam,LSMGO,904.89
2025-08-12,Rotterdam,HSFO,559.98
2025-08-12,Visakhapatnam,VLSFO,779.32
2025-08-12,Visakhapatnam,LSMGO,969.11
2025-08-12,Visakhapatnam,HSFO,615.57
2025-08-13,Singapore,VLSFO,741.5
2025-08-13,Singapore,LSMGO,931.77
2025-08-13,Singapore,HSFO,578.4
2025-08-13,Fujairah,VLSFO,730.38
2025-08-13,Fujairah,LSMGO,914.97
2025-08-13,Fujairah,HSFO,565.57
2025-08-13,Rotterdam,VLSFO,714.89
2025-08-13,Rotterdam,LSMGO,905.12
2025-08-13,Rotterdam,HSFO,555.54
2025-08-13,Visakhapatnam,VLSFO,771.77
2025-08-13,Visakhapatnam,LSMGO,967.43
2025-08-13,Visakhapatnam,HSFO,611.94
2025-08-14,Singapore,VLSFO,748.38
2025-08-14,Singapore,LSMGO,937.61
2025-08-14,Singapore,HSFO,590.92
2025-08-14,Fujairah,VLSFO,741.11
2025-08-14,Fujairah,LSMGO,929.52
2025-08-14,Fujairah,HSFO,580.46
2025-08-14,Rotterdam,VLSFO,722.6
2025-08-14,Rotterdam,LSMGO,915.77
2025-08-14,Rotterdam,HSFO,565.28
2025-08-14,Visakhapatnam,VLSFO,785.51
2025-08-14,Visakhapatnam,LSMGO,972.95
2025-08-14,Visakhapatnam,HSFO,626.63
2025-08-15,Singapore,VLSFO,757.88
2025-08-15,Singapore,LSMGO,949.45
2025-08-15,Singapore,HSFO,597.77
2025-08-15,Fujairah,VLSFO,743.76
2025-08-15,Fujairah,LSMGO,936.75
2025-08-15,Fujairah,HSFO,583.9
2025-08-15,Rotterdam,VLSFO,735.1
2025-08-15,Rotterdam,LSMGO,923.54
2025-08-15,Rotterdam,HSFO,570.8
2025-08-15,Visakhapatnam,VLSFO,795.64
2025-08-15,Visakhapatnam,LSMGO,982.97
2025-08-15,Visakhapatnam,HSFO,630.3
2025-08-18,Singapore,VLSFO,774.26
2025-08-18,Singapore,LSMGO,962.02
2025-08-18,Singapore,HSFO,615.32
2025-08-18,Fujairah,VLSFO,763.4
2025-08-18,Fujairah,LSMGO,954.37
2025-08-18,Fujairah,HSFO,601.51
2025-08-18,Rotterdam,VLSFO,748.23
2025-08-18,Rotterdam,LSMGO,940.02
2025-08-18,Rotterdam,HSFO,586.29
2025-08-18,Visakhapatnam,VLSFO,808.78
2025-08-18,Visakhapatnam,LSMGO,998.77
2025-08-18,Visakhapatnam,HSFO,646.03
2025-08-19,Singapore,VLSFO,761.89
2025-08-19,Singapore,LSMGO,954.5
2025-08-19,Singapore,HSFO,604.51
2025-08-19,Fujairah,VLSFO,747.97
2025-08-19,Fujairah,LSMGO,937.92
2025-08-19,Fujairah,HSFO,588.95
2025-08-19,Rotterdam,VLSFO,739.63
2025-08-19,Rotterdam,LSMGO,925.15
2025-08-19,Rotterdam,HSFO,578.7
2025-08-19,Visakhapatnam,VLSFO,794.98
2025-08-19,Visakhapatnam,LSMGO,988.12
2025-08-19,Visakhapatnam,HSFO,636.51
2025-08-20,Singapore,VLSFO,772.03
2025-08-20,Singapore,LSMGO,958.7
2025-08-20,Singapore,HSFO,611.13
2025-08-20,Fujairah,VLSFO,756.71
2025-08-20,Fujairah,LSMGO,949.58
2025-08-20,Fujairah,HSFO,600.54
2025-08-20,Rotterdam,VLSFO,743.06
2025-08-20,Rotterdam,LSMGO,937.5
2025-08-20,Rotterdam,HSFO,585.86
2025-08-20,Visakhapatnam,VLSFO,803.06
2025-08-20,Visakhapatnam,LSMGO,994.86
2025-08-20,Visakhapatnam,HSFO,643.26
2025-08-21,Singapore,VLSFO,783.81
2025-08-21,Singapore,LSMGO,974.16
2025-08-21,Singapore,HSFO,620.24
2025-08-21,Fujairah,VLSFO,770.64
2025-08-21,Fujairah,LSMGO,962.49
2025-08-21,Fujairah,HSFO,613.22
2025-08-21,Rotterdam,VLSFO,757.69
2025-08-21,Rotterdam,LSMGO,950.31
2025-08-21,Rotterdam,HSFO,597.82
2025-08-21,Visakhapatnam,VLSFO,816.97
2025-08-21,Visakhapatnam,LSMGO,1009.7
2025-08-21,Visakhapatnam,HSFO,657.56
2025-08-22,Singapore,VLSFO,761.87
2025-08-22,Singapore,LSMGO,951.98
2025-08-22,Singapore,HSFO,604.12
2025-08-22,Fujairah,VLSFO,752.03
2025-08-22,Fujairah,LSMGO,939.46
2025-08-22,Fujairah,HSFO,589.04
2025-08-22,Rotterdam,VLSFO,736.99
2025-08-22,Rotterdam,LSMGO,927.47
2025-08-22,Rotterdam,HSFO,575.47
2025-08-22,Visakhapatnam,VLSFO,798.8
2025-08-22,Visakhapatnam,LSMGO,986.96
2025-08-22,Visakhapatnam,HSFO,636.04
2025-08-25,Singapore,VLSFO,746.23
2025-08-25,Singapore,LSMGO,937.02
2025-08-25,Singapore,HSFO,591.28
2025-08-25,Fujairah,VLSFO,735.42
2025-08-25,Fujairah,LSMGO,924.6
2025-08-25,Fujairah,HSFO,576.35
2025-08-25,Rotterdam,VLSFO,722.43
2025-08-25,Rotterdam,LSMGO,910.8
2025-08-25,Rotterdam,HSFO,562.53
2025-08-25,Visakhapatnam,VLSFO,783.85
2025-08-25,Visakhapatnam,LSMGO,973.9
2025-08-25,Visakhapatnam,HSFO,622.73
2025-08-26,Singapore,VLSFO,725.45
2025-08-26,Singapore,LSMGO,918.56
2025-08-26,Singapore,HSFO,565.03
2025-08-26,Fujairah,VLSFO,712.32
2025-08-26,Fujairah,LSMGO,902.23
2025-08-26,Fujairah,HSFO,553.51
2025-08-26,Rotterdam,VLSFO,702.32
2025-08-26,Rotterdam,LSMGO,889.0
2025-08-26,Rotterdam,HSFO,542.02
2025-08-26,Visakhapatnam,VLSFO,757.89
2025-08-26,Visakhapatnam,LSMGO,950.28
2025-08-26,Visakhapatnam,HSFO,602.42
2025-08-27,Singapore,VLSFO,721.94
2025-08-27,Singapore,LSMGO,913.29
2025-08-27,Singapore,HSFO,561.14
2025-08-27,Fujairah,VLSFO,712.36
2025-08-27,Fujairah,LSMGO,898.22
2025-08-27,Fujairah,HSFO,553.02
2025-08-27,Rotterdam,VLSFO,696.09
2025-08-27,Rotterdam,LSMGO,890.15
2025-08-27,Rotterdam,HSFO,537.02
2025-08-27,Visakhapatnam,VLSFO,759.24
2025-08-27,Visakhapatnam,LSMGO,946.82
2025-08-27,Visakhapatnam,HSFO,600.34
2025-08-28,Singapore,VLSFO,728.52
2025-08-28,Singapore,LSMGO,918.83
2025-08-28,Singapore,HSFO,570.72
2025-08-28,Fujairah,VLSFO,716.25
2025-08-28,Fujairah,LSMGO,906.93
2025-08-28,Fujairah,HSFO,561.42
2025-08-28,Rotterdam,VLSFO,708.62
2025-08-28,Rotterdam,LSMGO,895.02
2025-08-28,Rotterdam,HSFO,548.3
2025-08-28,Visakhapatnam,VLSFO,766.03
2025-08-28,Visakhapatnam,LSMGO,954.38
2025-08-28,Visakhapatnam,HSFO,606.97
2025-08-29,Singapore,VLSFO,748.25
2025-08-29,Singapore,LSMGO,940.23
2025-08-29,Singapore,HSFO,585.89
2025-08-29,Fujairah,VLSFO,736.33
2025-08-29,Fujairah,LSMGO,922.61
2025-08-29,Fujairah,HSFO,572.98
2025-08-29,Rotterdam,VLSFO,719.32
2025-08-29,Rotterdam,LSMGO,915.3
2025-08-29,Rotterdam,HSFO,564.11
2025-08-29,Visakhapatnam,VLSFO,784.02
2025-08-29,Visakhapatnam,LSMGO,972.36
2025-08-29,Visakhapatnam,HSFO,621.1
2025-09-01,Singapore,VLSFO,746.11
2025-09-01,Singapore,LSMGO,936.91
2025-09-01,Singapore,HSFO,587.46
2025-09-01,Fujairah,VLSFO,737.74
2025-09-01,Fujairah,LSMGO,926.44
2025-09-01,Fujairah,HSFO,573.67
2025-09-01,Rotterdam,VLSFO,720.31
2025-09-01,Rotterdam,LSMGO,910.82
2025-09-01,Rotterdam,HSFO,562.67
2025-09-01,Visakhapatnam,VLSFO,785.8
2025-09-01,Visakhapatnam,LSMGO,974.03
2025-09-01,Visakhapatnam,HSFO,625.02
2025-09-02,Singapore,VLSFO,766.36
2025-09-02,Singapore,LSMGO,955.73
2025-09-02,Singapore,HSFO,604.21
2025-09-02,Fujairah,VLSFO,756.81
2025-09-02,Fujairah,LSMGO,946.26
2025-09-02,Fujairah,HSFO,592.57
2025-09-02,Rotterdam,VLSFO,741.63
2025-09-02,Rotterdam,LSMGO,931.48
2025-09-02,Rotterdam,HSFO,582.31
2025-09-02,Visakhapatnam,VLSFO,804.23
2025-09-02,Visakhapatnam,LSMGO,992.04
2025-09-02,Visakhapatnam,HSFO,641.8
2025-09-03,Singapore,VLSFO,748.07
2025-09-03,Singapore,LSMGO,938.14
2025-09-03,Singapore,HSFO,588.89
2025-09-03,Fujairah,VLSFO,735.96
2025-09-03,Fujairah,LSMGO,930.23
2025-09-03,Fujairah,HSFO,580.11
2025-09-03,Rotterdam,VLSFO,723.58
2025-09-03,Rotterdam,LSMGO,917.78
2025-09-03,Rotterdam,HSFO,563.69
2025-09-03,Visakhapatnam,VLSFO,784.57
2025-09-03,Visakhapatnam,LSMGO,974.26
2025-09-03,Visakhapatnam,HSFO,625.0
2025-09-04,Singapore,VLSFO,730.19
2025-09-04,Singapore,LSMGO,921.59
2025-09-04,Singapore,HSFO,571.1
2025-09-04,Fujairah,VLSFO,722.58
2025-09-04,Fujairah,LSMGO,906.99
2025-09-04,Fujairah,HSFO,557.51
2025-09-04,Rotterdam,VLSFO,703.97
2025-09-04,Rotterdam,LSMGO,897.41
2025-09-04,Rotterdam,HSFO,543.99
2025-09-04,Visakhapatnam,VLSFO,768.68
2025-09-04,Visakhapatnam,LSMGO,956.73
2025-09-04,Visakhapatnam,HSFO,606.82
2025-09-05,Singapore,VLSFO,731.49
2025-09-05,Singapore,LSMGO,919.15
2025-09-05,Singapore,HSFO,569.31
2025-09-05,Fujairah,VLSFO,718.03
2025-09-05,Fujairah,LSMGO,909.68
2025-09-05,Fujairah,HSFO,557.38
2025-09-05,Rotterdam,VLSFO,703.82
2025-09-05,Rotterdam,LSMGO,898.94
2025-09-05,Rotterdam,HSFO,543.25
2025-09-05,Visakhapatnam,VLSFO,767.94
2025-09-05,Visakhapatnam,LSMGO,957.85
2025-09-05,Visakhapatnam,HSFO,604.9
2025-09-08,Singapore,VLSFO,733.22
2025-09-08,Singapore,LSMGO,923.28
2025-09-08,Singapore,HSFO,576.59
2025-09-08,Fujairah,VLSFO,724.26
2025-09-08,Fujairah,LSMGO,915.1
2025-09-08,Fujairah,HSFO,566.03
2025-09-08,Rotterdam,VLSFO,711.56
2025-09-08,Rotterdam,LSMGO,898.34
2025-09-08,Rotterdam,HSFO,548.87
2025-09-08,Visakhapatnam,VLSFO,772.46
2025-09-08,Visakhapatnam,LSMGO,958.66
2025-09-08,Visakhapatnam,HSFO,607.84
2025-09-09,Singapore,VLSFO,736.34
2025-09-09,Singapore,LSMGO,924.53
2025-09-09,Singapore,HSFO,577.64
2025-09-09,Fujairah,VLSFO,724.02
2025-09-09,Fujairah,LSMGO,910.66
2025-09-09,Fujairah,HSFO,565.81
2025-09-09,Rotterdam,VLSFO,708.67
2025-09-09,Rotterdam,LSMGO,899.14
2025-09-09,Rotterdam,HSFO,549.53
2025-09-09,Visakhapatnam,VLSFO,767.43
2025-09-09,Visakhapatnam,LSMGO,960.1
2025-09-09,Visakhapatnam,HSFO,607.86
2025-09-10,Singapore,VLSFO,711.8
2025-09-10,Singapore,LSMGO,901.5
2025-09-10,Singapore,HSFO,554.03
2025-09-10,Fujairah,VLSFO,702.21
2025-09-10,Fujairah,LSMGO,888.32
2025-09-10,Fujairah,HSFO,539.6
2025-09-10,Rotterdam,VLSFO,686.64
2025-09-10,Rotterdam,LSMGO,875.3
2025-09-10,Rotterdam,HSFO,529.19
2025-09-10,Visakhapatnam,VLSFO,748.64
2025-09-10,Visakhapatnam,LSMGO,935.54
2025-09-10,Visakhapatnam,HSFO,586.6
2025-09-11,Singapore,VLSFO,709.15
2025-09-11,Singapore,LSMGO,902.28
2025-09-11,Singapore,HSFO,549.24
2025-09-11,Fujairah,VLSFO,702.43
2025-09-11,Fujairah,LSMGO,891.2
2025-09-11,Fujairah,HSFO,538.86
2025-09-11,Rotterdam,VLSFO,686.99
2025-09-11,Rotterdam,LSMGO,878.98
2025-09-11,Rotterdam,HSFO,526.84
2025-09-11,Visakhapatnam,VLSFO,744.56
2025-09-11,Visakhapatnam,LSMGO,935.79
2025-09-11,Visakhapatnam,HSFO,588.57
2025-09-12,Singapore,VLSFO,698.53
2025-09-12,Singapore,LSMGO,888.57
2025-09-12,Singapore,HSFO,539.86
2025-09-12,Fujairah,VLSFO,688.03
2025-09-12,Fujairah,LSMGO,878.18
2025-09-12,Fujairah,HSFO,523.23
2025-09-12,Rotterdam,VLSFO,672.93
2025-09-12,Rotterdam,LSMGO,864.11
2025-09-12,Rotterdam,HSFO,514.21
2025-09-12,Visakhapatnam,VLSFO,733.3
2025-09-12,Visakhapatnam,LSMGO,920.66
2025-09-12,Visakhapatnam,HSFO,574.45
2025-09-15,Singapore,VLSFO,706.06
2025-09-15,Singapore,LSMGO,892.26
2025-09-15,Singapore,HSFO,544.52
2025-09-15,Fujairah,VLSFO,690.79
2025-09-15,Fujairah,LSMGO,881.77
2025-09-15,Fujairah,HSFO,529.85
2025-09-15,Rotterdam,VLSFO,679.14
2025-09-15,Rotterdam,LSMGO,870.04
2025-09-15,Rotterdam,HSFO,520.46
2025-09-15,Visakhapatnam,VLSFO,740.72
2025-09-15,Visakhapatnam,LSMGO,931.76
2025-09-15,Visakhapatnam,HSFO,578.03
2025-09-16,Singapore,VLSFO,706.41
2025-09-16,Singapore,LSMGO,900.8
2025-09-16,Singapore,HSFO,546.63
2025-09-16,Fujairah,VLSFO,699.54
2025-09-16,Fujairah,LSMGO,888.74
2025-09-16,Fujairah,HSFO,536.69
2025-09-16,Rotterdam,VLSFO,686.58
2025-09-16,Rotterdam,LSMGO,871.27
2025-09-16,Rotterdam,HSFO,522.51
2025-09-16,Visakhapatnam,VLSFO,744.52
2025-09-16,Visakhapatnam,LSMGO,932.79
2025-09-16,Visakhapatnam,HSFO,586.26
2025-09-17,Singapore,VLSFO,696.16
2025-09-17,Singapore,LSMGO,889.06
2025-09-17,Singapore,HSFO,539.31
2025-09-17,Fujairah,VLSFO,687.68
2025-09-17,Fujairah,LSMGO,875.3
2025-09-17,Fujairah,HSFO,525.95
2025-09-17,Rotterdam,VLSFO,675.83
2025-09-17,Rotterdam,LSMGO,861.94
2025-09-17,Rotterdam,HSFO,515.73
2025-09-17,Visakhapatnam,VLSFO,734.14
2025-09-17,Visakhapatnam,LSMGO,925.34
2025-09-17,Visakhapatnam,HSFO,575.05
2025-09-18,Singapore,VLSFO,691.7
2025-09-18,Singapore,LSMGO,883.86
2025-09-18,Singapore,HSFO,535.66
2025-09-18,Fujairah,VLSFO,681.04
2025-09-18,Fujairah,LSMGO,874.25
2025-09-18,Fujairah,HSFO,521.16
2025-09-18,Rotterdam,VLSFO,666.31
2025-09-18,Rotterdam,LSMGO,857.79
2025-09-18,Rotterdam,HSFO,511.16
2025-09-18,Visakhapatnam,VLSFO,727.37
2025-09-18,Visakhapatnam,LSMGO,920.66
2025-09-18,Visakhapatnam,HSFO,570.74
2025-09-19,Singapore,VLSFO,681.6
2025-09-19,Singapore,LSMGO,870.0
2025-09-19,Singapore,HSFO,523.85
2025-09-19,Fujairah,VLSFO,669.37
2025-09-19,Fujairah,LSMGO,862.2
2025-09-19,Fujairah,HSFO,510.16
2025-09-19,Rotterdam,VLSFO,657.41
2025-09-19,Rotterdam,LSMGO,849.17
2025-09-19,Rotterdam,HSFO,496.8
2025-09-19,Visakhapatnam,VLSFO,717.16
2025-09-19,Visakhapatnam,LSMGO,906.76
2025-09-19,Visakhapatnam,HSFO,556.71
2025-09-22,Singapore,VLSFO,682.08
2025-09-22,Singapore,LSMGO,873.78
2025-09-22,Singapore,HSFO,521.1
2025-09-22,Fujairah,VLSFO,670.07
2025-09-22,Fujairah,LSMGO,860.95
2025-09-22,Fujairah,HSFO,508.55
2025-09-22,Rotterdam,VLSFO,655.59
2025-09-22,Rotterdam,LSMGO,849.53
2025-09-22,Rotterdam,HSFO,498.27
2025-09-22,Visakhapatnam,VLSFO,717.39
2025-09-22,Visakhapatnam,LSMGO,907.82
2025-09-22,Visakhapatnam,HSFO,554.1
2025-09-23,Singapore,VLSFO,692.48
2025-09-23,Singapore,LSMGO,881.82
2025-09-23,Singapore,HSFO,532.04
2025-09-23,Fujairah,VLSFO,678.92
2025-09-23,Fujairah,LSMGO,867.26
2025-09-23,Fujairah,HSFO,517.93
2025-09-23,Rotterdam,VLSFO,669.47
2025-09-23,Rotterdam,LSMGO,856.22
2025-09-23,Rotterdam,HSFO,506.57
2025-09-23,Visakhapatnam,VLSFO,724.08
2025-09-23,Visakhapatnam,LSMGO,913.99
2025-09-23,Visakhapatnam,HSFO,568.07
2025-09-24,Singapore,VLSFO,681.84
2025-09-24,Singapore,LSMGO,871.66
2025-09-24,Singapore,HSFO,520.07
2025-09-24,Fujairah,VLSFO,671.08
2025-09-24,Fujairah,LSMGO,857.62
2025-09-24,Fujairah,HSFO,507.75
2025-09-24,Rotterdam,VLSFO,656.37
2025-09-24,Rotterdam,LSMGO,845.33
2025-09-24,Rotterdam,HSFO,495.09
2025-09-24,Visakhapatnam,VLSFO,717.48
2025-09-24,Visakhapatnam,LSMGO,907.51
2025-09-24,Visakhapatnam,HSFO,558.56
2025-09-25,Singapore,VLSFO,686.34
2025-09-25,Singapore,LSMGO,874.27
2025-09-25,Singapore,HSFO,525.47
2025-09-25,Fujairah,VLSFO,677.71
2025-09-25,Fujairah,LSMGO,865.41
2025-09-25,Fujairah,HSFO,516.09
2025-09-25,Rotterdam,VLSFO,658.87
2025-09-25,Rotterdam,LSMGO,851.94
2025-09-25,Rotterdam,HSFO,499.05
2025-09-25,Visakhapatnam,VLSFO,722.24
2025-09-25,Visakhapatnam,LSMGO,914.35
2025-09-25,Visakhapatnam,HSFO,564.64
2025-09-26,Singapore,VLSFO,681.68
2025-09-26,Singapore,LSMGO,871.18
2025-09-26,Singapore,HSFO,524.11
2025-09-26,Fujairah,VLSFO,670.48
2025-09-26,Fujairah,LSMGO,856.82
2025-09-26,Fujairah,HSFO,509.23
2025-09-26,Rotterdam,VLSFO,654.88
2025-09-26,Rotterdam,LSMGO,846.25
2025-09-26,Rotterdam,HSFO,496.17
2025-09-26,Visakhapatnam,VLSFO,716.93
2025-09-26,Visakhapatnam,LSMGO,905.58
2025-09-26,Visakhapatnam,HSFO,554.42
2025-09-29,Singapore,VLSFO,673.42
2025-09-29,Singapore,LSMGO,865.38
2025-09-29,Singapore,HSFO,514.38
2025-09-29,Fujairah,VLSFO,660.43
2025-09-29,Fujairah,LSMGO,854.01
2025-09-29,Fujairah,HSFO,503.87
2025-09-29,Rotterdam,VLSFO,646.66
2025-09-29,Rotterdam,LSMGO,835.64
2025-09-29,Rotterdam,HSFO,489.85
2025-09-29,Visakhapatnam,VLSFO,710.36
2025-09-29,Visakhapatnam,LSMGO,901.21
2025-09-29,Visakhapatnam,HSFO,550.74
2025-09-30,Singapore,VLSFO,672.99
2025-09-30,Singapore,LSMGO,862.57
2025-09-30,Singapore,HSFO,509.55
2025-09-30,Fujairah,VLSFO,658.87
2025-09-30,Fujairah,LSMGO,850.14
2025-09-30,Fujairah,HSFO,501.16
2025-09-30,Rotterdam,VLSFO,647.73
2025-09-30,Rotterdam,LSMGO,838.84
2025-09-30,Rotterdam,HSFO,486.06
2025-09-30,Visakhapatnam,VLSFO,707.78
2025-09-30,Visakhapatnam,LSMGO,894.91
2025-09-30,Visakhapatnam,HSFO,546.87
2025-10-01,Singapore,VLSFO,663.51
2025-10-01,Singapore,LSMGO,853.17
2025-10-01,Singapore,HSFO,504.96
2025-10-01,Fujairah,VLSFO,648.68
2025-10-01,Fujairah,LSMGO,840.0
2025-10-01,Fujairah,HSFO,488.99
2025-10-01,Rotterdam,VLSFO,636.65
2025-10-01,Rotterdam,LSMGO,829.15
2025-10-01,Rotterdam,HSFO,478.12
2025-10-01,Visakhapatnam,VLSFO,699.31
2025-10-01,Visakhapatnam,LSMGO,885.23
2025-10-01,Visakhapatnam,HSFO,539.25
2025-10-02,Singapore,VLSFO,653.94
2025-10-02,Singapore,LSMGO,848.91
2025-10-02,Singapore,HSFO,495.55
2025-10-02,Fujairah,VLSFO,643.47
2025-10-02,Fujairah,LSMGO,834.65
2025-10-02,Fujairah,HSFO,487.22
2025-10-02,Rotterdam,VLSFO,628.87
2025-10-02,Rotterdam,LSMGO,820.69
2025-10-02,Rotterdam,HSFO,473.72
2025-10-02,Visakhapatnam,VLSFO,690.96
2025-10-02,Visakhapatnam,LSMGO,879.77
2025-10-02,Visakhapatnam,HSFO,531.13
2025-10-03,Singapore,VLSFO,644.16
2025-10-03,Singapore,LSMGO,837.34
2025-10-03,Singapore,HSFO,486.42
2025-10-03,Fujairah,VLSFO,632.88
2025-10-03,Fujairah,LSMGO,825.78
2025-10-03,Fujairah,HSFO,472.64
2025-10-03,Rotterdam,VLSFO,617.2
2025-10-03,Rotterdam,LSMGO,808.42
2025-10-03,Rotterdam,HSFO,459.46
2025-10-03,Visakhapatnam,VLSFO,677.79
2025-10-03,Visakhapatnam,LSMGO,872.53
2025-10-03,Visakhapatnam,HSFO,521.45
2025-10-06,Singapore,VLSFO,662.53
2025-10-06,Singapore,LSMGO,854.46
2025-10-06,Singapore,HSFO,505.25
2025-10-06,Fujairah,VLSFO,654.56
2025-10-06,Fujairah,LSMGO,844.21
2025-10-06,Fujairah,HSFO,492.01
2025-10-06,Rotterdam,VLSFO,640.56
2025-10-06,Rotterdam,LSMGO,829.29
2025-10-06,Rotterdam,HSFO,479.23
2025-10-06,Visakhapatnam,VLSFO,696.6
2025-10-06,Visakhapatnam,LSMGO,886.67
2025-10-06,Visakhapatnam,HSFO,539.09
2025-10-07,Singapore,VLSFO,662.95
2025-10-07,Singapore,LSMGO,851.46
2025-10-07,Singapore,HSFO,505.67
2025-10-07,Fujairah,VLSFO,649.53
2025-10-07,Fujairah,LSMGO,842.91
2025-10-07,Fujairah,HSFO,492.57
2025-10-07,Rotterdam,VLSFO,642.15
2025-10-07,Rotterdam,LSMGO,829.24
2025-10-07,Rotterdam,HSFO,476.72
2025-10-07,Visakhapatnam,VLSFO,699.64
2025-10-07,Visakhapatnam,LSMGO,891.38
2025-10-07,Visakhapatnam,HSFO,542.32
2025-10-08,Singapore,VLSFO,657.01
2025-10-08,Singapore,LSMGO,846.35
2025-10-08,Singapore,HSFO,499.87
2025-10-08,Fujairah,VLSFO,643.58
2025-10-08,Fujairah,LSMGO,836.12
2025-10-08,Fujairah,HSFO,484.86
2025-10-08,Rotterdam,VLSFO,629.67
2025-10-08,Rotterdam,LSMGO,821.51
2025-10-08,Rotterdam,HSFO,471.02
2025-10-08,Visakhapatnam,VLSFO,693.54
2025-10-08,Visakhapatnam,LSMGO,885.12
2025-10-08,Visakhapatnam,HSFO,531.04
2025-10-09,Singapore,VLSFO,661.47
2025-10-09,Singapore,LSMGO,846.94
2025-10-09,Singapore,HSFO,499.83
2025-10-09,Fujairah,VLSFO,645.03
2025-10-09,Fujairah,LSMGO,840.21
2025-10-09,Fujairah,HSFO,489.2
2025-10-09,Rotterdam,VLSFO,635.55
2025-10-09,Rotterdam,LSMGO,826.55
2025-10-09,Rotterdam,HSFO,475.49
2025-10-09,Visakhapatnam,VLSFO,697.42
2025-10-09,Visakhapatnam,LSMGO,885.89
2025-10-09,Visakhapatnam,HSFO,537.15
2025-10-10,Singapore,VLSFO,658.66
2025-10-10,Singapore,LSMGO,846.26
2025-10-10,Singapore,HSFO,498.73
2025-10-10,Fujairah,VLSFO,644.32
2025-10-10,Fujairah,LSMGO,837.11
2025-10-10,Fujairah,HSFO,486.45
2025-10-10,Rotterdam,VLSFO,634.29
2025-10-10,Rotterdam,LSMGO,820.62
2025-10-10,Rotterdam,HSFO,471.73
2025-10-10,Visakhapatnam,VLSFO,693.51
2025-10-10,Visakhapatnam,LSMGO,886.26
2025-10-10,Visakhapatnam,HSFO,532.86
2025-10-13,Singapore,VLSFO,655.99
2025-10-13,Singapore,LSMGO,847.73
2025-10-13,Singapore,HSFO,497.06
2025-10-13,Fujairah,VLSFO,643.23
2025-10-13,Fujairah,LSMGO,833.91
2025-10-13,Fujairah,HSFO,482.75
2025-10-13,Rotterdam,VLSFO,634.24
2025-10-13,Rotterdam,LSMGO,819.23
2025-10-13,Rotterdam,HSFO,470.67
2025-10-13,Visakhapatnam,VLSFO,688.6
2025-10-13,Visakhapatnam,LSMGO,879.77
2025-10-13,Visakhapatnam,HSFO,533.12
2025-10-14,Singapore,VLSFO,660.76
2025-10-14,Singapore,LSMGO,850.03
2025-10-14,Singapore,HSFO,502.4
2025-10-14,Fujairah,VLSFO,647.61
2025-10-14,Fujairah,LSMGO,838.06
2025-10-14,Fujairah,HSFO,492.4
2025-10-14,Rotterdam,VLSFO,639.18
2025-10-14,Rotterdam,LSMGO,830.05
2025-10-14,Rotterdam,HSFO,479.68
2025-10-14,Visakhapatnam,VLSFO,698.65
2025-10-14,Visakhapatnam,LSMGO,884.87
2025-10-14,Visakhapatnam,HSFO,539.25
2025-10-15,Singapore,VLSFO,672.22
2025-10-15,Singapore,LSMGO,861.94
2025-10-15,Singapore,HSFO,510.2
2025-10-15,Fujairah,VLSFO,656.55
2025-10-15,Fujairah,LSMGO,850.22
2025-10-15,Fujairah,HSFO,499.51
2025-10-15,Rotterdam,VLSFO,648.03
2025-10-15,Rotterdam,LSMGO,833.08
2025-10-15,Rotterdam,HSFO,483.5
2025-10-15,Visakhapatnam,VLSFO,703.42
2025-10-15,Visakhapatnam,LSMGO,896.9
2025-10-15,Visakhapatnam,HSFO,543.27
2025-10-16,Singapore,VLSFO,662.28
2025-10-16,Singapore,LSMGO,857.87
2025-10-16,Singapore,HSFO,502.03
2025-10-16,Fujairah,VLSFO,654.89
2025-10-16,Fujairah,LSMGO,842.08
2025-10-16,Fujairah,HSFO,494.93
2025-10-16,Rotterdam,VLSFO,640.21
2025-10-16,Rotterdam,LSMGO,832.29
2025-10-16,Rotterdam,HSFO,482.44
2025-10-16,Visakhapatnam,VLSFO,696.94
2025-10-16,Visakhapatnam,LSMGO,887.34
2025-10-16,Visakhapatnam,HSFO,538.39
2025-10-17,Singapore,VLSFO,660.22
2025-10-17,Singapore,LSMGO,851.54
2025-10-17,Singapore,HSFO,498.97
2025-10-17,Fujairah,VLSFO,647.85
2025-10-17,Fujairah,LSMGO,835.34
2025-10-17,Fujairah,HSFO,489.04
2025-10-17,Rotterdam,VLSFO,637.01
2025-10-17,Rotterdam,LSMGO,822.82
2025-10-17,Rotterdam,HSFO,474.18
2025-10-17,Visakhapatnam,VLSFO,691.72
2025-10-17,Visakhapatnam,LSMGO,884.56
2025-10-17,Visakhapatnam,HSFO,534.22
2025-10-20,Singapore,VLSFO,654.42
2025-10-20,Singapore,LSMGO,846.21
2025-10-20,Singapore,HSFO,495.56
2025-10-20,Fujairah,VLSFO,644.68
2025-10-20,Fujairah,LSMGO,835.07
2025-10-20,Fujairah,HSFO,481.6
2025-10-20,Rotterdam,VLSFO,633.12
2025-10-20,Rotterdam,LSMGO,822.83
2025-10-20,Rotterdam,HSFO,470.75
2025-10-20,Visakhapatnam,VLSFO,688.87
2025-10-20,Visakhapatnam,LSMGO,883.08
2025-10-20,Visakhapatnam,HSFO,534.28
2025-10-21,Singapore,VLSFO,632.39
2025-10-21,Singapore,LSMGO,822.89
2025-10-21,Singapore,HSFO,472.05
2025-10-21,Fujairah,VLSFO,622.41
2025-10-21,Fujairah,LSMGO,809.88
2025-10-21,Fujairah,HSFO,461.09
2025-10-21,Rotterdam,VLSFO,610.13
2025-10-21,Rotterdam,LSMGO,799.31
2025-10-21,Rotterdam,HSFO,448.27
2025-10-21,Visakhapatnam,VLSFO,668.47
2025-10-21,Visakhapatnam,LSMGO,859.32
2025-10-21,Visakhapatnam,HSFO,505.98
2025-10-22,Singapore,VLSFO,617.07
2025-10-22,Singapore,LSMGO,811.89
2025-10-22,Singapore,HSFO,457.07
2025-10-22,Fujairah,VLSFO,608.84
2025-10-22,Fujairah,LSMGO,800.12
2025-10-22,Fujairah,HSFO,446.23
2025-10-22,Rotterdam,VLSFO,593.83
2025-10-22,Rotterdam,LSMGO,785.02
2025-10-22,Rotterdam,HSFO,436.89
2025-10-22,Visakhapatnam,VLSFO,657.26
2025-10-22,Visakhapatnam,LSMGO,846.04
2025-10-22,Visakhapatnam,HSFO,492.12
2025-10-23,Singapore,VLSFO,633.38
2025-10-23,Singapore,LSMGO,821.83
2025-10-23,Singapore,HSFO,472.19
2025-10-23,Fujairah,VLSFO,617.66
2025-10-23,Fujairah,LSMGO,808.52
2025-10-23,Fujairah,HSFO,462.11
2025-10-23,Rotterdam,VLSFO,607.09
2025-10-23,Rotterdam,LSMGO,796.18
2025-10-23,Rotterdam,HSFO,446.67
2025-10-23,Visakhapatnam,VLSFO,669.5
2025-10-23,Visakhapatnam,LSMGO,858.86
2025-10-23,Visakhapatnam,HSFO,506.0
2025-10-24,Singapore,VLSFO,645.74
2025-10-24,Singapore,LSMGO,836.55
2025-10-24,Singapore,HSFO,490.56
2025-10-24,Fujairah,VLSFO,636.53
2025-10-24,Fujairah,LSMGO,826.24
2025-10-24,Fujairah,HSFO,476.61
2025-10-24,Rotterdam,VLSFO,622.23
2025-10-24,Rotterdam,LSMGO,814.88
2025-10-24,Rotterdam,HSFO,463.18
2025-10-24,Visakhapatnam,VLSFO,680.74
2025-10-24,Visakhapatnam,LSMGO,870.81
2025-10-24,Visakhapatnam,HSFO,523.26
2025-10-27,Singapore,VLSFO,648.3
2025-10-27,Singapore,LSMGO,834.53
2025-10-27,Singapore,HSFO,487.9
2025-10-27,Fujairah,VLSFO,635.26
2025-10-27,Fujairah,LSMGO,822.17
2025-10-27,Fujairah,HSFO,470.9
2025-10-27,Rotterdam,VLSFO,618.29
2025-10-27,Rotterdam,LSMGO,812.05
2025-10-27,Rotterdam,HSFO,458.88
2025-10-27,Visakhapatnam,VLSFO,679.91
2025-10-27,Visakhapatnam,LSMGO,870.69
2025-10-27,Visakhapatnam,HSFO,522.03
2025-10-28,Singapore,VLSFO,649.01
2025-10-28,Singapore,LSMGO,840.77
2025-10-28,Singapore,HSFO,491.24
2025-10-28,Fujairah,VLSFO,639.57
2025-10-28,Fujairah,LSMGO,831.24
2025-10-28,Fujairah,HSFO,477.36
2025-10-28,Rotterdam,VLSFO,628.18
2025-10-28,Rotterdam,LSMGO,817.49
2025-10-28,Rotterdam,HSFO,466.66
2025-10-28,Visakhapatnam,VLSFO,687.53
2025-10-28,Visakhapatnam,LSMGO,875.8
2025-10-28,Visakhapatnam,HSFO,524.16
2025-10-29,Singapore,VLSFO,655.43
2025-10-29,Singapore,LSMGO,844.58
2025-10-29,Singapore,HSFO,495.27
2025-10-29,Fujairah,VLSFO,641.46
2025-10-29,Fujairah,LSMGO,834.88
2025-10-29,Fujairah,HSFO,482.96
2025-10-29,Rotterdam,VLSFO,626.95
2025-10-29,Rotterdam,LSMGO,819.13
2025-10-29,Rotterdam,HSFO,470.97
2025-10-29,Visakhapatnam,VLSFO,691.2
2025-10-29,Visakhapatnam,LSMGO,879.4
2025-10-29,Visakhapatnam,HSFO,531.8
2025-10-30,Singapore,VLSFO,683.33
2025-10-30,Singapore,LSMGO,874.19
2025-10-30,Singapore,HSFO,527.12
2025-10-30,Fujairah,VLSFO,675.1
2025-10-30,Fujairah,LSMGO,863.84
2025-10-30,Fujairah,HSFO,514.88
2025-10-30,Rotterdam,VLSFO,657.26
2025-10-30,Rotterdam,LSMGO,851.91
2025-10-30,Rotterdam,HSFO,498.65
2025-10-30,Visakhapatnam,VLSFO,717.79
2025-10-30,Visakhapatnam,LSMGO,908.16
2025-10-30,Visakhapatnam,HSFO,559.23
2025-10-31,Singapore,VLSFO,694.8
2025-10-31,Singapore,LSMGO,885.22
2025-10-31,Singapore,HSFO,534.1
2025-10-31,Fujairah,VLSFO,683.07
2025-10-31,Fujairah,LSMGO,874.73
2025-10-31,Fujairah,HSFO,523.94
2025-10-31,Rotterdam,VLSFO,670.37
2025-10-31,Rotterdam,LSMGO,862.77
2025-10-31,Rotterdam,HSFO,513.65
2025-10-31,Visakhapatnam,VLSFO,732.83
2025-10-31,Visakhapatnam,LSMGO,920.28
2025-10-31,Visakhapatnam,HSFO,572.76
2025-11-03,Singapore,VLSFO,692.94
2025-11-03,Singapore,LSMGO,882.81
2025-11-03,Singapore,HSFO,534.1
2025-11-03,Fujairah,VLSFO,684.87
2025-11-03,Fujairah,LSMGO,871.5
2025-11-03,Fujairah,HSFO,520.4
2025-11-03,Rotterdam,VLSFO,667.82
2025-11-03,Rotterdam,LSMGO,862.18
2025-11-03,Rotterdam,HSFO,510.83
2025-11-03,Visakhapatnam,VLSFO,728.54
2025-11-03,Visakhapatnam,LSMGO,920.36
2025-11-03,Visakhapatnam,HSFO,570.19
2025-11-04,Singapore,VLSFO,686.07
2025-11-04,Singapore,LSMGO,873.53
2025-11-04,Singapore,HSFO,527.32
2025-11-04,Fujairah,VLSFO,671.99
2025-11-04,Fujairah,LSMGO,864.3
2025-11-04,Fujairah,HSFO,510.23
2025-11-04,Rotterdam,VLSFO,659.37
2025-11-04,Rotterdam,LSMGO,849.24
2025-11-04,Rotterdam,HSFO,500.39
2025-11-04,Visakhapatnam,VLSFO,717.57
2025-11-04,Visakhapatnam,LSMGO,911.87
2025-11-04,Visakhapatnam,HSFO,558.44
2025-11-05,Singapore,VLSFO,669.75
2025-11-05,Singapore,LSMGO,860.51
2025-11-05,Singapore,HSFO,509.06
2025-11-05,Fujairah,VLSFO,658.14
2025-11-05,Fujairah,LSMGO,847.66
2025-11-05,Fujairah,HSFO,495.83
2025-11-05,Rotterdam,VLSFO,645.55
2025-11-05,Rotterdam,LSMGO,832.46
2025-11-05,Rotterdam,HSFO,484.12
2025-11-05,Visakhapatnam,VLSFO,705.16
2025-11-05,Visakhapatnam,LSMGO,892.97
2025-11-05,Visakhapatnam,HSFO,542.51
2025-11-06,Singapore,VLSFO,670.56
2025-11-06,Singapore,LSMGO,862.71
2025-11-06,Singapore,HSFO,513.38
2025-11-06,Fujairah,VLSFO,659.07
2025-11-06,Fujairah,LSMGO,849.77
2025-11-06,Fujairah,HSFO,501.22
2025-11-06,Rotterdam,VLSFO,643.39
2025-11-06,Rotterdam,LSMGO,834.19
2025-11-06,Rotterdam,HSFO,487.05
2025-11-06,Visakhapatnam,VLSFO,707.74
2025-11-06,Visakhapatnam,LSMGO,897.94
2025-11-06,Visakhapatnam,HSFO,545.29
2025-11-07,Singapore,VLSFO,660.79
2025-11-07,Singapore,LSMGO,852.88
2025-11-07,Singapore,HSFO,501.64
2025-11-07,Fujairah,VLSFO,650.0
2025-11-07,Fujairah,LSMGO,842.89
2025-11-07,Fujairah,HSFO,488.71
2025-11-07,Rotterdam,VLSFO,640.22
2025-11-07,Rotterdam,LSMGO,827.82
2025-11-07,Rotterdam,HSFO,478.83
2025-11-07,Visakhapatnam,VLSFO,695.79
2025-11-07,Visakhapatnam,LSMGO,887.28
2025-11-07,Visakhapatnam,HSFO,535.79
2025-11-10,Singapore,VLSFO,651.94
2025-11-10,Singapore,LSMGO,841.02
2025-11-10,Singapore,HSFO,488.93
2025-11-10,Fujairah,VLSFO,635.51
2025-11-10,Fujairah,LSMGO,829.77
2025-11-10,Fujairah,HSFO,476.24
2025-11-10,Rotterdam,VLSFO,622.14
2025-11-10,Rotterdam,LSMGO,814.55
2025-11-10,Rotterdam,HSFO,466.84
2025-11-10,Visakhapatnam,VLSFO,681.2
2025-11-10,Visakhapatnam,LSMGO,872.6
2025-11-10,Visakhapatnam,HSFO,526.8
2025-11-11,Singapore,VLSFO,640.97
2025-11-11,Singapore,LSMGO,830.62
2025-11-11,Singapore,HSFO,483.36
2025-11-11,Fujairah,VLSFO,633.11
2025-11-11,Fujairah,LSMGO,820.8
2025-11-11,Fujairah,HSFO,473.91
2025-11-11,Rotterdam,VLSFO,619.02
2025-11-11,Rotterdam,LSMGO,805.39
2025-11-11,Rotterdam,HSFO,460.9
2025-11-11,Visakhapatnam,VLSFO,677.39
2025-11-11,Visakhapatnam,LSMGO,866.67
2025-11-11,Visakhapatnam,HSFO,518.29
2025-11-12,Singapore,VLSFO,631.4
2025-11-12,Singapore,LSMGO,820.09
2025-11-12,Singapore,HSFO,469.58
2025-11-12,Fujairah,VLSFO,620.27
2025-11-12,Fujairah,LSMGO,812.6
2025-11-12,Fujairah,HSFO,461.01
2025-11-12,Rotterdam,VLSFO,610.57
2025-11-12,Rotterdam,LSMGO,796.3
2025-11-12,Rotterdam,HSFO,446.26
2025-11-12,Visakhapatnam,VLSFO,665.53
2025-11-12,Visakhapatnam,LSMGO,855.56
2025-11-12,Visakhapatnam,HSFO,506.29
2025-11-13,Singapore,VLSFO,650.4
2025-11-13,Singapore,LSMGO,841.08
2025-11-13,Singapore,HSFO,491.5
2025-11-13,Fujairah,VLSFO,635.04
2025-11-13,Fujairah,LSMGO,828.94
2025-11-13,Fujairah,HSFO,475.62
2025-11-13,Rotterdam,VLSFO,621.32
2025-11-13,Rotterdam,LSMGO,815.87
2025-11-13,Rotterdam,HSFO,464.46
2025-11-13,Visakhapatnam,VLSFO,681.64
2025-11-13,Visakhapatnam,LSMGO,873.23
2025-11-13,Visakhapatnam,HSFO,522.37
2025-11-14,Singapore,VLSFO,658.71
2025-11-14,Singapore,LSMGO,847.01
2025-11-14,Singapore,HSFO,500.23
2025-11-14,Fujairah,VLSFO,642.62
2025-11-14,Fujairah,LSMGO,834.42
2025-11-14,Fujairah,HSFO,485.18
2025-11-14,Rotterdam,VLSFO,632.31
2025-11-14,Rotterdam,LSMGO,821.19
2025-11-14,Rotterdam,HSFO,473.67
2025-11-14,Visakhapatnam,VLSFO,694.54
2025-11-14,Visakhapatnam,LSMGO,884.92
2025-11-14,Visakhapatnam,HSFO,534.12
2025-11-17,Singapore,VLSFO,659.38
2025-11-17,Singapore,LSMGO,847.58
2025-11-17,Singapore,HSFO,499.23
2025-11-17,Fujairah,VLSFO,644.1
2025-11-17,Fujairah,LSMGO,834.67
2025-11-17,Fujairah,HSFO,484.18
2025-11-17,Rotterdam,VLSFO,632.08
2025-11-17,Rotterdam,LSMGO,820.99
2025-11-17,Rotterdam,HSFO,475.05
2025-11-17,Visakhapatnam,VLSFO,691.15
2025-11-17,Visakhapatnam,LSMGO,879.87
2025-11-17,Visakhapatnam,HSFO,532.44
2025-11-18,Singapore,VLSFO,669.28
2025-11-18,Singapore,LSMGO,859.6
2025-11-18,Singapore,HSFO,510.25
2025-11-18,Fujairah,VLSFO,659.72
2025-11-18,Fujairah,LSMGO,849.53
2025-11-18,Fujairah,HSFO,501.73
2025-11-18,Rotterdam,VLSFO,648.37
2025-11-18,Rotterdam,LSMGO,836.49
2025-11-18,Rotterdam,HSFO,485.94
2025-11-18,Visakhapatnam,VLSFO,705.83
2025-11-18,Visakhapatnam,LSMGO,898.58
2025-11-18,Visakhapatnam,HSFO,544.25
2025-11-19,Singapore,VLSFO,669.86
2025-11-19,Singapore,LSMGO,864.55
2025-11-19,Singapore,HSFO,512.64
2025-11-19,Fujairah,VLSFO,658.57
2025-11-19,Fujairah,LSMGO,849.19
2025-11-19,Fujairah,HSFO,503.38
2025-11-19,Rotterdam,VLSFO,649.94
2025-11-19,Rotterdam,LSMGO,839.04
2025-11-19,Rotterdam,HSFO,487.67
2025-11-19,Visakhapatnam,VLSFO,707.9
2025-11-19,Visakhapatnam,LSMGO,900.63
2025-11-19,Visakhapatnam,HSFO,550.58
2025-11-20,Singapore,VLSFO,662.45
2025-11-20,Singapore,LSMGO,856.02
2025-11-20,Singapore,HSFO,502.34
2025-11-20,Fujairah,VLSFO,650.44
2025-11-20,Fujairah,LSMGO,843.21
2025-11-20,Fujairah,HSFO,491.59
2025-11-20,Rotterdam,VLSFO,641.75
2025-11-20,Rotterdam,LSMGO,826.69
2025-11-20,Rotterdam,HSFO,479.23
2025-11-20,Visakhapatnam,VLSFO,701.67
2025-11-20,Visakhapatnam,LSMGO,891.58
2025-11-20,Visakhapatnam,HSFO,537.1
2025-11-21,Singapore,VLSFO,678.6
2025-11-21,Singapore,LSMGO,870.11
2025-11-21,Singapore,HSFO,517.35
2025-11-21,Fujairah,VLSFO,670.21
2025-11-21,Fujairah,LSMGO,859.89
2025-11-21,Fujairah,HSFO,505.4
2025-11-21,Rotterdam,VLSFO,652.12
2025-11-21,Rotterdam,LSMGO,841.91
2025-11-21,Rotterdam,HSFO,496.85
2025-11-21,Visakhapatnam,VLSFO,712.56
2025-11-21,Visakhapatnam,LSMGO,903.89
2025-11-21,Visakhapatnam,HSFO,554.09
2025-11-24,Singapore,VLSFO,685.55
2025-11-24,Singapore,LSMGO,872.39
2025-11-24,Singapore,HSFO,523.32
2025-11-24,Fujairah,VLSFO,675.55
2025-11-24,Fujairah,LSMGO,865.41
2025-11-24,Fujairah,HSFO,514.64
2025-11-24,Rotterdam,VLSFO,657.07
2025-11-24,Rotterdam,LSMGO,848.92
2025-11-24,Rotterdam,HSFO,500.72
2025-11-24,Visakhapatnam,VLSFO,718.61
2025-11-24,Visakhapatnam,LSMGO,912.41
2025-11-24,Visakhapatnam,HSFO,560.76
2025-11-25,Singapore,VLSFO,671.8
2025-11-25,Singapore,LSMGO,866.82
2025-11-25,Singapore,HSFO,517.12
2025-11-25,Fujairah,VLSFO,659.83
2025-11-25,Fujairah,LSMGO,852.56
2025-11-25,Fujairah,HSFO,501.19
2025-11-25,Rotterdam,VLSFO,648.73
2025-11-25,Rotterdam,LSMGO,837.45
2025-11-25,Rotterdam,HSFO,489.84
2025-11-25,Visakhapatnam,VLSFO,712.12
2025-11-25,Visakhapatnam,LSMGO,899.39
2025-11-25,Visakhapatnam,HSFO,546.87
2025-11-26,Singapore,VLSFO,673.23
2025-11-26,Singapore,LSMGO,861.55
2025-11-26,Singapore,HSFO,514.65
2025-11-26,Fujairah,VLSFO,660.12
2025-11-26,Fujairah,LSMGO,848.67
2025-11-26,Fujairah,HSFO,498.66
2025-11-26,Rotterdam,VLSFO,649.12
2025-11-26,Rotterdam,LSMGO,836.1
2025-11-26,Rotterdam,HSFO,489.11
2025-11-26,Visakhapatnam,VLSFO,705.75
2025-11-26,Visakhapatnam,LSMGO,896.44
2025-11-26,Visakhapatnam,HSFO,547.3
2025-11-27,Singapore,VLSFO,666.4
2025-11-27,Singapore,LSMGO,856.34
2025-11-27,Singapore,HSFO,501.99
2025-11-27,Fujairah,VLSFO,650.89
2025-11-27,Fujairah,LSMGO,839.64
2025-11-27,Fujairah,HSFO,491.8
2025-11-27,Rotterdam,VLSFO,638.51
2025-11-27,Rotterdam,LSMGO,831.15
2025-11-27,Rotterdam,HSFO,481.32
2025-11-27,Visakhapatnam,VLSFO,698.05
2025-11-27,Visakhapatnam,LSMGO,888.7
2025-11-27,Visakhapatnam,HSFO,541.12
2025-11-28,Singapore,VLSFO,651.88
2025-11-28,Singapore,LSMGO,837.07
2025-11-28,Singapore,HSFO,488.96
2025-11-28,Fujairah,VLSFO,637.57
2025-11-28,Fujairah,LSMGO,826.42
2025-11-28,Fujairah,HSFO,476.24
2025-11-28,Rotterdam,VLSFO,622.27
2025-11-28,Rotterdam,LSMGO,815.9
2025-11-28,Rotterdam,HSFO,463.62
2025-11-28,Visakhapatnam,VLSFO,682.36
2025-11-28,Visakhapatnam,LSMGO,873.43
2025-11-28,Visakhapatnam,HSFO,526.86
2025-12-01,Singapore,VLSFO,661.25
2025-12-01,Singapore,LSMGO,849.04
2025-12-01,Singapore,HSFO,498.64
2025-12-01,Fujairah,VLSFO,650.01
2025-12-01,Fujairah,LSMGO,835.34
2025-12-01,Fujairah,HSFO,485.43
2025-12-01,Rotterdam,VLSFO,632.89
2025-12-01,Rotterdam,LSMGO,822.18
2025-12-01,Rotterdam,HSFO,473.42
2025-12-01,Visakhapatnam,VLSFO,696.6
2025-12-01,Visakhapatnam,LSMGO,884.83
2025-12-01,Visakhapatnam,HSFO,533.61
2025-12-02,Singapore,VLSFO,680.69
2025-12-02,Singapore,LSMGO,865.38
2025-12-02,Singapore,HSFO,516.35
2025-12-02,Fujairah,VLSFO,666.48
2025-12-02,Fujairah,LSMGO,856.78
2025-12-02,Fujairah,HSFO,503.32
2025-12-02,Rotterdam,VLSFO,652.5
2025-12-02,Rotterdam,LSMGO,843.98
2025-12-02,Rotterdam,HSFO,494.27
2025-12-02,Visakhapatnam,VLSFO,713.91
2025-12-02,Visakhapatnam,LSMGO,902.01
2025-12-02,Visakhapatnam,HSFO,550.65
2025-12-03,Singapore,VLSFO,663.49
2025-12-03,Singapore,LSMGO,851.7
2025-12-03,Singapore,HSFO,506.61
2025-12-03,Fujairah,VLSFO,651.78
2025-12-03,Fujairah,LSMGO,840.83
2025-12-03,Fujairah,HSFO,493.52
2025-12-03,Rotterdam,VLSFO,638.91
2025-12-03,Rotterdam,LSMGO,827.79
2025-12-03,Rotterdam,HSFO,480.8
2025-12-03,Visakhapatnam,VLSFO,701.13
2025-12-03,Visakhapatnam,LSMGO,889.96
2025-12-03,Visakhapatnam,HSFO,536.21
2025-12-04,Singapore,VLSFO,670.0
2025-12-04,Singapore,LSMGO,861.18
2025-12-04,Singapore,HSFO,507.42
2025-12-04,Fujairah,VLSFO,655.97
2025-12-04,Fujairah,LSMGO,849.89
2025-12-04,Fujairah,HSFO,494.72
2025-12-04,Rotterdam,VLSFO,646.12
2025-12-04,Rotterdam,LSMGO,834.44
2025-12-04,Rotterdam,HSFO,484.28
2025-12-04,Visakhapatnam,VLSFO,701.64
2025-12-04,Visakhapatnam,LSMGO,896.52
2025-12-04,Visakhapatnam,HSFO,543.76
2025-12-05,Singapore,VLSFO,663.38
2025-12-05,Singapore,LSMGO,854.2
2025-12-05,Singapore,HSFO,504.35
2025-12-05,Fujairah,VLSFO,653.87
2025-12-05,Fujairah,LSMGO,841.32
2025-12-05,Fujairah,HSFO,490.53
2025-12-05,Rotterdam,VLSFO,640.85
2025-12-05,Rotterdam,LSMGO,828.98
2025-12-05,Rotterdam,HSFO,476.92
2025-12-05,Visakhapatnam,VLSFO,695.89
2025-12-05,Visakhapatnam,LSMGO,890.19
2025-12-05,Visakhapatnam,HSFO,537.3
2025-12-08,Singapore,VLSFO,659.32
2025-12-08,Singapore,LSMGO,848.18
2025-12-08,Singapore,HSFO,496.55
2025-12-08,Fujairah,VLSFO,646.96
2025-12-08,Fujairah,LSMGO,833.72
2025-12-08,Fujairah,HSFO,485.83
2025-12-08,Rotterdam,VLSFO,633.63
2025-12-08,Rotterdam,LSMGO,822.97
2025-12-08,Rotterdam,HSFO,474.84
2025-12-08,Visakhapatnam,VLSFO,695.32
2025-12-08,Visakhapatnam,LSMGO,884.98
2025-12-08,Visakhapatnam,HSFO,530.59
2025-12-09,Singapore,VLSFO,650.73
2025-12-09,Singapore,LSMGO,842.79
2025-12-09,Singapore,HSFO,495.18
2025-12-09,Fujairah,VLSFO,642.58
2025-12-09,Fujairah,LSMGO,832.62
2025-12-09,Fujairah,HSFO,479.39
2025-12-09,Rotterdam,VLSFO,627.15
2025-12-09,Rotterdam,LSMGO,817.39
2025-12-09,Rotterdam,HSFO,465.51
2025-12-09,Visakhapatnam,VLSFO,684.75
2025-12-09,Visakhapatnam,LSMGO,880.25
2025-12-09,Visakhapatnam,HSFO,526.01
2025-12-10,Singapore,VLSFO,642.62
2025-12-10,Singapore,LSMGO,831.68
2025-12-10,Singapore,HSFO,486.75
2025-12-10,Fujairah,VLSFO,632.65
2025-12-10,Fujairah,LSMGO,823.18
2025-12-10,Fujairah,HSFO,474.65
2025-12-10,Rotterdam,VLSFO,618.25
2025-12-10,Rotterdam,LSMGO,809.91
2025-12-10,Rotterdam,HSFO,456.41
2025-12-10,Visakhapatnam,VLSFO,677.3
2025-12-10,Visakhapatnam,LSMGO,871.16
2025-12-10,Visakhapatnam,HSFO,520.78
2025-12-11,Singapore,VLSFO,643.81
2025-12-11,Singapore,LSMGO,833.97
2025-12-11,Singapore,HSFO,484.91
2025-12-11,Fujairah,VLSFO,629.71
2025-12-11,Fujairah,LSMGO,821.16
2025-12-11,Fujairah,HSFO,470.96
2025-12-11,Rotterdam,VLSFO,618.21
2025-12-11,Rotterdam,LSMGO,811.55
2025-12-11,Rotterdam,HSFO,458.39
2025-12-11,Visakhapatnam,VLSFO,677.86
2025-12-11,Visakhapatnam,LSMGO,869.74
2025-12-11,Visakhapatnam,HSFO,521.9
2025-12-12,Singapore,VLSFO,635.19
2025-12-12,Singapore,LSMGO,824.21
2025-12-12,Singapore,HSFO,475.88
2025-12-12,Fujairah,VLSFO,626.22
2025-12-12,Fujairah,LSMGO,815.04
2025-12-12,Fujairah,HSFO,466.64
2025-12-12,Rotterdam,VLSFO,614.5
2025-12-12,Rotterdam,LSMGO,803.49
2025-12-12,Rotterdam,HSFO,452.36
2025-12-12,Visakhapatnam,VLSFO,671.7
2025-12-12,Visakhapatnam,LSMGO,858.98
2025-12-12,Visakhapatnam,HSFO,514.64
2025-12-15,Singapore,VLSFO,638.69
2025-12-15,Singapore,LSMGO,827.3
2025-12-15,Singapore,HSFO,480.39
2025-12-15,Fujairah,VLSFO,626.09
2025-12-15,Fujairah,LSMGO,817.9
2025-12-15,Fujairah,HSFO,467.91
2025-12-15,Rotterdam,VLSFO,614.06
2025-12-15,Rotterdam,LSMGO,806.4
2025-12-15,Rotterdam,HSFO,452.97
2025-12-15,Visakhapatnam,VLSFO,674.08
2025-12-15,Visakhapatnam,LSMGO,864.61
2025-12-15,Visakhapatnam,HSFO,515.37
2025-12-16,Singapore,VLSFO,640.67
2025-12-16,Singapore,LSMGO,828.34
2025-12-16,Singapore,HSFO,479.84
2025-12-16,Fujairah,VLSFO,624.87
2025-12-16,Fujairah,LSMGO,819.56
2025-12-16,Fujairah,HSFO,466.27
2025-12-16,Rotterdam,VLSFO,615.34
2025-12-16,Rotterdam,LSMGO,801.09
2025-12-16,Rotterdam,HSFO,452.2
2025-12-16,Visakhapatnam,VLSFO,673.89
2025-12-16,Visakhapatnam,LSMGO,866.24
2025-12-16,Visakhapatnam,HSFO,514.13
2025-12-17,Singapore,VLSFO,639.32
2025-12-17,Singapore,LSMGO,826.64
2025-12-17,Singapore,HSFO,476.68
2025-12-17,Fujairah,VLSFO,622.46
2025-12-17,Fujairah,LSMGO,816.56
2025-12-17,Fujairah,HSFO,463.22
2025-12-17,Rotterdam,VLSFO,614.14
2025-12-17,Rotterdam,LSMGO,804.21
2025-12-17,Rotterdam,HSFO,454.4
2025-12-17,Visakhapatnam,VLSFO,671.86
2025-12-17,Visakhapatnam,LSMGO,862.8
2025-12-17,Visakhapatnam,HSFO,513.41
2025-12-18,Singapore,VLSFO,625.92
2025-12-18,Singapore,LSMGO,818.74
2025-12-18,Singapore,HSFO,465.34
2025-12-18,Fujairah,VLSFO,616.12
2025-12-18,Fujairah,LSMGO,804.07
2025-12-18,Fujairah,HSFO,454.23
2025-12-18,Rotterdam,VLSFO,602.33
2025-12-18,Rotterdam,LSMGO,792.73
2025-12-18,Rotterdam,HSFO,443.88
2025-12-18,Visakhapatnam,VLSFO,660.58
2025-12-18,Visakhapatnam,LSMGO,853.16
2025-12-18,Visakhapatnam,HSFO,501.23
2025-12-19,Singapore,VLSFO,623.21
2025-12-19,Singapore,LSMGO,813.59
2025-12-19,Singapore,HSFO,463.11
2025-12-19,Fujairah,VLSFO,612.19
2025-12-19,Fujairah,LSMGO,799.78
2025-12-19,Fujairah,HSFO,452.36
2025-12-19,Rotterdam,VLSFO,597.36
2025-12-19,Rotterdam,LSMGO,787.67
2025-12-19,Rotterdam,HSFO,438.65
2025-12-19,Visakhapatnam,VLSFO,654.87
2025-12-19,Visakhapatnam,LSMGO,848.69
2025-12-19,Visakhapatnam,HSFO,498.48
2025-12-22,Singapore,VLSFO,628.74
2025-12-22,Singapore,LSMGO,817.4
2025-12-22,Singapore,HSFO,467.43
2025-12-22,Fujairah,VLSFO,620.42
2025-12-22,Fujairah,LSMGO,809.02
2025-12-22,Fujairah,HSFO,455.65
2025-12-22,Rotterdam,VLSFO,604.02
2025-12-22,Rotterdam,LSMGO,795.44
2025-12-22,Rotterdam,HSFO,446.9
2025-12-22,Visakhapatnam,VLSFO,662.15
2025-12-22,Visakhapatnam,LSMGO,853.3
2025-12-22,Visakhapatnam,HSFO,507.22
2025-12-23,Singapore,VLSFO,631.73
2025-12-23,Singapore,LSMGO,822.89
2025-12-23,Singapore,HSFO,477.43
2025-12-23,Fujairah,VLSFO,623.36
2025-12-23,Fujairah,LSMGO,811.25
2025-12-23,Fujairah,HSFO,460.08
2025-12-23,Rotterdam,VLSFO,606.85
2025-12-23,Rotterdam,LSMGO,798.15
2025-12-23,Rotterdam,HSFO,451.97
2025-12-23,Visakhapatnam,VLSFO,669.17
2025-12-23,Visakhapatnam,LSMGO,861.0
2025-12-23,Visakhapatnam,HSFO,512.19
2025-12-24,Singapore,VLSFO,624.88
2025-12-24,Singapore,LSMGO,813.58
2025-12-24,Singapore,HSFO,465.54
2025-12-24,Fujairah,VLSFO,615.88
2025-12-24,Fujairah,LSMGO,805.26
2025-12-24,Fujairah,HSFO,450.83
2025-12-24,Rotterdam,VLSFO,601.59
2025-12-24,Rotterdam,LSMGO,790.87
2025-12-24,Rotterdam,HSFO,442.88
2025-12-24,Visakhapatnam,VLSFO,658.17
2025-12-24,Visakhapatnam,LSMGO,850.64
2025-12-24,Visakhapatnam,HSFO,502.71
2025-12-25,Singapore,VLSFO,625.89
2025-12-25,Singapore,LSMGO,816.32
2025-12-25,Singapore,HSFO,463.85
2025-12-25,Fujairah,VLSFO,613.1
2025-12-25,Fujairah,LSMGO,803.38
2025-12-25,Fujairah,HSFO,457.1
2025-12-25,Rotterdam,VLSFO,600.13
2025-12-25,Rotterdam,LSMGO,791.2
2025-12-25,Rotterdam,HSFO,442.46
2025-12-25,Visakhapatnam,VLSFO,659.4
2025-12-25,Visakhapatnam,LSMGO,851.35
2025-12-25,Visakhapatnam,HSFO,502.86
2025-12-26,Singapore,VLSFO,635.75
2025-12-26,Singapore,LSMGO,824.31
2025-12-26,Singapore,HSFO,474.57
2025-12-26,Fujairah,VLSFO,619.31
2025-12-26,Fujairah,LSMGO,814.23
2025-12-26,Fujairah,HSFO,459.35
2025-12-26,Rotterdam,VLSFO,610.2
2025-12-26,Rotterdam,LSMGO,797.14
2025-12-26,Rotterdam,HSFO,451.16
2025-12-26,Visakhapatnam,VLSFO,669.87
2025-12-26,Visakhapatnam,LSMGO,860.08
2025-12-26,Visakhapatnam,HSFO,506.87
2025-12-29,Singapore,VLSFO,617.41
2025-12-29,Singapore,LSMGO,808.46
2025-12-29,Singapore,HSFO,459.37
2025-12-29,Fujairah,VLSFO,603.38
2025-12-29,Fujairah,LSMGO,798.53
2025-12-29,Fujairah,HSFO,448.09
2025-12-29,Rotterdam,VLSFO,591.37
2025-12-29,Rotterdam,LSMGO,784.69
2025-12-29,Rotterdam,HSFO,432.86
2025-12-29,Visakhapatnam,VLSFO,652.52
2025-12-29,Visakhapatnam,LSMGO,841.64
2025-12-29,Visakhapatnam,HSFO,493.24
2025-12-30,Singapore,VLSFO,624.23
2025-12-30,Singapore,LSMGO,812.31
2025-12-30,Singapore,HSFO,463.62
2025-12-30,Fujairah,VLSFO,612.04
2025-12-30,Fujairah,LSMGO,802.12
2025-12-30,Fujairah,HSFO,448.16
2025-12-30,Rotterdam,VLSFO,600.01
2025-12-30,Rotterdam,LSMGO,787.6
2025-12-30,Rotterdam,HSFO,436.42
2025-12-30,Visakhapatnam,VLSFO,656.3
2025-12-30,Visakhapatnam,LSMGO,847.75
2025-12-30,Visakhapatnam,HSFO,500.17
2025-12-31,Singapore,VLSFO,615.99
2025-12-31,Singapore,LSMGO,808.22
2025-12-31,Singapore,HSFO,454.3
2025-12-31,Fujairah,VLSFO,604.58
2025-12-31,Fujairah,LSMGO,797.67
2025-12-31,Fujairah,HSFO,446.34
2025-12-31,Rotterdam,VLSFO,589.98
2025-12-31,Rotterdam,LSMGO,781.73
2025-12-31,Rotterdam,HSFO,430.12
2025-12-31,Visakhapatnam,VLSFO,651.18
2025-12-31,Visakhapatnam,LSMGO,843.4
2025-12-31,Visakhapatnam,HSFO,493.35
2026-01-01,Singapore,VLSFO,620.43
2026-01-01,Singapore,LSMGO,814.59
2026-01-01,Singapore,HSFO,462.62
2026-01-01,Fujairah,VLSFO,609.34
2026-01-01,Fujairah,LSMGO,800.07
2026-01-01,Fujairah,HSFO,450.69
2026-01-01,Rotterdam,VLSFO,597.42
2026-01-01,Rotterdam,LSMGO,786.98
2026-01-01,Rotterdam,HSFO,437.09
2026-01-01,Visakhapatnam,VLSFO,655.12
2026-01-01,Visakhapatnam,LSMGO,848.94
2026-01-01,Visakhapatnam,HSFO,497.31
2026-01-02,Singapore,VLSFO,612.79
2026-01-02,Singapore,LSMGO,806.6
2026-01-02,Singapore,HSFO,457.6
2026-01-02,Fujairah,VLSFO,605.68
2026-01-02,Fujairah,LSMGO,792.22
2026-01-02,Fujairah,HSFO,440.81
2026-01-02,Rotterdam,VLSFO,590.11
2026-01-02,Rotterdam,LSMGO,777.68
2026-01-02,Rotterdam,HSFO,432.6
2026-01-02,Visakhapatnam,VLSFO,648.1
2026-01-02,Visakhapatnam,LSMGO,838.52
2026-01-02,Visakhapatnam,HSFO,489.44
2026-01-05,Singapore,VLSFO,597.71
2026-01-05,Singapore,LSMGO,790.18
2026-01-05,Singapore,HSFO,438.15
2026-01-05,Fujairah,VLSFO,584.44
2026-01-05,Fujairah,LSMGO,775.02
2026-01-05,Fujairah,HSFO,426.47
2026-01-05,Rotterdam,VLSFO,571.3
2026-01-05,Rotterdam,LSMGO,764.08
2026-01-05,Rotterdam,HSFO,413.81
2026-01-05,Visakhapatnam,VLSFO,634.7
2026-01-05,Visakhapatnam,LSMGO,826.04
2026-01-05,Visakhapatnam,HSFO,475.89
2026-01-06,Singapore,VLSFO,586.54
2026-01-06,Singapore,LSMGO,772.33
2026-01-06,Singapore,HSFO,421.65
2026-01-06,Fujairah,VLSFO,570.68
2026-01-06,Fujairah,LSMGO,764.23
2026-01-06,Fujairah,HSFO,414.7
2026-01-06,Rotterdam,VLSFO,561.02
2026-01-06,Rotterdam,LSMGO,746.52
2026-01-06,Rotterdam,HSFO,401.55
2026-01-06,Visakhapatnam,VLSFO,618.4
2026-01-06,Visakhapatnam,LSMGO,805.92
2026-01-06,Visakhapatnam,HSFO,458.52
2026-01-07,Singapore,VLSFO,581.62
2026-01-07,Singapore,LSMGO,774.61
2026-01-07,Singapore,HSFO,423.37
2026-01-07,Fujairah,VLSFO,572.18
2026-01-07,Fujairah,LSMGO,763.02
2026-01-07,Fujairah,HSFO,414.56
2026-01-07,Rotterdam,VLSFO,560.31
2026-01-07,Rotterdam,LSMGO,748.95
2026-01-07,Rotterdam,HSFO,401.26
2026-01-07,Visakhapatnam,VLSFO,621.78
2026-01-07,Visakhapatnam,LSMGO,807.06
2026-01-07,Visakhapatnam,HSFO,459.53
2026-01-08,Singapore,VLSFO,585.38
2026-01-08,Singapore,LSMGO,773.96
2026-01-08,Singapore,HSFO,427.69
2026-01-08,Fujairah,VLSFO,576.85
2026-01-08,Fujairah,LSMGO,762.66
2026-01-08,Fujairah,HSFO,416.55
2026-01-08,Rotterdam,VLSFO,563.8
2026-01-08,Rotterdam,LSMGO,754.16
2026-01-08,Rotterdam,HSFO,400.27
2026-01-08,Visakhapatnam,VLSFO,624.1
2026-01-08,Visakhapatnam,LSMGO,810.6
2026-01-08,Visakhapatnam,HSFO,461.99
2026-01-09,Singapore,VLSFO,576.08
2026-01-09,Singapore,LSMGO,766.04
2026-01-09,Singapore,HSFO,420.1
2026-01-09,Fujairah,VLSFO,566.45
2026-01-09,Fujairah,LSMGO,755.32
2026-01-09,Fujairah,HSFO,404.92
2026-01-09,Rotterdam,VLSFO,554.8
2026-01-09,Rotterdam,LSMGO,740.78
2026-01-09,Rotterdam,HSFO,395.61
2026-01-09,Visakhapatnam,VLSFO,611.25
2026-01-09,Visakhapatnam,LSMGO,801.93
2026-01-09,Visakhapatnam,HSFO,453.1
2026-01-12,Singapore,VLSFO,584.29
2026-01-12,Singapore,LSMGO,773.51
2026-01-12,Singapore,HSFO,423.3
2026-01-12,Fujairah,VLSFO,575.16
2026-01-12,Fujairah,LSMGO,763.23
2026-01-12,Fujairah,HSFO,409.52
2026-01-12,Rotterdam,VLSFO,558.96
2026-01-12,Rotterdam,LSMGO,751.63
2026-01-12,Rotterdam,HSFO,398.19
2026-01-12,Visakhapatnam,VLSFO,616.95
2026-01-12,Visakhapatnam,LSMGO,810.93
2026-01-12,Visakhapatnam,HSFO,460.02
2026-01-13,Singapore,VLSFO,570.3
2026-01-13,Singapore,LSMGO,757.2
2026-01-13,Singapore,HSFO,407.72
2026-01-13,Fujairah,VLSFO,558.61
2026-01-13,Fujairah,LSMGO,746.12
2026-01-13,Fujairah,HSFO,397.9
2026-01-13,Rotterdam,VLSFO,545.14
2026-01-13,Rotterdam,LSMGO,733.58
2026-01-13,Rotterdam,HSFO,387.56
2026-01-13,Visakhapatnam,VLSFO,606.93
2026-01-13,Visakhapatnam,LSMGO,796.21
2026-01-13,Visakhapatnam,HSFO,442.34
2026-01-14,Singapore,VLSFO,567.0
2026-01-14,Singapore,LSMGO,759.32
2026-01-14,Singapore,HSFO,407.33
2026-01-14,Fujairah,VLSFO,560.24
2026-01-14,Fujairah,LSMGO,745.32
2026-01-14,Fujairah,HSFO,397.29
2026-01-14,Rotterdam,VLSFO,543.55
2026-01-14,Rotterdam,LSMGO,735.2
2026-01-14,Rotterdam,HSFO,382.14
2026-01-14,Visakhapatnam,VLSFO,603.95
2026-01-14,Visakhapatnam,LSMGO,793.01
2026-01-14,Visakhapatnam,HSFO,446.69
2026-01-15,Singapore,VLSFO,556.32
2026-01-15,Singapore,LSMGO,751.56
2026-01-15,Singapore,HSFO,401.08
2026-01-15,Fujairah,VLSFO,545.87
2026-01-15,Fujairah,LSMGO,738.82
2026-01-15,Fujairah,HSFO,384.27
2026-01-15,Rotterdam,VLSFO,536.88
2026-01-15,Rotterdam,LSMGO,724.24
2026-01-15,Rotterdam,HSFO,372.9
2026-01-15,Visakhapatnam,VLSFO,593.26
2026-01-15,Visakhapatnam,LSMGO,781.48
2026-01-15,Visakhapatnam,HSFO,437.02
2026-01-16,Singapore,VLSFO,550.91
2026-01-16,Singapore,LSMGO,744.6
2026-01-16,Singapore,HSFO,393.33
2026-01-16,Fujairah,VLSFO,544.36
2026-01-16,Fujairah,LSMGO,730.15
2026-01-16,Fujairah,HSFO,381.86
2026-01-16,Rotterdam,VLSFO,528.56
2026-01-16,Rotterdam,LSMGO,719.89
2026-01-16,Rotterdam,HSFO,366.08
2026-01-16,Visakhapatnam,VLSFO,586.83
2026-01-16,Visakhapatnam,LSMGO,776.96
2026-01-16,Visakhapatnam,HSFO,430.1
2026-01-19,Singapore,VLSFO,552.25
2026-01-19,Singapore,LSMGO,744.56
2026-01-19,Singapore,HSFO,392.41
2026-01-19,Fujairah,VLSFO,544.29
2026-01-19,Fujairah,LSMGO,734.77
2026-01-19,Fujairah,HSFO,382.23
2026-01-19,Rotterdam,VLSFO,528.23
2026-01-19,Rotterdam,LSMGO,717.52
2026-01-19,Rotterdam,HSFO,366.42
2026-01-19,Visakhapatnam,VLSFO,587.73
2026-01-19,Visakhapatnam,LSMGO,780.04
2026-01-19,Visakhapatnam,HSFO,429.32
2026-01-20,Singapore,VLSFO,549.69
2026-01-20,Singapore,LSMGO,736.4
2026-01-20,Singapore,HSFO,388.19
2026-01-20,Fujairah,VLSFO,534.96
2026-01-20,Fujairah,LSMGO,725.1
2026-01-20,Fujairah,HSFO,373.63
2026-01-20,Rotterdam,VLSFO,521.75
2026-01-20,Rotterdam,LSMGO,711.85
2026-01-20,Rotterdam,HSFO,363.26
2026-01-20,Visakhapatnam,VLSFO,584.67
2026-01-20,Visakhapatnam,LSMGO,771.0
2026-01-20,Visakhapatnam,HSFO,419.28
2026-01-21,Singapore,VLSFO,543.9
2026-01-21,Singapore,LSMGO,734.19
2026-01-21,Singapore,HSFO,381.93
2026-01-21,Fujairah,VLSFO,533.48
2026-01-21,Fujairah,LSMGO,724.83
2026-01-21,Fujairah,HSFO,374.6
2026-01-21,Rotterdam,VLSFO,517.1
2026-01-21,Rotterdam,LSMGO,711.17
2026-01-21,Rotterdam,HSFO,360.15
2026-01-21,Visakhapatnam,VLSFO,578.65
2026-01-21,Visakhapatnam,LSMGO,769.17
2026-01-21,Visakhapatnam,HSFO,421.02
2026-01-22,Singapore,VLSFO,552.07
2026-01-22,Singapore,LSMGO,741.43
2026-01-22,Singapore,HSFO,392.15
2026-01-22,Fujairah,VLSFO,540.66
2026-01-22,Fujairah,LSMGO,728.32
2026-01-22,Fujairah,HSFO,382.59
2026-01-22,Rotterdam,VLSFO,528.23
2026-01-22,Rotterdam,LSMGO,717.99
2026-01-22,Rotterdam,HSFO,364.78
2026-01-22,Visakhapatnam,VLSFO,587.81
2026-01-22,Visakhapatnam,LSMGO,774.91
2026-01-22,Visakhapatnam,HSFO,424.66
2026-01-23,Singapore,VLSFO,547.63
2026-01-23,Singapore,LSMGO,736.88
2026-01-23,Singapore,HSFO,388.0
2026-01-23,Fujairah,VLSFO,533.0
2026-01-23,Fujairah,LSMGO,725.05
2026-01-23,Fujairah,HSFO,373.51
2026-01-23,Rotterdam,VLSFO,525.39
2026-01-23,Rotterdam,LSMGO,712.83
2026-01-23,Rotterdam,HSFO,363.59
2026-01-23,Visakhapatnam,VLSFO,581.42
2026-01-23,Visakhapatnam,LSMGO,770.03
2026-01-23,Visakhapatnam,HSFO,425.32
2026-01-26,Singapore,VLSFO,553.1
2026-01-26,Singapore,LSMGO,743.92
2026-01-26,Singapore,HSFO,395.28
2026-01-26,Fujairah,VLSFO,539.53
2026-01-26,Fujairah,LSMGO,734.24
2026-01-26,Fujairah,HSFO,382.6
2026-01-26,Rotterdam,VLSFO,528.05
2026-01-26,Rotterdam,LSMGO,716.75
2026-01-26,Rotterdam,HSFO,367.36
2026-01-26,Visakhapatnam,VLSFO,591.75
2026-01-26,Visakhapatnam,LSMGO,780.5
2026-01-26,Visakhapatnam,HSFO,427.88
2026-01-27,Singapore,VLSFO,542.44
2026-01-27,Singapore,LSMGO,736.19
2026-01-27,Singapore,HSFO,385.48
2026-01-27,Fujairah,VLSFO,532.47
2026-01-27,Fujairah,LSMGO,722.22
2026-01-27,Fujairah,HSFO,371.34
2026-01-27,Rotterdam,VLSFO,521.06
2026-01-27,Rotterdam,LSMGO,712.87
2026-01-27,Rotterdam,HSFO,358.1
2026-01-27,Visakhapatnam,VLSFO,580.62
2026-01-27,Visakhapatnam,LSMGO,769.59
2026-01-27,Visakhapatnam,HSFO,419.72
2026-01-28,Singapore,VLSFO,547.95
2026-01-28,Singapore,LSMGO,741.38
2026-01-28,Singapore,HSFO,389.34
2026-01-28,Fujairah,VLSFO,537.69
2026-01-28,Fujairah,LSMGO,726.26
2026-01-28,Fujairah,HSFO,375.52
2026-01-28,Rotterdam,VLSFO,521.94
2026-01-28,Rotterdam,LSMGO,715.71
2026-01-28,Rotterdam,HSFO,362.61
2026-01-28,Visakhapatnam,VLSFO,585.57
2026-01-28,Visakhapatnam,LSMGO,773.77
2026-01-28,Visakhapatnam,HSFO,423.92
2026-01-29,Singapore,VLSFO,561.18
2026-01-29,Singapore,LSMGO,750.57
2026-01-29,Singapore,HSFO,398.97
2026-01-29,Fujairah,VLSFO,548.22
2026-01-29,Fujairah,LSMGO,740.35
2026-01-29,Fujairah,HSFO,390.36
2026-01-29,Rotterdam,VLSFO,535.08
2026-01-29,Rotterdam,LSMGO,726.12
2026-01-29,Rotterdam,HSFO,374.52
2026-01-29,Visakhapatnam,VLSFO,594.63
2026-01-29,Visakhapatnam,LSMGO,783.5
2026-01-29,Visakhapatnam,HSFO,438.74
2026-01-30,Singapore,VLSFO,538.87
2026-01-30,Singapore,LSMGO,728.97
2026-01-30,Singapore,HSFO,379.29
2026-01-30,Fujairah,VLSFO,526.37
2026-01-30,Fujairah,LSMGO,719.44
2026-01-30,Fujairah,HSFO,366.06
2026-01-30,Rotterdam,VLSFO,513.41
2026-01-30,Rotterdam,LSMGO,706.48
2026-01-30,Rotterdam,HSFO,354.65
2026-01-30,Visakhapatnam,VLSFO,576.86
2026-01-30,Visakhapatnam,LSMGO,765.95
2026-01-30,Visakhapatnam,HSFO,414.14
2026-02-02,Singapore,VLSFO,535.1
2026-02-02,Singapore,LSMGO,721.9
2026-02-02,Singapore,HSFO,374.42
2026-02-02,Fujairah,VLSFO,521.82
2026-02-02,Fujairah,LSMGO,710.81
2026-02-02,Fujairah,HSFO,362.82
2026-02-02,Rotterdam,VLSFO,511.43
2026-02-02,Rotterdam,LSMGO,702.19
2026-02-02,Rotterdam,HSFO,349.85
2026-02-02,Visakhapatnam,VLSFO,568.63
2026-02-02,Visakhapatnam,LSMGO,757.55
2026-02-02,Visakhapatnam,HSFO,407.74
2026-02-03,Singapore,VLSFO,538.75
2026-02-03,Singapore,LSMGO,728.08
2026-02-03,Singapore,HSFO,381.36
2026-02-03,Fujairah,VLSFO,526.09
2026-02-03,Fujairah,LSMGO,716.12
2026-02-03,Fujairah,HSFO,366.18
2026-02-03,Rotterdam,VLSFO,515.9
2026-02-03,Rotterdam,LSMGO,704.78
2026-02-03,Rotterdam,HSFO,354.56
2026-02-03,Visakhapatnam,VLSFO,572.88
2026-02-03,Visakhapatnam,LSMGO,765.78
2026-02-03,Visakhapatnam,HSFO,411.11
2026-02-04,Singapore,VLSFO,539.51
2026-02-04,Singapore,LSMGO,727.37
2026-02-04,Singapore,HSFO,376.68
2026-02-04,Fujairah,VLSFO,525.27
2026-02-04,Fujairah,LSMGO,716.29
2026-02-04,Fujairah,HSFO,362.37
2026-02-04,Rotterdam,VLSFO,514.52
2026-02-04,Rotterdam,LSMGO,701.97
2026-02-04,Rotterdam,HSFO,351.35
2026-02-04,Visakhapatnam,VLSFO,570.12
2026-02-04,Visakhapatnam,LSMGO,761.93
2026-02-04,Visakhapatnam,HSFO,412.27
2026-02-05,Singapore,VLSFO,539.76
2026-02-05,Singapore,LSMGO,731.41
2026-02-05,Singapore,HSFO,379.86
2026-02-05,Fujairah,VLSFO,531.1
2026-02-05,Fujairah,LSMGO,718.93
2026-02-05,Fujairah,HSFO,370.18
2026-02-05,Rotterdam,VLSFO,512.99
2026-02-05,Rotterdam,LSMGO,704.72
2026-02-05,Rotterdam,HSFO,354.36
2026-02-05,Visakhapatnam,VLSFO,575.75
2026-02-05,Visakhapatnam,LSMGO,767.5
2026-02-05,Visakhapatnam,HSFO,412.8
2026-02-06,Singapore,VLSFO,532.93
2026-02-06,Singapore,LSMGO,727.6
2026-02-06,Singapore,HSFO,373.77
2026-02-06,Fujairah,VLSFO,524.51
2026-02-06,Fujairah,LSMGO,713.75
2026-02-06,Fujairah,HSFO,365.49
2026-02-06,Rotterdam,VLSFO,508.24
2026-02-06,Rotterdam,LSMGO,698.27
2026-02-06,Rotterdam,HSFO,350.83
2026-02-06,Visakhapatnam,VLSFO,573.17
2026-02-06,Visakhapatnam,LSMGO,759.98
2026-02-06,Visakhapatnam,HSFO,409.45
2026-02-09,Singapore,VLSFO,536.88
2026-02-09,Singapore,LSMGO,728.82
2026-02-09,Singapore,HSFO,378.26
2026-02-09,Fujairah,VLSFO,527.22
2026-02-09,Fujairah,LSMGO,711.38
2026-02-09,Fujairah,HSFO,361.92
2026-02-09,Rotterdam,VLSFO,511.9
2026-02-09,Rotterdam,LSMGO,703.17
2026-02-09,Rotterdam,HSFO,349.95
2026-02-09,Visakhapatnam,VLSFO,569.68
2026-02-09,Visakhapatnam,LSMGO,762.96
2026-02-09,Visakhapatnam,HSFO,408.58
2026-02-10,Singapore,VLSFO,534.26
2026-02-10,Singapore,LSMGO,725.08
2026-02-10,Singapore,HSFO,375.41
2026-02-10,Fujairah,VLSFO,524.42
2026-02-10,Fujairah,LSMGO,712.17
2026-02-10,Fujairah,HSFO,363.72
2026-02-10,Rotterdam,VLSFO,510.56
2026-02-10,Rotterdam,LSMGO,700.33
2026-02-10,Rotterdam,HSFO,350.89
2026-02-10,Visakhapatnam,VLSFO,568.6
2026-02-10,Visakhapatnam,LSMGO,757.55
2026-02-10,Visakhapatnam,HSFO,407.76
2026-02-11,Singapore,VLSFO,542.82
2026-02-11,Singapore,LSMGO,734.47
2026-02-11,Singapore,HSFO,386.51
2026-02-11,Fujairah,VLSFO,533.68
2026-02-11,Fujairah,LSMGO,724.2
2026-02-11,Fujairah,HSFO,371.58
2026-02-11,Rotterdam,VLSFO,518.9
2026-02-11,Rotterdam,LSMGO,708.83
2026-02-11,Rotterdam,HSFO,357.62
2026-02-11,Visakhapatnam,VLSFO,576.84
2026-02-11,Visakhapatnam,LSMGO,770.01
2026-02-11,Visakhapatnam,HSFO,422.4
2026-02-12,Singapore,VLSFO,544.6
2026-02-12,Singapore,LSMGO,733.88
2026-02-12,Singapore,HSFO,388.28
2026-02-12,Fujairah,VLSFO,533.12
2026-02-12,Fujairah,LSMGO,726.58
2026-02-12,Fujairah,HSFO,375.83
2026-02-12,Rotterdam,VLSFO,524.28
2026-02-12,Rotterdam,LSMGO,711.06
2026-02-12,Rotterdam,HSFO,362.57
2026-02-12,Visakhapatnam,VLSFO,581.39
2026-02-12,Visakhapatnam,LSMGO,772.39
2026-02-12,Visakhapatnam,HSFO,421.3
2026-02-13,Singapore,VLSFO,547.56
2026-02-13,Singapore,LSMGO,739.47
2026-02-13,Singapore,HSFO,389.6
2026-02-13,Fujairah,VLSFO,539.29
2026-02-13,Fujairah,LSMGO,728.84
2026-02-13,Fujairah,HSFO,378.41
2026-02-13,Rotterdam,VLSFO,522.1
2026-02-13,Rotterdam,LSMGO,715.75
2026-02-13,Rotterdam,HSFO,364.43
2026-02-13,Visakhapatnam,VLSFO,586.79
2026-02-13,Visakhapatnam,LSMGO,776.94
2026-02-13,Visakhapatnam,HSFO,421.76
2026-02-16,Singapore,VLSFO,548.01
2026-02-16,Singapore,LSMGO,733.31
2026-02-16,Singapore,HSFO,385.29
2026-02-16,Fujairah,VLSFO,534.34
2026-02-16,Fujairah,LSMGO,721.97
2026-02-16,Fujairah,HSFO,375.56
2026-02-16,Rotterdam,VLSFO,518.14
2026-02-16,Rotterdam,LSMGO,709.1
2026-02-16,Rotterdam,HSFO,361.57
2026-02-16,Visakhapatnam,VLSFO,582.37
2026-02-16,Visakhapatnam,LSMGO,773.58
2026-02-16,Visakhapatnam,HSFO,422.32
2026-02-17,Singapore,VLSFO,543.18
2026-02-17,Singapore,LSMGO,731.51
2026-02-17,Singapore,HSFO,379.15
2026-02-17,Fujairah,VLSFO,527.87
2026-02-17,Fujairah,LSMGO,720.35
2026-02-17,Fujairah,HSFO,371.2
2026-02-17,Rotterdam,VLSFO,516.65
2026-02-17,Rotterdam,LSMGO,708.53
2026-02-17,Rotterdam,HSFO,357.28
2026-02-17,Visakhapatnam,VLSFO,574.59
2026-02-17,Visakhapatnam,LSMGO,765.3
2026-02-17,Visakhapatnam,HSFO,419.19
2026-02-18,Singapore,VLSFO,540.03
2026-02-18,Singapore,LSMGO,731.05
2026-02-18,Singapore,HSFO,376.39
2026-02-18,Fujairah,VLSFO,529.62
2026-02-18,Fujairah,LSMGO,714.94
2026-02-18,Fujairah,HSFO,363.75
2026-02-18,Rotterdam,VLSFO,516.67
2026-02-18,Rotterdam,LSMGO,702.37
2026-02-18,Rotterdam,HSFO,354.69
2026-02-18,Visakhapatnam,VLSFO,571.74
2026-02-18,Visakhapatnam,LSMGO,764.16
2026-02-18,Visakhapatnam,HSFO,416.11
2026-02-19,Singapore,VLSFO,540.84
2026-02-19,Singapore,LSMGO,732.94
2026-02-19,Singapore,HSFO,380.05
2026-02-19,Fujairah,VLSFO,530.67
2026-02-19,Fujairah,LSMGO,718.94
2026-02-19,Fujairah,HSFO,368.19
2026-02-19,Rotterdam,VLSFO,515.8
2026-02-19,Rotterdam,LSMGO,705.0
2026-02-19,Rotterdam,HSFO,359.33
2026-02-19,Visakhapatnam,VLSFO,576.31
2026-02-19,Visakhapatnam,LSMGO,765.39
2026-02-19,Visakhapatnam,HSFO,416.61
2026-02-20,Singapore,VLSFO,537.48
2026-02-20,Singapore,LSMGO,730.02
2026-02-20,Singapore,HSFO,381.38
2026-02-20,Fujairah,VLSFO,526.18
2026-02-20,Fujairah,LSMGO,718.72
2026-02-20,Fujairah,HSFO,366.95
2026-02-20,Rotterdam,VLSFO,511.5
2026-02-20,Rotterdam,LSMGO,704.7
2026-02-20,Rotterdam,HSFO,353.64
2026-02-20,Visakhapatnam,VLSFO,574.46
2026-02-20,Visakhapatnam,LSMGO,765.89
2026-02-20,Visakhapatnam,HSFO,413.2
2026-02-23,Singapore,VLSFO,543.36
2026-02-23,Singapore,LSMGO,732.45
2026-02-23,Singapore,HSFO,380.88
2026-02-23,Fujairah,VLSFO,529.57
2026-02-23,Fujairah,LSMGO,717.9
2026-02-23,Fujairah,HSFO,371.85
2026-02-23,Rotterdam,VLSFO,516.95
2026-02-23,Rotterdam,LSMGO,703.21
2026-02-23,Rotterdam,HSFO,354.91
2026-02-23,Visakhapatnam,VLSFO,576.69
2026-02-23,Visakhapatnam,LSMGO,763.29
2026-02-23,Visakhapatnam,HSFO,413.09
2026-02-24,Singapore,VLSFO,557.54
2026-02-24,Singapore,LSMGO,746.84
2026-02-24,Singapore,HSFO,397.47
2026-02-24,Fujairah,VLSFO,544.42
2026-02-24,Fujairah,LSMGO,733.83
2026-02-24,Fujairah,HSFO,386.98
2026-02-24,Rotterdam,VLSFO,532.93
2026-02-24,Rotterdam,LSMGO,721.05
2026-02-24,Rotterdam,HSFO,371.76
2026-02-24,Visakhapatnam,VLSFO,593.4
2026-02-24,Visakhapatnam,LSMGO,780.28
2026-02-24,Visakhapatnam,HSFO,430.73
2026-02-25,Singapore,VLSFO,562.63
2026-02-25,Singapore,LSMGO,757.06
2026-02-25,Singapore,HSFO,406.7
2026-02-25,Fujairah,VLSFO,554.71
2026-02-25,Fujairah,LSMGO,744.49
2026-02-25,Fujairah,HSFO,394.21
2026-02-25,Rotterdam,VLSFO,540.05
2026-02-25,Rotterdam,LSMGO,731.04
2026-02-25,Rotterdam,HSFO,377.42
2026-02-25,Visakhapatnam,VLSFO,600.92
2026-02-25,Visakhapatnam,LSMGO,791.86
2026-02-25,Visakhapatnam,HSFO,440.19
2026-02-26,Singapore,VLSFO,561.63
2026-02-26,Singapore,LSMGO,751.15
2026-02-26,Singapore,HSFO,403.34
2026-02-26,Fujairah,VLSFO,551.64
2026-02-26,Fujairah,LSMGO,742.71
2026-02-26,Fujairah,HSFO,389.54
2026-02-26,Rotterdam,VLSFO,539.1
2026-02-26,Rotterdam,LSMGO,727.85
2026-02-26,Rotterdam,HSFO,379.78
2026-02-26,Visakhapatnam,VLSFO,597.65
2026-02-26,Visakhapatnam,LSMGO,787.59
2026-02-26,Visakhapatnam,HSFO,437.95
2026-02-27,Singapore,VLSFO,574.17
2026-02-27,Singapore,LSMGO,765.46
2026-02-27,Singapore,HSFO,410.11
2026-02-27,Fujairah,VLSFO,557.99
2026-02-27,Fujairah,LSMGO,753.3
2026-02-27,Fujairah,HSFO,400.85
2026-02-27,Rotterdam,VLSFO,548.36
2026-02-27,Rotterdam,LSMGO,737.57
2026-02-27,Rotterdam,HSFO,385.24
2026-02-27,Visakhapatnam,VLSFO,609.28
2026-02-27,Visakhapatnam,LSMGO,799.16
2026-02-27,Visakhapatnam,HSFO,446.54
2026-03-02,Singapore,VLSFO,568.06
2026-03-02,Singapore,LSMGO,761.25
2026-03-02,Singapore,HSFO,406.66
2026-03-02,Fujairah,VLSFO,559.51
2026-03-02,Fujairah,LSMGO,745.76
2026-03-02,Fujairah,HSFO,397.78
2026-03-02,Rotterdam,VLSFO,546.84
2026-03-02,Rotterdam,LSMGO,735.29
2026-03-02,Rotterdam,HSFO,383.71
2026-03-02,Visakhapatnam,VLSFO,605.36
2026-03-02,Visakhapatnam,LSMGO,793.29
2026-03-02,Visakhapatnam,HSFO,442.89
2026-03-03,Singapore,VLSFO,554.86
2026-03-03,Singapore,LSMGO,743.38
2026-03-03,Singapore,HSFO,392.75
2026-03-03,Fujairah,VLSFO,539.01
2026-03-03,Fujairah,LSMGO,727.17
2026-03-03,Fujairah,HSFO,377.07
2026-03-03,Rotterdam,VLSFO,527.2
2026-03-03,Rotterdam,LSMGO,718.45
2026-03-03,Rotterdam,HSFO,367.1
2026-03-03,Visakhapatnam,VLSFO,588.92
2026-03-03,Visakhapatnam,LSMGO,774.08
2026-03-03,Visakhapatnam,HSFO,426.08
2026-03-04,Singapore,VLSFO,542.01
2026-03-04,Singapore,LSMGO,733.27
2026-03-04,Singapore,HSFO,381.02
2026-03-04,Fujairah,VLSFO,534.31
2026-03-04,Fujairah,LSMGO,719.93
2026-03-04,Fujairah,HSFO,374.12
2026-03-04,Rotterdam,VLSFO,518.15
2026-03-04,Rotterdam,LSMGO,711.5
2026-03-04,Rotterdam,HSFO,358.91
2026-03-04,Visakhapatnam,VLSFO,581.17
2026-03-04,Visakhapatnam,LSMGO,765.62
2026-03-04,Visakhapatnam,HSFO,420.08
2026-03-05,Singapore,VLSFO,530.81
2026-03-05,Singapore,LSMGO,716.23
2026-03-05,Singapore,HSFO,365.97
2026-03-05,Fujairah,VLSFO,515.94
2026-03-05,Fujairah,LSMGO,708.99
2026-03-05,Fujairah,HSFO,356.64
2026-03-05,Rotterdam,VLSFO,503.55
2026-03-05,Rotterdam,LSMGO,691.24
2026-03-05,Rotterdam,HSFO,340.39
2026-03-05,Visakhapatnam,VLSFO,565.25
2026-03-05,Visakhapatnam,LSMGO,750.92
2026-03-05,Visakhapatnam,HSFO,404.19
2026-03-06,Singapore,VLSFO,528.14
2026-03-06,Singapore,LSMGO,713.91
2026-03-06,Singapore,HSFO,366.65
2026-03-06,Fujairah,VLSFO,511.13
2026-03-06,Fujairah,LSMGO,704.28
2026-03-06,Fujairah,HSFO,351.64
2026-03-06,Rotterdam,VLSFO,502.07
2026-03-06,Rotterdam,LSMGO,689.46
2026-03-06,Rotterdam,HSFO,340.44
2026-03-06,Visakhapatnam,VLSFO,561.25
2026-03-06,Visakhapatnam,LSMGO,748.68
2026-03-06,Visakhapatnam,HSFO,402.11
2026-03-09,Singapore,VLSFO,524.67
2026-03-09,Singapore,LSMGO,716.83
2026-03-09,Singapore,HSFO,363.8
2026-03-09,Fujairah,VLSFO,514.98
2026-03-09,Fujairah,LSMGO,701.62
2026-03-09,Fujairah,HSFO,353.41
2026-03-09,Rotterdam,VLSFO,499.34
2026-03-09,Rotterdam,LSMGO,692.34
2026-03-09,Rotterdam,HSFO,339.43
2026-03-09,Visakhapatnam,VLSFO,563.14
2026-03-09,Visakhapatnam,LSMGO,753.21
2026-03-09,Visakhapatnam,HSFO,399.03
2026-03-10,Singapore,VLSFO,539.81
2026-03-10,Singapore,LSMGO,726.66
2026-03-10,Singapore,HSFO,378.48
2026-03-10,Fujairah,VLSFO,528.41
2026-03-10,Fujairah,LSMGO,718.09
2026-03-10,Fujairah,HSFO,367.88
2026-03-10,Rotterdam,VLSFO,512.83
2026-03-10,Rotterdam,LSMGO,703.4
2026-03-10,Rotterdam,HSFO,351.75
2026-03-10,Visakhapatnam,VLSFO,575.44
2026-03-10,Visakhapatnam,LSMGO,764.15
2026-03-10,Visakhapatnam,HSFO,415.38
2026-03-11,Singapore,VLSFO,540.32
2026-03-11,Singapore,LSMGO,730.77
2026-03-11,Singapore,HSFO,380.83
2026-03-11,Fujairah,VLSFO,526.98
2026-03-11,Fujairah,LSMGO,718.87
2026-03-11,Fujairah,HSFO,371.65
2026-03-11,Rotterdam,VLSFO,519.21
2026-03-11,Rotterdam,LSMGO,706.94
2026-03-11,Rotterdam,HSFO,356.56
2026-03-11,Visakhapatnam,VLSFO,574.01
2026-03-11,Visakhapatnam,LSMGO,769.1
2026-03-11,Visakhapatnam,HSFO,413.91
2026-03-12,Singapore,VLSFO,542.77
2026-03-12,Singapore,LSMGO,730.04
2026-03-12,Singapore,HSFO,379.15
2026-03-12,Fujairah,VLSFO,530.65
2026-03-12,Fujairah,LSMGO,715.25
2026-03-12,Fujairah,HSFO,368.59
2026-03-12,Rotterdam,VLSFO,515.4
2026-03-12,Rotterdam,LSMGO,703.42
2026-03-12,Rotterdam,HSFO,354.68
2026-03-12,Visakhapatnam,VLSFO,576.02
2026-03-12,Visakhapatnam,LSMGO,766.46
2026-03-12,Visakhapatnam,HSFO,412.11
2026-03-13,Singapore,VLSFO,549.5
2026-03-13,Singapore,LSMGO,734.86
2026-03-13,Singapore,HSFO,385.28
2026-03-13,Fujairah,VLSFO,533.46
2026-03-13,Fujairah,LSMGO,722.1
2026-03-13,Fujairah,HSFO,372.61
2026-03-13,Rotterdam,VLSFO,524.79
2026-03-13,Rotterdam,LSMGO,710.77
2026-03-13,Rotterdam,HSFO,359.57
2026-03-13,Visakhapatnam,VLSFO,579.52
2026-03-13,Visakhapatnam,LSMGO,773.19
2026-03-13,Visakhapatnam,HSFO,424.0
2026-03-16,Singapore,VLSFO,527.33
2026-03-16,Singapore,LSMGO,715.92
2026-03-16,Singapore,HSFO,367.13
2026-03-16,Fujairah,VLSFO,514.13
2026-03-16,Fujairah,LSMGO,704.41
2026-03-16,Fujairah,HSFO,356.38
2026-03-16,Rotterdam,VLSFO,502.17
2026-03-16,Rotterdam,LSMGO,693.89
2026-03-16,Rotterdam,HSFO,342.31
2026-03-16,Visakhapatnam,VLSFO,566.43
2026-03-16,Visakhapatnam,LSMGO,756.23
2026-03-16,Visakhapatnam,HSFO,404.19
2026-03-17,Singapore,VLSFO,529.84
2026-03-17,Singapore,LSMGO,720.0
2026-03-17,Singapore,HSFO,370.18
2026-03-17,Fujairah,VLSFO,520.08
2026-03-17,Fujairah,LSMGO,708.42
2026-03-17,Fujairah,HSFO,360.85
2026-03-17,Rotterdam,VLSFO,508.38
2026-03-17,Rotterdam,LSMGO,694.73
2026-03-17,Rotterdam,HSFO,346.08
2026-03-17,Visakhapatnam,VLSFO,563.28
2026-03-17,Visakhapatnam,LSMGO,753.92
2026-03-17,Visakhapatnam,HSFO,405.19
2026-03-18,Singapore,VLSFO,535.14
2026-03-18,Singapore,LSMGO,729.16
2026-03-18,Singapore,HSFO,374.85
2026-03-18,Fujairah,VLSFO,524.64
2026-03-18,Fujairah,LSMGO,715.54
2026-03-18,Fujairah,HSFO,366.05
2026-03-18,Rotterdam,VLSFO,511.2
2026-03-18,Rotterdam,LSMGO,704.12
2026-03-18,Rotterdam,HSFO,352.31
2026-03-18,Visakhapatnam,VLSFO,571.54
2026-03-18,Visakhapatnam,LSMGO,759.31
2026-03-18,Visakhapatnam,HSFO,411.69
2026-03-19,Singapore,VLSFO,526.97
2026-03-19,Singapore,LSMGO,715.74
2026-03-19,Singapore,HSFO,367.04
2026-03-19,Fujairah,VLSFO,513.01
2026-03-19,Fujairah,LSMGO,700.76
2026-03-19,Fujairah,HSFO,350.13
2026-03-19,Rotterdam,VLSFO,498.87
2026-03-19,Rotterdam,LSMGO,691.24
2026-03-19,Rotterdam,HSFO,341.79
2026-03-19,Visakhapatnam,VLSFO,558.82
2026-03-19,Visakhapatnam,LSMGO,750.02
2026-03-19,Visakhapatnam,HSFO,399.58
2026-03-20,Singapore,VLSFO,533.57
2026-03-20,Singapore,LSMGO,722.5
2026-03-20,Singapore,HSFO,371.93
2026-03-20,Fujairah,VLSFO,520.29
2026-03-20,Fujairah,LSMGO,709.44
2026-03-20,Fujairah,HSFO,360.3
2026-03-20,Rotterdam,VLSFO,506.16
2026-03-20,Rotterdam,LSMGO,699.87
2026-03-20,Rotterdam,HSFO,348.01
2026-03-20,Visakhapatnam,VLSFO,571.95
2026-03-20,Visakhapatnam,LSMGO,757.27
2026-03-20,Visakhapatnam,HSFO,408.18
2026-03-23,Singapore,VLSFO,536.02
2026-03-23,Singapore,LSMGO,723.93
2026-03-23,Singapore,HSFO,378.91
2026-03-23,Fujairah,VLSFO,522.07
2026-03-23,Fujairah,LSMGO,717.52
2026-03-23,Fujairah,HSFO,367.23
2026-03-23,Rotterdam,VLSFO,512.09
2026-03-23,Rotterdam,LSMGO,702.14
2026-03-23,Rotterdam,HSFO,352.8
2026-03-23,Visakhapatnam,VLSFO,571.2
2026-03-23,Visakhapatnam,LSMGO,762.76
2026-03-23,Visakhapatnam,HSFO,409.14
2026-03-24,Singapore,VLSFO,530.91
2026-03-24,Singapore,LSMGO,723.33
2026-03-24,Singapore,HSFO,373.88
2026-03-24,Fujairah,VLSFO,523.91
2026-03-24,Fujairah,LSMGO,709.21
2026-03-24,Fujairah,HSFO,363.52
2026-03-24,Rotterdam,VLSFO,506.84
2026-03-24,Rotterdam,LSMGO,697.95
2026-03-24,Rotterdam,HSFO,347.48
2026-03-24,Visakhapatnam,VLSFO,567.98
2026-03-24,Visakhapatnam,LSMGO,756.49
2026-03-24,Visakhapatnam,HSFO,408.61
2026-03-25,Singapore,VLSFO,540.51
2026-03-25,Singapore,LSMGO,728.35
2026-03-25,Singapore,HSFO,378.65
2026-03-25,Fujairah,VLSFO,528.79
2026-03-25,Fujairah,LSMGO,717.94
2026-03-25,Fujairah,HSFO,366.64
2026-03-25,Rotterdam,VLSFO,512.25
2026-03-25,Rotterdam,LSMGO,706.01
2026-03-25,Rotterdam,HSFO,354.16
2026-03-25,Visakhapatnam,VLSFO,572.03
2026-03-25,Visakhapatnam,LSMGO,762.32
2026-03-25,Visakhapatnam,HSFO,415.52
2026-03-26,Singapore,VLSFO,554.37
2026-03-26,Singapore,LSMGO,750.06
2026-03-26,Singapore,HSFO,394.89
2026-03-26,Fujairah,VLSFO,546.88
2026-03-26,Fujairah,LSMGO,734.47
2026-03-26,Fujairah,HSFO,385.06
2026-03-26,Rotterdam,VLSFO,534.39
2026-03-26,Rotterdam,LSMGO,721.58
2026-03-26,Rotterdam,HSFO,372.33
2026-03-26,Visakhapatnam,VLSFO,589.4
2026-03-26,Visakhapatnam,LSMGO,779.12
2026-03-26,Visakhapatnam,HSFO,430.57
2026-03-27,Singapore,VLSFO,559.76
2026-03-27,Singapore,LSMGO,746.41
2026-03-27,Singapore,HSFO,396.36
2026-03-27,Fujairah,VLSFO,546.15
2026-03-27,Fujairah,LSMGO,737.57
2026-03-27,Fujairah,HSFO,387.95
2026-03-27,Rotterdam,VLSFO,531.75
2026-03-27,Rotterdam,LSMGO,721.16
2026-03-27,Rotterdam,HSFO,376.32
2026-03-27,Visakhapatnam,VLSFO,592.24
2026-03-27,Visakhapatnam,LSMGO,785.8
2026-03-27,Visakhapatnam,HSFO,435.86
2026-03-30,Singapore,VLSFO,562.45
2026-03-30,Singapore,LSMGO,748.83
2026-03-30,Singapore,HSFO,402.75
2026-03-30,Fujairah,VLSFO,550.43
2026-03-30,Fujairah,LSMGO,739.4
2026-03-30,Fujairah,HSFO,387.84
2026-03-30,Rotterdam,VLSFO,534.39
2026-03-30,Rotterdam,LSMGO,723.55
2026-03-30,Rotterdam,HSFO,375.87
2026-03-30,Visakhapatnam,VLSFO,596.33
2026-03-30,Visakhapatnam,LSMGO,784.97
2026-03-30,Visakhapatnam,HSFO,435.67
2026-03-31,Singapore,VLSFO,556.19
2026-03-31,Singapore,LSMGO,747.85
2026-03-31,Singapore,HSFO,399.42
2026-03-31,Fujairah,VLSFO,542.99
2026-03-31,Fujairah,LSMGO,734.3
2026-03-31,Fujairah,HSFO,382.85
2026-03-31,Rotterdam,VLSFO,532.76
2026-03-31,Rotterdam,LSMGO,723.38
2026-03-31,Rotterdam,HSFO,374.6
2026-03-31,Visakhapatnam,VLSFO,590.68
2026-03-31,Visakhapatnam,LSMGO,784.71
2026-03-31,Visakhapatnam,HSFO,429.39
2026-04-01,Singapore,VLSFO,550.58
2026-04-01,Singapore,LSMGO,737.31
2026-04-01,Singapore,HSFO,392.33
2026-04-01,Fujairah,VLSFO,538.14
2026-04-01,Fujairah,LSMGO,728.98
2026-04-01,Fujairah,HSFO,379.95
2026-04-01,Rotterdam,VLSFO,522.86
2026-04-01,Rotterdam,LSMGO,712.19
2026-04-01,Rotterdam,HSFO,367.24
2026-04-01,Visakhapatnam,VLSFO,583.85
2026-04-01,Visakhapatnam,LSMGO,772.74
2026-04-01,Visakhapatnam,HSFO,424.77
2026-04-02,Singapore,VLSFO,557.46
2026-04-02,Singapore,LSMGO,744.05
2026-04-02,Singapore,HSFO,395.52
2026-04-02,Fujairah,VLSFO,542.06
2026-04-02,Fujairah,LSMGO,734.39
2026-04-02,Fujairah,HSFO,387.24
2026-04-02,Rotterdam,VLSFO,534.76
2026-04-02,Rotterdam,LSMGO,722.69
2026-04-02,Rotterdam,HSFO,369.84
2026-04-02,Visakhapatnam,VLSFO,594.3
2026-04-02,Visakhapatnam,LSMGO,781.96
2026-04-02,Visakhapatnam,HSFO,429.79
2026-04-03,Singapore,VLSFO,552.3
2026-04-03,Singapore,LSMGO,741.32
2026-04-03,Singapore,HSFO,391.16
2026-04-03,Fujairah,VLSFO,539.03
2026-04-03,Fujairah,LSMGO,725.97
2026-04-03,Fujairah,HSFO,376.04
2026-04-03,Rotterdam,VLSFO,525.9
2026-04-03,Rotterdam,LSMGO,713.09
2026-04-03,Rotterdam,HSFO,364.4
2026-04-03,Visakhapatnam,VLSFO,586.46
2026-04-03,Visakhapatnam,LSMGO,776.48
2026-04-03,Visakhapatnam,HSFO,424.49
2026-04-06,Singapore,VLSFO,552.17
2026-04-06,Singapore,LSMGO,742.45
2026-04-06,Singapore,HSFO,391.35
2026-04-06,Fujairah,VLSFO,536.79
2026-04-06,Fujairah,LSMGO,727.06
2026-04-06,Fujairah,HSFO,377.31
2026-04-06,Rotterdam,VLSFO,523.12
2026-04-06,Rotterdam,LSMGO,714.06
2026-04-06,Rotterdam,HSFO,363.67
2026-04-06,Visakhapatnam,VLSFO,585.15
2026-04-06,Visakhapatnam,LSMGO,777.87
2026-04-06,Visakhapatnam,HSFO,423.04
2026-04-07,Singapore,VLSFO,547.85
2026-04-07,Singapore,LSMGO,737.65
2026-04-07,Singapore,HSFO,384.1
2026-04-07,Fujairah,VLSFO,537.06
2026-04-07,Fujairah,LSMGO,724.94
2026-04-07,Fujairah,HSFO,373.71
2026-04-07,Rotterdam,VLSFO,523.07
2026-04-07,Rotterdam,LSMGO,710.07
2026-04-07,Rotterdam,HSFO,362.69
2026-04-07,Visakhapatnam,VLSFO,578.77
2026-04-07,Visakhapatnam,LSMGO,773.57
2026-04-07,Visakhapatnam,HSFO,421.22
2026-04-08,Singapore,VLSFO,551.33
2026-04-08,Singapore,LSMGO,738.84
2026-04-08,Singapore,HSFO,391.57
2026-04-08,Fujairah,VLSFO,540.14
2026-04-08,Fujairah,LSMGO,728.35
2026-04-08,Fujairah,HSFO,379.22
2026-04-08,Rotterdam,VLSFO,525.25
2026-04-08,Rotterdam,LSMGO,717.87
2026-04-08,Rotterdam,HSFO,365.5
2026-04-08,Visakhapatnam,VLSFO,587.56
2026-04-08,Visakhapatnam,LSMGO,777.32
2026-04-08,Visakhapatnam,HSFO,424.97
2026-04-09,Singapore,VLSFO,551.7
2026-04-09,Singapore,LSMGO,742.76
2026-04-09,Singapore,HSFO,395.28
2026-04-09,Fujairah,VLSFO,539.69
2026-04-09,Fujairah,LSMGO,731.47
2026-04-09,Fujairah,HSFO,383.16
2026-04-09,Rotterdam,VLSFO,527.44
2026-04-09,Rotterdam,LSMGO,719.17
2026-04-09,Rotterdam,HSFO,366.79
2026-04-09,Visakhapatnam,VLSFO,585.98
2026-04-09,Visakhapatnam,LSMGO,780.09
2026-04-09,Visakhapatnam,HSFO,425.91
2026-04-10,Singapore,VLSFO,560.62
2026-04-10,Singapore,LSMGO,754.12
2026-04-10,Singapore,HSFO,401.07
2026-04-10,Fujairah,VLSFO,552.83
2026-04-10,Fujairah,LSMGO,742.87
2026-04-10,Fujairah,HSFO,388.6
2026-04-10,Rotterdam,VLSFO,534.23
2026-04-10,Rotterdam,LSMGO,728.22
2026-04-10,Rotterdam,HSFO,376.69
2026-04-10,Visakhapatnam,VLSFO,594.59
2026-04-10,Visakhapatnam,LSMGO,788.23
2026-04-10,Visakhapatnam,HSFO,434.17
2026-04-13,Singapore,VLSFO,559.97
2026-04-13,Singapore,LSMGO,745.58
2026-04-13,Singapore,HSFO,395.51
2026-04-13,Fujairah,VLSFO,543.8
2026-04-13,Fujairah,LSMGO,738.51
2026-04-13,Fujairah,HSFO,386.9
2026-04-13,Rotterdam,VLSFO,534.55
2026-04-13,Rotterdam,LSMGO,722.13
2026-04-13,Rotterdam,HSFO,371.76
2026-04-13,Visakhapatnam,VLSFO,591.15
2026-04-13,Visakhapatnam,LSMGO,782.63
2026-04-13,Visakhapatnam,HSFO,433.05
2026-04-14,Singapore,VLSFO,556.33
2026-04-14,Singapore,LSMGO,744.08
2026-04-14,Singapore,HSFO,398.23
2026-04-14,Fujairah,VLSFO,541.56
2026-04-14,Fujairah,LSMGO,736.34
2026-04-14,Fujairah,HSFO,380.63
2026-04-14,Rotterdam,VLSFO,530.43
2026-04-14,Rotterdam,LSMGO,719.54
2026-04-14,Rotterdam,HSFO,370.24
2026-04-14,Visakhapatnam,VLSFO,590.97
2026-04-14,Visakhapatnam,LSMGO,780.16
2026-04-14,Visakhapatnam,HSFO,430.03
2026-04-15,Singapore,VLSFO,548.84
2026-04-15,Singapore,LSMGO,738.56
2026-04-15,Singapore,HSFO,389.44
2026-04-15,Fujairah,VLSFO,533.94
2026-04-15,Fujairah,LSMGO,726.1
2026-04-15,Fujairah,HSFO,375.95
2026-04-15,Rotterdam,VLSFO,521.66
2026-04-15,Rotterdam,LSMGO,712.36
2026-04-15,Rotterdam,HSFO,361.32
2026-04-15,Visakhapatnam,VLSFO,580.29
2026-04-15,Visakhapatnam,LSMGO,770.72
2026-04-15,Visakhapatnam,HSFO,420.07
2026-04-16,Singapore,VLSFO,544.95
2026-04-16,Singapore,LSMGO,734.81
2026-04-16,Singapore,HSFO,386.55
2026-04-16,Fujairah,VLSFO,533.23
2026-04-16,Fujairah,LSMGO,719.16
2026-04-16,Fujairah,HSFO,374.15
2026-04-16,Rotterdam,VLSFO,521.02
2026-04-16,Rotterdam,LSMGO,708.51
2026-04-16,Rotterdam,HSFO,359.36
2026-04-16,Visakhapatnam,VLSFO,581.7
2026-04-16,Visakhapatnam,LSMGO,769.04
2026-04-16,Visakhapatnam,HSFO,421.28
2026-04-17,Singapore,VLSFO,544.48
2026-04-17,Singapore,LSMGO,735.13
2026-04-17,Singapore,HSFO,386.62
2026-04-17,Fujairah,VLSFO,535.49
2026-04-17,Fujairah,LSMGO,726.88
2026-04-17,Fujairah,HSFO,377.91
2026-04-17,Rotterdam,VLSFO,521.31
2026-04-17,Rotterdam,LSMGO,709.26
2026-04-17,Rotterdam,HSFO,363.79
2026-04-17,Visakhapatnam,VLSFO,582.61
2026-04-17,Visakhapatnam,LSMGO,770.17
2026-04-17,Visakhapatnam,HSFO,421.95
2026-04-20,Singapore,VLSFO,554.7
2026-04-20,Singapore,LSMGO,744.87
2026-04-20,Singapore,HSFO,393.24
2026-04-20,Fujairah,VLSFO,540.08
2026-04-20,Fujairah,LSMGO,734.09
2026-04-20,Fujairah,HSFO,382.23
2026-04-20,Rotterdam,VLSFO,527.7
2026-04-20,Rotterdam,LSMGO,716.93
2026-04-20,Rotterdam,HSFO,369.63
2026-04-20,Visakhapatnam,VLSFO,586.7
2026-04-20,Visakhapatnam,LSMGO,776.28
2026-04-20,Visakhapatnam,HSFO,428.42
2026-04-21,Singapore,VLSFO,544.39
2026-04-21,Singapore,LSMGO,736.42
2026-04-21,Singapore,HSFO,383.36
2026-04-21,Fujairah,VLSFO,534.58
2026-04-21,Fujairah,LSMGO,722.35
2026-04-21,Fujairah,HSFO,370.65
2026-04-21,Rotterdam,VLSFO,518.41
2026-04-21,Rotterdam,LSMGO,713.25
2026-04-21,Rotterdam,HSFO,362.85
2026-04-21,Visakhapatnam,VLSFO,579.05
2026-04-21,Visakhapatnam,LSMGO,772.32
2026-04-21,Visakhapatnam,HSFO,421.3
2026-04-22,Singapore,VLSFO,555.65
2026-04-22,Singapore,LSMGO,742.06
2026-04-22,Singapore,HSFO,393.91
2026-04-22,Fujairah,VLSFO,538.2
2026-04-22,Fujairah,LSMGO,730.2
2026-04-22,Fujairah,HSFO,383.6
2026-04-22,Rotterdam,VLSFO,528.05
2026-04-22,Rotterdam,LSMGO,716.55
2026-04-22,Rotterdam,HSFO,365.54
2026-04-22,Visakhapatnam,VLSFO,589.04
2026-04-22,Visakhapatnam,LSMGO,778.69
2026-04-22,Visakhapatnam,HSFO,427.06
2026-04-23,Singapore,VLSFO,566.82
2026-04-23,Singapore,LSMGO,751.25
2026-04-23,Singapore,HSFO,402.94
2026-04-23,Fujairah,VLSFO,554.64
2026-04-23,Fujairah,LSMGO,741.04
2026-04-23,Fujairah,HSFO,390.63
2026-04-23,Rotterdam,VLSFO,539.32
2026-04-23,Rotterdam,LSMGO,731.06
2026-04-23,Rotterdam,HSFO,376.74
2026-04-23,Visakhapatnam,VLSFO,601.77
2026-04-23,Visakhapatnam,LSMGO,790.89
2026-04-23,Visakhapatnam,HSFO,437.2
2026-04-24,Singapore,VLSFO,568.94
2026-04-24,Singapore,LSMGO,756.98
2026-04-24,Singapore,HSFO,407.09
2026-04-24,Fujairah,VLSFO,557.37
2026-04-24,Fujairah,LSMGO,748.45
2026-04-24,Fujairah,HSFO,393.43
2026-04-24,Rotterdam,VLSFO,542.2
2026-04-24,Rotterdam,LSMGO,732.56
2026-04-24,Rotterdam,HSFO,381.93
2026-04-24,Visakhapatnam,VLSFO,601.85
2026-04-24,Visakhapatnam,LSMGO,789.99
2026-04-24,Visakhapatnam,HSFO,443.78
2026-04-27,Singapore,VLSFO,583.33
2026-04-27,Singapore,LSMGO,771.88
2026-04-27,Singapore,HSFO,425.61
2026-04-27,Fujairah,VLSFO,573.52
2026-04-27,Fujairah,LSMGO,761.63
2026-04-27,Fujairah,HSFO,410.5
2026-04-27,Rotterdam,VLSFO,559.54
2026-04-27,Rotterdam,LSMGO,747.44
2026-04-27,Rotterdam,HSFO,397.13
2026-04-27,Visakhapatnam,VLSFO,620.09
2026-04-27,Visakhapatnam,LSMGO,805.95
2026-04-27,Visakhapatnam,HSFO,456.28
2026-04-28,Singapore,VLSFO,574.03
2026-04-28,Singapore,LSMGO,764.91
2026-04-28,Singapore,HSFO,414.41
2026-04-28,Fujairah,VLSFO,567.97
2026-04-28,Fujairah,LSMGO,753.73
2026-04-28,Fujairah,HSFO,402.89
2026-04-28,Rotterdam,VLSFO,550.44
2026-04-28,Rotterdam,LSMGO,744.61
2026-04-28,Rotterdam,HSFO,392.11
2026-04-28,Visakhapatnam,VLSFO,611.18
2026-04-28,Visakhapatnam,LSMGO,804.23
2026-04-28,Visakhapatnam,HSFO,451.36
2026-04-29,Singapore,VLSFO,565.29
2026-04-29,Singapore,LSMGO,754.52
2026-04-29,Singapore,HSFO,405.54
2026-04-29,Fujairah,VLSFO,553.18
2026-04-29,Fujairah,LSMGO,745.34
2026-04-29,Fujairah,HSFO,393.02
2026-04-29,Rotterdam,VLSFO,541.74
2026-04-29,Rotterdam,LSMGO,728.67
2026-04-29,Rotterdam,HSFO,379.43
2026-04-29,Visakhapatnam,VLSFO,600.72
2026-04-29,Visakhapatnam,LSMGO,793.9
2026-04-29,Visakhapatnam,HSFO,440.54
2026-04-30,Singapore,VLSFO,552.21
2026-04-30,Singapore,LSMGO,739.76
2026-04-30,Singapore,HSFO,388.99
2026-04-30,Fujairah,VLSFO,536.58
2026-04-30,Fujairah,LSMGO,728.06
2026-04-30,Fujairah,HSFO,377.17
2026-04-30,Rotterdam,VLSFO,524.27
2026-04-30,Rotterdam,LSMGO,717.79
2026-04-30,Rotterdam,HSFO,363.32
2026-04-30,Visakhapatnam,VLSFO,586.57
2026-04-30,Visakhapatnam,LSMGO,775.5
2026-04-30,Visakhapatnam,HSFO,426.27
2026-05-01,Singapore,VLSFO,564.03
2026-05-01,Singapore,LSMGO,752.53
2026-05-01,Singapore,HSFO,402.42
2026-05-01,Fujairah,VLSFO,553.05
2026-05-01,Fujairah,LSMGO,743.88
2026-05-01,Fujairah,HSFO,389.81
2026-05-01,Rotterdam,VLSFO,536.24
2026-05-01,Rotterdam,LSMGO,731.04
2026-05-01,Rotterdam,HSFO,377.75
2026-05-01,Visakhapatnam,VLSFO,598.96
2026-05-01,Visakhapatnam,LSMGO,787.81
2026-05-01,Visakhapatnam,HSFO,436.41
2026-05-04,Singapore,VLSFO,569.78
2026-05-04,Singapore,LSMGO,759.39
2026-05-04,Singapore,HSFO,407.46
2026-05-04,Fujairah,VLSFO,556.95
2026-05-04,Fujairah,LSMGO,749.02
2026-05-04,Fujairah,HSFO,397.78
2026-05-04,Rotterdam,VLSFO,541.82
2026-05-04,Rotterdam,LSMGO,734.53
2026-05-04,Rotterdam,HSFO,385.46
2026-05-04,Visakhapatnam,VLSFO,606.0
2026-05-04,Visakhapatnam,LSMGO,795.01
2026-05-04,Visakhapatnam,HSFO,442.16
2026-05-05,Singapore,VLSFO,570.08
2026-05-05,Singapore,LSMGO,759.89
2026-05-05,Singapore,HSFO,405.97
2026-05-05,Fujairah,VLSFO,556.29
2026-05-05,Fujairah,LSMGO,745.82
2026-05-05,Fujairah,HSFO,397.84
2026-05-05,Rotterdam,VLSFO,542.12
2026-05-05,Rotterdam,LSMGO,734.37
2026-05-05,Rotterdam,HSFO,386.3
2026-05-05,Visakhapatnam,VLSFO,605.61
2026-05-05,Visakhapatnam,LSMGO,796.35
2026-05-05,Visakhapatnam,HSFO,446.69
2026-05-06,Singapore,VLSFO,568.33
2026-05-06,Singapore,LSMGO,762.0
2026-05-06,Singapore,HSFO,410.74
2026-05-06,Fujairah,VLSFO,561.43
2026-05-06,Fujairah,LSMGO,747.78
2026-05-06,Fujairah,HSFO,402.15
2026-05-06,Rotterdam,VLSFO,546.95
2026-05-06,Rotterdam,LSMGO,738.03
2026-05-06,Rotterdam,HSFO,383.78
2026-05-06,Visakhapatnam,VLSFO,604.37
2026-05-06,Visakhapatnam,LSMGO,797.82
2026-05-06,Visakhapatnam,HSFO,443.4
2026-05-07,Singapore,VLSFO,563.58
2026-05-07,Singapore,LSMGO,748.76
2026-05-07,Singapore,HSFO,402.62
2026-05-07,Fujairah,VLSFO,548.87
2026-05-07,Fujairah,LSMGO,740.35
2026-05-07,Fujairah,HSFO,390.86
2026-05-07,Rotterdam,VLSFO,535.74
2026-05-07,Rotterdam,LSMGO,724.33
2026-05-07,Rotterdam,HSFO,374.1
2026-05-07,Visakhapatnam,VLSFO,597.21
2026-05-07,Visakhapatnam,LSMGO,786.8
2026-05-07,Visakhapatnam,HSFO,438.13
2026-05-08,Singapore,VLSFO,582.4
2026-05-08,Singapore,LSMGO,771.88
2026-05-08,Singapore,HSFO,421.73
2026-05-08,Fujairah,VLSFO,567.5
2026-05-08,Fujairah,LSMGO,759.36
2026-05-08,Fujairah,HSFO,413.2
2026-05-08,Rotterdam,VLSFO,559.58
2026-05-08,Rotterdam,LSMGO,746.32
2026-05-08,Rotterdam,HSFO,397.87
2026-05-08,Visakhapatnam,VLSFO,619.43
2026-05-08,Visakhapatnam,LSMGO,806.99
2026-05-08,Visakhapatnam,HSFO,454.45
2026-05-11,Singapore,VLSFO,580.98
2026-05-11,Singapore,LSMGO,773.59
2026-05-11,Singapore,HSFO,426.35
2026-05-11,Fujairah,VLSFO,572.69
2026-05-11,Fujairah,LSMGO,758.96
2026-05-11,Fujairah,HSFO,409.67
2026-05-11,Rotterdam,VLSFO,560.16
2026-05-11,Rotterdam,LSMGO,750.58
2026-05-11,Rotterdam,HSFO,399.24
2026-05-11,Visakhapatnam,VLSFO,619.4
2026-05-11,Visakhapatnam,LSMGO,805.7
2026-05-11,Visakhapatnam,HSFO,460.5
2026-05-12,Singapore,VLSFO,586.28
2026-05-12,Singapore,LSMGO,773.1
2026-05-12,Singapore,HSFO,425.8
2026-05-12,Fujairah,VLSFO,570.83
2026-05-12,Fujairah,LSMGO,759.79
2026-05-12,Fujairah,HSFO,410.75
2026-05-12,Rotterdam,VLSFO,557.62
2026-05-12,Rotterdam,LSMGO,748.57
2026-05-12,Rotterdam,HSFO,399.06
2026-05-12,Visakhapatnam,VLSFO,619.6
2026-05-12,Visakhapatnam,LSMGO,809.41
2026-05-12,Visakhapatnam,HSFO,458.17
2026-05-13,Singapore,VLSFO,588.14
2026-05-13,Singapore,LSMGO,781.6
2026-05-13,Singapore,HSFO,430.34
2026-05-13,Fujairah,VLSFO,577.76
2026-05-13,Fujairah,LSMGO,771.17
2026-05-13,Fujairah,HSFO,420.45
2026-05-13,Rotterdam,VLSFO,568.11
2026-05-13,Rotterdam,LSMGO,755.94
2026-05-13,Rotterdam,HSFO,403.75
2026-05-13,Visakhapatnam,VLSFO,627.15
2026-05-13,Visakhapatnam,LSMGO,814.2
2026-05-13,Visakhapatnam,HSFO,465.62
2026-05-14,Singapore,VLSFO,592.68
2026-05-14,Singapore,LSMGO,787.24
2026-05-14,Singapore,HSFO,433.05
2026-05-14,Fujairah,VLSFO,585.71
2026-05-14,Fujairah,LSMGO,775.48
2026-05-14,Fujairah,HSFO,423.08
2026-05-14,Rotterdam,VLSFO,571.76
2026-05-14,Rotterdam,LSMGO,761.01
2026-05-14,Rotterdam,HSFO,412.11
2026-05-14,Visakhapatnam,VLSFO,629.88
2026-05-14,Visakhapatnam,LSMGO,822.01
2026-05-14,Visakhapatnam,HSFO,470.07
2026-05-15,Singapore,VLSFO,600.0
2026-05-15,Singapore,LSMGO,787.27
2026-05-15,Singapore,HSFO,437.13
2026-05-15,Fujairah,VLSFO,587.06
2026-05-15,Fujairah,LSMGO,777.28
2026-05-15,Fujairah,HSFO,425.68
2026-05-15,Rotterdam,VLSFO,570.43
2026-05-15,Rotterdam,LSMGO,762.16
2026-05-15,Rotterdam,HSFO,415.16
2026-05-15,Visakhapatnam,VLSFO,633.87
2026-05-15,Visakhapatnam,LSMGO,824.22
2026-05-15,Visakhapatnam,HSFO,469.55
2026-05-18,Singapore,VLSFO,590.13
2026-05-18,Singapore,LSMGO,781.21
2026-05-18,Singapore,HSFO,432.31
2026-05-18,Fujairah,VLSFO,575.62
2026-05-18,Fujairah,LSMGO,770.44
2026-05-18,Fujairah,HSFO,418.62
2026-05-18,Rotterdam,VLSFO,563.51
2026-05-18,Rotterdam,LSMGO,754.23
2026-05-18,Rotterdam,HSFO,404.02
2026-05-18,Visakhapatnam,VLSFO,625.51
2026-05-18,Visakhapatnam,LSMGO,812.64
2026-05-18,Visakhapatnam,HSFO,463.28
2026-05-19,Singapore,VLSFO,596.44
2026-05-19,Singapore,LSMGO,782.36
2026-05-19,Singapore,HSFO,432.96
2026-05-19,Fujairah,VLSFO,582.28
2026-05-19,Fujairah,LSMGO,772.66
2026-05-19,Fujairah,HSFO,424.14
2026-05-19,Rotterdam,VLSFO,569.24
2026-05-19,Rotterdam,LSMGO,761.3
2026-05-19,Rotterdam,HSFO,410.27
2026-05-19,Visakhapatnam,VLSFO,627.24
2026-05-19,Visakhapatnam,LSMGO,817.5
2026-05-19,Visakhapatnam,HSFO,469.18
2026-05-20,Singapore,VLSFO,610.79
2026-05-20,Singapore,LSMGO,802.87
2026-05-20,Singapore,HSFO,451.89
2026-05-20,Fujairah,VLSFO,598.73
2026-05-20,Fujairah,LSMGO,787.43
2026-05-20,Fujairah,HSFO,437.77
2026-05-20,Rotterdam,VLSFO,586.86
2026-05-20,Rotterdam,LSMGO,775.94
2026-05-20,Rotterdam,HSFO,426.49
2026-05-20,Visakhapatnam,VLSFO,644.43
2026-05-20,Visakhapatnam,LSMGO,837.38
2026-05-20,Visakhapatnam,HSFO,488.52
2026-05-21,Singapore,VLSFO,622.35
2026-05-21,Singapore,LSMGO,813.75
2026-05-21,Singapore,HSFO,466.66
2026-05-21,Fujairah,VLSFO,610.8
2026-05-21,Fujairah,LSMGO,802.37
2026-05-21,Fujairah,HSFO,449.35
2026-05-21,Rotterdam,VLSFO,599.44
2026-05-21,Rotterdam,LSMGO,786.34
2026-05-21,Rotterdam,HSFO,441.56
2026-05-21,Visakhapatnam,VLSFO,660.1
2026-05-21,Visakhapatnam,LSMGO,850.53
2026-05-21,Visakhapatnam,HSFO,500.03
2026-05-22,Singapore,VLSFO,639.31
2026-05-22,Singapore,LSMGO,828.47
2026-05-22,Singapore,HSFO,480.92
2026-05-22,Fujairah,VLSFO,629.52
2026-05-22,Fujairah,LSMGO,816.77
2026-05-22,Fujairah,HSFO,469.36
2026-05-22,Rotterdam,VLSFO,614.27
2026-05-22,Rotterdam,LSMGO,804.0
2026-05-22,Rotterdam,HSFO,453.5
2026-05-22,Visakhapatnam,VLSFO,672.03
2026-05-22,Visakhapatnam,LSMGO,860.8
2026-05-22,Visakhapatnam,HSFO,512.22
2026-05-25,Singapore,VLSFO,634.0
2026-05-25,Singapore,LSMGO,823.22
2026-05-25,Singapore,HSFO,473.63
2026-05-25,Fujairah,VLSFO,624.82
2026-05-25,Fujairah,LSMGO,811.04
2026-05-25,Fujairah,HSFO,461.65
2026-05-25,Rotterdam,VLSFO,606.74
2026-05-25,Rotterdam,LSMGO,796.23
2026-05-25,Rotterdam,HSFO,450.59
2026-05-25,Visakhapatnam,VLSFO,669.36
2026-05-25,Visakhapatnam,LSMGO,860.5
2026-05-25,Visakhapatnam,HSFO,506.84
2026-05-26,Singapore,VLSFO,625.02
2026-05-26,Singapore,LSMGO,813.11
2026-05-26,Singapore,HSFO,462.96
2026-05-26,Fujairah,VLSFO,609.66
2026-05-26,Fujairah,LSMGO,800.38
2026-05-26,Fujairah,HSFO,451.45
2026-05-26,Rotterdam,VLSFO,597.29
2026-05-26,Rotterdam,LSMGO,792.51
2026-05-26,Rotterdam,HSFO,438.44
2026-05-26,Visakhapatnam,VLSFO,657.38
2026-05-26,Visakhapatnam,LSMGO,847.79
2026-05-26,Visakhapatnam,HSFO,500.12
2026-05-27,Singapore,VLSFO,620.86
2026-05-27,Singapore,LSMGO,815.65
2026-05-27,Singapore,HSFO,466.25
2026-05-27,Fujairah,VLSFO,609.96
2026-05-27,Fujairah,LSMGO,801.18
2026-05-27,Fujairah,HSFO,448.61
2026-05-27,Rotterdam,VLSFO,599.32
2026-05-27,Rotterdam,LSMGO,787.96
2026-05-27,Rotterdam,HSFO,437.1
2026-05-27,Visakhapatnam,VLSFO,656.72
2026-05-27,Visakhapatnam,LSMGO,849.4
2026-05-27,Visakhapatnam,HSFO,497.97
2026-05-28,Singapore,VLSFO,622.14
2026-05-28,Singapore,LSMGO,815.2
2026-05-28,Singapore,HSFO,464.45
2026-05-28,Fujairah,VLSFO,614.21
2026-05-28,Fujairah,LSMGO,799.77
2026-05-28,Fujairah,HSFO,453.77
2026-05-28,Rotterdam,VLSFO,600.1
2026-05-28,Rotterdam,LSMGO,786.75
2026-05-28,Rotterdam,HSFO,440.23
2026-05-28,Visakhapatnam,VLSFO,658.71
2026-05-28,Visakhapatnam,LSMGO,851.73
2026-05-28,Visakhapatnam,HSFO,496.91
2026-05-29,Singapore,VLSFO,635.22
2026-05-29,Singapore,LSMGO,823.66
2026-05-29,Singapore,HSFO,477.11
2026-05-29,Fujairah,VLSFO,621.35
2026-05-29,Fujairah,LSMGO,815.14
2026-05-29,Fujairah,HSFO,464.77
2026-05-29,Rotterdam,VLSFO,607.99
2026-05-29,Rotterdam,LSMGO,801.19
2026-05-29,Rotterdam,HSFO,452.34
2026-05-29,Visakhapatnam,VLSFO,667.88
2026-05-29,Visakhapatnam,LSMGO,858.99
2026-05-29,Visakhapatnam,HSFO,509.49
2026-06-01,Singapore,VLSFO,617.09
2026-06-01,Singapore,LSMGO,805.42
2026-06-01,Singapore,HSFO,456.65
2026-06-01,Fujairah,VLSFO,605.02
2026-06-01,Fujairah,LSMGO,795.99
2026-06-01,Fujairah,HSFO,444.35
2026-06-01,Rotterdam,VLSFO,595.56
2026-06-01,Rotterdam,LSMGO,784.55
2026-06-01,Rotterdam,HSFO,430.84
2026-06-01,Visakhapatnam,VLSFO,654.22
2026-06-01,Visakhapatnam,LSMGO,844.25
2026-06-01,Visakhapatnam,HSFO,496.06
2026-06-02,Singapore,VLSFO,629.59
2026-06-02,Singapore,LSMGO,821.06
2026-06-02,Singapore,HSFO,475.14
2026-06-02,Fujairah,VLSFO,623.17
2026-06-02,Fujairah,LSMGO,811.9
2026-06-02,Fujairah,HSFO,462.17
2026-06-02,Rotterdam,VLSFO,605.12
2026-06-02,Rotterdam,LSMGO,797.66
2026-06-02,Rotterdam,HSFO,445.96
2026-06-02,Visakhapatnam,VLSFO,665.66
2026-06-02,Visakhapatnam,LSMGO,859.43
2026-06-02,Visakhapatnam,HSFO,505.38
2026-06-03,Singapore,VLSFO,630.95
2026-06-03,Singapore,LSMGO,823.77
2026-06-03,Singapore,HSFO,469.25
2026-06-03,Fujairah,VLSFO,622.0
2026-06-03,Fujairah,LSMGO,812.1
2026-06-03,Fujairah,HSFO,459.47
2026-06-03,Rotterdam,VLSFO,604.16
2026-06-03,Rotterdam,LSMGO,795.03
2026-06-03,Rotterdam,HSFO,445.68
2026-06-03,Visakhapatnam,VLSFO,664.99
2026-06-03,Visakhapatnam,LSMGO,854.82
2026-06-03,Visakhapatnam,HSFO,508.97
2026-06-04,Singapore,VLSFO,625.08
2026-06-04,Singapore,LSMGO,818.56
2026-06-04,Singapore,HSFO,464.16
2026-06-04,Fujairah,VLSFO,615.74
2026-06-04,Fujairah,LSMGO,807.65
2026-06-04,Fujairah,HSFO,453.89
2026-06-04,Rotterdam,VLSFO,600.27
2026-06-04,Rotterdam,LSMGO,793.07
2026-06-04,Rotterdam,HSFO,443.43
2026-06-04,Visakhapatnam,VLSFO,663.29
2026-06-04,Visakhapatnam,LSMGO,851.07
2026-06-04,Visakhapatnam,HSFO,500.67
2026-06-05,Singapore,VLSFO,620.44
2026-06-05,Singapore,LSMGO,810.24
2026-06-05,Singapore,HSFO,457.44
2026-06-05,Fujairah,VLSFO,607.78
2026-06-05,Fujairah,LSMGO,795.41
2026-06-05,Fujairah,HSFO,445.25
2026-06-05,Rotterdam,VLSFO,590.64
2026-06-05,Rotterdam,LSMGO,782.26
2026-06-05,Rotterdam,HSFO,432.92
2026-06-05,Visakhapatnam,VLSFO,649.83
2026-06-05,Visakhapatnam,LSMGO,842.36
2026-06-05,Visakhapatnam,HSFO,494.39
2026-06-08,Singapore,VLSFO,603.51
2026-06-08,Singapore,LSMGO,793.24
2026-06-08,Singapore,HSFO,444.89
2026-06-08,Fujairah,VLSFO,587.54
2026-06-08,Fujairah,LSMGO,780.77
2026-06-08,Fujairah,HSFO,432.15
2026-06-08,Rotterdam,VLSFO,577.68
2026-06-08,Rotterdam,LSMGO,766.37
2026-06-08,Rotterdam,HSFO,415.25
2026-06-08,Visakhapatnam,VLSFO,639.75
2026-06-08,Visakhapatnam,LSMGO,827.25
2026-06-08,Visakhapatnam,HSFO,479.7
2026-06-09,Singapore,VLSFO,610.44
2026-06-09,Singapore,LSMGO,800.97
2026-06-09,Singapore,HSFO,451.75
2026-06-09,Fujairah,VLSFO,598.88
2026-06-09,Fujairah,LSMGO,787.32
2026-06-09,Fujairah,HSFO,438.01
2026-06-09,Rotterdam,VLSFO,586.75
2026-06-09,Rotterdam,LSMGO,774.17
2026-06-09,Rotterdam,HSFO,424.26
2026-06-09,Visakhapatnam,VLSFO,642.5
2026-06-09,Visakhapatnam,LSMGO,837.41
2026-06-09,Visakhapatnam,HSFO,482.47
2026-06-10,Singapore,VLSFO,611.55
2026-06-10,Singapore,LSMGO,800.14
2026-06-10,Singapore,HSFO,450.09
2026-06-10,Fujairah,VLSFO,599.74
2026-06-10,Fujairah,LSMGO,786.06
2026-06-10,Fujairah,HSFO,439.22
2026-06-10,Rotterdam,VLSFO,587.29
2026-06-10,Rotterdam,LSMGO,777.63
2026-06-10,Rotterdam,HSFO,423.68
2026-06-10,Visakhapatnam,VLSFO,648.04
2026-06-10,Visakhapatnam,LSMGO,836.6
2026-06-10,Visakhapatnam,HSFO,487.95
2026-06-11,Singapore,VLSFO,598.82
2026-06-11,Singapore,LSMGO,789.16
2026-06-11,Singapore,HSFO,441.42
2026-06-11,Fujairah,VLSFO,589.3
2026-06-11,Fujairah,LSMGO,776.59
2026-06-11,Fujairah,HSFO,425.55
2026-06-11,Rotterdam,VLSFO,573.26
2026-06-11,Rotterdam,LSMGO,763.23
2026-06-11,Rotterdam,HSFO,412.63
2026-06-11,Visakhapatnam,VLSFO,632.52
2026-06-11,Visakhapatnam,LSMGO,826.07
2026-06-11,Visakhapatnam,HSFO,471.32
2026-06-12,Singapore,VLSFO,588.4
2026-06-12,Singapore,LSMGO,775.37
2026-06-12,Singapore,HSFO,426.4
2026-06-12,Fujairah,VLSFO,572.7
2026-06-12,Fujairah,LSMGO,763.95
2026-06-12,Fujairah,HSFO,416.94
2026-06-12,Rotterdam,VLSFO,564.64
2026-06-12,Rotterdam,LSMGO,750.66
2026-06-12,Rotterdam,HSFO,402.11
2026-06-12,Visakhapatnam,VLSFO,622.15
2026-06-12,Visakhapatnam,LSMGO,814.57
2026-06-12,Visakhapatnam,HSFO,463.91
2026-06-15,Singapore,VLSFO,584.51
2026-06-15,Singapore,LSMGO,775.45
2026-06-15,Singapore,HSFO,426.51
2026-06-15,Fujairah,VLSFO,569.49
2026-06-15,Fujairah,LSMGO,761.85
2026-06-15,Fujairah,HSFO,414.87
2026-06-15,Rotterdam,VLSFO,560.87
2026-06-15,Rotterdam,LSMGO,749.69
2026-06-15,Rotterdam,HSFO,399.61
2026-06-15,Visakhapatnam,VLSFO,618.52
2026-06-15,Visakhapatnam,LSMGO,809.55
2026-06-15,Visakhapatnam,HSFO,460.36
2026-06-16,Singapore,VLSFO,598.63
2026-06-16,Singapore,LSMGO,790.4
2026-06-16,Singapore,HSFO,441.29
2026-06-16,Fujairah,VLSFO,585.05
2026-06-16,Fujairah,LSMGO,776.83
2026-06-16,Fujairah,HSFO,426.57
2026-06-16,Rotterdam,VLSFO,575.24
2026-06-16,Rotterdam,LSMGO,762.62
2026-06-16,Rotterdam,HSFO,414.96
2026-06-16,Visakhapatnam,VLSFO,636.39
2026-06-16,Visakhapatnam,LSMGO,823.63
2026-06-16,Visakhapatnam,HSFO,476.59
2026-06-17,Singapore,VLSFO,599.81
2026-06-17,Singapore,LSMGO,784.48
2026-06-17,Singapore,HSFO,435.25
2026-06-17,Fujairah,VLSFO,587.55
2026-06-17,Fujairah,LSMGO,777.6
2026-06-17,Fujairah,HSFO,422.43
2026-06-17,Rotterdam,VLSFO,568.94
2026-06-17,Rotterdam,LSMGO,759.81
2026-06-17,Rotterdam,HSFO,414.82
2026-06-17,Visakhapatnam,VLSFO,629.93
2026-06-17,Visakhapatnam,LSMGO,821.86
2026-06-17,Visakhapatnam,HSFO,473.94
2026-06-18,Singapore,VLSFO,580.57
2026-06-18,Singapore,LSMGO,774.08
2026-06-18,Singapore,HSFO,422.11
2026-06-18,Fujairah,VLSFO,573.62
2026-06-18,Fujairah,LSMGO,760.15
2026-06-18,Fujairah,HSFO,412.57
2026-06-18,Rotterdam,VLSFO,559.49
2026-06-18,Rotterdam,LSMGO,746.78
2026-06-18,Rotterdam,HSFO,395.66
2026-06-18,Visakhapatnam,VLSFO,617.91
2026-06-18,Visakhapatnam,LSMGO,807.18
2026-06-18,Visakhapatnam,HSFO,460.3
2026-06-19,Singapore,VLSFO,583.16
2026-06-19,Singapore,LSMGO,771.1
2026-06-19,Singapore,HSFO,422.0
2026-06-19,Fujairah,VLSFO,569.98
2026-06-19,Fujairah,LSMGO,761.32
2026-06-19,Fujairah,HSFO,408.91
2026-06-19,Rotterdam,VLSFO,555.01
2026-06-19,Rotterdam,LSMGO,744.95
2026-06-19,Rotterdam,HSFO,396.57
2026-06-19,Visakhapatnam,VLSFO,616.05
2026-06-19,Visakhapatnam,LSMGO,806.0
2026-06-19,Visakhapatnam,HSFO,453.9
2026-06-22,Singapore,VLSFO,580.35
2026-06-22,Singapore,LSMGO,767.32
2026-06-22,Singapore,HSFO,417.22
2026-06-22,Fujairah,VLSFO,566.51
2026-06-22,Fujairah,LSMGO,755.4
2026-06-22,Fujairah,HSFO,407.54
2026-06-22,Rotterdam,VLSFO,553.27
2026-06-22,Rotterdam,LSMGO,743.73
2026-06-22,Rotterdam,HSFO,394.26
2026-06-22,Visakhapatnam,VLSFO,612.26
2026-06-22,Visakhapatnam,LSMGO,801.97
2026-06-22,Visakhapatnam,HSFO,456.32
2026-06-23,Singapore,VLSFO,555.27
2026-06-23,Singapore,LSMGO,745.14
2026-06-23,Singapore,HSFO,392.88
2026-06-23,Fujairah,VLSFO,543.66
2026-06-23,Fujairah,LSMGO,734.0
2026-06-23,Fujairah,HSFO,384.02
2026-06-23,Rotterdam,VLSFO,531.91
2026-06-23,Rotterdam,LSMGO,718.74
2026-06-23,Rotterdam,HSFO,369.18
2026-06-23,Visakhapatnam,VLSFO,592.54
2026-06-23,Visakhapatnam,LSMGO,783.35
2026-06-23,Visakhapatnam,HSFO,428.49
2026-06-24,Singapore,VLSFO,555.26
2026-06-24,Singapore,LSMGO,743.56
2026-06-24,Singapore,HSFO,392.63
2026-06-24,Fujairah,VLSFO,542.23
2026-06-24,Fujairah,LSMGO,731.14
2026-06-24,Fujairah,HSFO,384.53
2026-06-24,Rotterdam,VLSFO,530.48
2026-06-24,Rotterdam,LSMGO,718.14
2026-06-24,Rotterdam,HSFO,367.33
2026-06-24,Visakhapatnam,VLSFO,592.12
2026-06-24,Visakhapatnam,LSMGO,778.33
2026-06-24,Visakhapatnam,HSFO,430.91
2026-06-25,Singapore,VLSFO,552.43
2026-06-25,Singapore,LSMGO,743.92
2026-06-25,Singapore,HSFO,392.3
2026-06-25,Fujairah,VLSFO,538.93
2026-06-25,Fujairah,LSMGO,729.74
2026-06-25,Fujairah,HSFO,379.53
2026-06-25,Rotterdam,VLSFO,527.97
2026-06-25,Rotterdam,LSMGO,719.36
2026-06-25,Rotterdam,HSFO,366.99
2026-06-25,Visakhapatnam,VLSFO,585.48
2026-06-25,Visakhapatnam,LSMGO,778.52
2026-06-25,Visakhapatnam,HSFO,429.04
2026-06-26,Singapore,VLSFO,562.02
2026-06-26,Singapore,LSMGO,749.78
2026-06-26,Singapore,HSFO,399.07
2026-06-26,Fujairah,VLSFO,547.68
2026-06-26,Fujairah,LSMGO,739.81
2026-06-26,Fujairah,HSFO,389.21
2026-06-26,Rotterdam,VLSFO,533.18
2026-06-26,Rotterdam,LSMGO,722.66
2026-06-26,Rotterdam,HSFO,372.82
2026-06-26,Visakhapatnam,VLSFO,594.27
2026-06-26,Visakhapatnam,LSMGO,785.71
2026-06-26,Visakhapatnam,HSFO,434.26
2026-06-29,Singapore,VLSFO,572.21
2026-06-29,Singapore,LSMGO,766.15
2026-06-29,Singapore,HSFO,416.64
2026-06-29,Fujairah,VLSFO,561.54
2026-06-29,Fujairah,LSMGO,753.79
2026-06-29,Fujairah,HSFO,402.37
2026-06-29,Rotterdam,VLSFO,552.14
2026-06-29,Rotterdam,LSMGO,741.88
2026-06-29,Rotterdam,HSFO,389.96
2026-06-29,Visakhapatnam,VLSFO,610.96
2026-06-29,Visakhapatnam,LSMGO,802.11
2026-06-29,Visakhapatnam,HSFO,449.78
2026-06-30,Singapore,VLSFO,583.46
2026-06-30,Singapore,LSMGO,776.1
2026-06-30,Singapore,HSFO,422.9
2026-06-30,Fujairah,VLSFO,571.91
2026-06-30,Fujairah,LSMGO,764.77
2026-06-30,Fujairah,HSFO,413.92
2026-06-30,Rotterdam,VLSFO,559.0
2026-06-30,Rotterdam,LSMGO,747.87
2026-06-30,Rotterdam,HSFO,398.71
2026-06-30,Visakhapatnam,VLSFO,618.28
2026-06-30,Visakhapatnam,LSMGO,807.63
2026-06-30,Visakhapatnam,HSFO,461.04
2026-07-01,Singapore,VLSFO,580.79
2026-07-01,Singapore,LSMGO,772.0
2026-07-01,Singapore,HSFO,421.59
2026-07-01,Fujairah,VLSFO,573.17
2026-07-01,Fujairah,LSMGO,759.62
2026-07-01,Fujairah,HSFO,407.76
2026-07-01,Rotterdam,VLSFO,554.82
2026-07-01,Rotterdam,LSMGO,747.82
2026-07-01,Rotterdam,HSFO,397.87
2026-07-01,Visakhapatnam,VLSFO,616.79
2026-07-01,Visakhapatnam,LSMGO,806.87
2026-07-01,Visakhapatnam,HSFO,454.6
2026-07-02,Singapore,VLSFO,572.77
2026-07-02,Singapore,LSMGO,762.7
2026-07-02,Singapore,HSFO,410.57
2026-07-02,Fujairah,VLSFO,558.3
2026-07-02,Fujairah,LSMGO,748.41
2026-07-02,Fujairah,HSFO,398.28
2026-07-02,Rotterdam,VLSFO,548.33
2026-07-02,Rotterdam,LSMGO,735.85
2026-07-02,Rotterdam,HSFO,386.18
2026-07-02,Visakhapatnam,VLSFO,605.71
2026-07-02,Visakhapatnam,LSMGO,800.42
2026-07-02,Visakhapatnam,HSFO,449.8
2026-07-03,Singapore,VLSFO,593.22
2026-07-03,Singapore,LSMGO,783.8
2026-07-03,Singapore,HSFO,433.09
2026-07-03,Fujairah,VLSFO,582.79
2026-07-03,Fujairah,LSMGO,769.95
2026-07-03,Fujairah,HSFO,423.86
2026-07-03,Rotterdam,VLSFO,569.97
2026-07-03,Rotterdam,LSMGO,762.23
2026-07-03,Rotterdam,HSFO,407.82
2026-07-03,Visakhapatnam,VLSFO,631.66
2026-07-03,Visakhapatnam,LSMGO,821.59
2026-07-03,Visakhapatnam,HSFO,467.6
2026-07-06,Singapore,VLSFO,594.81
2026-07-06,Singapore,LSMGO,783.44
2026-07-06,Singapore,HSFO,433.95
2026-07-06,Fujairah,VLSFO,582.0
2026-07-06,Fujairah,LSMGO,773.76
2026-07-06,Fujairah,HSFO,422.89
2026-07-06,Rotterdam,VLSFO,573.11
2026-07-06,Rotterdam,LSMGO,758.18
2026-07-06,Rotterdam,HSFO,413.26
2026-07-06,Visakhapatnam,VLSFO,628.81
2026-07-06,Visakhapatnam,LSMGO,822.06
2026-07-06,Visakhapatnam,HSFO,469.46
2026-07-07,Singapore,VLSFO,593.46
2026-07-07,Singapore,LSMGO,787.75
2026-07-07,Singapore,HSFO,434.46
2026-07-07,Fujairah,VLSFO,584.56
2026-07-07,Fujairah,LSMGO,774.01
2026-07-07,Fujairah,HSFO,423.44
2026-07-07,Rotterdam,VLSFO,570.58
2026-07-07,Rotterdam,LSMGO,762.0
2026-07-07,Rotterdam,HSFO,408.13
2026-07-07,Visakhapatnam,VLSFO,631.62
2026-07-07,Visakhapatnam,LSMGO,822.98
2026-07-07,Visakhapatnam,HSFO,467.95
2026-07-08,Singapore,VLSFO,593.29
2026-07-08,Singapore,LSMGO,786.75
2026-07-08,Singapore,HSFO,435.07
2026-07-08,Fujairah,VLSFO,582.87
2026-07-08,Fujairah,LSMGO,771.27
2026-07-08,Fujairah,HSFO,423.49
2026-07-08,Rotterdam,VLSFO,568.21
2026-07-08,Rotterdam,LSMGO,760.31
2026-07-08,Rotterdam,HSFO,412.03
2026-07-08,Visakhapatnam,VLSFO,629.0
2026-07-08,Visakhapatnam,LSMGO,820.34
2026-07-08,Visakhapatnam,HSFO,473.4
2026-07-09,Singapore,VLSFO,598.4
2026-07-09,Singapore,LSMGO,789.33
2026-07-09,Singapore,HSFO,436.77
2026-07-09,Fujairah,VLSFO,586.89
2026-07-09,Fujairah,LSMGO,772.52
2026-07-09,Fujairah,HSFO,423.02
2026-07-09,Rotterdam,VLSFO,570.5
2026-07-09,Rotterdam,LSMGO,761.69
2026-07-09,Rotterdam,HSFO,414.35
2026-07-09,Visakhapatnam,VLSFO,631.36
2026-07-09,Visakhapatnam,LSMGO,823.21
2026-07-09,Visakhapatnam,HSFO,473.54
2026-07-10,Singapore,VLSFO,596.56
2026-07-10,Singapore,LSMGO,785.19
2026-07-10,Singapore,HSFO,436.51
2026-07-10,Fujairah,VLSFO,583.1
2026-07-10,Fujairah,LSMGO,771.55
2026-07-10,Fujairah,HSFO,427.0
2026-07-10,Rotterdam,VLSFO,568.81
2026-07-10,Rotterdam,LSMGO,758.48
2026-07-10,Rotterdam,HSFO,413.32
2026-07-10,Visakhapatnam,VLSFO,629.86
2026-07-10,Visakhapatnam,LSMGO,821.95
2026-07-10,Visakhapatnam,HSFO,470.02
2026-07-13,Singapore,VLSFO,590.33
2026-07-13,Singapore,LSMGO,779.55
2026-07-13,Singapore,HSFO,430.03
2026-07-13,Fujairah,VLSFO,578.44
2026-07-13,Fujairah,LSMGO,770.3
2026-07-13,Fujairah,HSFO,419.05
2026-07-13,Rotterdam,VLSFO,568.64
2026-07-13,Rotterdam,LSMGO,753.23
2026-07-13,Rotterdam,HSFO,405.99
2026-07-13,Visakhapatnam,VLSFO,626.48
2026-07-13,Visakhapatnam,LSMGO,818.5
2026-07-13,Visakhapatnam,HSFO,463.27
2026-07-14,Singapore,VLSFO,586.63
2026-07-14,Singapore,LSMGO,778.31
2026-07-14,Singapore,HSFO,424.64
2026-07-14,Fujairah,VLSFO,576.45
2026-07-14,Fujairah,LSMGO,761.3
2026-07-14,Fujairah,HSFO,415.58
2026-07-14,Rotterdam,VLSFO,563.79
2026-07-14,Rotterdam,LSMGO,752.13
2026-07-14,Rotterdam,HSFO,400.82
2026-07-14,Visakhapatnam,VLSFO,618.46
2026-07-14,Visakhapatnam,LSMGO,813.71
2026-07-14,Visakhapatnam,HSFO,461.01
2026-07-15,Singapore,VLSFO,583.13
2026-07-15,Singapore,LSMGO,777.1
2026-07-15,Singapore,HSFO,425.85
2026-07-15,Fujairah,VLSFO,571.7
2026-07-15,Fujairah,LSMGO,762.24
2026-07-15,Fujairah,HSFO,411.35
2026-07-15,Rotterdam,VLSFO,561.4
2026-07-15,Rotterdam,LSMGO,751.69
2026-07-15,Rotterdam,HSFO,400.99
2026-07-15,Visakhapatnam,VLSFO,622.86
2026-07-15,Visakhapatnam,LSMGO,813.12
2026-07-15,Visakhapatnam,HSFO,461.65
2026-07-16,Singapore,VLSFO,578.32
2026-07-16,Singapore,LSMGO,772.41
2026-07-16,Singapore,HSFO,420.75
2026-07-16,Fujairah,VLSFO,569.63
2026-07-16,Fujairah,LSMGO,760.14
2026-07-16,Fujairah,HSFO,408.34
2026-07-16,Rotterdam,VLSFO,558.74
2026-07-16,Rotterdam,LSMGO,744.04
2026-07-16,Rotterdam,HSFO,397.27
2026-07-16,Visakhapatnam,VLSFO,613.27
2026-07-16,Visakhapatnam,LSMGO,808.79
2026-07-16,Visakhapatnam,HSFO,453.92
2026-07-17,Singapore,VLSFO,572.65
2026-07-17,Singapore,LSMGO,764.08
2026-07-17,Singapore,HSFO,414.33
2026-07-17,Fujairah,VLSFO,561.37
2026-07-17,Fujairah,LSMGO,753.59
2026-07-17,Fujairah,HSFO,402.74
2026-07-17,Rotterdam,VLSFO,547.29
2026-07-17,Rotterdam,LSMGO,739.0
2026-07-17,Rotterdam,HSFO,391.95
2026-07-17,Visakhapatnam,VLSFO,611.22
2026-07-17,Visakhapatnam,LSMGO,801.43
2026-07-17,Visakhapatnam,HSFO,451.27
2026-07-20,Singapore,VLSFO,574.93
2026-07-20,Singapore,LSMGO,763.66
2026-07-20,Singapore,HSFO,414.69
2026-07-20,Fujairah,VLSFO,566.05
2026-07-20,Fujairah,LSMGO,756.94
2026-07-20,Fujairah,HSFO,404.02
2026-07-20,Rotterdam,VLSFO,548.12
2026-07-20,Rotterdam,LSMGO,738.9
2026-07-20,Rotterdam,HSFO,389.99
2026-07-20,Visakhapatnam,VLSFO,611.53
2026-07-20,Visakhapatnam,LSMGO,798.51
2026-07-20,Visakhapatnam,HSFO,453.72
2026-07-21,Singapore,VLSFO,573.1
2026-07-21,Singapore,LSMGO,766.39
2026-07-21,Singapore,HSFO,415.6
2026-07-21,Fujairah,VLSFO,563.45
2026-07-21,Fujairah,LSMGO,752.55
2026-07-21,Fujairah,HSFO,402.67
2026-07-21,Rotterdam,VLSFO,549.74
2026-07-21,Rotterdam,LSMGO,739.69
2026-07-21,Rotterdam,HSFO,389.24
2026-07-21,Visakhapatnam,VLSFO,611.83
2026-07-21,Visakhapatnam,LSMGO,800.31
2026-07-21,Visakhapatnam,HSFO,450.58
2026-07-22,Singapore,VLSFO,589.15
2026-07-22,Singapore,LSMGO,775.21
2026-07-22,Singapore,HSFO,424.42
2026-07-22,Fujairah,VLSFO,574.82
2026-07-22,Fujairah,LSMGO,765.0
2026-07-22,Fujairah,HSFO,416.89
2026-07-22,Rotterdam,VLSFO,561.58
2026-07-22,Rotterdam,LSMGO,752.34
2026-07-22,Rotterdam,HSFO,402.08
2026-07-22,Visakhapatnam,VLSFO,619.15
2026-07-22,Visakhapatnam,LSMGO,812.61
2026-07-22,Visakhapatnam,HSFO,463.89
2026-07-23,Singapore,VLSFO,561.58
2026-07-23,Singapore,LSMGO,754.2
2026-07-23,Singapore,HSFO,404.2
2026-07-23,Fujairah,VLSFO,549.62
2026-07-23,Fujairah,LSMGO,739.38
2026-07-23,Fujairah,HSFO,394.52
2026-07-23,Rotterdam,VLSFO,538.0
2026-07-23,Rotterdam,LSMGO,727.0
2026-07-23,Rotterdam,HSFO,376.67
2026-07-23,Visakhapatnam,VLSFO,599.64
2026-07-23,Visakhapatnam,LSMGO,789.3
2026-07-23,Visakhapatnam,HSFO,439.5
2026-07-24,Singapore,VLSFO,570.45
2026-07-24,Singapore,LSMGO,765.28
2026-07-24,Singapore,HSFO,412.26
2026-07-24,Fujairah,VLSFO,559.8
2026-07-24,Fujairah,LSMGO,750.7
2026-07-24,Fujairah,HSFO,400.26
2026-07-24,Rotterdam,VLSFO,550.1
2026-07-24,Rotterdam,LSMGO,740.5
2026-07-24,Rotterdam,HSFO,386.74
2026-07-24,Visakhapatnam,VLSFO,610.11
2026-07-24,Visakhapatnam,LSMGO,799.61
2026-07-24,Visakhapatnam,HSFO,450.51
2026-07-27,Singapore,VLSFO,582.16
2026-07-27,Singapore,LSMGO,774.15
2026-07-27,Singapore,HSFO,422.34
2026-07-27,Fujairah,VLSFO,573.63
2026-07-27,Fujairah,LSMGO,758.72
2026-07-27,Fujairah,HSFO,412.08
2026-07-27,Rotterdam,VLSFO,557.72
2026-07-27,Rotterdam,LSMGO,747.63
2026-07-27,Rotterdam,HSFO,399.56
2026-07-27,Visakhapatnam,VLSFO,620.8
2026-07-27,Visakhapatnam,LSMGO,809.34
2026-07-27,Visakhapatnam,HSFO,460.81
2026-07-28,Singapore,VLSFO,564.18
2026-07-28,Singapore,LSMGO,755.71
2026-07-28,Singapore,HSFO,405.3
2026-07-28,Fujairah,VLSFO,550.66
2026-07-28,Fujairah,LSMGO,743.94
2026-07-28,Fujairah,HSFO,394.56
2026-07-28,Rotterdam,VLSFO,541.15
2026-07-28,Rotterdam,LSMGO,732.01
2026-07-28,Rotterdam,HSFO,381.02
2026-07-28,Visakhapatnam,VLSFO,597.99
2026-07-28,Visakhapatnam,LSMGO,788.29
2026-07-28,Visakhapatnam,HSFO,441.17
2026-07-29,Singapore,VLSFO,561.39
2026-07-29,Singapore,LSMGO,750.22
2026-07-29,Singapore,HSFO,402.32
2026-07-29,Fujairah,VLSFO,551.07
2026-07-29,Fujairah,LSMGO,739.72
2026-07-29,Fujairah,HSFO,392.07
2026-07-29,Rotterdam,VLSFO,538.61
2026-07-29,Rotterdam,LSMGO,726.74
2026-07-29,Rotterdam,HSFO,379.27
2026-07-29,Visakhapatnam,VLSFO,598.64
2026-07-29,Visakhapatnam,LSMGO,788.57
2026-07-29,Visakhapatnam,HSFO,438.06
2026-07-30,Singapore,VLSFO,556.73
2026-07-30,Singapore,LSMGO,750.84
2026-07-30,Singapore,HSFO,398.92
2026-07-30,Fujairah,VLSFO,550.32
2026-07-30,Fujairah,LSMGO,739.57
2026-07-30,Fujairah,HSFO,388.19
2026-07-30,Rotterdam,VLSFO,533.18
2026-07-30,Rotterdam,LSMGO,722.89
2026-07-30,Rotterdam,HSFO,373.71
2026-07-30,Visakhapatnam,VLSFO,594.52
2026-07-30,Visakhapatnam,LSMGO,783.44
2026-07-30,Visakhapatnam,HSFO,434.75
2026-07-31,Singapore,VLSFO,545.9
2026-07-31,Singapore,LSMGO,740.77
2026-07-31,Singapore,HSFO,385.55
2026-07-31,Fujairah,VLSFO,538.5
2026-07-31,Fujairah,LSMGO,728.39
2026-07-31,Fujairah,HSFO,376.06
2026-07-31,Rotterdam,VLSFO,524.25
2026-07-31,Rotterdam,LSMGO,712.52
2026-07-31,Rotterdam,HSFO,363.68
2026-07-31,Visakhapatnam,VLSFO,581.95
2026-07-31,Visakhapatnam,LSMGO,771.71
2026-07-31,Visakhapatnam,HSFO,423.37
2026-08-03,Singapore,VLSFO,541.56
2026-08-03,Singapore,LSMGO,732.04
2026-08-03,Singapore,HSFO,380.29
2026-08-03,Fujairah,VLSFO,528.77
2026-08-03,Fujairah,LSMGO,717.07
2026-08-03,Fujairah,HSFO,366.88
2026-08-03,Rotterdam,VLSFO,515.09
2026-08-03,Rotterdam,LSMGO,704.01
2026-08-03,Rotterdam,HSFO,354.19
2026-08-03,Visakhapatnam,VLSFO,578.44
2026-08-03,Visakhapatnam,LSMGO,763.8
2026-08-03,Visakhapatnam,HSFO,417.52
2026-08-04,Singapore,VLSFO,531.23
2026-08-04,Singapore,LSMGO,724.83
2026-08-04,Singapore,HSFO,372.51
2026-08-04,Fujairah,VLSFO,519.43
2026-08-04,Fujairah,LSMGO,710.7
2026-08-04,Fujairah,HSFO,359.89
2026-08-04,Rotterdam,VLSFO,507.98
2026-08-04,Rotterdam,LSMGO,695.29
2026-08-04,Rotterdam,HSFO,350.58
2026-08-04,Visakhapatnam,VLSFO,567.15
2026-08-04,Visakhapatnam,LSMGO,756.69
2026-08-04,Visakhapatnam,HSFO,408.86
2026-08-05,Singapore,VLSFO,545.83
2026-08-05,Singapore,LSMGO,738.65
2026-08-05,Singapore,HSFO,386.38
2026-08-05,Fujairah,VLSFO,535.97
2026-08-05,Fujairah,LSMGO,722.3
2026-08-05,Fujairah,HSFO,376.73
2026-08-05,Rotterdam,VLSFO,523.07
2026-08-05,Rotterdam,LSMGO,709.92
2026-08-05,Rotterdam,HSFO,359.52
2026-08-05,Visakhapatnam,VLSFO,580.55
2026-08-05,Visakhapatnam,LSMGO,774.51
2026-08-05,Visakhapatnam,HSFO,420.19
2026-08-06,Singapore,VLSFO,554.11
2026-08-06,Singapore,LSMGO,741.56
2026-08-06,Singapore,HSFO,393.76
2026-08-06,Fujairah,VLSFO,542.81
2026-08-06,Fujairah,LSMGO,735.1
2026-08-06,Fujairah,HSFO,382.48
2026-08-06,Rotterdam,VLSFO,531.29
2026-08-06,Rotterdam,LSMGO,719.66
2026-08-06,Rotterdam,HSFO,366.62
2026-08-06,Visakhapatnam,VLSFO,588.27
2026-08-06,Visakhapatnam,LSMGO,779.83
2026-08-06,Visakhapatnam,HSFO,432.08
2026-08-07,Singapore,VLSFO,567.16
2026-08-07,Singapore,LSMGO,753.38
2026-08-07,Singapore,HSFO,403.33
2026-08-07,Fujairah,VLSFO,551.21
2026-08-07,Fujairah,LSMGO,745.54
2026-08-07,Fujairah,HSFO,395.12
2026-08-07,Rotterdam,VLSFO,541.66
2026-08-07,Rotterdam,LSMGO,729.36
2026-08-07,Rotterdam,HSFO,380.03
2026-08-07,Visakhapatnam,VLSFO,599.79
2026-08-07,Visakhapatnam,LSMGO,788.53
2026-08-07,Visakhapatnam,HSFO,440.04
2026-08-10,Singapore,VLSFO,568.36
2026-08-10,Singapore,LSMGO,758.97
2026-08-10,Singapore,HSFO,413.5
2026-08-10,Fujairah,VLSFO,560.69
2026-08-10,Fujairah,LSMGO,748.72
2026-08-10,Fujairah,HSFO,399.28
2026-08-10,Rotterdam,VLSFO,545.4
2026-08-10,Rotterdam,LSMGO,737.62
2026-08-10,Rotterdam,HSFO,387.89
2026-08-10,Visakhapatnam,VLSFO,607.76
2026-08-10,Visakhapatnam,LSMGO,797.52
2026-08-10,Visakhapatnam,HSFO,444.41
2026-08-11,Singapore,VLSFO,560.59
2026-08-11,Singapore,LSMGO,751.38
2026-08-11,Singapore,HSFO,400.55
2026-08-11,Fujairah,VLSFO,551.09
2026-08-11,Fujairah,LSMGO,738.54
2026-08-11,Fujairah,HSFO,387.39
2026-08-11,Rotterdam,VLSFO,535.96
2026-08-11,Rotterdam,LSMGO,729.44
2026-08-11,Rotterdam,HSFO,374.92
2026-08-11,Visakhapatnam,VLSFO,597.24
2026-08-11,Visakhapatnam,LSMGO,786.16
2026-08-11,Visakhapatnam,HSFO,433.99
2026-08-12,Singapore,VLSFO,557.13
2026-08-12,Singapore,LSMGO,748.41
2026-08-12,Singapore,HSFO,397.28
2026-08-12,Fujairah,VLSFO,547.43
2026-08-12,Fujairah,LSMGO,733.94
2026-08-12,Fujairah,HSFO,382.72
2026-08-12,Rotterdam,VLSFO,534.82
2026-08-12,Rotterdam,LSMGO,721.47
2026-08-12,Rotterdam,HSFO,372.66
2026-08-12,Visakhapatnam,VLSFO,593.95
2026-08-12,Visakhapatnam,LSMGO,781.15
2026-08-12,Visakhapatnam,HSFO,433.5
2026-08-13,Singapore,VLSFO,559.16
2026-08-13,Singapore,LSMGO,750.1
2026-08-13,Singapore,HSFO,399.22
2026-08-13,Fujairah,VLSFO,551.22
2026-08-13,Fujairah,LSMGO,737.68
2026-08-13,Fujairah,HSFO,390.65
2026-08-13,Rotterdam,VLSFO,539.01
2026-08-13,Rotterdam,LSMGO,726.51
2026-08-13,Rotterdam,HSFO,376.59
2026-08-13,Visakhapatnam,VLSFO,596.11
2026-08-13,Visakhapatnam,LSMGO,785.3
2026-08-13,Visakhapatnam,HSFO,436.2
2026-08-14,Singapore,VLSFO,551.73
2026-08-14,Singapore,LSMGO,744.03
2026-08-14,Singapore,HSFO,393.74
2026-08-14,Fujairah,VLSFO,541.29
2026-08-14,Fujairah,LSMGO,731.45
2026-08-14,Fujairah,HSFO,378.92
2026-08-14,Rotterdam,VLSFO,527.06
2026-08-14,Rotterdam,LSMGO,718.48
2026-08-14,Rotterdam,HSFO,365.47
2026-08-14,Visakhapatnam,VLSFO,588.88
2026-08-14,Visakhapatnam,LSMGO,775.61
2026-08-14,Visakhapatnam,HSFO,426.72
2026-08-17,Singapore,VLSFO,558.32
2026-08-17,Singapore,LSMGO,749.77
2026-08-17,Singapore,HSFO,395.53
2026-08-17,Fujairah,VLSFO,546.54
2026-08-17,Fujairah,LSMGO,735.19
2026-08-17,Fujairah,HSFO,383.67
2026-08-17,Rotterdam,VLSFO,533.72
2026-08-17,Rotterdam,LSMGO,722.38
2026-08-17,Rotterdam,HSFO,373.03
2026-08-17,Visakhapatnam,VLSFO,591.0
2026-08-17,Visakhapatnam,LSMGO,781.95
2026-08-17,Visakhapatnam,HSFO,432.77
2026-08-18,Singapore,VLSFO,554.54
2026-08-18,Singapore,LSMGO,743.3
2026-08-18,Singapore,HSFO,397.88
2026-08-18,Fujairah,VLSFO,543.18
2026-08-18,Fujairah,LSMGO,734.51
2026-08-18,Fujairah,HSFO,382.58
2026-08-18,Rotterdam,VLSFO,529.24
2026-08-18,Rotterdam,LSMGO,719.55
2026-08-18,Rotterdam,HSFO,369.57
2026-08-18,Visakhapatnam,VLSFO,590.38
2026-08-18,Visakhapatnam,LSMGO,780.37
2026-08-18,Visakhapatnam,HSFO,430.09
2026-08-19,Singapore,VLSFO,549.85
2026-08-19,Singapore,LSMGO,742.02
2026-08-19,Singapore,HSFO,390.06
2026-08-19,Fujairah,VLSFO,537.8
2026-08-19,Fujairah,LSMGO,732.64
2026-08-19,Fujairah,HSFO,380.67
2026-08-19,Rotterdam,VLSFO,528.0
2026-08-19,Rotterdam,LSMGO,716.46
2026-08-19,Rotterdam,HSFO,369.5
2026-08-19,Visakhapatnam,VLSFO,587.87
2026-08-19,Visakhapatnam,LSMGO,778.66
2026-08-19,Visakhapatnam,HSFO,426.26
2026-08-20,Singapore,VLSFO,560.75
2026-08-20,Singapore,LSMGO,749.91
2026-08-20,Singapore,HSFO,400.11
2026-08-20,Fujairah,VLSFO,544.02
2026-08-20,Fujairah,LSMGO,734.61
2026-08-20,Fujairah,HSFO,384.7
2026-08-20,Rotterdam,VLSFO,531.61
2026-08-20,Rotterdam,LSMGO,725.12
2026-08-20,Rotterdam,HSFO,370.18
2026-08-20,Visakhapatnam,VLSFO,590.44
2026-08-20,Visakhapatnam,LSMGO,781.63
2026-08-20,Visakhapatnam,HSFO,431.19
2026-08-21,Singapore,VLSFO,560.15
2026-08-21,Singapore,LSMGO,753.55
2026-08-21,Singapore,HSFO,402.14
2026-08-21,Fujairah,VLSFO,546.8
2026-08-21,Fujairah,LSMGO,739.34
2026-08-21,Fujairah,HSFO,389.21
2026-08-21,Rotterdam,VLSFO,534.44
2026-08-21,Rotterdam,LSMGO,727.82
2026-08-21,Rotterdam,HSFO,377.97
2026-08-21,Visakhapatnam,VLSFO,598.09
2026-08-21,Visakhapatnam,LSMGO,788.13
2026-08-21,Visakhapatnam,HSFO,433.76
2026-08-24,Singapore,VLSFO,561.5
2026-08-24,Singapore,LSMGO,750.66
2026-08-24,Singapore,HSFO,401.2
2026-08-24,Fujairah,VLSFO,543.87
2026-08-24,Fujairah,LSMGO,739.38
2026-08-24,Fujairah,HSFO,388.63
2026-08-24,Rotterdam,VLSFO,535.8
2026-08-24,Rotterdam,LSMGO,721.34
2026-08-24,Rotterdam,HSFO,375.21
2026-08-24,Visakhapatnam,VLSFO,596.54
2026-08-24,Visakhapatnam,LSMGO,784.85
2026-08-24,Visakhapatnam,HSFO,434.2
2026-08-25,Singapore,VLSFO,571.22
2026-08-25,Singapore,LSMGO,758.21
2026-08-25,Singapore,HSFO,409.14
2026-08-25,Fujairah,VLSFO,556.41
2026-08-25,Fujairah,LSMGO,749.15
2026-08-25,Fujairah,HSFO,394.01
2026-08-25,Rotterdam,VLSFO,543.56
2026-08-25,Rotterdam,LSMGO,734.67
2026-08-25,Rotterdam,HSFO,385.3
2026-08-25,Visakhapatnam,VLSFO,604.05
2026-08-25,Visakhapatnam,LSMGO,796.0
2026-08-25,Visakhapatnam,HSFO,446.2
2026-08-26,Singapore,VLSFO,556.77
2026-08-26,Singapore,LSMGO,748.8
2026-08-26,Singapore,HSFO,396.53
2026-08-26,Fujairah,VLSFO,546.36
2026-08-26,Fujairah,LSMGO,737.61
2026-08-26,Fujairah,HSFO,389.85
2026-08-26,Rotterdam,VLSFO,536.47
2026-08-26,Rotterdam,LSMGO,722.15
2026-08-26,Rotterdam,HSFO,371.94
2026-08-26,Visakhapatnam,VLSFO,594.92
2026-08-26,Visakhapatnam,LSMGO,784.58
2026-08-26,Visakhapatnam,HSFO,432.98
2026-08-27,Singapore,VLSFO,567.01
2026-08-27,Singapore,LSMGO,757.17
2026-08-27,Singapore,HSFO,404.03
2026-08-27,Fujairah,VLSFO,554.95
2026-08-27,Fujairah,LSMGO,741.91
2026-08-27,Fujairah,HSFO,394.03
2026-08-27,Rotterdam,VLSFO,539.47
2026-08-27,Rotterdam,LSMGO,727.35
2026-08-27,Rotterdam,HSFO,382.18
2026-08-27,Visakhapatnam,VLSFO,599.33
2026-08-27,Visakhapatnam,LSMGO,791.02
2026-08-27,Visakhapatnam,HSFO,438.81
2026-08-28,Singapore,VLSFO,566.8
2026-08-28,Singapore,LSMGO,757.29
2026-08-28,Singapore,HSFO,409.67
2026-08-28,Fujairah,VLSFO,558.83
2026-08-28,Fujairah,LSMGO,746.7
2026-08-28,Fujairah,HSFO,398.86
2026-08-28,Rotterdam,VLSFO,545.88
2026-08-28,Rotterdam,LSMGO,735.91
2026-08-28,Rotterdam,HSFO,384.64
2026-08-28,Visakhapatnam,VLSFO,607.18
2026-08-28,Visakhapatnam,LSMGO,794.62
2026-08-28,Visakhapatnam,HSFO,444.39
2026-08-31,Singapore,VLSFO,565.3
2026-08-31,Singapore,LSMGO,755.95
2026-08-31,Singapore,HSFO,404.36
2026-08-31,Fujairah,VLSFO,555.9
2026-08-31,Fujairah,LSMGO,743.59
2026-08-31,Fujairah,HSFO,393.93
2026-08-31,Rotterdam,VLSFO,543.73
2026-08-31,Rotterdam,LSMGO,731.06
2026-08-31,Rotterdam,HSFO,380.55
2026-08-31,Visakhapatnam,VLSFO,600.12
2026-08-31,Visakhapatnam,LSMGO,793.75
2026-08-31,Visakhapatnam,HSFO,439.88
2026-09-01,Singapore,VLSFO,569.65
2026-09-01,Singapore,LSMGO,759.97
2026-09-01,Singapore,HSFO,411.06
2026-09-01,Fujairah,VLSFO,558.73
2026-09-01,Fujairah,LSMGO,749.8
2026-09-01,Fujairah,HSFO,395.2
2026-09-01,Rotterdam,VLSFO,543.71
2026-09-01,Rotterdam,LSMGO,733.61
2026-09-01,Rotterdam,HSFO,382.81
2026-09-01,Visakhapatnam,VLSFO,603.67
2026-09-01,Visakhapatnam,LSMGO,793.79
2026-09-01,Visakhapatnam,HSFO,445.06
2026-09-02,Singapore,VLSFO,560.28
2026-09-02,Singapore,LSMGO,748.58
2026-09-02,Singapore,HSFO,400.61
2026-09-02,Fujairah,VLSFO,546.31
2026-09-02,Fujairah,LSMGO,736.04
2026-09-02,Fujairah,HSFO,387.54
2026-09-02,Rotterdam,VLSFO,531.44
2026-09-02,Rotterdam,LSMGO,721.77
2026-09-02,Rotterdam,HSFO,373.8
2026-09-02,Visakhapatnam,VLSFO,596.95
2026-09-02,Visakhapatnam,LSMGO,785.62
2026-09-02,Visakhapatnam,HSFO,431.82
2026-09-03,Singapore,VLSFO,569.18
2026-09-03,Singapore,LSMGO,758.5
2026-09-03,Singapore,HSFO,407.77
2026-09-03,Fujairah,VLSFO,557.02
2026-09-03,Fujairah,LSMGO,744.53
2026-09-03,Fujairah,HSFO,393.43
2026-09-03,Rotterdam,VLSFO,542.17
2026-09-03,Rotterdam,LSMGO,732.39
2026-09-03,Rotterdam,HSFO,382.33
2026-09-03,Visakhapatnam,VLSFO,602.49
2026-09-03,Visakhapatnam,LSMGO,794.79
2026-09-03,Visakhapatnam,HSFO,444.52
2026-09-04,Singapore,VLSFO,567.84
2026-09-04,Singapore,LSMGO,757.39
2026-09-04,Singapore,HSFO,408.25
2026-09-04,Fujairah,VLSFO,551.18
2026-09-04,Fujairah,LSMGO,742.18
2026-09-04,Fujairah,HSFO,393.56
2026-09-04,Rotterdam,VLSFO,542.66
2026-09-04,Rotterdam,LSMGO,730.62
2026-09-04,Rotterdam,HSFO,382.07
2026-09-04,Visakhapatnam,VLSFO,598.42
2026-09-04,Visakhapatnam,LSMGO,789.1
2026-09-04,Visakhapatnam,HSFO,441.98
2026-09-07,Singapore,VLSFO,559.2
2026-09-07,Singapore,LSMGO,750.32
2026-09-07,Singapore,HSFO,399.8
2026-09-07,Fujairah,VLSFO,548.31
2026-09-07,Fujairah,LSMGO,740.46
2026-09-07,Fujairah,HSFO,388.41
2026-09-07,Rotterdam,VLSFO,536.54
2026-09-07,Rotterdam,LSMGO,723.81
2026-09-07,Rotterdam,HSFO,378.04
2026-09-07,Visakhapatnam,VLSFO,595.43
2026-09-07,Visakhapatnam,LSMGO,787.1
2026-09-07,Visakhapatnam,HSFO,437.56
2026-09-08,Singapore,VLSFO,568.35
2026-09-08,Singapore,LSMGO,762.4
2026-09-08,Singapore,HSFO,410.79
2026-09-08,Fujairah,VLSFO,557.67
2026-09-08,Fujairah,LSMGO,746.19
2026-09-08,Fujairah,HSFO,400.75
2026-09-08,Rotterdam,VLSFO,546.62
2026-09-08,Rotterdam,LSMGO,733.34
2026-09-08,Rotterdam,HSFO,384.12
2026-09-08,Visakhapatnam,VLSFO,606.95
2026-09-08,Visakhapatnam,LSMGO,796.27
2026-09-08,Visakhapatnam,HSFO,446.69
