date,vessel_class,eua_carbon_price_eur_per_ton,avg_cii_rating,co2_emissions_tons_per_voyage,carbon_tax_cost_usd
2024-01-01,Handysize,72.17,B,575.17,13449.25
2024-01-01,Supramax,72.17,D,860.26,26820.7
2024-01-01,Panamax,72.17,D,1152.12,44900.19
2024-01-01,Capesize,72.17,C,2111.93,98766.86
2024-01-02,Handysize,71.16,A,561.0,12934.33
2024-01-02,Supramax,71.16,C,837.35,25741.08
2024-01-02,Panamax,71.16,D,1165.4,44782.13
2024-01-02,Capesize,71.16,B,1999.16,92184.63
2024-01-03,Handysize,71.31,C,570.37,13178.08
2024-01-03,Supramax,71.31,C,799.76,24637.34
2024-01-03,Panamax,71.31,B,1188.38,45761.42
2024-01-03,Capesize,71.31,C,2144.73,99105.57
2024-01-04,Handysize,73.37,B,529.07,12576.99
2024-01-04,Supramax,73.37,B,853.51,27052.72
2024-01-04,Panamax,73.37,B,1200.11,47548.12
2024-01-04,Capesize,73.37,C,2053.75,97643.0
2024-01-05,Handysize,71.66,C,566.44,13151.51
2024-01-05,Supramax,71.66,D,822.71,25468.73
2024-01-05,Panamax,71.66,C,1206.59,46690.69
2024-01-05,Capesize,71.66,C,2178.76,101172.2
2024-01-08,Handysize,71.9,A,563.54,13128.0
2024-01-08,Supramax,71.9,D,852.38,26475.6
2024-01-08,Panamax,71.9,D,1112.93,43210.62
2024-01-08,Capesize,71.9,D,2036.65,94889.97
2024-01-09,Handysize,70.61,E,563.61,12894.07
2024-01-09,Supramax,70.61,D,807.64,24635.86
2024-01-09,Panamax,70.61,A,1180.66,45017.86
2024-01-09,Capesize,70.61,C,2197.22,100534.42
2024-01-10,Handysize,72.29,C,555.82,13018.39
2024-01-10,Supramax,72.29,A,805.38,25151.44
2024-01-10,Panamax,72.29,D,1125.36,43930.23
2024-01-10,Capesize,72.29,E,2143.75,100421.65
2024-01-11,Handysize,74.16,B,567.49,13635.56
2024-01-11,Supramax,74.16,B,845.21,27078.09
2024-01-11,Panamax,74.16,C,1131.22,45301.29
2024-01-11,Capesize,74.16,D,2117.74,101769.44
2024-01-12,Handysize,74.08,E,522.98,12552.52
2024-01-12,Supramax,74.08,B,858.24,27465.88
2024-01-12,Panamax,74.08,C,1109.01,44363.95
2024-01-12,Capesize,74.08,A,2177.3,104518.76
2024-01-15,Handysize,73.53,A,528.39,12588.22
2024-01-15,Supramax,73.53,B,827.51,26285.82
2024-01-15,Panamax,73.53,D,1192.9,47365.53
2024-01-15,Capesize,73.53,A,2192.19,104452.24
2024-01-16,Handysize,73.27,C,565.27,13419.22
2024-01-16,Supramax,73.27,D,814.0,25765.25
2024-01-16,Panamax,73.27,B,1117.39,44210.43
2024-01-16,Capesize,73.27,A,2195.0,104216.32
2024-01-17,Handysize,72.49,B,541.01,12706.57
2024-01-17,Supramax,72.49,B,844.9,26458.62
2024-01-17,Panamax,72.49,B,1126.84,44109.7
2024-01-17,Capesize,72.49,C,2123.55,99750.62
2024-01-18,Handysize,73.58,B,544.96,12991.8
2024-01-18,Supramax,73.58,D,826.27,26264.28
2024-01-18,Panamax,73.58,D,1193.9,47437.47
2024-01-18,Capesize,73.58,A,2110.96,100650.24
2024-01-19,Handysize,72.55,E,564.17,13261.49
2024-01-19,Supramax,72.55,C,815.99,25574.43
2024-01-19,Panamax,72.55,A,1125.08,44077.26
2024-01-19,Capesize,72.55,B,2024.7,95186.01
2024-01-22,Handysize,72.91,B,524.8,12397.27
2024-01-22,Supramax,72.91,E,827.52,26064.5
2024-01-22,Panamax,72.91,D,1158.57,45614.52
2024-01-22,Capesize,72.91,C,1997.46,94371.36
2024-01-23,Handysize,72.17,B,561.95,13140.12
2024-01-23,Supramax,72.17,C,803.74,25058.56
2024-01-23,Panamax,72.17,D,1137.66,44336.66
2024-01-23,Capesize,72.17,B,2165.07,101252.01
2024-01-24,Handysize,74.45,D,542.89,13095.48
2024-01-24,Supramax,74.45,C,788.45,25358.44
2024-01-24,Panamax,74.45,C,1163.0,46756.09
2024-01-24,Capesize,74.45,A,2061.38,99448.39
2024-01-25,Handysize,72.31,C,572.8,13419.81
2024-01-25,Supramax,72.31,C,786.32,24563.0
2024-01-25,Panamax,72.31,A,1184.78,46262.58
2024-01-25,Capesize,72.31,B,2140.05,100276.07
2024-01-26,Handysize,71.97,D,566.22,13203.28
2024-01-26,Supramax,71.97,B,816.54,25387.08
2024-01-26,Panamax,71.97,E,1206.7,46896.95
2024-01-26,Capesize,71.97,C,2157.54,100620.24
2024-01-29,Handysize,71.74,B,549.1,12763.15
2024-01-29,Supramax,71.74,E,821.81,25469.27
2024-01-29,Panamax,71.74,B,1174.54,45501.21
2024-01-29,Capesize,71.74,B,1995.05,92744.93
2024-01-30,Handysize,70.09,C,535.74,12166.21
2024-01-30,Supramax,70.09,B,823.34,24929.81
2024-01-30,Panamax,70.09,C,1140.97,43184.12
2024-01-30,Capesize,70.09,C,2204.99,100146.94
2024-01-31,Handysize,68.92,A,529.27,11818.64
2024-01-31,Supramax,68.92,A,831.66,24761.38
2024-01-31,Panamax,68.92,C,1095.03,40753.51
2024-01-31,Capesize,68.92,B,2045.94,91372.01
2024-02-01,Handysize,69.21,C,573.6,12862.43
2024-02-01,Supramax,69.21,C,823.72,24628.17
2024-02-01,Panamax,69.21,B,1183.02,44213.48
2024-02-01,Capesize,69.21,C,2029.55,91021.42
2024-02-02,Handysize,69.6,C,547.23,12340.26
2024-02-02,Supramax,69.6,B,828.15,24900.15
2024-02-02,Panamax,69.6,B,1188.66,44674.6
2024-02-02,Capesize,69.6,A,2017.8,91004.39
2024-02-05,Handysize,70.16,C,564.08,12822.58
2024-02-05,Supramax,70.16,B,794.3,24074.53
2024-02-05,Panamax,70.16,A,1103.22,41797.03
2024-02-05,Capesize,70.16,B,2037.74,92643.16
2024-02-06,Handysize,69.69,C,551.29,12447.89
2024-02-06,Supramax,69.69,C,846.77,25492.93
2024-02-06,Panamax,69.69,E,1126.07,42376.94
2024-02-06,Capesize,69.69,E,2055.28,92814.64
2024-02-07,Handysize,68.77,A,571.64,12736.99
2024-02-07,Supramax,68.77,B,854.39,25382.76
2024-02-07,Panamax,68.77,D,1180.54,43840.3
2024-02-07,Capesize,68.77,D,2157.81,96158.4
2024-02-08,Handysize,69.88,D,554.46,12553.6
2024-02-08,Supramax,69.88,A,841.39,25400.02
2024-02-08,Panamax,69.88,D,1197.45,45186.02
2024-02-08,Capesize,69.88,B,2200.57,99646.74
2024-02-09,Handysize,68.22,C,541.72,11973.79
2024-02-09,Supramax,68.22,C,845.1,24905.98
2024-02-09,Panamax,68.22,B,1186.2,43698.18
2024-02-09,Capesize,68.22,C,2056.69,90919.19
2024-02-12,Handysize,67.5,C,576.35,12604.77
2024-02-12,Supramax,67.5,A,835.42,24360.85
2024-02-12,Panamax,67.5,B,1171.94,42717.21
2024-02-12,Capesize,67.5,A,2153.21,94181.41
2024-02-13,Handysize,67.18,A,561.31,12217.65
2024-02-13,Supramax,67.18,C,836.82,24285.99
2024-02-13,Panamax,67.18,C,1148.62,41668.72
2024-02-13,Capesize,67.18,B,2081.82,90627.12
2024-02-14,Handysize,67.16,D,552.69,12026.45
2024-02-14,Supramax,67.16,A,810.1,23503.53
2024-02-14,Panamax,67.16,C,1140.63,41366.54
2024-02-14,Capesize,67.16,B,2046.32,89055.19
2024-02-15,Handysize,66.73,A,524.01,11329.37
2024-02-15,Supramax,66.73,C,786.26,22665.8
2024-02-15,Panamax,66.73,C,1155.09,41622.74
2024-02-15,Capesize,66.73,C,2101.88,90887.48
2024-02-16,Handysize,66.84,C,534.83,11582.36
2024-02-16,Supramax,66.84,B,853.01,24630.56
2024-02-16,Panamax,66.84,C,1124.38,40582.92
2024-02-16,Capesize,66.84,C,2040.95,88398.28
2024-02-19,Handysize,69.3,B,572.24,12848.62
2024-02-19,Supramax,69.3,D,844.54,25283.5
2024-02-19,Panamax,69.3,A,1109.07,41503.62
2024-02-19,Capesize,69.3,B,2185.4,98138.45
2024-02-20,Handysize,69.19,C,547.25,12268.01
2024-02-20,Supramax,69.19,B,814.76,24353.24
2024-02-20,Panamax,69.19,A,1124.5,42014.24
2024-02-20,Capesize,69.19,C,2182.95,97872.83
2024-02-21,Handysize,69.99,B,546.07,12383.1
2024-02-21,Supramax,69.99,D,809.54,24476.99
2024-02-21,Panamax,69.99,C,1134.04,42860.59
2024-02-21,Capesize,69.99,B,2015.81,91424.08
2024-02-22,Handysize,70.85,D,534.54,12270.58
2024-02-22,Supramax,70.85,B,838.57,25666.28
2024-02-22,Panamax,70.85,D,1165.44,44588.57
2024-02-22,Capesize,70.85,D,2118.66,97269.38
2024-02-23,Handysize,70.52,C,535.47,12234.68
2024-02-23,Supramax,70.52,B,797.49,24295.25
2024-02-23,Panamax,70.52,C,1199.67,45684.39
2024-02-23,Capesize,70.52,D,2046.1,93500.55
2024-02-26,Handysize,69.7,C,566.96,12803.54
2024-02-26,Supramax,69.7,D,827.41,24913.65
2024-02-26,Panamax,69.7,B,1183.34,44538.55
2024-02-26,Capesize,69.7,C,2093.19,94540.18
2024-02-27,Handysize,69.47,A,543.6,12235.5
2024-02-27,Supramax,69.47,C,816.03,24489.91
2024-02-27,Panamax,69.47,C,1164.21,43673.94
2024-02-27,Capesize,69.47,C,2038.97,91787.42
2024-02-28,Handysize,70.38,B,539.88,12310.95
2024-02-28,Supramax,70.38,B,800.4,24335.49
2024-02-28,Panamax,70.38,B,1160.46,44103.51
2024-02-28,Capesize,70.38,C,2190.93,99920.08
2024-02-29,Handysize,69.72,C,530.62,11986.32
2024-02-29,Supramax,69.72,B,851.99,25661.12
2024-02-29,Panamax,69.72,C,1119.32,42141.05
2024-02-29,Capesize,69.72,B,2118.22,95698.13
2024-03-01,Handysize,70.87,D,540.71,12415.72
2024-03-01,Supramax,70.87,A,815.83,24977.32
2024-03-01,Panamax,70.87,B,1200.36,45937.54
2024-03-01,Capesize,70.87,D,2163.44,99353.3
2024-03-04,Handysize,71.33,C,575.73,13305.65
2024-03-04,Supramax,71.33,C,842.57,25963.42
2024-03-04,Panamax,71.33,C,1199.59,46206.05
2024-03-04,Capesize,71.33,B,2031.2,93885.8
2024-03-05,Handysize,70.45,C,544.54,12429.56
2024-03-05,Supramax,70.45,D,784.29,23869.4
2024-03-05,Panamax,70.45,E,1173.39,44639.28
2024-03-05,Capesize,70.45,D,2187.73,99873.37
2024-03-06,Handysize,72.08,B,558.0,13031.49
2024-03-06,Supramax,72.08,B,853.24,26568.66
2024-03-06,Panamax,72.08,C,1173.44,45674.04
2024-03-06,Capesize,72.08,D,2013.28,94035.96
2024-03-07,Handysize,71.35,D,537.8,12432.54
2024-03-07,Supramax,71.35,D,826.42,25472.91
2024-03-07,Panamax,71.35,B,1092.86,42106.8
2024-03-07,Capesize,71.35,B,2204.22,101911.67
2024-03-08,Handysize,71.52,E,527.91,12232.98
2024-03-08,Supramax,71.52,A,834.07,25769.96
2024-03-08,Panamax,71.52,B,1204.97,46536.91
2024-03-08,Capesize,71.52,A,2151.41,99707.01
2024-03-11,Handysize,72.86,B,537.82,12696.12
2024-03-11,Supramax,72.86,B,819.21,25785.06
2024-03-11,Panamax,72.86,D,1172.06,46114.0
2024-03-11,Capesize,72.86,C,2044.72,96537.94
2024-03-12,Handysize,73.85,D,523.3,12521.21
2024-03-12,Supramax,73.85,A,841.42,26843.99
2024-03-12,Panamax,73.85,A,1170.3,46670.39
2024-03-12,Capesize,73.85,B,2113.41,101136.81
2024-03-13,Handysize,73.89,C,524.34,12552.89
2024-03-13,Supramax,73.89,C,790.78,25242.08
2024-03-13,Panamax,73.89,C,1137.38,45382.14
2024-03-13,Capesize,73.89,C,2049.65,98138.72
2024-03-14,Handysize,72.23,D,544.02,12731.44
2024-03-14,Supramax,72.23,E,787.92,24585.75
2024-03-14,Panamax,72.23,C,1118.81,43638.29
2024-03-14,Capesize,72.23,C,2030.03,95015.64
2024-03-15,Handysize,71.37,D,538.22,12445.73
2024-03-15,Supramax,71.37,E,808.24,24919.53
2024-03-15,Panamax,71.37,C,1144.35,44103.02
2024-03-15,Capesize,71.37,A,2100.69,97152.21
2024-03-18,Handysize,71.16,A,538.5,12415.57
2024-03-18,Supramax,71.16,C,858.09,26378.65
2024-03-18,Panamax,71.16,C,1128.66,43370.34
2024-03-18,Capesize,71.16,D,2151.21,99195.91
2024-03-19,Handysize,72.47,E,538.4,12641.78
2024-03-19,Supramax,72.47,B,828.82,25947.9
2024-03-19,Panamax,72.47,C,1148.13,44930.69
2024-03-19,Capesize,72.47,B,2124.37,99761.6
2024-03-20,Handysize,72.32,C,569.66,13348.09
2024-03-20,Supramax,72.32,D,809.94,25304.34
2024-03-20,Panamax,72.32,A,1134.98,44324.15
2024-03-20,Capesize,72.32,D,2055.42,96323.89
2024-03-21,Handysize,72.84,C,534.56,12615.7
2024-03-21,Supramax,72.84,E,800.18,25179.17
2024-03-21,Panamax,72.84,C,1107.92,43578.48
2024-03-21,Capesize,72.84,B,2090.48,98671.32
2024-03-22,Handysize,73.04,B,527.37,12480.19
2024-03-22,Supramax,73.04,B,783.83,24732.41
2024-03-22,Panamax,73.04,A,1100.47,43404.3
2024-03-22,Capesize,73.04,B,2054.65,97246.42
2024-03-25,Handysize,72.52,C,543.43,12768.69
2024-03-25,Supramax,72.52,B,811.61,25426.64
2024-03-25,Panamax,72.52,C,1190.23,46610.36
2024-03-25,Capesize,72.52,D,2180.09,102448.88
2024-03-26,Handysize,74.28,D,556.91,13403.0
2024-03-26,Supramax,74.28,B,847.78,27204.38
2024-03-26,Panamax,74.28,D,1152.26,46218.53
2024-03-26,Capesize,74.28,A,2105.98,101368.06
2024-03-27,Handysize,72.69,D,573.28,13501.64
2024-03-27,Supramax,72.69,C,793.83,24927.91
2024-03-27,Panamax,72.69,C,1171.69,45991.88
2024-03-27,Capesize,72.69,C,2120.27,99871.33
2024-03-28,Handysize,74.23,D,523.12,12581.31
2024-03-28,Supramax,74.23,D,840.93,26966.41
2024-03-28,Panamax,74.23,C,1139.49,45675.55
2024-03-28,Capesize,74.23,B,1997.34,96074.13
2024-03-29,Handysize,73.8,B,556.16,13298.45
2024-03-29,Supramax,73.8,D,796.24,25385.41
2024-03-29,Panamax,73.8,D,1124.1,44797.63
2024-03-29,Capesize,73.8,C,2014.49,96337.75
2024-04-01,Handysize,74.64,B,535.46,12949.22
2024-04-01,Supramax,74.64,B,825.55,26619.43
2024-04-01,Panamax,74.64,A,1130.78,45576.77
2024-04-01,Capesize,74.64,B,2016.64,97538.26
2024-04-02,Handysize,73.65,C,560.99,13386.68
2024-04-02,Supramax,73.65,C,805.38,25624.61
2024-04-02,Panamax,73.65,C,1144.25,45507.97
2024-04-02,Capesize,73.65,B,2023.51,96572.42
2024-04-03,Handysize,72.02,D,556.43,12984.0
2024-04-03,Supramax,72.02,D,797.16,24801.75
2024-04-03,Panamax,72.02,C,1148.08,44649.75
2024-04-03,Capesize,72.02,D,2000.18,93346.32
2024-04-04,Handysize,72.45,A,574.77,13492.04
2024-04-04,Supramax,72.45,C,810.7,25373.61
2024-04-04,Panamax,72.45,D,1176.71,46036.43
2024-04-04,Capesize,72.45,A,2040.38,95790.94
2024-04-05,Handysize,73.34,B,536.32,12744.12
2024-04-05,Supramax,73.34,C,800.27,25354.86
2024-04-05,Panamax,73.34,A,1145.5,45365.92
2024-04-05,Capesize,73.34,C,2127.98,101130.8
2024-04-08,Handysize,73.85,D,573.3,13717.58
2024-04-08,Supramax,73.85,C,785.25,25051.99
2024-04-08,Panamax,73.85,D,1113.05,44387.32
2024-04-08,Capesize,73.85,B,2131.48,102001.55
2024-04-09,Handysize,72.29,C,528.25,12372.65
2024-04-09,Supramax,72.29,C,782.6,24440.03
2024-04-09,Panamax,72.29,C,1187.94,46373.14
2024-04-09,Capesize,72.29,C,2067.85,96866.2
2024-04-10,Handysize,72.41,D,544.74,12780.06
2024-04-10,Supramax,72.41,A,797.96,24961.08
2024-04-10,Panamax,72.41,D,1119.84,43787.31
2024-04-10,Capesize,72.41,C,2035.47,95507.67
2024-04-11,Handysize,73.05,A,557.61,13197.63
2024-04-11,Supramax,73.05,C,859.5,27123.76
2024-04-11,Panamax,73.05,C,1150.7,45391.66
2024-04-11,Capesize,73.05,D,2098.2,99321.23
2024-04-12,Handysize,73.95,A,528.64,12666.11
2024-04-12,Supramax,73.95,B,846.21,27033.36
2024-04-12,Panamax,73.95,D,1101.17,43973.02
2024-04-12,Capesize,73.95,B,2006.41,96146.36
2024-04-15,Handysize,74.17,D,548.6,13183.45
2024-04-15,Supramax,74.17,C,833.64,26711.03
2024-04-15,Panamax,74.17,B,1201.94,48139.86
2024-04-15,Capesize,74.17,A,2113.9,101598.6
2024-04-16,Handysize,73.13,B,569.93,13503.99
2024-04-16,Supramax,73.13,C,817.37,25822.48
2024-04-16,Panamax,73.13,D,1207.24,47674.15
2024-04-16,Capesize,73.13,C,2137.65,101299.47
2024-04-17,Handysize,72.14,E,543.73,12708.8
2024-04-17,Supramax,72.14,A,819.65,25543.97
2024-04-17,Panamax,72.14,E,1097.75,42763.51
2024-04-17,Capesize,72.14,D,2112.9,98771.14
2024-04-18,Handysize,73.72,C,540.51,12910.23
2024-04-18,Supramax,73.72,B,844.97,26909.79
2024-04-18,Panamax,73.72,C,1131.15,45029.72
2024-04-18,Capesize,73.72,D,2167.71,103552.72
2024-04-19,Handysize,74.55,D,573.71,13857.51
2024-04-19,Supramax,74.55,C,782.56,25202.81
2024-04-19,Panamax,74.55,C,1197.04,48189.24
2024-04-19,Capesize,74.55,D,2135.6,103167.42
2024-04-22,Handysize,74.3,A,551.42,13274.44
2024-04-22,Supramax,74.3,B,819.79,26313.29
2024-04-22,Panamax,74.3,B,1182.69,47451.89
2024-04-22,Capesize,74.3,C,2194.77,105670.27
2024-04-23,Handysize,73.63,D,552.7,13185.28
2024-04-23,Supramax,73.63,C,790.96,25158.98
2024-04-23,Panamax,73.63,B,1109.01,44094.46
2024-04-23,Capesize,73.63,B,2045.97,97617.81
2024-04-24,Handysize,72.19,C,530.76,12414.24
2024-04-24,Supramax,72.19,C,783.34,24429.3
2024-04-24,Panamax,72.19,D,1172.45,45705.15
2024-04-24,Capesize,72.19,B,2118.9,99120.28
2024-04-25,Handysize,73.33,C,539.95,12828.63
2024-04-25,Supramax,73.33,D,782.09,24775.48
2024-04-25,Panamax,73.33,A,1096.86,43433.68
2024-04-25,Capesize,73.33,D,2012.99,95652.94
2024-04-26,Handysize,73.06,D,570.71,13509.53
2024-04-26,Supramax,73.06,A,822.3,25953.37
2024-04-26,Panamax,73.06,E,1186.1,46794.49
2024-04-26,Capesize,73.06,B,2013.17,95309.27
2024-04-29,Handysize,73.88,C,523.05,12520.31
2024-04-29,Supramax,73.88,B,824.23,26306.26
2024-04-29,Panamax,73.88,C,1157.22,46167.52
2024-04-29,Capesize,73.88,B,2079.12,99536.29
2024-04-30,Handysize,73.59,D,535.67,12772.07
2024-04-30,Supramax,73.59,D,837.36,26620.41
2024-04-30,Panamax,73.59,D,1127.25,44795.34
2024-04-30,Capesize,73.59,C,2133.33,101730.66
2024-05-01,Handysize,73.43,C,574.64,13671.44
2024-05-01,Supramax,73.43,B,831.07,26363.0
2024-05-01,Panamax,73.43,D,1195.54,47405.79
2024-05-01,Capesize,73.43,C,2139.52,101804.01
2024-05-02,Handysize,73.82,A,554.97,13273.59
2024-05-02,Supramax,73.82,C,855.19,27272.21
2024-05-02,Panamax,73.82,A,1145.39,45658.45
2024-05-02,Capesize,73.82,A,2029.12,97063.69
2024-05-03,Handysize,72.69,D,544.64,12827.12
2024-05-03,Supramax,72.69,C,805.62,25298.14
2024-05-03,Panamax,72.69,D,1178.39,46254.87
2024-05-03,Capesize,72.69,C,2017.31,95021.6
2024-05-06,Handysize,71.93,B,577.36,13455.56
2024-05-06,Supramax,71.93,B,830.42,25804.27
2024-05-06,Panamax,71.93,B,1127.28,43786.04
2024-05-06,Capesize,71.93,B,2004.4,93426.37
2024-05-07,Handysize,72.35,B,549.99,12892.54
2024-05-07,Supramax,72.35,D,814.48,25456.74
2024-05-07,Panamax,72.35,C,1108.83,43320.88
2024-05-07,Capesize,72.35,B,2013.7,94407.89
2024-05-08,Handysize,73.04,B,566.7,13410.93
2024-05-08,Supramax,73.04,A,832.99,26283.57
2024-05-08,Panamax,73.04,C,1188.0,46856.62
2024-05-08,Capesize,73.04,B,2077.19,98313.24
2024-05-09,Handysize,73.21,C,576.16,13666.54
2024-05-09,Supramax,73.21,C,859.04,27168.62
2024-05-09,Panamax,73.21,B,1111.98,43960.35
2024-05-09,Capesize,73.21,C,2024.37,96036.27
2024-05-10,Handysize,72.79,A,562.04,13255.13
2024-05-10,Supramax,72.79,B,853.29,26831.94
2024-05-10,Panamax,72.79,B,1162.0,45674.27
2024-05-10,Capesize,72.79,C,2105.38,99306.4
2024-05-13,Handysize,72.13,A,540.31,12627.11
2024-05-13,Supramax,72.13,B,814.62,25383.69
2024-05-13,Panamax,72.13,B,1103.23,42971.03
2024-05-13,Capesize,72.13,D,2031.21,94939.24
2024-05-14,Handysize,73.48,E,568.8,13541.72
2024-05-14,Supramax,73.48,C,831.93,26408.25
2024-05-14,Panamax,73.48,B,1099.81,43639.58
2024-05-14,Capesize,73.48,A,2067.36,98437.43
2024-05-15,Handysize,73.64,C,537.45,12823.21
2024-05-15,Supramax,73.64,C,782.78,24902.17
2024-05-15,Panamax,73.64,C,1134.74,45123.62
2024-05-15,Capesize,73.64,C,2159.66,103056.21
2024-05-16,Handysize,73.83,A,555.8,13295.25
2024-05-16,Supramax,73.83,C,781.68,24931.34
2024-05-16,Panamax,73.83,C,1155.97,46086.44
2024-05-16,Capesize,73.83,A,2031.51,97191.18
2024-05-17,Handysize,74.43,B,575.58,13880.3
2024-05-17,Supramax,74.43,B,835.27,26857.07
2024-05-17,Panamax,74.43,B,1103.79,44363.75
2024-05-17,Capesize,74.43,C,2001.92,96553.88
2024-05-20,Handysize,73.51,E,523.25,12462.37
2024-05-20,Supramax,73.51,B,843.16,26775.66
2024-05-20,Panamax,73.51,C,1099.55,43647.08
2024-05-20,Capesize,73.51,C,2094.63,99776.61
2024-05-21,Handysize,73.59,D,523.62,12484.76
2024-05-21,Supramax,73.59,C,821.05,26101.9
2024-05-21,Panamax,73.59,C,1141.17,45348.5
2024-05-21,Capesize,73.59,A,2197.34,104783.06
2024-05-22,Handysize,75.07,C,548.04,13329.8
2024-05-22,Supramax,75.07,B,825.96,26786.08
2024-05-22,Panamax,75.07,A,1165.52,47247.62
2024-05-22,Capesize,75.07,C,2100.18,102164.01
2024-05-23,Handysize,75.09,B,544.67,13251.36
2024-05-23,Supramax,75.09,A,839.98,27248.01
2024-05-23,Panamax,75.09,C,1195.49,48475.45
2024-05-23,Capesize,75.09,C,2022.18,98395.88
2024-05-24,Handysize,74.41,C,540.34,13026.97
2024-05-24,Supramax,74.41,C,790.26,25403.0
2024-05-24,Panamax,74.41,C,1164.64,46796.87
2024-05-24,Capesize,74.41,B,2040.67,98396.37
2024-05-27,Handysize,77.75,C,546.87,13776.2
2024-05-27,Supramax,77.75,D,859.03,28853.1
2024-05-27,Panamax,77.75,B,1129.41,47418.28
2024-05-27,Capesize,77.75,C,2044.06,102983.83
2024-05-28,Handysize,77.63,B,552.68,13901.07
2024-05-28,Supramax,77.63,B,819.67,27488.58
2024-05-28,Panamax,77.63,B,1121.07,46995.48
2024-05-28,Capesize,77.63,C,2203.29,110834.83
2024-05-29,Handysize,76.35,B,563.06,13928.64
2024-05-29,Supramax,76.35,E,817.01,26947.6
2024-05-29,Panamax,76.35,C,1120.32,46189.67
2024-05-29,Capesize,76.35,D,2180.34,107871.89
2024-05-30,Handysize,75.46,D,533.33,13039.41
2024-05-30,Supramax,75.46,D,819.9,26727.69
2024-05-30,Panamax,75.46,B,1103.92,44982.97
2024-05-30,Capesize,75.46,C,2049.09,100196.57
2024-05-31,Handysize,75.47,C,554.07,13548.27
2024-05-31,Supramax,75.47,B,820.28,26743.62
2024-05-31,Panamax,75.47,B,1130.5,46072.17
2024-05-31,Capesize,75.47,D,2143.4,104822.03
2024-06-03,Handysize,75.08,D,538.26,13093.67
2024-06-03,Supramax,75.08,C,843.21,27349.15
2024-06-03,Panamax,75.08,C,1185.7,48072.07
2024-06-03,Capesize,75.08,A,2163.59,105262.63
2024-06-04,Handysize,74.25,A,568.09,13666.54
2024-06-04,Supramax,74.25,B,798.76,25621.03
2024-06-04,Panamax,74.25,A,1202.84,48227.87
2024-06-04,Capesize,74.25,A,2183.04,105034.79
2024-06-05,Handysize,72.63,C,563.08,13250.47
2024-06-05,Supramax,72.63,C,847.59,26594.12
2024-06-05,Panamax,72.63,B,1191.07,46714.0
2024-06-05,Capesize,72.63,C,2199.12,103499.91
2024-06-06,Handysize,72.33,C,552.59,12949.9
2024-06-06,Supramax,72.33,C,797.22,24910.38
2024-06-06,Panamax,72.33,A,1146.68,44787.26
2024-06-06,Capesize,72.33,C,2018.03,94584.74
2024-06-07,Handysize,72.27,C,539.32,12628.44
2024-06-07,Supramax,72.27,E,846.01,26412.97
2024-06-07,Panamax,72.27,D,1166.76,45533.74
2024-06-07,Capesize,72.27,A,2145.64,100482.38
2024-06-10,Handysize,73.86,B,562.05,13450.22
2024-06-10,Supramax,73.86,D,779.28,24864.89
2024-06-10,Panamax,73.86,A,1132.25,45159.11
2024-06-10,Capesize,73.86,C,2039.0,97589.15
2024-06-11,Handysize,74.15,D,537.62,12916.11
2024-06-11,Supramax,74.15,C,809.21,25921.26
2024-06-11,Panamax,74.15,A,1207.0,48329.49
2024-06-11,Capesize,74.15,B,2022.05,97157.88
2024-06-12,Handysize,73.74,B,564.42,13484.99
2024-06-12,Supramax,73.74,C,787.28,25079.34
2024-06-12,Panamax,73.74,B,1118.36,44532.65
2024-06-12,Capesize,73.74,B,2083.7,99566.52
2024-06-13,Handysize,73.24,E,523.5,12422.53
2024-06-13,Supramax,73.24,C,855.28,27060.79
2024-06-13,Panamax,73.24,B,1160.14,45883.07
2024-06-13,Capesize,73.24,A,2170.81,103025.6
2024-06-14,Handysize,72.51,B,559.89,13153.63
2024-06-14,Supramax,72.51,B,837.17,26223.78
2024-06-14,Panamax,72.51,B,1120.96,43891.64
2024-06-14,Capesize,72.51,B,2016.03,94726.15
2024-06-17,Handysize,72.37,A,563.51,13213.11
2024-06-17,Supramax,72.37,C,829.31,25927.42
2024-06-17,Panamax,72.37,A,1197.09,46782.04
2024-06-17,Capesize,72.37,C,2128.33,99809.65
2024-06-18,Handysize,73.42,C,534.99,12726.38
2024-06-18,Supramax,73.42,E,785.23,24905.49
2024-06-18,Panamax,73.42,E,1192.59,47282.38
2024-06-18,Capesize,73.42,D,1998.48,95080.0
2024-06-19,Handysize,72.83,D,555.81,13115.4
2024-06-19,Supramax,72.83,B,785.25,24705.98
2024-06-19,Panamax,72.83,B,1196.75,47066.02
2024-06-19,Capesize,72.83,A,2018.92,95280.59
2024-06-20,Handysize,73.12,B,572.6,13565.4
2024-06-20,Supramax,73.12,C,780.36,24649.89
2024-06-20,Panamax,73.12,B,1093.38,43171.89
2024-06-20,Capesize,73.12,B,2069.03,98034.28
2024-06-21,Handysize,71.91,B,548.53,12780.11
2024-06-21,Supramax,71.91,D,810.35,25173.62
2024-06-21,Panamax,71.91,C,1117.98,43412.73
2024-06-21,Capesize,71.91,B,2129.39,99224.63
2024-06-24,Handysize,73.44,B,563.16,13400.14
2024-06-24,Supramax,73.44,C,823.03,26111.52
2024-06-24,Panamax,73.44,A,1155.37,45819.2
2024-06-24,Capesize,73.44,B,2054.5,97771.85
2024-06-25,Handysize,73.6,B,541.33,12908.77
2024-06-25,Supramax,73.6,C,860.68,27365.49
2024-06-25,Panamax,73.6,C,1113.59,44258.52
2024-06-25,Capesize,73.6,E,2110.1,100636.58
2024-06-26,Handysize,71.91,A,563.25,13123.07
2024-06-26,Supramax,71.91,A,835.19,25945.28
2024-06-26,Panamax,71.91,D,1202.5,46694.76
2024-06-26,Capesize,71.91,A,2045.82,95330.47
2024-06-27,Handysize,69.78,C,567.8,12837.23
2024-06-27,Supramax,69.78,A,793.64,23924.25
2024-06-27,Panamax,69.78,B,1118.49,42146.05
2024-06-27,Capesize,69.78,C,2127.68,96208.24
2024-06-28,Handysize,68.32,B,528.25,11693.17
2024-06-28,Supramax,68.32,B,805.97,23787.59
2024-06-28,Panamax,68.32,C,1130.97,41724.65
2024-06-28,Capesize,68.32,C,2176.19,96342.89
2024-07-01,Handysize,69.6,D,550.48,12413.54
2024-07-01,Supramax,69.6,C,824.29,24784.09
2024-07-01,Panamax,69.6,A,1102.21,41425.46
2024-07-01,Capesize,69.6,E,2092.78,94386.05
2024-07-02,Handysize,69.87,C,533.96,12087.72
2024-07-02,Supramax,69.87,C,827.08,24964.45
2024-07-02,Panamax,69.87,C,1182.73,44624.17
2024-07-02,Capesize,69.87,E,2125.65,96240.42
2024-07-03,Handysize,69.94,B,532.65,12070.15
2024-07-03,Supramax,69.94,D,823.02,24866.79
2024-07-03,Panamax,69.94,D,1200.96,45357.38
2024-07-03,Capesize,69.94,B,2044.99,92681.24
2024-07-04,Handysize,69.32,B,551.62,12389.21
2024-07-04,Supramax,69.32,D,799.24,23934.23
2024-07-04,Panamax,69.32,C,1093.35,40927.15
2024-07-04,Capesize,69.32,B,2049.48,92061.33
2024-07-05,Handysize,67.43,B,546.29,11934.97
2024-07-05,Supramax,67.43,A,830.22,24184.11
2024-07-05,Panamax,67.43,E,1188.47,43274.81
2024-07-05,Capesize,67.43,B,2037.85,89043.12
2024-07-08,Handysize,67.05,A,537.03,11666.55
2024-07-08,Supramax,67.05,B,801.52,23216.51
2024-07-08,Panamax,67.05,B,1174.78,42535.26
2024-07-08,Capesize,67.05,C,2148.84,93363.66
2024-07-09,Handysize,65.16,A,534.62,11286.81
2024-07-09,Supramax,65.16,C,858.05,24153.35
2024-07-09,Panamax,65.16,C,1148.58,40414.4
2024-07-09,Capesize,65.16,C,2146.65,90639.46
2024-07-10,Handysize,64.32,D,528.65,11016.9
2024-07-10,Supramax,64.32,D,826.91,22976.72
2024-07-10,Panamax,64.32,D,1099.31,38182.11
2024-07-10,Capesize,64.32,B,2098.08,87446.63
2024-07-11,Handysize,63.75,B,551.15,11384.0
2024-07-11,Supramax,63.75,A,792.1,21814.43
2024-07-11,Panamax,63.75,C,1154.87,39756.4
2024-07-11,Capesize,63.75,D,2126.18,87832.5
2024-07-12,Handysize,62.31,B,562.67,11359.43
2024-07-12,Supramax,62.31,D,822.17,22131.11
2024-07-12,Panamax,62.31,C,1119.65,37673.31
2024-07-12,Capesize,62.31,B,2108.94,85152.42
2024-07-15,Handysize,60.77,C,524.89,10334.81
2024-07-15,Supramax,60.77,D,846.53,22223.65
2024-07-15,Panamax,60.77,C,1112.16,36496.42
2024-07-15,Capesize,60.77,E,2136.91,84149.29
2024-07-16,Handysize,62.85,A,565.89,11523.44
2024-07-16,Supramax,62.85,E,850.41,23089.65
2024-07-16,Panamax,62.85,A,1103.06,37436.75
2024-07-16,Capesize,62.85,E,1995.63,81275.62
2024-07-17,Handysize,64.9,E,556.69,11705.85
2024-07-17,Supramax,64.9,B,790.76,22170.38
2024-07-17,Panamax,64.9,A,1133.33,39718.68
2024-07-17,Capesize,64.9,D,2122.36,89256.27
2024-07-18,Handysize,64.28,A,536.92,11182.28
2024-07-18,Supramax,64.28,D,818.9,22740.0
2024-07-18,Panamax,64.28,C,1108.32,38471.12
2024-07-18,Capesize,64.28,C,2169.85,90381.72
2024-07-19,Handysize,63.08,A,549.99,11240.65
2024-07-19,Supramax,63.08,C,802.42,21866.39
2024-07-19,Panamax,63.08,B,1117.72,38073.12
2024-07-19,Capesize,63.08,A,2180.5,89129.77
2024-07-22,Handysize,62.65,A,529.39,10745.88
2024-07-22,Supramax,62.65,C,803.63,21750.09
2024-07-22,Panamax,62.65,B,1157.94,39174.27
2024-07-22,Capesize,62.65,E,2073.72,84187.23
2024-07-23,Handysize,64.09,C,561.22,11653.82
2024-07-23,Supramax,64.09,C,782.26,21658.34
2024-07-23,Panamax,64.09,D,1174.51,40648.15
2024-07-23,Capesize,64.09,A,2026.31,84153.3
2024-07-24,Handysize,62.77,C,541.95,11021.9
2024-07-24,Supramax,62.77,B,832.24,22567.55
2024-07-24,Panamax,62.77,C,1112.43,37706.7
2024-07-24,Capesize,62.77,B,2081.52,84665.74
2024-07-25,Handysize,61.83,A,523.11,10479.42
2024-07-25,Supramax,61.83,C,801.24,21401.57
2024-07-25,Panamax,61.83,C,1134.65,37883.92
2024-07-25,Capesize,61.83,B,2188.05,87666.06
2024-07-26,Handysize,63.6,A,562.14,11583.68
2024-07-26,Supramax,63.6,C,849.62,23343.48
2024-07-26,Panamax,63.6,C,1148.18,39433.09
2024-07-26,Capesize,63.6,C,2017.75,83157.13
2024-07-29,Handysize,65.4,E,542.44,11494.09
2024-07-29,Supramax,65.4,E,834.12,23566.23
2024-07-29,Panamax,65.4,B,1185.93,41882.3
2024-07-29,Capesize,65.4,E,2195.4,93039.3
2024-07-30,Handysize,66.89,E,572.07,12398.11
2024-07-30,Supramax,66.89,C,839.31,24253.1
2024-07-30,Panamax,66.89,D,1155.56,41739.52
2024-07-30,Capesize,66.89,D,2144.06,92933.68
2024-07-31,Handysize,66.66,D,555.57,11999.11
2024-07-31,Supramax,66.66,B,814.12,23444.31
2024-07-31,Panamax,66.66,B,1134.2,40827.12
2024-07-31,Capesize,66.66,B,2040.99,88161.95
2024-08-01,Handysize,65.54,C,535.69,11375.36
2024-08-01,Supramax,65.54,C,844.58,23912.83
2024-08-01,Panamax,65.54,C,1093.57,38703.19
2024-08-01,Capesize,65.54,C,2091.92,88843.68
2024-08-02,Handysize,67.09,D,534.54,11619.38
2024-08-02,Supramax,67.09,A,784.9,22748.66
2024-08-02,Panamax,67.09,C,1192.38,43198.26
2024-08-02,Capesize,67.09,C,2076.01,90253.12
2024-08-05,Handysize,66.69,B,570.11,12318.69
2024-08-05,Supramax,66.69,B,845.17,24349.42
2024-08-05,Panamax,66.69,C,1111.6,40031.61
2024-08-05,Capesize,66.69,B,2058.7,88966.97
2024-08-06,Handysize,67.89,C,539.78,11873.2
2024-08-06,Supramax,67.89,C,822.18,24113.29
2024-08-06,Panamax,67.89,A,1132.13,41504.57
2024-08-06,Capesize,67.89,D,2142.39,94249.56
2024-08-07,Handysize,67.35,C,529.51,11554.65
2024-08-07,Supramax,67.35,D,807.9,23506.01
2024-08-07,Panamax,67.35,B,1127.77,41015.87
2024-08-07,Capesize,67.35,A,2011.09,87769.6
2024-08-08,Handysize,66.85,C,542.72,11754.99
2024-08-08,Supramax,66.85,B,854.78,24685.36
2024-08-08,Panamax,66.85,D,1140.26,41162.25
2024-08-08,Capesize,66.85,B,2062.68,89352.82
2024-08-09,Handysize,67.6,D,568.59,12453.49
2024-08-09,Supramax,67.6,C,822.78,24027.81
2024-08-09,Panamax,67.6,C,1137.21,41512.71
2024-08-09,Capesize,67.6,B,2049.5,89777.94
2024-08-12,Handysize,67.38,C,548.93,11983.76
2024-08-12,Supramax,67.38,B,834.75,24298.04
2024-08-12,Panamax,67.38,A,1106.88,40274.05
2024-08-12,Capesize,67.38,C,2037.68,88969.67
2024-08-13,Handysize,68.77,C,556.28,12394.74
2024-08-13,Supramax,68.77,A,820.95,24389.31
2024-08-13,Panamax,68.77,C,1115.45,41423.13
2024-08-13,Capesize,68.77,D,2005.05,89350.96
2024-08-14,Handysize,67.23,C,524.03,11414.69
2024-08-14,Supramax,67.23,A,799.47,23219.3
2024-08-14,Panamax,67.23,D,1163.96,42256.64
2024-08-14,Capesize,67.23,B,2075.15,90403.99
2024-08-15,Handysize,66.69,B,538.2,11629.19
2024-08-15,Supramax,66.69,B,838.12,24146.3
2024-08-15,Panamax,66.69,B,1125.54,40533.62
2024-08-15,Capesize,66.69,B,2009.3,86832.14
2024-08-16,Handysize,65.04,D,535.8,11290.89
2024-08-16,Supramax,65.04,C,817.85,22979.36
2024-08-16,Panamax,65.04,C,1163.35,40858.71
2024-08-16,Capesize,65.04,B,2182.17,91969.56
2024-08-19,Handysize,65.38,C,559.61,11854.29
2024-08-19,Supramax,65.38,A,805.61,22753.78
2024-08-19,Panamax,65.38,C,1187.41,41921.75
2024-08-19,Capesize,65.38,C,2143.07,90793.82
2024-08-20,Handysize,65.48,E,567.84,12047.02
2024-08-20,Supramax,65.48,A,852.96,24127.99
2024-08-20,Panamax,65.48,C,1159.63,41003.59
2024-08-20,Capesize,65.48,B,2017.82,85618.2
2024-08-21,Handysize,65.41,E,534.43,11326.09
2024-08-21,Supramax,65.41,B,845.26,23884.61
2024-08-21,Panamax,65.41,C,1157.25,40875.69
2024-08-21,Capesize,65.41,D,2029.48,86020.89
2024-08-22,Handysize,64.4,B,553.41,11547.23
2024-08-22,Supramax,64.4,B,842.57,23440.97
2024-08-22,Panamax,64.4,A,1129.6,39282.97
2024-08-22,Capesize,64.4,B,2019.22,84264.47
2024-08-23,Handysize,63.83,C,563.86,11661.14
2024-08-23,Supramax,63.83,C,809.58,22323.81
2024-08-23,Panamax,63.83,B,1100.5,37932.25
2024-08-23,Capesize,63.83,C,2128.39,88034.13
2024-08-26,Handysize,65.92,C,533.66,11397.95
2024-08-26,Supramax,65.92,C,827.15,23555.11
2024-08-26,Panamax,65.92,D,1136.98,40472.85
2024-08-26,Capesize,65.92,B,2158.56,92205.39
2024-08-27,Handysize,65.84,A,551.28,11759.99
2024-08-27,Supramax,65.84,B,804.15,22872.34
2024-08-27,Panamax,65.84,C,1146.65,40767.54
2024-08-27,Capesize,65.84,B,2001.73,85402.45
2024-08-28,Handysize,66.44,B,567.4,12214.17
2024-08-28,Supramax,66.44,C,783.92,22500.13
2024-08-28,Panamax,66.44,D,1105.0,39644.75
2024-08-28,Capesize,66.44,B,2157.29,92878.07
2024-08-29,Handysize,65.56,C,561.18,11920.27
2024-08-29,Supramax,65.56,D,820.1,23226.81
2024-08-29,Panamax,65.56,B,1130.57,40024.89
2024-08-29,Capesize,65.56,C,2193.37,93180.67
2024-08-30,Handysize,65.74,C,556.48,11852.89
2024-08-30,Supramax,65.74,B,838.19,23804.33
2024-08-30,Panamax,65.74,B,1194.6,42407.82
2024-08-30,Capesize,65.74,C,2139.94,91160.42
2024-09-02,Handysize,64.59,C,558.91,11696.4
2024-09-02,Supramax,64.59,B,848.72,23681.73
2024-09-02,Panamax,64.59,A,1144.89,39932.16
2024-09-02,Capesize,64.59,A,2188.17,91584.37
2024-09-03,Handysize,66.08,A,551.33,11803.93
2024-09-03,Supramax,66.08,C,795.47,22707.93
2024-09-03,Panamax,66.08,C,1181.46,42158.27
2024-09-03,Capesize,66.08,D,2104.79,90126.77
2024-09-04,Handysize,66.7,D,562.58,12157.8
2024-09-04,Supramax,66.7,C,853.01,24578.97
2024-09-04,Panamax,66.7,A,1114.62,40146.38
2024-09-04,Capesize,66.7,D,2117.15,91506.61
2024-09-05,Handysize,67.4,C,557.61,12176.86
2024-09-05,Supramax,67.4,C,851.43,24790.92
2024-09-05,Panamax,67.4,C,1180.0,42947.28
2024-09-05,Capesize,67.4,B,2099.34,91689.09
2024-09-06,Handysize,67.98,B,552.42,12167.34
2024-09-06,Supramax,67.98,B,837.23,24587.23
2024-09-06,Panamax,67.98,B,1103.89,40522.92
2024-09-06,Capesize,67.98,E,2160.47,95170.95
2024-09-09,Handysize,68.62,C,567.02,12606.49
2024-09-09,Supramax,68.62,D,787.46,23343.34
2024-09-09,Panamax,68.62,A,1097.43,40665.05
2024-09-09,Capesize,68.62,D,2152.13,95696.1
2024-09-10,Handysize,68.26,D,569.12,12586.79
2024-09-10,Supramax,68.26,A,814.85,24028.56
2024-09-10,Panamax,68.26,D,1122.39,41371.74
2024-09-10,Capesize,68.26,C,2039.53,90213.47
2024-09-11,Handysize,68.88,A,528.28,11789.69
2024-09-11,Supramax,68.88,B,829.37,24678.87
2024-09-11,Panamax,68.88,D,1184.87,44071.48
2024-09-11,Capesize,68.88,C,2098.57,93668.08
2024-09-12,Handysize,69.03,B,524.35,11727.47
2024-09-12,Supramax,69.03,C,793.36,23658.76
2024-09-12,Panamax,69.03,C,1122.07,41826.51
2024-09-12,Capesize,69.03,D,2029.68,90790.51
2024-09-13,Handysize,68.56,C,573.2,12732.74
2024-09-13,Supramax,68.56,D,848.32,25125.47
2024-09-13,Panamax,68.56,D,1106.1,40950.48
2024-09-13,Capesize,68.56,C,2121.94,94271.17
2024-09-16,Handysize,68.92,C,522.79,11673.94
2024-09-16,Supramax,68.92,B,782.35,23293.25
2024-09-16,Panamax,68.92,C,1163.36,43296.54
2024-09-16,Capesize,68.92,C,2184.12,97543.15
2024-09-17,Handysize,68.18,D,534.15,11799.54
2024-09-17,Supramax,68.18,A,779.91,22971.28
2024-09-17,Panamax,68.18,E,1110.64,40890.66
2024-09-17,Capesize,68.18,B,2001.95,88447.43
2024-09-18,Handysize,69.19,D,537.42,12047.65
2024-09-18,Supramax,69.19,C,855.3,25564.99
2024-09-18,Panamax,69.19,C,1182.69,44188.37
2024-09-18,Capesize,69.19,B,2029.96,91013.5
2024-09-19,Handysize,68.95,D,534.99,11951.57
2024-09-19,Supramax,68.95,B,814.04,24247.32
2024-09-19,Panamax,68.95,C,1110.79,41358.04
2024-09-19,Capesize,68.95,A,2172.95,97086.54
2024-09-20,Handysize,68.89,A,538.59,12021.52
2024-09-20,Supramax,68.89,D,835.47,24863.99
2024-09-20,Panamax,68.89,B,1188.62,44217.38
2024-09-20,Capesize,68.89,C,2194.9,97981.92
2024-09-23,Handysize,68.22,B,572.91,12663.19
2024-09-23,Supramax,68.22,A,815.96,24047.19
2024-09-23,Panamax,68.22,D,1129.59,41612.74
2024-09-23,Capesize,68.22,B,2112.9,93404.04
2024-09-24,Handysize,68.59,B,556.78,12373.41
2024-09-24,Supramax,68.59,A,857.2,25399.59
2024-09-24,Panamax,68.59,B,1205.66,44655.96
2024-09-24,Capesize,68.59,E,2107.74,93681.29
2024-09-25,Handysize,68.12,B,530.25,11703.08
2024-09-25,Supramax,68.12,B,843.62,24825.91
2024-09-25,Panamax,68.12,A,1121.02,41236.5
2024-09-25,Capesize,68.12,A,2160.58,95371.8
2024-09-26,Handysize,67.53,C,544.05,11903.66
2024-09-26,Supramax,67.53,E,794.65,23182.29
2024-09-26,Panamax,67.53,C,1166.6,42541.47
2024-09-26,Capesize,67.53,C,2195.58,96077.35
2024-09-27,Handysize,67.93,C,561.2,12351.63
2024-09-27,Supramax,67.93,B,825.34,24220.23
2024-09-27,Panamax,67.93,D,1181.95,43356.53
2024-09-27,Capesize,67.93,A,2135.69,94010.17
2024-09-30,Handysize,68.01,B,531.65,11715.04
2024-09-30,Supramax,68.01,C,839.55,24666.25
2024-09-30,Panamax,68.01,A,1187.28,43603.33
2024-09-30,Capesize,68.01,A,2078.71,91609.75
2024-10-01,Handysize,66.74,D,529.64,11452.81
2024-10-01,Supramax,66.74,D,789.44,22760.88
2024-10-01,Panamax,66.74,D,1171.23,42210.66
2024-10-01,Capesize,66.74,B,2103.11,90954.29
2024-10-02,Handysize,66.96,B,571.49,12398.5
2024-10-02,Supramax,66.96,C,834.7,24145.13
2024-10-02,Panamax,66.96,D,1164.11,42092.36
2024-10-02,Capesize,66.96,B,2126.27,92259.03
2024-10-03,Handysize,64.64,A,573.35,12007.88
2024-10-03,Supramax,64.64,B,815.76,22779.67
2024-10-03,Panamax,64.64,B,1135.12,39622.04
2024-10-03,Capesize,64.64,B,2084.61,87317.48
2024-10-04,Handysize,64.59,A,574.85,12029.98
2024-10-04,Supramax,64.59,A,810.14,22605.24
2024-10-04,Panamax,64.59,C,1196.9,41746.2
2024-10-04,Capesize,64.59,A,2197.95,91993.7
2024-10-07,Handysize,63.24,B,523.72,10730.9
2024-10-07,Supramax,63.24,A,855.59,23374.45
2024-10-07,Panamax,63.24,C,1142.85,39027.87
2024-10-07,Capesize,63.24,D,2046.94,83882.62
2024-10-08,Handysize,64.63,B,532.09,11142.03
2024-10-08,Supramax,64.63,D,852.6,23804.73
2024-10-08,Panamax,64.63,E,1159.92,40481.44
2024-10-08,Capesize,64.63,A,2051.55,85919.41
2024-10-09,Handysize,64.87,B,540.54,11361.0
2024-10-09,Supramax,64.87,B,853.26,23911.62
2024-10-09,Panamax,64.87,D,1166.02,40845.45
2024-10-09,Capesize,64.87,B,2012.01,84576.37
2024-10-10,Handysize,66.09,C,558.3,11954.97
2024-10-10,Supramax,66.09,C,790.09,22557.76
2024-10-10,Panamax,66.09,D,1109.89,39610.42
2024-10-10,Capesize,66.09,C,2091.29,89562.25
2024-10-11,Handysize,66.94,B,534.13,11584.51
2024-10-11,Supramax,66.94,B,825.65,23876.21
2024-10-11,Panamax,66.94,B,1126.03,40703.28
2024-10-11,Capesize,66.94,B,2023.35,87767.1
2024-10-14,Handysize,67.24,C,535.73,11671.29
2024-10-14,Supramax,67.24,B,825.88,23989.9
2024-10-14,Panamax,67.24,A,1183.4,42968.78
2024-10-14,Capesize,67.24,C,2175.12,94773.28
2024-10-15,Handysize,69.56,D,525.32,11839.37
2024-10-15,Supramax,69.56,C,803.14,24134.29
2024-10-15,Panamax,69.56,D,1133.87,42590.88
2024-10-15,Capesize,69.56,C,2053.49,92560.82
2024-10-16,Handysize,67.34,B,549.5,11989.08
2024-10-16,Supramax,67.34,B,807.26,23483.9
2024-10-16,Panamax,67.34,B,1095.67,39842.51
2024-10-16,Capesize,67.34,B,2109.21,92038.16
2024-10-17,Handysize,68.84,D,549.36,12253.01
2024-10-17,Supramax,68.84,D,825.13,24538.44
2024-10-17,Panamax,68.84,B,1118.54,41580.16
2024-10-17,Capesize,68.84,A,2184.68,97454.9
2024-10-18,Handysize,68.61,C,539.69,11997.11
2024-10-18,Supramax,68.61,C,782.98,23207.15
2024-10-18,Panamax,68.61,C,1133.93,42011.43
2024-10-18,Capesize,68.61,C,2203.37,97960.24
2024-10-21,Handysize,68.03,C,562.93,12407.95
2024-10-21,Supramax,68.03,B,858.22,25222.19
2024-10-21,Panamax,68.03,B,1105.36,40606.73
2024-10-21,Capesize,68.03,D,2060.7,90842.74
2024-10-22,Handysize,68.3,D,542.49,12004.87
2024-10-22,Supramax,68.3,D,860.97,25403.44
2024-10-22,Panamax,68.3,A,1161.37,42833.65
2024-10-22,Capesize,68.3,C,2054.31,90920.47
2024-10-23,Handysize,69.15,D,564.14,12639.33
2024-10-23,Supramax,69.15,B,852.05,25453.12
2024-10-23,Panamax,69.15,C,1162.36,43403.68
2024-10-23,Capesize,69.15,B,2047.62,91752.21
2024-10-24,Handysize,71.38,C,550.44,12730.09
2024-10-24,Supramax,71.38,B,809.4,24958.79
2024-10-24,Panamax,71.38,C,1144.61,44119.22
2024-10-24,Capesize,71.38,C,2117.35,97936.42
2024-10-25,Handysize,69.11,E,538.55,12059.02
2024-10-25,Supramax,69.11,C,805.73,24055.49
2024-10-25,Panamax,69.11,B,1147.7,42831.48
2024-10-25,Capesize,69.11,E,2185.13,97857.29
2024-10-28,Handysize,69.84,A,556.32,12588.5
2024-10-28,Supramax,69.84,E,853.98,25765.33
2024-10-28,Panamax,69.84,D,1135.02,42805.69
2024-10-28,Capesize,69.84,C,2047.63,92668.2
2024-10-29,Handysize,69.19,E,541.91,12148.3
2024-10-29,Supramax,69.19,D,780.45,23327.71
2024-10-29,Panamax,69.19,A,1104.83,41279.32
2024-10-29,Capesize,69.19,E,2133.03,95634.66
2024-10-30,Handysize,69.68,C,539.17,12172.47
2024-10-30,Supramax,69.68,E,815.64,24552.2
2024-10-30,Panamax,69.68,A,1169.35,43999.37
2024-10-30,Capesize,69.68,C,2044.52,92315.48
2024-10-31,Handysize,70.48,C,552.7,12621.19
2024-10-31,Supramax,70.48,E,832.22,25338.9
2024-10-31,Panamax,70.48,C,1192.54,45387.12
2024-10-31,Capesize,70.48,C,2133.95,97459.72
2024-11-01,Handysize,68.81,C,569.79,12703.15
2024-11-01,Supramax,68.81,B,856.39,25456.98
2024-11-01,Panamax,68.81,C,1193.21,44336.58
2024-11-01,Capesize,68.81,C,2078.81,92691.81
2024-11-04,Handysize,68.88,D,523.01,11672.08
2024-11-04,Supramax,68.88,C,793.8,23620.44
2024-11-04,Panamax,68.88,B,1151.19,42818.74
2024-11-04,Capesize,68.88,C,2014.96,89936.21
2024-11-05,Handysize,68.95,D,540.1,12065.73
2024-11-05,Supramax,68.95,C,820.9,24451.66
2024-11-05,Panamax,68.95,D,1192.81,44411.89
2024-11-05,Capesize,68.95,B,2144.94,95835.06
2024-11-06,Handysize,69.74,E,535.46,12099.13
2024-11-06,Supramax,69.74,C,847.64,25537.43
2024-11-06,Panamax,69.74,D,1199.65,45178.34
2024-11-06,Capesize,69.74,E,2157.11,97483.08
2024-11-07,Handysize,67.91,E,576.68,12688.6
2024-11-07,Supramax,67.91,A,799.99,23469.4
2024-11-07,Panamax,67.91,D,1110.22,40713.32
2024-11-07,Capesize,67.91,C,2131.31,93789.75
2024-11-08,Handysize,66.32,A,545.62,11724.11
2024-11-08,Supramax,66.32,A,833.42,23877.68
2024-11-08,Panamax,66.32,C,1108.94,39714.25
2024-11-08,Capesize,66.32,B,2171.48,93320.13
2024-11-11,Handysize,66.85,C,548.32,11876.28
2024-11-11,Supramax,66.85,D,857.44,24762.18
2024-11-11,Panamax,66.85,B,1182.87,42700.42
2024-11-11,Capesize,66.85,B,2164.19,93750.11
2024-11-12,Handysize,65.53,C,546.44,11601.86
2024-11-12,Supramax,65.53,C,780.34,22090.61
2024-11-12,Panamax,65.53,D,1180.81,41784.38
2024-11-12,Capesize,65.53,C,2151.88,91376.23
2024-11-13,Handysize,65.06,A,526.34,11094.95
2024-11-13,Supramax,65.06,B,835.3,23476.87
2024-11-13,Panamax,65.06,B,1107.66,38914.75
2024-11-13,Capesize,65.06,D,2054.99,86636.08
2024-11-14,Handysize,65.57,C,535.49,11376.31
2024-11-14,Supramax,65.57,C,859.95,24359.15
2024-11-14,Panamax,65.57,C,1147.48,40629.74
2024-11-14,Capesize,65.57,D,2035.05,86467.97
2024-11-15,Handysize,65.79,B,526.17,11215.82
2024-11-15,Supramax,65.79,B,805.67,22898.17
2024-11-15,Panamax,65.79,A,1133.15,40256.97
2024-11-15,Capesize,65.79,D,2147.59,91555.89
2024-11-18,Handysize,66.5,C,539.72,11628.81
2024-11-18,Supramax,66.5,D,836.93,24043.33
2024-11-18,Panamax,66.5,B,1154.93,41473.54
2024-11-18,Capesize,66.5,C,2200.53,94825.24
2024-11-19,Handysize,66.17,B,569.29,12205.05
2024-11-19,Supramax,66.17,C,789.76,22575.64
2024-11-19,Panamax,66.17,A,1205.13,43061.46
2024-11-19,Capesize,66.17,E,2186.42,93749.67
2024-11-20,Handysize,67.31,B,554.91,12101.72
2024-11-20,Supramax,67.31,A,843.81,24536.24
2024-11-20,Panamax,67.31,B,1116.45,40580.05
2024-11-20,Capesize,67.31,D,2041.77,89055.64
2024-11-21,Handysize,68.08,D,550.31,12138.69
2024-11-21,Supramax,68.08,C,808.38,23774.91
2024-11-21,Panamax,68.08,B,1205.56,44320.24
2024-11-21,Capesize,68.08,B,1995.05,88013.31
2024-11-22,Handysize,68.04,C,535.62,11807.72
2024-11-22,Supramax,68.04,A,804.3,23641.02
2024-11-22,Panamax,68.04,C,1114.37,40943.74
2024-11-22,Capesize,68.04,B,2108.18,92949.49
2024-11-25,Handysize,68.29,D,534.09,11817.25
2024-11-25,Supramax,68.29,D,846.76,24980.5
2024-11-25,Panamax,68.29,B,1163.87,42919.57
2024-11-25,Capesize,68.29,D,2054.78,90927.96
2024-11-26,Handysize,67.97,C,528.76,11644.5
2024-11-26,Supramax,67.97,A,821.15,24111.46
2024-11-26,Panamax,67.97,B,1112.37,40828.21
2024-11-26,Capesize,67.97,C,2007.12,88402.72
2024-11-27,Handysize,67.25,C,551.15,12009.01
2024-11-27,Supramax,67.25,C,860.38,24995.76
2024-11-27,Panamax,67.25,B,1202.76,43678.23
2024-11-27,Capesize,67.25,B,2162.08,94219.12
2024-11-28,Handysize,66.54,A,524.24,11302.07
2024-11-28,Supramax,66.54,A,833.15,23949.13
2024-11-28,Panamax,66.54,C,1176.61,42277.48
2024-11-28,Capesize,66.54,C,2010.28,86679.09
2024-11-29,Handysize,67.97,C,561.28,12360.67
2024-11-29,Supramax,67.97,D,859.02,25223.44
2024-11-29,Panamax,67.97,C,1093.46,40134.14
2024-11-29,Capesize,67.97,B,2151.81,94775.52
2024-12-02,Handysize,69.97,E,536.76,12168.5
2024-12-02,Supramax,69.97,A,805.08,24335.19
2024-12-02,Panamax,69.97,C,1183.12,44702.77
2024-12-02,Capesize,69.97,B,2177.83,98744.03
2024-12-03,Handysize,71.87,C,537.67,12520.12
2024-12-03,Supramax,71.87,A,815.06,25305.85
2024-12-03,Panamax,71.87,C,1188.59,46128.94
2024-12-03,Capesize,71.87,A,2021.15,94128.51
2024-12-04,Handysize,70.59,D,538.38,12313.38
2024-12-04,Supramax,70.59,E,782.01,23847.3
2024-12-04,Panamax,70.59,C,1184.93,45167.87
2024-12-04,Capesize,70.59,C,2009.87,91936.12
2024-12-05,Handysize,70.29,B,542.54,12355.78
2024-12-05,Supramax,70.29,B,848.71,25771.32
2024-12-05,Panamax,70.29,D,1189.54,45150.89
2024-12-05,Capesize,70.29,C,2062.52,93943.5
2024-12-06,Handysize,69.33,C,535.81,12035.86
2024-12-06,Supramax,69.33,E,852.35,25528.36
2024-12-06,Panamax,69.33,C,1144.21,42837.16
2024-12-06,Capesize,69.33,A,2191.79,98468.01
2024-12-09,Handysize,70.36,B,566.78,12920.68
2024-12-09,Supramax,70.36,C,792.55,24089.97
2024-12-09,Panamax,70.36,C,1120.06,42556.01
2024-12-09,Capesize,70.36,C,1996.92,91046.13
2024-12-10,Handysize,69.2,B,546.13,12244.67
2024-12-10,Supramax,69.2,C,792.04,23677.56
2024-12-10,Panamax,69.2,B,1112.96,41589.09
2024-12-10,Capesize,69.2,C,2125.04,95290.19
2024-12-11,Handysize,68.09,C,553.82,12217.91
2024-12-11,Supramax,68.09,A,857.54,25224.44
2024-12-11,Panamax,68.09,A,1113.76,40951.4
2024-12-11,Capesize,68.09,C,2190.62,96655.24
2024-12-12,Handysize,68.69,C,560.46,12473.35
2024-12-12,Supramax,68.69,A,811.83,24090.31
2024-12-12,Panamax,68.69,A,1104.58,40971.74
2024-12-12,Capesize,68.69,D,2120.08,94367.14
2024-12-13,Handysize,68.81,A,548.87,12236.75
2024-12-13,Supramax,68.81,E,805.28,23937.69
2024-12-13,Panamax,68.81,D,1100.09,40876.48
2024-12-13,Capesize,68.81,C,2153.35,96015.46
2024-12-16,Handysize,68.01,A,525.65,11582.82
2024-12-16,Supramax,68.01,A,859.04,25238.87
2024-12-16,Panamax,68.01,B,1109.48,40746.1
2024-12-16,Capesize,68.01,A,2074.93,91443.16
2024-12-17,Handysize,67.78,A,571.48,12550.11
2024-12-17,Supramax,67.78,B,796.28,23315.84
2024-12-17,Panamax,67.78,C,1175.35,43019.22
2024-12-17,Capesize,67.78,C,2024.33,88911.49
2024-12-18,Handysize,68.15,D,532.56,11759.24
2024-12-18,Supramax,68.15,C,842.06,24790.92
2024-12-18,Panamax,68.15,C,1149.29,42295.02
2024-12-18,Capesize,68.15,A,2120.16,93628.81
2024-12-19,Handysize,69.03,D,522.6,11688.33
2024-12-19,Supramax,69.03,A,782.85,23345.34
2024-12-19,Panamax,69.03,B,1156.12,43095.76
2024-12-19,Capesize,69.03,C,2029.49,90782.01
2024-12-20,Handysize,68.96,B,567.76,12685.48
2024-12-20,Supramax,68.96,B,791.06,23566.25
2024-12-20,Panamax,68.96,D,1097.43,40866.54
2024-12-20,Capesize,68.96,C,2036.63,91009.01
2024-12-23,Handysize,69.28,C,536.16,12035.03
2024-12-23,Supramax,69.28,B,779.8,23338.6
2024-12-23,Panamax,69.28,D,1147.62,42933.84
2024-12-23,Capesize,69.28,A,2003.56,89946.7
2024-12-24,Handysize,69.72,C,559.95,12648.87
2024-12-24,Supramax,69.72,A,855.18,25757.2
2024-12-24,Panamax,69.72,C,1189.29,44775.34
2024-12-24,Capesize,69.72,C,2061.19,93121.6
2024-12-25,Handysize,71.01,D,553.29,12729.68
2024-12-25,Supramax,71.01,D,788.39,24184.9
2024-12-25,Panamax,71.01,B,1202.3,46102.67
2024-12-25,Capesize,71.01,B,2047.93,94234.43
2024-12-26,Handysize,71.85,A,560.01,13036.7
2024-12-26,Supramax,71.85,D,805.82,25012.01
2024-12-26,Panamax,71.85,D,1169.85,45389.01
2024-12-26,Capesize,71.85,C,2094.59,97521.6
2024-12-27,Handysize,72.49,A,567.25,13322.86
2024-12-27,Supramax,72.49,B,849.93,26616.14
2024-12-27,Panamax,72.49,C,1098.35,42994.47
2024-12-27,Capesize,72.49,C,2016.63,94728.21
2024-12-30,Handysize,72.25,B,575.2,13464.86
2024-12-30,Supramax,72.25,B,812.33,25354.44
2024-12-30,Panamax,72.25,C,1133.88,44238.33
2024-12-30,Capesize,72.25,C,2087.63,97738.66
2024-12-31,Handysize,73.04,B,558.84,13224.93
2024-12-31,Supramax,73.04,D,815.36,25727.28
2024-12-31,Panamax,73.04,C,1106.85,43655.93
2024-12-31,Capesize,73.04,A,2157.52,102115.25
2025-01-01,Handysize,73.49,A,534.46,12725.9
2025-01-01,Supramax,73.49,B,800.07,25400.37
2025-01-01,Panamax,73.49,C,1093.77,43405.82
2025-01-01,Capesize,73.49,D,2089.04,99483.26
2025-01-02,Handysize,74.54,D,551.25,13313.22
2025-01-02,Supramax,74.54,D,807.65,26007.36
2025-01-02,Panamax,74.54,B,1101.25,44327.07
2025-01-02,Capesize,74.54,C,2179.19,105259.06
2025-01-03,Handysize,75.55,C,574.39,14060.03
2025-01-03,Supramax,75.55,C,846.11,27615.0
2025-01-03,Panamax,75.55,C,1200.09,48960.07
2025-01-03,Capesize,75.55,C,2126.76,104118.51
2025-01-06,Handysize,76.41,C,534.54,13233.52
2025-01-06,Supramax,76.41,E,783.04,25847.46
2025-01-06,Panamax,76.41,B,1155.61,47682.09
2025-01-06,Capesize,76.41,A,2060.71,102033.34
2025-01-07,Handysize,74.99,C,533.11,12952.85
2025-01-07,Supramax,74.99,A,801.81,25975.18
2025-01-07,Panamax,74.99,C,1124.6,45540.23
2025-01-07,Capesize,74.99,C,2182.72,106066.05
2025-01-08,Handysize,75.98,C,554.75,13656.57
2025-01-08,Supramax,75.98,C,821.98,26980.15
2025-01-08,Panamax,75.98,B,1202.43,49334.74
2025-01-08,Capesize,75.98,A,2194.01,108022.17
2025-01-09,Handysize,76.84,A,560.72,13959.77
2025-01-09,Supramax,76.84,B,860.97,28579.8
2025-01-09,Panamax,76.84,D,1093.28,45364.12
2025-01-09,Capesize,76.84,C,2189.59,109024.77
2025-01-10,Handysize,78.37,D,546.17,13868.28
2025-01-10,Supramax,78.37,B,824.06,27899.24
2025-01-10,Panamax,78.37,C,1187.74,50264.92
2025-01-10,Capesize,78.37,D,2178.93,110654.26
2025-01-13,Handysize,79.48,B,555.49,14304.71
2025-01-13,Supramax,79.48,B,837.99,28772.69
2025-01-13,Panamax,79.48,D,1093.97,46952.32
2025-01-13,Capesize,79.48,C,2126.89,109541.3
2025-01-14,Handysize,78.2,A,541.72,13725.45
2025-01-14,Supramax,78.2,D,807.05,27264.09
2025-01-14,Panamax,78.2,C,1117.04,47170.37
2025-01-14,Capesize,78.2,C,2066.86,104735.24
2025-01-15,Handysize,78.39,C,534.45,13574.15
2025-01-15,Supramax,78.39,C,789.31,26729.57
2025-01-15,Panamax,78.39,C,1187.88,50283.67
2025-01-15,Capesize,78.39,B,2033.35,103287.51
2025-01-16,Handysize,77.65,C,550.44,13848.3
2025-01-16,Supramax,77.65,C,802.16,26908.3
2025-01-16,Panamax,77.65,D,1132.65,47493.15
2025-01-16,Capesize,77.65,B,2089.1,105117.66
2025-01-17,Handysize,80.05,B,558.97,14497.56
2025-01-17,Supramax,80.05,C,785.64,27168.69
2025-01-17,Panamax,80.05,D,1123.16,48550.84
2025-01-17,Capesize,80.05,B,2027.9,105192.04
2025-01-20,Handysize,79.06,A,557.41,14278.3
2025-01-20,Supramax,79.06,A,847.09,28931.44
2025-01-20,Panamax,79.06,C,1108.71,47333.49
2025-01-20,Capesize,79.06,A,2056.6,105361.43
2025-01-21,Handysize,77.11,A,537.87,13437.95
2025-01-21,Supramax,77.11,A,830.89,27678.21
2025-01-21,Panamax,77.11,D,1177.37,49024.98
2025-01-21,Capesize,77.11,C,2098.75,104868.83
2025-01-22,Handysize,76.16,C,527.62,13019.47
2025-01-22,Supramax,76.16,C,788.47,25941.55
2025-01-22,Panamax,76.16,B,1158.55,47646.99
2025-01-22,Capesize,76.16,B,2063.15,101819.92
2025-01-23,Handysize,77.11,B,549.49,13728.26
2025-01-23,Supramax,77.11,A,824.86,27477.34
2025-01-23,Panamax,77.11,C,1121.52,46699.42
2025-01-23,Capesize,77.11,C,2187.34,109295.43
2025-01-24,Handysize,76.43,B,549.1,13597.54
2025-01-24,Supramax,76.43,B,828.54,27356.53
2025-01-24,Panamax,76.43,C,1150.46,47482.02
2025-01-24,Capesize,76.43,B,2076.41,102837.61
2025-01-27,Handysize,74.89,D,545.47,13235.48
2025-01-27,Supramax,74.89,C,821.84,26588.56
2025-01-27,Panamax,74.89,B,1110.48,44908.48
2025-01-27,Capesize,74.89,D,2194.07,106475.41
2025-01-28,Handysize,75.4,B,548.7,13404.52
2025-01-28,Supramax,75.4,C,821.94,26772.89
2025-01-28,Panamax,75.4,C,1194.35,48629.15
2025-01-28,Capesize,75.4,E,2091.96,102211.49
2025-01-29,Handysize,74.73,B,536.38,12987.11
2025-01-29,Supramax,74.73,A,851.58,27491.86
2025-01-29,Panamax,74.73,D,1207.29,48719.22
2025-01-29,Capesize,74.73,D,2071.23,100299.4
2025-01-30,Handysize,74.76,A,564.62,13676.36
2025-01-30,Supramax,74.76,D,850.98,27483.52
2025-01-30,Panamax,74.76,A,1114.53,44994.02
2025-01-30,Capesize,74.76,C,2185.9,105894.79
2025-01-31,Handysize,73.57,A,563.74,13437.69
2025-01-31,Supramax,73.57,E,780.55,24807.63
2025-01-31,Panamax,73.57,C,1176.36,46734.19
2025-01-31,Capesize,73.57,B,2153.85,102681.27
2025-02-03,Handysize,74.04,B,573.26,13751.91
2025-02-03,Supramax,74.04,C,803.19,25690.26
2025-02-03,Panamax,74.04,E,1118.62,44724.22
2025-02-03,Capesize,74.04,A,2097.77,100646.64
2025-02-04,Handysize,74.42,D,577.48,13924.24
2025-02-04,Supramax,74.42,D,838.38,26953.45
2025-02-04,Panamax,74.42,C,1152.71,46323.73
2025-02-04,Capesize,74.42,B,2084.27,100512.17
2025-02-05,Handysize,73.72,C,531.38,12692.16
2025-02-05,Supramax,73.72,D,859.42,27369.98
2025-02-05,Panamax,73.72,C,1133.63,45128.45
2025-02-05,Capesize,73.72,C,2186.7,104459.88
2025-02-06,Handysize,74.07,E,526.89,12644.66
2025-02-06,Supramax,74.07,D,847.46,27117.23
2025-02-06,Panamax,74.07,C,1191.29,47648.98
2025-02-06,Capesize,74.07,B,2185.6,104903.03
2025-02-07,Handysize,75.27,B,529.49,12912.93
2025-02-07,Supramax,75.27,C,782.56,25446.22
2025-02-07,Panamax,75.27,B,1109.76,45107.08
2025-02-07,Capesize,75.27,E,2160.84,105394.88
2025-02-10,Handysize,76.47,D,565.94,14021.89
2025-02-10,Supramax,76.47,B,827.17,27325.59
2025-02-10,Panamax,76.47,D,1194.77,49336.59
2025-02-10,Capesize,76.47,C,2196.62,108848.14
2025-02-11,Handysize,76.85,B,537.46,13382.43
2025-02-11,Supramax,76.85,B,782.72,25985.68
2025-02-11,Panamax,76.85,D,1103.6,45798.3
2025-02-11,Capesize,76.85,A,2131.07,106124.73
2025-02-12,Handysize,77.91,A,526.45,13289.09
2025-02-12,Supramax,77.91,C,799.49,26908.53
2025-02-12,Panamax,77.91,B,1179.59,49627.0
2025-02-12,Capesize,77.91,C,2032.57,102615.68
2025-02-13,Handysize,76.63,C,532.44,13219.48
2025-02-13,Supramax,76.63,B,789.36,26131.1
2025-02-13,Panamax,76.63,C,1172.33,48511.25
2025-02-13,Capesize,76.63,B,2026.04,100605.53
2025-02-14,Handysize,75.82,B,543.97,13362.99
2025-02-14,Supramax,75.82,A,788.91,25840.15
2025-02-14,Panamax,75.82,D,1199.86,49125.63
2025-02-14,Capesize,75.82,B,2166.16,106426.39
2025-02-17,Handysize,78.35,C,529.45,13440.3
2025-02-17,Supramax,78.35,C,818.72,27711.38
2025-02-17,Panamax,78.35,D,1102.63,46651.17
2025-02-17,Capesize,78.35,C,2168.08,110075.16
2025-02-18,Handysize,77.37,C,559.61,14028.24
2025-02-18,Supramax,77.37,C,816.97,27306.27
2025-02-18,Panamax,77.37,D,1151.38,48104.43
2025-02-18,Capesize,77.37,C,2175.14,109052.3
2025-02-19,Handysize,77.35,B,536.47,13444.69
2025-02-19,Supramax,77.35,C,825.52,27584.92
2025-02-19,Panamax,77.35,B,1158.11,48373.1
2025-02-19,Capesize,77.35,A,2099.38,105226.8
2025-02-20,Handysize,77.18,B,570.52,14266.61
2025-02-20,Supramax,77.18,C,792.13,26411.01
2025-02-20,Panamax,77.18,D,1113.67,46414.65
2025-02-20,Capesize,77.18,D,2049.54,102502.91
2025-02-21,Handysize,80.08,C,573.0,14867.01
2025-02-21,Supramax,80.08,C,850.24,29413.68
2025-02-21,Panamax,80.08,B,1114.95,48214.01
2025-02-21,Capesize,80.08,B,2174.98,112863.71
2025-02-24,Handysize,81.45,A,543.0,14329.66
2025-02-24,Supramax,81.45,C,841.54,29610.76
2025-02-24,Panamax,81.45,A,1198.04,52693.39
2025-02-24,Capesize,81.45,D,2195.72,115889.22
2025-02-25,Handysize,84.19,D,564.3,15392.73
2025-02-25,Supramax,84.19,B,782.57,28462.13
2025-02-25,Panamax,84.19,C,1202.38,54663.32
2025-02-25,Capesize,84.19,C,2010.77,109697.8
2025-02-26,Handysize,84.26,D,571.49,15601.81
2025-02-26,Supramax,84.26,C,832.0,30285.07
2025-02-26,Panamax,84.26,A,1136.55,51713.48
2025-02-26,Capesize,84.26,D,2178.03,118921.48
2025-02-27,Handysize,83.07,D,546.98,14721.79
2025-02-27,Supramax,83.07,B,787.6,28264.0
2025-02-27,Panamax,83.07,B,1100.37,49360.18
2025-02-27,Capesize,83.07,A,2147.71,115609.85
2025-02-28,Handysize,82.84,B,539.96,14492.61
2025-02-28,Supramax,82.84,A,839.11,30029.13
2025-02-28,Panamax,82.84,D,1123.93,50277.44
2025-02-28,Capesize,82.84,A,2030.03,108972.66
2025-03-03,Handysize,82.0,B,552.58,14680.95
2025-03-03,Supramax,82.0,C,787.0,27878.69
2025-03-03,Panamax,82.0,B,1206.68,53431.79
2025-03-03,Capesize,82.0,A,2204.99,117164.35
2025-03-04,Handysize,84.16,D,565.87,15430.05
2025-03-04,Supramax,84.16,D,803.07,29197.31
2025-03-04,Panamax,84.16,C,1154.43,52464.69
2025-03-04,Capesize,84.16,C,2000.95,109123.17
2025-03-05,Handysize,86.21,C,548.82,15329.66
2025-03-05,Supramax,86.21,C,835.13,31102.51
2025-03-05,Panamax,86.21,C,1120.11,52144.93
2025-03-05,Capesize,86.21,C,2012.5,112426.46
2025-03-06,Handysize,84.96,C,540.09,14867.08
2025-03-06,Supramax,84.96,D,786.88,28880.64
2025-03-06,Panamax,84.96,C,1203.5,55214.65
2025-03-06,Capesize,84.96,C,1997.07,109946.85
2025-03-07,Handysize,86.63,D,526.62,14781.23
2025-03-07,Supramax,86.63,C,837.87,31356.58
2025-03-07,Panamax,86.63,C,1171.3,54793.65
2025-03-07,Capesize,86.63,C,2010.65,112870.33
2025-03-10,Handysize,85.45,A,554.99,15365.34
2025-03-10,Supramax,85.45,D,832.84,30743.79
2025-03-10,Panamax,85.45,E,1161.11,53577.1
2025-03-10,Capesize,85.45,C,2137.0,118329.11
2025-03-11,Handysize,85.98,A,561.91,15653.42
2025-03-11,Supramax,85.98,D,839.19,31170.34
2025-03-11,Panamax,85.98,B,1177.16,54654.6
2025-03-11,Capesize,85.98,A,2156.41,120144.47
2025-03-12,Handysize,85.33,C,567.23,15682.16
2025-03-12,Supramax,85.33,C,822.79,30330.15
2025-03-12,Panamax,85.33,C,1171.09,53961.72
2025-03-12,Capesize,85.33,B,2120.49,117250.03
2025-03-13,Handysize,85.23,C,574.0,15850.73
2025-03-13,Supramax,85.23,B,833.41,30685.62
2025-03-13,Panamax,85.23,D,1092.67,50289.26
2025-03-13,Capesize,85.23,B,2032.51,112253.58
2025-03-14,Handysize,84.99,B,541.68,14916.11
2025-03-14,Supramax,84.99,D,809.27,29712.9
2025-03-14,Panamax,84.99,D,1110.7,50975.13
2025-03-14,Capesize,84.99,A,2094.57,115355.34
2025-03-17,Handysize,85.0,B,576.86,15886.72
2025-03-17,Supramax,85.0,B,813.26,29862.91
2025-03-17,Panamax,85.0,C,1096.9,50347.71
2025-03-17,Capesize,85.0,B,2141.46,117951.62
2025-03-18,Handysize,84.27,D,568.41,15519.57
2025-03-18,Supramax,84.27,B,816.45,29722.57
2025-03-18,Panamax,84.27,B,1134.52,51627.24
2025-03-18,Capesize,84.27,C,2186.0,119370.81
2025-03-19,Handysize,84.73,C,545.17,14966.29
2025-03-19,Supramax,84.73,C,857.34,31381.52
2025-03-19,Panamax,84.73,B,1168.15,53447.77
2025-03-19,Capesize,84.73,B,2183.79,119901.08
2025-03-20,Handysize,86.85,C,538.49,15152.79
2025-03-20,Supramax,86.85,B,831.65,31202.84
2025-03-20,Panamax,86.85,B,1131.91,53085.45
2025-03-20,Capesize,86.85,B,2196.26,123602.88
2025-03-21,Handysize,88.23,A,573.83,16403.8
2025-03-21,Supramax,88.23,C,789.18,30079.88
2025-03-21,Panamax,88.23,E,1184.24,56422.17
2025-03-21,Capesize,88.23,D,2145.96,122691.06
2025-03-24,Handysize,88.15,A,524.97,14993.46
2025-03-24,Supramax,88.15,B,818.43,31166.47
2025-03-24,Panamax,88.15,C,1176.58,56006.38
2025-03-24,Capesize,88.15,C,2168.66,123876.46
2025-03-25,Handysize,89.19,C,530.5,15330.16
2025-03-25,Supramax,89.19,A,842.2,32450.03
2025-03-25,Panamax,89.19,B,1172.63,56476.91
2025-03-25,Capesize,89.19,A,2184.85,126273.67
2025-03-26,Handysize,88.79,D,562.96,16195.21
2025-03-26,Supramax,88.79,C,796.68,30558.48
2025-03-26,Panamax,88.79,C,1093.54,52431.52
2025-03-26,Capesize,88.79,D,1999.95,115068.96
2025-03-27,Handysize,89.48,C,542.09,15716.01
2025-03-27,Supramax,89.48,D,838.26,32403.24
2025-03-27,Panamax,89.48,C,1200.48,58006.23
2025-03-27,Capesize,89.48,C,2024.32,117376.23
2025-03-28,Handysize,91.92,B,530.38,15795.82
2025-03-28,Supramax,91.92,D,819.82,32554.59
2025-03-28,Panamax,91.92,B,1112.39,55215.48
2025-03-28,Capesize,91.92,C,2006.41,119510.13
2025-03-31,Handysize,91.04,C,524.86,15481.77
2025-03-31,Supramax,91.04,B,803.76,31611.3
2025-03-31,Panamax,91.04,C,1122.63,55190.29
2025-03-31,Capesize,91.04,C,2141.97,126363.21
2025-04-01,Handysize,92.06,D,560.09,16706.05
2025-04-01,Supramax,92.06,D,859.74,34191.79
2025-04-01,Panamax,92.06,D,1174.55,58389.7
2025-04-01,Capesize,92.06,D,2139.01,127602.38
2025-04-02,Handysize,91.3,C,543.98,16091.58
2025-04-02,Supramax,91.3,D,854.21,33691.41
2025-04-02,Panamax,91.3,C,1200.66,59194.94
2025-04-02,Capesize,91.3,B,2031.94,120214.45
2025-04-03,Handysize,93.02,E,557.22,16793.76
2025-04-03,Supramax,93.02,C,853.41,34293.97
2025-04-03,Panamax,93.02,C,1142.56,57391.7
2025-04-03,Capesize,93.02,B,2078.83,125305.55
2025-04-04,Handysize,92.77,A,575.89,17309.8
2025-04-04,Supramax,92.77,D,782.95,31378.01
2025-04-04,Panamax,92.77,D,1129.19,56567.68
2025-04-04,Capesize,92.77,A,2071.47,124526.34
2025-04-07,Handysize,90.12,B,542.37,15836.6
2025-04-07,Supramax,90.12,A,823.55,32062.32
2025-04-07,Panamax,90.12,A,1154.57,56186.92
2025-04-07,Capesize,90.12,C,2060.94,120354.28
2025-04-08,Handysize,88.63,D,550.96,15821.43
2025-04-08,Supramax,88.63,C,835.73,31998.56
2025-04-08,Panamax,88.63,C,1145.13,54806.15
2025-04-08,Capesize,88.63,A,2041.93,117272.61
2025-04-09,Handysize,89.8,C,541.1,15743.41
2025-04-09,Supramax,89.8,B,807.5,31325.83
2025-04-09,Panamax,89.8,C,1093.67,53034.25
2025-04-09,Capesize,89.8,D,2061.48,119958.35
2025-04-10,Handysize,88.74,C,542.56,15599.55
2025-04-10,Supramax,88.74,B,836.06,32050.93
2025-04-10,Panamax,88.74,C,1181.82,56632.34
2025-04-10,Capesize,88.74,D,2129.46,122451.45
2025-04-11,Handysize,89.19,B,551.1,15925.45
2025-04-11,Supramax,89.19,D,822.56,31693.3
2025-04-11,Panamax,89.19,C,1140.41,54925.11
2025-04-11,Capesize,89.19,D,2010.77,116212.69
2025-04-14,Handysize,87.67,C,561.5,15949.45
2025-04-14,Supramax,87.67,C,814.16,30835.04
2025-04-14,Panamax,87.67,C,1111.35,52613.31
2025-04-14,Capesize,87.67,B,2190.24,124427.88
2025-04-15,Handysize,89.59,A,540.93,15701.66
2025-04-15,Supramax,89.59,B,812.31,31438.74
2025-04-15,Panamax,89.59,A,1151.46,55706.02
2025-04-15,Capesize,89.59,B,2134.04,123890.24
2025-04-16,Handysize,87.97,B,575.72,16409.33
2025-04-16,Supramax,87.97,B,858.33,32619.15
2025-04-16,Panamax,87.97,B,1108.35,52650.84
2025-04-16,Capesize,87.97,C,2139.21,121944.72
2025-04-17,Handysize,89.63,C,562.02,16321.13
2025-04-17,Supramax,89.63,C,840.14,32530.36
2025-04-17,Panamax,89.63,C,1100.82,53279.91
2025-04-17,Capesize,89.63,A,2095.76,121722.24
2025-04-18,Handysize,89.1,C,522.77,15091.53
2025-04-18,Supramax,89.1,C,786.48,30272.56
2025-04-18,Panamax,89.1,C,1131.11,54422.23
2025-04-18,Capesize,89.1,C,2014.13,116289.42
2025-04-21,Handysize,88.29,B,536.32,15341.95
2025-04-21,Supramax,88.29,B,855.74,32639.02
2025-04-21,Panamax,88.29,C,1174.4,55991.4
2025-04-21,Capesize,88.29,D,2078.76,118929.85
2025-04-22,Handysize,88.84,C,540.69,15563.31
2025-04-22,Supramax,88.84,B,832.11,31935.45
2025-04-22,Panamax,88.84,D,1170.61,56158.38
2025-04-22,Capesize,88.84,C,2027.47,116718.04
2025-04-23,Handysize,89.06,B,552.69,15948.11
2025-04-23,Supramax,89.06,C,841.78,32386.58
2025-04-23,Panamax,89.06,A,1178.42,56673.05
2025-04-23,Capesize,89.06,C,2068.61,119381.3
2025-04-24,Handysize,89.78,D,568.69,16542.46
2025-04-24,Supramax,89.78,C,795.84,30866.62
2025-04-24,Panamax,89.78,D,1175.31,56980.44
2025-04-24,Capesize,89.78,C,2100.79,122218.58
2025-04-25,Handysize,89.85,C,573.24,16687.82
2025-04-25,Supramax,89.85,B,850.31,33004.95
2025-04-25,Panamax,89.85,A,1149.04,55750.27
2025-04-25,Capesize,89.85,C,2096.87,122085.64
2025-04-28,Handysize,90.04,B,574.76,16767.45
2025-04-28,Supramax,90.04,A,830.71,32312.36
2025-04-28,Panamax,90.04,B,1172.45,57006.39
2025-04-28,Capesize,90.04,C,2127.73,124144.36
2025-04-29,Handysize,90.21,B,555.19,16227.12
2025-04-29,Supramax,90.21,A,852.14,33208.51
2025-04-29,Panamax,90.21,B,1163.05,56656.12
2025-04-29,Capesize,90.21,D,2101.66,122854.81
2025-04-30,Handysize,90.89,B,549.34,16177.16
2025-04-30,Supramax,90.89,A,799.1,31376.25
2025-04-30,Panamax,90.89,D,1130.47,55484.15
2025-04-30,Capesize,90.89,B,2050.65,120776.56
2025-05-01,Handysize,90.9,C,534.26,15734.81
2025-05-01,Supramax,90.9,B,799.33,31388.73
2025-05-01,Panamax,90.9,B,1129.54,55444.6
2025-05-01,Capesize,90.9,D,2055.92,121100.27
2025-05-02,Handysize,92.49,A,561.36,16822.14
2025-05-02,Supramax,92.49,C,857.69,34269.59
2025-05-02,Panamax,92.49,B,1139.21,56897.39
2025-05-02,Capesize,92.49,C,2049.55,122836.75
2025-05-05,Handysize,92.77,D,537.86,16166.72
2025-05-05,Supramax,92.77,A,809.99,32461.68
2025-05-05,Panamax,92.77,B,1163.15,58268.93
2025-05-05,Capesize,92.77,B,2037.88,122507.07
2025-05-06,Handysize,93.55,E,523.55,15868.91
2025-05-06,Supramax,93.55,C,826.99,33421.64
2025-05-06,Panamax,93.55,B,1113.48,56249.67
2025-05-06,Capesize,93.55,B,2076.24,125862.5
2025-05-07,Handysize,92.62,C,572.63,17183.98
2025-05-07,Supramax,92.62,C,841.42,33666.76
2025-05-07,Panamax,92.62,B,1204.79,60257.33
2025-05-07,Capesize,92.62,B,2094.34,125697.6
2025-05-08,Handysize,93.96,B,559.17,17022.83
2025-05-08,Supramax,93.96,A,809.5,32858.19
2025-05-08,Panamax,93.96,B,1109.38,56288.17
2025-05-08,Capesize,93.96,B,2081.06,126707.59
2025-05-09,Handysize,96.25,B,546.99,17057.88
2025-05-09,Supramax,96.25,D,845.35,35149.65
2025-05-09,Panamax,96.25,B,1191.32,61918.86
2025-05-09,Capesize,96.25,A,2085.38,130065.15
2025-05-12,Handysize,96.73,C,522.98,16390.47
2025-05-12,Supramax,96.73,C,816.27,34109.77
2025-05-12,Panamax,96.73,A,1189.11,62112.21
2025-05-12,Capesize,96.73,A,2053.34,128705.49
2025-05-13,Handysize,98.23,A,540.52,17202.87
2025-05-13,Supramax,98.23,A,787.63,33423.36
2025-05-13,Panamax,98.23,C,1155.18,61275.6
2025-05-13,Capesize,98.23,B,1997.74,127162.22
2025-05-14,Handysize,97.59,B,559.3,17684.6
2025-05-14,Supramax,97.59,C,785.51,33116.22
2025-05-14,Panamax,97.59,C,1169.37,61624.16
2025-05-14,Capesize,97.59,B,2025.33,128078.47
2025-05-15,Handysize,98.46,C,564.8,18017.71
2025-05-15,Supramax,98.46,B,830.6,35329.34
2025-05-15,Panamax,98.46,C,1205.7,64105.14
2025-05-15,Capesize,98.46,B,2039.09,130098.18
2025-05-16,Handysize,98.54,C,531.76,16977.48
2025-05-16,Supramax,98.54,C,827.88,35242.26
2025-05-16,Panamax,98.54,A,1132.89,60282.89
2025-05-16,Capesize,98.54,C,2079.15,132761.88
2025-05-19,Handysize,99.23,C,545.95,17552.58
2025-05-19,Supramax,99.23,A,800.15,34300.32
2025-05-19,Panamax,99.23,C,1154.31,61852.78
2025-05-19,Capesize,99.23,B,2146.07,137994.53
2025-05-20,Handysize,101.54,B,558.17,18363.21
2025-05-20,Supramax,101.54,B,811.2,35583.52
2025-05-20,Panamax,101.54,C,1102.46,60449.65
2025-05-20,Capesize,101.54,B,2099.81,138163.13
2025-05-21,Handysize,101.6,B,533.85,17573.49
2025-05-21,Supramax,101.6,B,831.67,36502.99
2025-05-21,Panamax,101.6,C,1134.08,62220.17
2025-05-21,Capesize,101.6,B,2183.36,143745.44
2025-05-22,Handysize,101.32,A,538.77,17686.57
2025-05-22,Supramax,101.32,B,800.51,35038.51
2025-05-22,Panamax,101.32,B,1103.81,60392.54
2025-05-22,Capesize,101.32,C,2058.26,135135.8
2025-05-23,Handysize,102.31,C,527.42,17483.15
2025-05-23,Supramax,102.31,B,809.15,35762.75
2025-05-23,Panamax,102.31,D,1196.71,66115.12
2025-05-23,Capesize,102.31,E,2121.79,140668.06
2025-05-26,Handysize,102.03,C,522.72,17279.93
2025-05-26,Supramax,102.03,B,792.34,34923.94
2025-05-26,Panamax,102.03,C,1159.27,63871.37
2025-05-26,Capesize,102.03,B,2032.25,134363.1
2025-05-27,Handysize,102.74,B,530.36,17654.5
2025-05-27,Supramax,102.74,B,810.89,35990.28
2025-05-27,Panamax,102.74,C,1187.54,65884.24
2025-05-27,Capesize,102.74,B,2020.18,134494.53
2025-05-28,Handysize,100.93,C,544.21,17796.39
2025-05-28,Supramax,100.93,B,834.16,36370.84
2025-05-28,Panamax,100.93,B,1137.8,62012.6
2025-05-28,Capesize,100.93,E,2106.42,137765.43
2025-05-29,Handysize,99.21,D,572.67,18407.93
2025-05-29,Supramax,99.21,A,811.0,34758.42
2025-05-29,Panamax,99.21,C,1177.26,63069.82
2025-05-29,Capesize,99.21,B,2043.94,131400.98
2025-05-30,Handysize,100.38,A,563.92,18340.44
2025-05-30,Supramax,100.38,C,808.32,35052.12
2025-05-30,Panamax,100.38,B,1160.74,62918.14
2025-05-30,Capesize,100.38,C,2161.83,140618.91
2025-06-02,Handysize,97.58,A,529.82,16750.75
2025-06-02,Supramax,97.58,A,842.05,35496.25
2025-06-02,Panamax,97.58,C,1106.44,58301.86
2025-06-02,Capesize,97.58,D,2140.24,135331.31
2025-06-03,Handysize,99.05,B,533.33,17115.73
2025-06-03,Supramax,99.05,B,841.36,36001.46
2025-06-03,Panamax,99.05,B,1185.45,63406.16
2025-06-03,Capesize,99.05,A,2041.73,131047.22
2025-06-04,Handysize,96.45,D,540.59,16893.33
2025-06-04,Supramax,96.45,C,791.15,32964.37
2025-06-04,Panamax,96.45,D,1158.74,60350.66
2025-06-04,Capesize,96.45,D,2055.19,128448.55
2025-06-05,Handysize,98.41,B,542.06,17283.5
2025-06-05,Supramax,98.41,E,799.42,33985.84
2025-06-05,Panamax,98.41,B,1174.36,62407.13
2025-06-05,Capesize,98.41,B,2179.31,138973.9
2025-06-06,Handysize,98.91,B,572.14,18335.28
2025-06-06,Supramax,98.91,B,810.27,34622.12
2025-06-06,Panamax,98.91,B,1203.94,64304.12
2025-06-06,Capesize,98.91,C,2160.69,138486.57
2025-06-09,Handysize,98.82,C,537.99,17225.19
2025-06-09,Supramax,98.82,C,808.84,34529.57
2025-06-09,Panamax,98.82,B,1134.73,60552.37
2025-06-09,Capesize,98.82,C,2052.02,131401.84
2025-06-10,Handysize,97.32,B,524.29,16531.74
2025-06-10,Supramax,97.32,C,849.02,35694.7
2025-06-10,Panamax,97.32,C,1119.7,58843.37
2025-06-10,Capesize,97.32,D,2124.73,133992.61
2025-06-11,Handysize,97.48,A,528.55,16693.47
2025-06-11,Supramax,97.48,C,783.28,32984.99
2025-06-11,Panamax,97.48,B,1126.63,59304.9
2025-06-11,Capesize,97.48,C,2044.51,129145.64
2025-06-12,Handysize,97.7,A,565.53,17901.74
2025-06-12,Supramax,97.7,A,825.06,34822.81
2025-06-12,Panamax,97.7,C,1144.44,60378.37
2025-06-12,Capesize,97.7,C,2055.28,130118.95
2025-06-13,Handysize,96.81,B,523.23,16411.86
2025-06-13,Supramax,96.81,B,805.99,33708.05
2025-06-13,Panamax,96.81,C,1131.18,59135.15
2025-06-13,Capesize,96.81,D,2106.41,132141.17
2025-06-16,Handysize,98.08,E,526.36,16726.63
2025-06-16,Supramax,98.08,B,821.32,34799.79
2025-06-16,Panamax,98.08,B,1158.96,61382.23
2025-06-16,Capesize,98.08,D,2193.44,139405.92
2025-06-17,Handysize,98.81,D,571.37,18292.09
2025-06-17,Supramax,98.81,B,856.19,36547.26
2025-06-17,Panamax,98.81,D,1167.63,62301.7
2025-06-17,Capesize,98.81,B,2135.6,136740.08
2025-06-18,Handysize,97.84,A,535.99,16990.97
2025-06-18,Supramax,97.84,C,788.62,33332.51
2025-06-18,Panamax,97.84,B,1146.53,60575.31
2025-06-18,Capesize,97.84,C,2189.56,138818.8
2025-06-19,Handysize,96.99,B,546.98,17188.72
2025-06-19,Supramax,96.99,C,853.84,35775.62
2025-06-19,Panamax,96.99,B,1197.39,62712.82
2025-06-19,Capesize,96.99,C,2041.66,128317.35
2025-06-20,Handysize,94.04,A,576.46,17564.14
2025-06-20,Supramax,94.04,C,821.46,33372.04
2025-06-20,Panamax,94.04,C,1157.76,58792.91
2025-06-20,Capesize,94.04,C,2113.09,128767.31
2025-06-23,Handysize,95.05,D,556.33,17132.85
2025-06-23,Supramax,95.05,B,797.77,32757.71
2025-06-23,Panamax,95.05,D,1150.97,59075.84
2025-06-23,Capesize,95.05,B,2021.03,124480.09
2025-06-24,Handysize,94.79,B,536.48,16476.35
2025-06-24,Supramax,94.79,B,821.41,33636.15
2025-06-24,Panamax,94.79,D,1103.23,56470.59
2025-06-24,Capesize,94.79,C,2168.44,133194.09
2025-06-25,Handysize,94.11,C,567.97,17318.34
2025-06-25,Supramax,94.11,B,829.14,33709.12
2025-06-25,Panamax,94.11,B,1133.55,57606.33
2025-06-25,Capesize,94.11,A,2007.21,122406.25
2025-06-26,Handysize,94.47,C,560.93,17169.1
2025-06-26,Supramax,94.47,C,837.87,34194.35
2025-06-26,Panamax,94.47,C,1147.75,58551.09
2025-06-26,Capesize,94.47,B,2130.32,130410.86
2025-06-27,Handysize,97.53,D,562.05,17760.62
2025-06-27,Supramax,97.53,B,796.67,33566.07
2025-06-27,Panamax,97.53,D,1207.03,63569.68
2025-06-27,Capesize,97.53,B,2112.58,133513.87
2025-06-30,Handysize,99.16,B,525.2,16873.54
2025-06-30,Supramax,99.16,B,825.5,35362.04
2025-06-30,Panamax,99.16,A,1179.55,63160.66
2025-06-30,Capesize,99.16,B,2191.46,140813.75
2025-07-01,Handysize,98.03,D,567.35,18020.01
2025-07-01,Supramax,98.03,B,815.6,34539.81
2025-07-01,Panamax,98.03,B,1199.51,63497.5
2025-07-01,Capesize,98.03,C,2165.23,137542.86
2025-07-02,Handysize,97.46,C,555.07,17527.47
2025-07-02,Supramax,97.46,B,797.18,33563.45
2025-07-02,Panamax,97.46,C,1147.95,60414.77
2025-07-02,Capesize,97.46,C,2129.26,134471.46
2025-07-03,Handysize,98.2,A,530.64,16883.27
2025-07-03,Supramax,98.2,B,858.15,36404.78
2025-07-03,Panamax,98.2,E,1100.25,58344.06
2025-07-03,Capesize,98.2,C,2136.05,135924.55
2025-07-04,Handysize,99.12,A,577.13,18534.46
2025-07-04,Supramax,99.12,A,858.88,36777.1
2025-07-04,Panamax,99.12,B,1200.59,64261.34
2025-07-04,Capesize,99.12,B,2193.94,140916.24
2025-07-07,Handysize,99.72,B,562.22,18164.92
2025-07-07,Supramax,99.72,D,782.69,33717.53
2025-07-07,Panamax,99.72,A,1159.15,62418.84
2025-07-07,Capesize,99.72,E,2164.72,139881.09
2025-07-08,Handysize,99.79,D,530.64,17156.63
2025-07-08,Supramax,99.79,D,785.57,33865.36
2025-07-08,Panamax,99.79,B,1127.19,60740.44
2025-07-08,Capesize,99.79,C,2187.13,141428.4
2025-07-09,Handysize,98.69,C,533.71,17065.68
2025-07-09,Supramax,98.69,B,813.95,34702.01
2025-07-09,Panamax,98.69,B,1164.49,62058.7
2025-07-09,Capesize,98.69,B,2144.3,137130.39
2025-07-10,Handysize,98.62,E,559.04,17862.94
2025-07-10,Supramax,98.62,B,849.39,36187.28
2025-07-10,Panamax,98.62,C,1124.46,59882.89
2025-07-10,Capesize,98.62,D,2035.85,130102.54
2025-07-11,Handysize,100.83,C,531.22,17354.38
2025-07-11,Supramax,100.83,E,810.55,35306.39
2025-07-11,Panamax,100.83,C,1165.45,63456.65
2025-07-11,Capesize,100.83,A,2113.52,138092.83
2025-07-14,Handysize,102.07,B,533.6,17646.51
2025-07-14,Supramax,102.07,E,823.53,36312.93
2025-07-14,Panamax,102.07,B,1135.4,62580.75
2025-07-14,Capesize,102.07,B,2158.9,142792.58
2025-07-15,Handysize,101.6,B,575.5,18944.54
2025-07-15,Supramax,101.6,A,785.26,34466.0
2025-07-15,Panamax,101.6,B,1129.12,61948.04
2025-07-15,Capesize,101.6,A,2008.0,132200.29
2025-07-16,Handysize,103.93,B,576.7,19419.4
2025-07-16,Supramax,103.93,C,840.94,37756.32
2025-07-16,Panamax,103.93,C,1193.99,67009.35
2025-07-16,Capesize,103.93,B,2004.07,134967.38
2025-07-17,Handysize,104.84,C,537.56,18259.92
2025-07-17,Supramax,104.84,B,789.25,35745.83
2025-07-17,Panamax,104.84,B,1179.49,66775.18
2025-07-17,Capesize,104.84,B,2081.23,141391.11
2025-07-18,Handysize,105.79,C,546.54,18733.18
2025-07-18,Supramax,105.79,C,845.54,38642.26
2025-07-18,Panamax,105.79,D,1189.61,67958.37
2025-07-18,Capesize,105.79,B,2081.52,142692.19
2025-07-21,Handysize,106.27,B,566.66,19510.94
2025-07-21,Supramax,106.27,C,844.33,38762.04
2025-07-21,Panamax,106.27,A,1097.57,62984.93
2025-07-21,Capesize,106.27,A,2135.11,147029.99
2025-07-22,Handysize,107.1,B,577.15,20027.34
2025-07-22,Supramax,107.1,C,839.89,38859.36
2025-07-22,Panamax,107.1,B,1113.86,64418.98
2025-07-22,Capesize,107.1,C,2144.78,148849.45
2025-07-23,Handysize,104.72,B,528.85,17943.5
2025-07-23,Supramax,104.72,A,856.43,38744.07
2025-07-23,Panamax,104.72,C,1126.0,63673.95
2025-07-23,Capesize,104.72,B,2179.12,147871.95
2025-07-24,Handysize,105.93,B,525.01,18019.04
2025-07-24,Supramax,105.93,B,781.02,35740.85
2025-07-24,Panamax,105.93,D,1097.18,62761.11
2025-07-24,Capesize,105.93,E,2194.7,150650.0
2025-07-25,Handysize,104.67,C,524.46,17786.05
2025-07-25,Supramax,104.67,C,785.84,35533.67
2025-07-25,Panamax,104.67,D,1124.69,63569.5
2025-07-25,Capesize,104.67,B,2123.2,144008.5
2025-07-28,Handysize,106.72,E,567.68,19628.83
2025-07-28,Supramax,106.72,B,841.38,38790.18
2025-07-28,Panamax,106.72,D,1119.28,64502.76
2025-07-28,Capesize,106.72,C,2067.81,142998.49
2025-07-29,Handysize,107.21,B,568.93,19762.38
2025-07-29,Supramax,107.21,B,794.02,36774.81
2025-07-29,Panamax,107.21,B,1160.01,67156.92
2025-07-29,Capesize,107.21,B,2097.79,145737.83
2025-07-30,Handysize,109.93,B,545.83,19441.0
2025-07-30,Supramax,109.93,C,831.87,39505.31
2025-07-30,Panamax,109.93,E,1154.15,68512.88
2025-07-30,Capesize,109.93,B,2097.19,149392.57
2025-07-31,Handysize,113.26,B,540.48,19833.58
2025-07-31,Supramax,113.26,C,819.28,40085.99
2025-07-31,Panamax,113.26,D,1150.59,70370.54
2025-07-31,Capesize,113.26,D,2041.38,149821.94
2025-08-01,Handysize,113.41,E,552.52,20302.26
2025-08-01,Supramax,113.41,B,844.9,41394.29
2025-08-01,Panamax,113.41,A,1124.97,68894.74
2025-08-01,Capesize,113.41,B,2070.89,152189.04
2025-08-04,Handysize,112.39,D,529.27,19273.03
2025-08-04,Supramax,112.39,B,808.61,39260.02
2025-08-04,Panamax,112.39,C,1199.94,72825.08
2025-08-04,Capesize,112.39,D,2012.75,146586.01
2025-08-05,Handysize,112.8,C,553.72,20236.92
2025-08-05,Supramax,112.8,B,814.58,39694.16
2025-08-05,Panamax,112.8,C,1165.99,71022.78
2025-08-05,Capesize,112.8,C,2025.78,148073.17
2025-08-06,Handysize,110.71,C,523.84,18790.16
2025-08-06,Supramax,110.71,D,838.39,40097.44
2025-08-06,Panamax,110.71,C,1190.25,71157.19
2025-08-06,Capesize,110.71,B,2092.32,150103.2
2025-08-07,Handysize,109.81,C,539.45,19192.79
2025-08-07,Supramax,109.81,D,814.08,38618.26
2025-08-07,Panamax,109.81,A,1194.72,70843.79
2025-08-07,Capesize,109.81,B,2038.37,145044.05
2025-08-08,Handysize,106.86,C,535.98,18557.04
2025-08-08,Supramax,106.86,B,845.34,39023.87
2025-08-08,Panamax,106.86,C,1113.01,64225.57
2025-08-08,Capesize,106.86,D,2150.91,148940.37
2025-08-11,Handysize,106.09,D,542.99,18664.28
2025-08-11,Supramax,106.09,C,781.19,35802.63
2025-08-11,Panamax,106.09,C,1194.59,68436.39
2025-08-11,Capesize,106.09,B,2087.93,143537.5
2025-08-12,Handysize,103.92,B,534.96,18012.15
2025-08-12,Supramax,103.92,C,826.97,37125.53
2025-08-12,Panamax,103.92,C,1113.47,62484.37
2025-08-12,Capesize,103.92,D,2063.31,138943.63
2025-08-13,Handysize,104.1,C,557.61,18807.29
2025-08-13,Supramax,104.1,A,781.87,35161.63
2025-08-13,Panamax,104.1,B,1165.18,65499.43
2025-08-13,Capesize,104.1,C,2018.48,136160.2
2025-08-14,Handysize,105.3,B,545.81,18621.51
2025-08-14,Supramax,105.3,C,858.79,39066.01
2025-08-14,Panamax,105.3,B,1121.59,63775.85
2025-08-14,Capesize,105.3,D,2171.06,148140.98
2025-08-15,Handysize,103.81,B,569.19,19144.39
2025-08-15,Supramax,103.81,A,795.89,35692.42
2025-08-15,Panamax,103.81,C,1196.77,67087.81
2025-08-15,Capesize,103.81,D,2084.21,140202.47
2025-08-18,Handysize,102.99,C,550.81,18379.85
2025-08-18,Supramax,102.99,B,799.85,35586.67
2025-08-18,Panamax,102.99,D,1151.69,64050.78
2025-08-18,Capesize,102.99,C,2016.89,134602.24
2025-08-19,Handysize,104.1,C,553.25,18660.24
2025-08-19,Supramax,104.1,A,812.74,36549.89
2025-08-19,Panamax,104.1,D,1190.51,66923.33
2025-08-19,Capesize,104.1,A,2078.67,140220.43
2025-08-20,Handysize,102.96,C,568.65,18969.62
2025-08-20,Supramax,102.96,B,850.76,37840.72
2025-08-20,Panamax,102.96,B,1201.4,66795.92
2025-08-20,Capesize,102.96,B,2189.6,146085.91
2025-08-21,Handysize,104.74,C,527.46,17899.76
2025-08-21,Supramax,104.74,C,801.63,36271.9
2025-08-21,Panamax,104.74,C,1102.07,62332.64
2025-08-21,Capesize,104.74,C,2101.93,142661.18
2025-08-22,Handysize,104.7,C,570.56,19354.99
2025-08-22,Supramax,104.7,A,847.28,38322.81
2025-08-22,Panamax,104.7,B,1106.0,62531.03
2025-08-22,Capesize,104.7,C,2002.5,135860.81
2025-08-25,Handysize,104.95,E,542.91,18461.0
2025-08-25,Supramax,104.95,D,828.3,37553.8
2025-08-25,Panamax,104.95,C,1124.63,63736.16
2025-08-25,Capesize,104.95,B,2196.85,149402.5
2025-08-26,Handysize,103.37,B,561.0,18788.94
2025-08-26,Supramax,103.37,C,805.2,35956.88
2025-08-26,Panamax,103.37,C,1121.65,62610.28
2025-08-26,Capesize,103.37,A,2012.32,134792.76
2025-08-27,Handysize,102.83,B,549.76,18316.31
2025-08-27,Supramax,102.83,A,834.34,37063.52
2025-08-27,Panamax,102.83,D,1104.38,61324.23
2025-08-27,Capesize,102.83,B,2151.36,143353.38
2025-08-28,Handysize,101.9,E,567.83,18747.25
2025-08-28,Supramax,101.9,B,844.25,37164.56
2025-08-28,Panamax,101.9,C,1108.5,60996.32
2025-08-28,Capesize,101.9,C,2158.17,142506.55
2025-08-29,Handysize,101.6,B,557.74,18359.91
2025-08-29,Supramax,101.6,A,842.62,36983.6
2025-08-29,Panamax,101.6,B,1136.61,62358.97
2025-08-29,Capesize,101.6,B,2198.04,144711.92
2025-09-01,Handysize,101.7,C,567.37,18695.3
2025-09-01,Supramax,101.7,C,854.22,37529.64
2025-09-01,Panamax,101.7,C,1176.39,64604.99
2025-09-01,Capesize,101.7,B,2059.55,135727.64
2025-09-02,Handysize,99.31,C,561.71,18073.83
2025-09-02,Supramax,99.31,E,816.3,35020.84
2025-09-02,Panamax,99.31,C,1163.58,62399.77
2025-09-02,Capesize,99.31,A,2159.52,138971.33
2025-09-03,Handysize,98.57,C,551.18,17602.86
2025-09-03,Supramax,98.57,B,836.85,35634.95
2025-09-03,Panamax,98.57,B,1192.23,63459.78
2025-09-03,Capesize,98.57,C,2106.38,134541.57
2025-09-04,Handysize,98.99,C,535.08,17161.49
2025-09-04,Supramax,98.99,B,788.48,33718.31
2025-09-04,Panamax,98.99,C,1103.18,58970.05
2025-09-04,Capesize,98.99,B,2004.07,128552.11
2025-09-05,Handysize,96.45,C,565.39,17668.32
2025-09-05,Supramax,96.45,C,845.18,35215.61
2025-09-05,Panamax,96.45,A,1131.24,58918.37
2025-09-05,Capesize,96.45,C,2155.8,134736.64
2025-09-08,Handysize,93.39,B,529.32,16016.36
2025-09-08,Supramax,93.39,E,793.86,32027.87
2025-09-08,Panamax,93.39,B,1189.27,59975.6
2025-09-08,Capesize,93.39,A,2174.35,131584.53
2025-09-09,Handysize,91.37,C,525.25,15549.44
2025-09-09,Supramax,91.37,C,842.88,33270.02
2025-09-09,Panamax,91.37,D,1129.8,55744.11
2025-09-09,Capesize,91.37,B,2027.84,120063.86
2025-09-10,Handysize,88.74,B,576.8,16584.02
2025-09-10,Supramax,88.74,A,815.15,31249.33
2025-09-10,Panamax,88.74,B,1173.31,56224.55
2025-09-10,Capesize,88.74,B,2190.34,125952.26
2025-09-11,Handysize,88.97,C,573.67,16536.77
2025-09-11,Supramax,88.97,C,809.93,31129.69
2025-09-11,Panamax,88.97,B,1159.05,55685.17
2025-09-11,Capesize,88.97,A,2134.81,123077.26
2025-09-12,Handysize,89.4,C,528.18,15299.05
2025-09-12,Supramax,89.4,D,792.7,30614.71
2025-09-12,Panamax,89.4,B,1172.57,56606.99
2025-09-12,Capesize,89.4,C,2170.87,125761.1
2025-09-15,Handysize,89.49,C,555.91,16118.48
2025-09-15,Supramax,89.49,D,779.34,30129.04
2025-09-15,Panamax,89.49,B,1128.79,54548.33
2025-09-15,Capesize,89.49,D,2062.83,119622.52
2025-09-16,Handysize,89.27,D,548.89,15875.81
2025-09-16,Supramax,89.27,B,784.37,30248.95
2025-09-16,Panamax,89.27,D,1177.97,56784.99
2025-09-16,Capesize,89.27,B,2129.7,123196.67
2025-09-17,Handysize,89.5,B,528.93,15337.91
2025-09-17,Supramax,89.5,D,827.26,31985.18
2025-09-17,Panamax,89.5,B,1102.55,53286.24
2025-09-17,Capesize,89.5,B,2093.4,121408.83
2025-09-18,Handysize,89.46,C,531.51,15405.84
2025-09-18,Supramax,89.46,C,843.81,32610.49
2025-09-18,Panamax,89.46,B,1104.35,53349.38
2025-09-18,Capesize,89.46,D,2152.1,124757.41
2025-09-19,Handysize,89.33,B,549.46,15902.98
2025-09-19,Supramax,89.33,B,846.6,32670.77
2025-09-19,Panamax,89.33,C,1196.78,57730.51
2025-09-19,Capesize,89.33,B,2067.48,119677.82
2025-09-22,Handysize,87.12,C,544.61,15372.64
2025-09-22,Supramax,87.12,A,782.46,29448.54
2025-09-22,Panamax,87.12,C,1113.95,52405.55
2025-09-22,Capesize,87.12,B,2161.21,122008.43
2025-09-23,Handysize,85.22,B,555.1,15327.02
2025-09-23,Supramax,85.22,B,827.55,30466.29
2025-09-23,Panamax,85.22,B,1156.13,53203.72
2025-09-23,Capesize,85.22,A,2013.45,111187.86
2025-09-24,Handysize,83.65,C,570.13,15452.01
2025-09-24,Supramax,83.65,B,790.28,28558.19
2025-09-24,Panamax,83.65,D,1163.49,52556.01
2025-09-24,Capesize,83.65,B,2094.57,113536.59
2025-09-25,Handysize,85.38,E,546.56,15119.55
2025-09-25,Supramax,85.38,B,857.42,31625.22
2025-09-25,Panamax,85.38,B,1106.34,51008.03
2025-09-25,Capesize,85.38,E,2075.53,114831.27
2025-09-26,Handysize,84.06,D,556.63,15160.06
2025-09-26,Supramax,84.06,C,854.22,31020.08
2025-09-26,Panamax,84.06,C,1207.08,54792.26
2025-09-26,Capesize,84.06,B,2204.15,120061.99
2025-09-29,Handysize,86.08,C,537.5,14990.83
2025-09-29,Supramax,86.08,B,795.0,29563.32
2025-09-29,Panamax,86.08,B,1183.13,54995.67
2025-09-29,Capesize,86.08,A,2049.17,114302.37
2025-09-30,Handysize,88.49,E,541.8,15533.82
2025-09-30,Supramax,88.49,C,831.38,31781.73
2025-09-30,Panamax,88.49,A,1172.12,56009.29
2025-09-30,Capesize,88.49,B,2043.9,117200.33
2025-10-01,Handysize,88.07,D,569.28,16244.22
2025-10-01,Supramax,88.07,D,812.71,30920.56
2025-10-01,Panamax,88.07,E,1158.48,55094.76
2025-10-01,Capesize,88.07,B,2151.44,122781.3
2025-10-02,Handysize,89.66,C,528.51,15353.13
2025-10-02,Supramax,89.66,C,818.22,31692.21
2025-10-02,Panamax,89.66,B,1172.57,56771.62
2025-10-02,Capesize,89.66,B,2160.57,125528.43
2025-10-03,Handysize,91.14,C,562.14,16599.63
2025-10-03,Supramax,91.14,D,842.51,33171.71
2025-10-03,Panamax,91.14,D,1156.84,56934.57
2025-10-03,Capesize,91.14,C,2178.99,128688.36
2025-10-06,Handysize,89.38,B,560.06,16218.84
2025-10-06,Supramax,89.38,A,854.41,32990.62
2025-10-06,Panamax,89.38,B,1108.99,53525.62
2025-10-06,Capesize,89.38,D,2160.01,125103.98
2025-10-07,Handysize,88.56,E,554.62,15913.96
2025-10-07,Supramax,88.56,D,787.37,30123.14
2025-10-07,Panamax,88.56,A,1206.38,57691.99
2025-10-07,Capesize,88.56,B,2090.54,119969.57
2025-10-08,Handysize,88.37,C,524.78,15025.44
2025-10-08,Supramax,88.37,A,839.32,32041.75
2025-10-08,Panamax,88.37,A,1130.99,53970.62
2025-10-08,Capesize,88.37,B,2186.76,125222.1
2025-10-09,Handysize,87.13,D,561.97,15864.48
2025-10-09,Supramax,87.13,E,794.06,29888.55
2025-10-09,Panamax,87.13,D,1110.06,52228.55
2025-10-09,Capesize,87.13,B,2099.66,118547.31
2025-10-10,Handysize,86.19,C,575.46,16070.04
2025-10-10,Supramax,86.19,B,825.35,30731.15
2025-10-10,Panamax,86.19,C,1199.84,55843.67
2025-10-10,Capesize,86.19,C,2094.63,116987.43
2025-10-13,Handysize,86.77,C,542.94,15263.93
2025-10-13,Supramax,86.77,C,824.48,30905.34
2025-10-13,Panamax,86.77,C,1191.61,55833.84
2025-10-13,Capesize,86.77,C,2178.38,122483.69
2025-10-14,Handysize,86.38,D,565.98,15840.15
2025-10-14,Supramax,86.38,C,826.67,30848.15
2025-10-14,Panamax,86.38,B,1144.36,53378.9
2025-10-14,Capesize,86.38,B,2141.0,119840.85
2025-10-15,Handysize,88.94,A,576.81,16621.68
2025-10-15,Supramax,88.94,A,802.38,30829.11
2025-10-15,Panamax,88.94,A,1163.28,55869.55
2025-10-15,Capesize,88.94,B,2157.08,124319.25
2025-10-16,Handysize,88.36,A,571.22,16353.25
2025-10-16,Supramax,88.36,C,819.51,31281.94
2025-10-16,Panamax,88.36,C,1170.09,55830.14
2025-10-16,Capesize,88.36,B,2203.78,126182.45
2025-10-17,Handysize,89.39,C,536.04,15524.98
2025-10-17,Supramax,89.39,B,816.12,31515.68
2025-10-17,Panamax,89.39,D,1184.96,57198.73
2025-10-17,Capesize,89.39,B,2148.83,124470.38
2025-10-20,Handysize,87.32,A,568.41,16081.27
2025-10-20,Supramax,87.32,C,854.86,32247.23
2025-10-20,Panamax,87.32,C,1202.86,56718.22
2025-10-20,Capesize,87.32,A,2054.45,116247.68
2025-10-21,Handysize,86.68,C,542.69,15241.08
2025-10-21,Supramax,86.68,C,857.73,32118.35
2025-10-21,Panamax,86.68,C,1118.56,52356.66
2025-10-21,Capesize,86.68,C,2169.44,121854.49
2025-10-22,Handysize,87.07,E,523.01,14754.47
2025-10-22,Supramax,87.07,C,800.55,30112.08
2025-10-22,Panamax,87.07,D,1155.08,54309.32
2025-10-22,Capesize,87.07,B,2068.08,116683.89
2025-10-23,Handysize,87.87,D,567.03,16143.28
2025-10-23,Supramax,87.87,D,808.96,30707.99
2025-10-23,Panamax,87.87,B,1117.07,53004.75
2025-10-23,Capesize,87.87,C,2082.61,118583.31
2025-10-24,Handysize,88.76,C,561.28,16141.42
2025-10-24,Supramax,88.76,D,852.7,32696.2
2025-10-24,Panamax,88.76,A,1133.24,54316.65
2025-10-24,Capesize,88.76,C,2119.33,121896.4
2025-10-27,Handysize,88.32,D,541.51,15495.68
2025-10-27,Supramax,88.32,D,810.71,30932.02
2025-10-27,Panamax,88.32,E,1146.39,54674.55
2025-10-27,Capesize,88.32,C,2173.89,124414.68
2025-10-28,Handysize,88.08,C,569.61,16255.48
2025-10-28,Supramax,88.08,C,804.28,30603.3
2025-10-28,Panamax,88.08,B,1185.76,56398.54
2025-10-28,Capesize,88.08,D,2171.06,123915.07
2025-10-29,Handysize,89.82,B,566.61,16489.3
2025-10-29,Supramax,89.82,C,813.42,31562.52
2025-10-29,Panamax,89.82,A,1189.92,57714.45
2025-10-29,Capesize,89.82,A,2201.19,128116.65
2025-10-30,Handysize,90.43,D,524.99,15381.85
2025-10-30,Supramax,90.43,C,808.14,31570.6
2025-10-30,Panamax,90.43,C,1183.67,57801.21
2025-10-30,Capesize,90.43,B,2025.84,118711.47
2025-10-31,Handysize,93.23,B,576.32,17408.62
2025-10-31,Supramax,93.23,C,818.75,32975.45
2025-10-31,Panamax,93.23,C,1161.72,58485.86
2025-10-31,Capesize,93.23,C,2182.98,131880.46
2025-11-03,Handysize,93.04,A,554.84,16725.63
2025-11-03,Supramax,93.04,B,856.8,34437.6
2025-11-03,Panamax,93.04,D,1115.24,56031.44
2025-11-03,Capesize,93.04,B,2043.02,123173.51
2025-11-04,Handysize,92.52,C,539.46,16171.11
2025-11-04,Supramax,92.52,C,780.6,31199.52
2025-11-04,Panamax,92.52,B,1116.57,55784.73
2025-11-04,Capesize,92.52,B,2141.72,128402.45
2025-11-05,Handysize,92.7,D,565.86,16995.49
2025-11-05,Supramax,92.7,D,788.64,31582.19
2025-11-05,Panamax,92.7,B,1120.76,56103.0
2025-11-05,Capesize,92.7,A,2150.08,129154.45
2025-11-06,Handysize,92.91,A,531.33,15994.54
2025-11-06,Supramax,92.91,B,819.39,32887.95
2025-11-06,Panamax,92.91,A,1194.67,59938.27
2025-11-06,Capesize,92.91,D,2161.98,130163.48
2025-11-07,Handysize,90.93,C,558.25,16446.78
2025-11-07,Supramax,90.93,B,801.62,31489.04
2025-11-07,Panamax,90.93,C,1139.81,55967.18
2025-11-07,Capesize,90.93,B,2154.24,126933.51
2025-11-10,Handysize,90.48,C,538.75,15793.74
2025-11-10,Supramax,90.48,B,815.0,31856.2
2025-11-10,Panamax,90.48,D,1119.77,54711.07
2025-11-10,Capesize,90.48,C,2116.77,124108.43
2025-11-11,Handysize,90.07,B,532.59,15542.4
2025-11-11,Supramax,90.07,D,822.34,31997.45
2025-11-11,Panamax,90.07,C,1112.39,54104.2
2025-11-11,Capesize,90.07,B,2036.16,118841.21
2025-11-12,Handysize,91.31,B,561.49,16611.37
2025-11-12,Supramax,91.31,C,850.35,33542.84
2025-11-12,Panamax,91.31,C,1175.33,57952.47
2025-11-12,Capesize,91.31,E,2018.97,119460.19
2025-11-13,Handysize,91.92,C,536.87,15989.11
2025-11-13,Supramax,91.92,C,853.47,33890.82
2025-11-13,Panamax,91.92,B,1138.35,56504.05
2025-11-13,Capesize,91.92,C,2108.83,125610.69
2025-11-14,Handysize,92.73,D,547.57,16451.48
2025-11-14,Supramax,92.73,B,856.45,34308.84
2025-11-14,Panamax,92.73,A,1142.69,57219.29
2025-11-14,Capesize,92.73,B,2084.28,125242.38
2025-11-17,Handysize,91.63,A,548.76,16291.65
2025-11-17,Supramax,91.63,B,797.29,31560.05
2025-11-17,Panamax,91.63,D,1121.96,55514.81
2025-11-17,Capesize,91.63,B,2199.5,130598.04
2025-11-18,Handysize,90.09,B,554.02,16171.38
2025-11-18,Supramax,90.09,E,821.13,31957.46
2025-11-18,Panamax,90.09,C,1094.08,53225.46
2025-11-18,Capesize,90.09,C,2080.79,121473.02
2025-11-19,Handysize,92.02,B,568.9,16961.46
2025-11-19,Supramax,92.02,C,801.82,31874.46
2025-11-19,Panamax,92.02,C,1175.11,58392.16
2025-11-19,Capesize,92.02,B,2085.28,124343.08
2025-11-20,Handysize,92.6,B,564.87,16947.46
2025-11-20,Supramax,92.6,B,818.69,32750.22
2025-11-20,Panamax,92.6,A,1171.03,58556.18
2025-11-20,Capesize,92.6,C,2075.7,124551.96
2025-11-21,Handysize,91.56,B,573.56,17014.91
2025-11-21,Supramax,91.56,B,801.38,31697.72
2025-11-21,Panamax,91.56,D,1174.43,58066.64
2025-11-21,Capesize,91.56,C,2006.59,119052.75
2025-11-24,Handysize,92.45,B,575.0,17223.44
2025-11-24,Supramax,92.45,C,793.15,31677.14
2025-11-24,Panamax,92.45,B,1139.38,56881.27
2025-11-24,Capesize,92.45,C,2012.18,120544.87
2025-11-25,Handysize,93.62,A,551.73,16735.56
2025-11-25,Supramax,93.62,A,816.21,33010.67
2025-11-25,Panamax,93.62,C,1160.83,58685.53
2025-11-25,Capesize,93.62,C,2000.69,121373.38
2025-11-26,Handysize,96.7,C,537.71,16846.88
2025-11-26,Supramax,96.7,B,858.58,35866.66
2025-11-26,Panamax,96.7,B,1099.2,57398.03
2025-11-26,Capesize,96.7,C,2064.39,129357.98
2025-11-27,Handysize,95.92,E,533.98,16595.07
2025-11-27,Supramax,95.92,B,848.17,35145.99
2025-11-27,Panamax,95.92,C,1112.87,57643.1
2025-11-27,Capesize,95.92,D,2121.09,131838.81
2025-11-28,Handysize,95.61,D,533.08,16513.56
2025-11-28,Supramax,95.61,E,808.23,33382.74
2025-11-28,Panamax,95.61,D,1130.33,58358.26
2025-11-28,Capesize,95.61,B,2041.88,126505.25
2025-12-01,Handysize,94.46,B,564.4,17273.48
2025-12-01,Supramax,94.46,A,828.29,33799.8
2025-12-01,Panamax,94.46,C,1124.0,57333.44
2025-12-01,Capesize,94.46,C,2049.77,125466.59
2025-12-02,Handysize,94.61,A,571.05,17504.76
2025-12-02,Supramax,94.61,A,804.05,32862.75
2025-12-02,Panamax,94.61,A,1109.17,56666.83
2025-12-02,Capesize,94.61,B,2177.62,133503.96
2025-12-03,Handysize,93.38,C,526.54,15930.53
2025-12-03,Supramax,93.38,B,852.1,34373.85
2025-12-03,Panamax,93.38,C,1196.23,60320.14
2025-12-03,Capesize,93.38,A,2001.98,121140.29
2025-12-04,Handysize,92.52,A,524.55,15724.16
2025-12-04,Supramax,92.52,C,860.13,34378.23
2025-12-04,Panamax,92.52,B,1205.0,60202.76
2025-12-04,Capesize,92.52,C,2028.16,121594.2
2025-12-05,Handysize,92.28,B,544.35,16275.37
2025-12-05,Supramax,92.28,A,818.64,32635.05
2025-12-05,Panamax,92.28,A,1144.67,57040.28
2025-12-05,Capesize,92.28,C,2014.53,120463.74
2025-12-08,Handysize,94.37,C,524.65,16041.64
2025-12-08,Supramax,94.37,D,842.1,34330.6
2025-12-08,Panamax,94.37,C,1175.16,59885.92
2025-12-08,Capesize,94.37,A,2009.65,122893.63
2025-12-09,Handysize,95.96,A,553.85,17219.77
2025-12-09,Supramax,95.96,A,825.08,34203.46
2025-12-09,Panamax,95.96,B,1173.77,60822.88
2025-12-09,Capesize,95.96,B,2115.32,131535.0
2025-12-10,Handysize,95.3,C,538.84,16637.87
2025-12-10,Supramax,95.3,B,827.76,34078.55
2025-12-10,Panamax,95.3,A,1155.65,59472.06
2025-12-10,Capesize,95.3,D,2039.71,125961.07
2025-12-11,Handysize,96.25,C,571.67,17827.53
2025-12-11,Supramax,96.25,E,833.95,34675.64
2025-12-11,Panamax,96.25,A,1096.75,57003.58
2025-12-11,Capesize,96.25,A,2010.86,125417.34
2025-12-12,Handysize,98.27,C,567.6,18072.09
2025-12-12,Supramax,98.27,D,800.27,33973.57
2025-12-12,Panamax,98.27,C,1128.46,59882.63
2025-12-12,Capesize,98.27,D,2193.22,139661.97
2025-12-15,Handysize,97.74,C,524.58,16612.27
2025-12-15,Supramax,97.74,D,848.73,35836.5
2025-12-15,Panamax,97.74,D,1147.0,60538.2
2025-12-15,Capesize,97.74,C,2199.75,139322.31
2025-12-16,Handysize,97.87,D,546.95,17343.72
2025-12-16,Supramax,97.87,C,850.55,35961.12
2025-12-16,Panamax,97.87,C,1194.17,63111.65
2025-12-16,Capesize,97.87,C,2187.06,138702.82
2025-12-17,Handysize,100.02,B,547.67,17748.06
2025-12-17,Supramax,100.02,B,808.35,34927.7
2025-12-17,Panamax,100.02,B,1205.24,65095.98
2025-12-17,Capesize,100.02,D,2120.77,137453.38
2025-12-18,Handysize,99.34,C,575.29,18516.38
2025-12-18,Supramax,99.34,C,830.21,35628.36
2025-12-18,Panamax,99.34,B,1157.95,62116.61
2025-12-18,Capesize,99.34,B,2163.11,139244.41
2025-12-19,Handysize,96.36,A,540.46,16873.51
2025-12-19,Supramax,96.36,C,789.38,32859.93
2025-12-19,Panamax,96.36,C,1094.32,56942.28
2025-12-19,Capesize,96.36,B,2147.99,134123.25
2025-12-22,Handysize,97.8,B,554.27,17563.26
2025-12-22,Supramax,97.8,A,796.79,33664.06
2025-12-22,Panamax,97.8,A,1117.42,59013.19
2025-12-22,Capesize,97.8,E,2062.23,130692.59
2025-12-23,Handysize,96.0,B,558.17,17361.32
2025-12-23,Supramax,96.0,C,813.07,33719.64
2025-12-23,Panamax,96.0,A,1094.19,56722.81
2025-12-23,Capesize,96.0,C,2169.26,134945.33
2025-12-24,Handysize,93.96,B,568.12,17295.3
2025-12-24,Supramax,93.96,D,855.84,34739.16
2025-12-24,Panamax,93.96,C,1162.95,59006.22
2025-12-24,Capesize,93.96,C,2165.23,131832.37
2025-12-25,Handysize,95.72,C,564.6,17510.1
2025-12-25,Supramax,95.72,B,779.15,32218.66
2025-12-25,Panamax,95.72,C,1205.48,62309.81
2025-12-25,Capesize,95.72,B,2056.21,127539.63
2025-12-26,Handysize,94.27,D,528.46,16141.01
2025-12-26,Supramax,94.27,D,810.96,33026.05
2025-12-26,Panamax,94.27,D,1180.65,60101.93
2025-12-26,Capesize,94.27,C,2143.29,130927.07
2025-12-29,Handysize,93.39,C,532.46,16111.37
2025-12-29,Supramax,93.39,A,783.17,31596.59
2025-12-29,Panamax,93.39,D,1187.99,59911.05
2025-12-29,Capesize,93.39,C,2158.14,130603.55
2025-12-30,Handysize,93.68,B,523.52,15890.05
2025-12-30,Supramax,93.68,D,832.52,33691.88
2025-12-30,Panamax,93.68,C,1135.72,57452.89
2025-12-30,Capesize,93.68,A,2191.75,133049.39
2025-12-31,Handysize,92.37,B,567.17,16974.2
2025-12-31,Supramax,92.37,A,843.99,33678.44
2025-12-31,Panamax,92.37,D,1183.84,59049.7
2025-12-31,Capesize,92.37,B,2162.74,129452.45
2026-01-01,Handysize,91.54,C,558.48,16563.94
2026-01-01,Supramax,91.54,A,812.68,32137.66
2026-01-01,Panamax,91.54,C,1154.41,57064.33
2026-01-01,Capesize,91.54,C,2072.66,122945.88
2026-01-02,Handysize,89.43,E,536.81,15554.24
2026-01-02,Supramax,89.43,B,805.16,31106.36
2026-01-02,Panamax,89.43,C,1204.49,58167.47
2026-01-02,Capesize,89.43,B,2118.69,122779.44
2026-01-05,Handysize,89.85,B,540.95,15747.81
2026-01-05,Supramax,89.85,D,779.28,30247.91
2026-01-05,Panamax,89.85,C,1100.12,53376.72
2026-01-05,Capesize,89.85,B,2139.1,124544.39
2026-01-06,Handysize,91.55,A,548.87,16280.69
2026-01-06,Supramax,91.55,C,852.78,33727.11
2026-01-06,Panamax,91.55,D,1099.02,54332.25
2026-01-06,Capesize,91.55,C,2048.34,121516.54
2026-01-07,Handysize,92.0,C,547.04,16306.17
2026-01-07,Supramax,92.0,B,792.38,31492.35
2026-01-07,Panamax,92.0,B,1153.87,57324.26
2026-01-07,Capesize,92.0,D,2189.81,130547.71
2026-01-08,Handysize,90.51,B,560.55,16438.26
2026-01-08,Supramax,90.51,E,794.38,31060.51
2026-01-08,Panamax,90.51,B,1134.04,55426.66
2026-01-08,Capesize,90.51,C,2197.45,128881.5
2026-01-09,Handysize,91.41,A,556.72,16488.29
2026-01-09,Supramax,91.41,C,814.83,32176.92
2026-01-09,Panamax,91.41,A,1182.52,58370.84
2026-01-09,Capesize,91.41,B,2057.39,121866.78
2026-01-12,Handysize,92.92,C,570.17,17165.58
2026-01-12,Supramax,92.92,E,833.03,33439.02
2026-01-12,Panamax,92.92,A,1113.02,55847.78
2026-01-12,Capesize,92.92,C,2202.47,132615.48
2026-01-13,Handysize,93.16,D,538.46,16252.79
2026-01-13,Supramax,93.16,C,792.01,31874.54
2026-01-13,Panamax,93.16,D,1107.16,55697.23
2026-01-13,Capesize,93.16,B,2191.81,132314.48
2026-01-14,Handysize,92.89,A,534.84,16096.74
2026-01-14,Supramax,92.89,C,842.49,33807.84
2026-01-14,Panamax,92.89,B,1122.87,56323.83
2026-01-14,Capesize,92.89,E,2197.57,132277.72
2026-01-15,Handysize,92.98,B,530.48,15980.99
2026-01-15,Supramax,92.98,A,782.94,31448.63
2026-01-15,Panamax,92.98,A,1113.36,55900.91
2026-01-15,Capesize,92.98,B,2074.09,124966.08
2026-01-16,Handysize,93.48,C,551.46,16702.36
2026-01-16,Supramax,93.48,C,797.6,32209.77
2026-01-16,Panamax,93.48,C,1137.65,57427.66
2026-01-16,Capesize,93.48,C,2029.55,122940.07
2026-01-19,Handysize,93.33,D,545.87,16506.52
2026-01-19,Supramax,93.33,C,815.18,32866.88
2026-01-19,Panamax,93.33,E,1163.08,58617.14
2026-01-19,Capesize,93.33,B,2190.06,132450.1
2026-01-20,Handysize,93.1,B,543.94,16407.62
2026-01-20,Supramax,93.1,A,814.25,32748.48
2026-01-20,Panamax,93.1,C,1201.58,60408.23
2026-01-20,Capesize,93.1,B,2171.93,131029.93
2026-01-21,Handysize,93.16,D,551.09,16634.01
2026-01-21,Supramax,93.16,C,833.0,33524.18
2026-01-21,Panamax,93.16,D,1119.47,56316.51
2026-01-21,Capesize,93.16,C,2063.53,124570.52
2026-01-22,Handysize,92.95,D,554.0,16684.15
2026-01-22,Supramax,92.95,C,779.52,31301.16
2026-01-22,Panamax,92.95,D,1141.48,57294.31
2026-01-22,Capesize,92.95,B,2199.51,132480.01
2026-01-23,Handysize,90.13,C,546.39,15955.75
2026-01-23,Supramax,90.13,A,813.31,31667.17
2026-01-23,Panamax,90.13,D,1114.62,54248.78
2026-01-23,Capesize,90.13,C,2044.88,119429.66
2026-01-26,Handysize,89.47,B,554.02,16060.09
2026-01-26,Supramax,89.47,C,826.21,31933.88
2026-01-26,Panamax,89.47,C,1189.17,57453.32
2026-01-26,Capesize,89.47,B,2079.73,120575.59
2026-01-27,Handysize,88.06,B,544.2,15526.81
2026-01-27,Supramax,88.06,B,844.48,32125.64
2026-01-27,Panamax,88.06,B,1193.44,56750.94
2026-01-27,Capesize,88.06,C,2036.22,116192.58
2026-01-28,Handysize,90.61,D,560.5,16454.96
2026-01-28,Supramax,90.61,D,856.47,33525.25
2026-01-28,Panamax,90.61,C,1137.15,55640.07
2026-01-28,Capesize,90.61,C,2066.19,121316.92
2026-01-29,Handysize,91.31,B,572.29,16930.88
2026-01-29,Supramax,91.31,B,829.36,32714.87
2026-01-29,Panamax,91.31,B,1110.99,54780.03
2026-01-29,Capesize,91.31,A,2068.02,122362.43
2026-01-30,Handysize,90.48,C,574.36,16837.66
2026-01-30,Supramax,90.48,B,825.3,32258.8
2026-01-30,Panamax,90.48,A,1195.2,58396.52
2026-01-30,Capesize,90.48,D,2168.58,127146.1
2026-02-02,Handysize,88.2,C,563.18,16093.88
2026-02-02,Supramax,88.2,C,791.78,30168.72
2026-02-02,Panamax,88.2,E,1207.4,57506.05
2026-02-02,Capesize,88.2,B,2200.29,125754.49
2026-02-03,Handysize,88.63,D,558.31,16032.5
2026-02-03,Supramax,88.63,D,789.58,30231.57
2026-02-03,Panamax,88.63,C,1149.58,55019.13
2026-02-03,Capesize,88.63,B,2067.23,118725.65
2026-02-04,Handysize,88.18,B,523.72,14962.85
2026-02-04,Supramax,88.18,A,780.86,29745.89
2026-02-04,Panamax,88.18,B,1123.0,53474.12
2026-02-04,Capesize,88.18,A,2051.26,117210.31
2026-02-05,Handysize,87.03,E,570.76,16094.13
2026-02-05,Supramax,87.03,E,835.85,31425.42
2026-02-05,Panamax,87.03,A,1102.65,51820.36
2026-02-05,Capesize,87.03,B,2189.3,123466.54
2026-02-06,Handysize,85.34,C,548.44,15164.45
2026-02-06,Supramax,85.34,B,825.38,30429.19
2026-02-06,Panamax,85.34,A,1145.09,52769.87
2026-02-06,Capesize,85.34,B,2000.62,110634.93
2026-02-09,Handysize,86.72,B,557.06,15651.87
2026-02-09,Supramax,86.72,C,809.29,30318.46
2026-02-09,Panamax,86.72,B,1122.48,52564.39
2026-02-09,Capesize,86.72,A,2023.95,113734.98
2026-02-10,Handysize,87.33,D,528.49,14953.58
2026-02-10,Supramax,87.33,D,844.72,31868.38
2026-02-10,Panamax,87.33,A,1161.66,54781.79
2026-02-10,Capesize,87.33,B,2150.46,121694.19
2026-02-11,Handysize,86.65,C,537.78,15097.96
2026-02-11,Supramax,86.65,B,807.7,30234.47
2026-02-11,Panamax,86.65,B,1195.53,55940.04
2026-02-11,Capesize,86.65,D,2182.63,122552.93
2026-02-12,Handysize,87.26,C,568.43,16070.79
2026-02-12,Supramax,87.26,A,797.13,30048.87
2026-02-12,Panamax,87.26,B,1201.2,56601.02
2026-02-12,Capesize,87.26,C,2198.61,124319.26
2026-02-13,Handysize,87.96,D,540.28,15397.46
2026-02-13,Supramax,87.96,C,818.44,31099.67
2026-02-13,Panamax,87.96,C,1198.34,56919.23
2026-02-13,Capesize,87.96,D,2054.03,117075.77
2026-02-16,Handysize,89.28,B,559.07,16172.06
2026-02-16,Supramax,89.28,B,795.07,30665.02
2026-02-16,Panamax,89.28,E,1181.62,56967.32
2026-02-16,Capesize,89.28,C,2122.27,122780.62
2026-02-17,Handysize,90.64,C,534.47,15695.97
2026-02-17,Supramax,90.64,C,816.42,31968.13
2026-02-17,Panamax,90.64,C,1186.47,58072.49
2026-02-17,Capesize,90.64,B,2030.36,119252.63
2026-02-18,Handysize,90.2,E,530.78,15511.94
2026-02-18,Supramax,90.2,B,853.39,33253.54
2026-02-18,Panamax,90.2,C,1193.61,58138.36
2026-02-18,Capesize,90.2,C,2192.73,128164.19
2026-02-19,Handysize,88.8,B,550.77,15846.31
2026-02-19,Supramax,88.8,D,782.2,30006.44
2026-02-19,Panamax,88.8,B,1194.42,57274.83
2026-02-19,Capesize,88.8,B,2078.71,119613.96
2026-02-20,Handysize,87.36,C,525.47,14873.24
2026-02-20,Supramax,87.36,B,854.16,32235.59
2026-02-20,Panamax,87.36,B,1174.83,55421.9
2026-02-20,Capesize,87.36,C,2179.91,123403.14
2026-02-23,Handysize,86.43,C,556.14,15573.77
2026-02-23,Supramax,86.43,A,825.78,30832.78
2026-02-23,Panamax,86.43,E,1154.44,53880.25
2026-02-23,Capesize,86.43,A,2044.3,114494.37
2026-02-24,Handysize,88.26,A,572.56,16373.06
2026-02-24,Supramax,88.26,D,820.46,31282.76
2026-02-24,Panamax,88.26,B,1108.32,52822.97
2026-02-24,Capesize,88.26,C,2181.35,124756.82
2026-02-25,Handysize,87.19,D,575.97,16270.9
2026-02-25,Supramax,87.19,B,826.09,31115.57
2026-02-25,Panamax,87.19,C,1154.05,54335.67
2026-02-25,Capesize,87.19,C,2119.63,119757.23
2026-02-26,Handysize,88.48,B,567.76,16276.27
2026-02-26,Supramax,88.48,D,856.36,32732.96
2026-02-26,Panamax,88.48,C,1121.69,53593.45
2026-02-26,Capesize,88.48,B,2089.25,119787.23
2026-02-27,Handysize,87.5,D,571.59,16204.58
2026-02-27,Supramax,87.5,C,779.36,29459.81
2026-02-27,Panamax,87.5,A,1100.97,52020.83
2026-02-27,Capesize,87.5,C,2031.08,115162.24
2026-03-02,Handysize,86.51,C,544.86,15272.01
2026-03-02,Supramax,86.51,C,855.04,31954.83
2026-03-02,Panamax,86.51,B,1133.12,52934.15
2026-03-02,Capesize,86.51,C,2160.95,121139.57
2026-03-03,Handysize,86.75,C,573.02,16105.87
2026-03-03,Supramax,86.75,B,780.99,29268.38
2026-03-03,Panamax,86.75,B,1157.54,54224.96
2026-03-03,Capesize,86.75,A,2134.37,119981.48
2026-03-04,Handysize,87.69,C,549.34,15607.61
2026-03-04,Supramax,87.69,C,815.43,30890.18
2026-03-04,Panamax,87.69,C,1141.12,54035.0
2026-03-04,Capesize,87.69,B,2044.36,116166.91
2026-03-05,Handysize,89.29,C,537.61,15553.04
2026-03-05,Supramax,89.29,B,781.42,30141.93
2026-03-05,Panamax,89.29,C,1204.35,58069.66
2026-03-05,Capesize,89.29,D,2114.3,122333.23
2026-03-06,Handysize,89.0,D,550.5,15874.22
2026-03-06,Supramax,89.0,D,837.86,32214.04
2026-03-06,Panamax,89.0,D,1146.26,55089.26
2026-03-06,Capesize,89.0,A,2069.78,119368.35
2026-03-09,Handysize,89.06,C,551.79,15922.14
2026-03-09,Supramax,89.06,D,850.96,32739.77
2026-03-09,Panamax,89.06,C,1165.5,56051.69
2026-03-09,Capesize,89.06,D,2087.63,120478.96
2026-03-10,Handysize,88.67,A,560.0,16088.28
2026-03-10,Supramax,88.67,C,860.84,32974.85
2026-03-10,Panamax,88.67,C,1134.77,54334.83
2026-03-10,Capesize,88.67,A,2076.0,119283.14
2026-03-11,Handysize,88.5,B,545.87,15652.28
2026-03-11,Supramax,88.5,A,823.35,31478.32
2026-03-11,Panamax,88.5,C,1143.27,54636.87
2026-03-11,Capesize,88.5,E,2132.06,122269.38
2026-03-12,Handysize,88.15,C,523.04,14938.34
2026-03-12,Supramax,88.15,D,834.37,31773.48
2026-03-12,Panamax,88.15,D,1120.12,53318.83
2026-03-12,Capesize,88.15,B,1996.86,114063.04
2026-03-13,Handysize,89.14,D,534.12,15426.11
2026-03-13,Supramax,89.14,A,824.14,31736.38
2026-03-13,Panamax,89.14,B,1205.78,58040.94
2026-03-13,Capesize,89.14,D,2159.34,124729.35
2026-03-16,Handysize,90.69,A,560.3,16463.61
2026-03-16,Supramax,90.69,A,857.81,33607.35
2026-03-16,Panamax,90.69,C,1200.28,58780.83
2026-03-16,Capesize,90.69,B,2106.96,123819.97
2026-03-17,Handysize,88.47,C,566.84,16248.06
2026-03-17,Supramax,88.47,B,803.35,30703.27
2026-03-17,Panamax,88.47,D,1177.34,56246.01
2026-03-17,Capesize,88.47,B,2055.6,117844.59
2026-03-18,Handysize,90.45,E,532.02,15591.27
2026-03-18,Supramax,90.45,B,798.84,31214.19
2026-03-18,Panamax,90.45,B,1166.74,56987.08
2026-03-18,Capesize,90.45,C,2023.38,118593.54
2026-03-19,Handysize,92.13,E,540.61,16137.27
2026-03-19,Supramax,92.13,C,809.73,32227.38
2026-03-19,Panamax,92.13,B,1174.92,58452.5
2026-03-19,Capesize,92.13,C,2023.47,120801.64
2026-03-20,Handysize,93.24,C,549.7,16606.31
2026-03-20,Supramax,93.24,A,849.42,34214.37
2026-03-20,Panamax,93.24,D,1157.63,58286.21
2026-03-20,Capesize,93.24,D,2067.17,124897.42
2026-03-23,Handysize,91.75,B,547.2,16266.61
2026-03-23,Supramax,91.75,D,828.22,32827.33
2026-03-23,Panamax,91.75,B,1167.18,57827.93
2026-03-23,Capesize,91.75,A,2066.95,122888.45
2026-03-24,Handysize,90.1,D,531.52,15516.34
2026-03-24,Supramax,90.1,E,826.74,32179.37
2026-03-24,Panamax,90.1,D,1201.73,58468.97
2026-03-24,Capesize,90.1,D,2139.77,124930.04
2026-03-25,Handysize,90.62,B,554.52,16281.2
2026-03-25,Supramax,90.62,C,832.24,32580.4
2026-03-25,Panamax,90.62,B,1199.08,58676.74
2026-03-25,Capesize,90.62,D,2064.25,121216.39
2026-03-26,Handysize,91.08,D,522.57,15421.0
2026-03-26,Supramax,91.08,D,785.89,30922.07
2026-03-26,Panamax,91.08,D,1151.5,56634.45
2026-03-26,Capesize,91.08,B,2075.07,122470.3
2026-03-27,Handysize,94.35,E,573.0,17516.27
2026-03-27,Supramax,94.35,C,802.61,32713.74
2026-03-27,Panamax,94.35,D,1126.33,57385.39
2026-03-27,Capesize,94.35,C,2066.3,126331.1
2026-03-30,Handysize,96.29,B,559.46,17454.01
2026-03-30,Supramax,96.29,B,818.85,34061.93
2026-03-30,Panamax,96.29,C,1095.7,56972.67
2026-03-30,Capesize,96.29,C,2081.13,129854.02
2026-03-31,Handysize,96.86,A,560.89,17602.21
2026-03-31,Supramax,96.86,E,779.74,32627.07
2026-03-31,Panamax,96.86,A,1198.8,62702.51
2026-03-31,Capesize,96.86,D,2123.75,133297.76
2026-04-01,Handysize,97.59,A,566.22,17903.4
2026-04-01,Supramax,97.59,B,824.16,34745.66
2026-04-01,Panamax,97.59,B,1110.97,58546.56
2026-04-01,Capesize,97.59,A,2094.68,132464.04
2026-04-02,Handysize,97.98,C,525.12,16670.21
2026-04-02,Supramax,97.98,C,797.23,33744.64
2026-04-02,Panamax,97.98,C,1117.09,59104.34
2026-04-02,Capesize,97.98,A,2152.12,136640.34
2026-04-03,Handysize,96.42,B,527.32,16473.52
2026-04-03,Supramax,96.42,A,816.35,34003.79
2026-04-03,Panamax,96.42,C,1198.43,62398.42
2026-04-03,Capesize,96.42,A,2073.35,129543.24
2026-04-06,Handysize,96.53,A,542.07,16953.63
2026-04-06,Supramax,96.53,C,837.43,34921.63
2026-04-06,Panamax,96.53,D,1155.79,60246.94
2026-04-06,Capesize,96.53,C,2088.8,130657.45
2026-04-07,Handysize,94.05,C,537.76,16386.73
2026-04-07,Supramax,94.05,C,787.81,32008.41
2026-04-07,Panamax,94.05,B,1137.18,57753.96
2026-04-07,Capesize,94.05,C,2166.66,132045.79
2026-04-08,Handysize,95.44,C,550.18,17012.97
2026-04-08,Supramax,95.44,B,858.27,35386.54
2026-04-08,Panamax,95.44,E,1153.58,59452.74
2026-04-08,Capesize,95.44,C,2140.31,132367.73
2026-04-09,Handysize,97.34,C,545.54,17205.33
2026-04-09,Supramax,97.34,A,828.01,34818.55
2026-04-09,Panamax,97.34,B,1114.86,58601.06
2026-04-09,Capesize,97.34,B,2142.51,135141.65
2026-04-10,Handysize,98.13,B,525.03,16692.87
2026-04-10,Supramax,98.13,C,797.78,33819.62
2026-04-10,Panamax,98.13,C,1202.93,63743.5
2026-04-10,Capesize,98.13,C,2037.88,129585.2
2026-04-13,Handysize,99.23,B,531.89,17100.54
2026-04-13,Supramax,99.23,B,806.97,34592.67
2026-04-13,Panamax,99.23,D,1093.0,58567.53
2026-04-13,Capesize,99.23,C,2089.61,134364.1
2026-04-14,Handysize,99.95,D,541.94,17550.08
2026-04-14,Supramax,99.95,C,816.67,35262.5
2026-04-14,Panamax,99.95,B,1191.72,64320.7
2026-04-14,Capesize,99.95,B,2152.63,139420.68
2026-04-15,Handysize,100.8,D,554.39,18105.93
2026-04-15,Supramax,100.8,C,795.48,34639.65
2026-04-15,Panamax,100.8,C,1153.01,62760.64
2026-04-15,Capesize,100.8,E,2079.86,135853.13
2026-04-16,Handysize,100.53,D,551.58,17965.91
2026-04-16,Supramax,100.53,E,812.45,35283.86
2026-04-16,Panamax,100.53,A,1129.74,61329.29
2026-04-16,Capesize,100.53,C,2135.96,139143.78
2026-04-17,Handysize,102.14,B,556.16,18405.2
2026-04-17,Supramax,102.14,D,856.69,37801.0
2026-04-17,Panamax,102.14,A,1100.24,60684.4
2026-04-17,Capesize,102.14,B,2181.29,144372.43
2026-04-20,Handysize,100.27,B,540.21,17550.06
2026-04-20,Supramax,100.27,C,828.11,35870.94
2026-04-20,Panamax,100.27,B,1181.18,63955.94
2026-04-20,Capesize,100.27,D,2019.77,131234.47
2026-04-21,Handysize,101.59,A,528.69,17401.92
2026-04-21,Supramax,101.59,D,859.28,37711.12
2026-04-21,Panamax,101.59,D,1158.81,63570.69
2026-04-21,Capesize,101.59,D,2160.27,142211.27
2026-04-22,Handysize,98.47,C,547.84,17478.44
2026-04-22,Supramax,98.47,D,831.93,35389.5
2026-04-22,Panamax,98.47,B,1188.47,63195.47
2026-04-22,Capesize,98.47,A,2109.65,134613.73
2026-04-23,Handysize,97.29,D,533.56,16818.86
2026-04-23,Supramax,97.29,A,805.4,33850.38
2026-04-23,Panamax,97.29,B,1116.31,58647.13
2026-04-23,Capesize,97.29,B,2150.07,135548.84
2026-04-24,Handysize,99.11,C,531.4,17064.13
2026-04-24,Supramax,99.11,C,846.06,36224.5
2026-04-24,Panamax,99.11,C,1113.12,59573.51
2026-04-24,Capesize,99.11,A,2204.69,141592.42
2026-04-27,Handysize,101.98,C,562.84,18597.09
2026-04-27,Supramax,101.98,B,795.03,35025.33
2026-04-27,Panamax,101.98,B,1126.49,62034.9
2026-04-27,Capesize,101.98,C,2079.2,137399.86
2026-04-28,Handysize,102.32,C,536.44,17783.89
2026-04-28,Supramax,102.32,B,855.71,37824.3
2026-04-28,Panamax,102.32,B,1190.08,65755.25
2026-04-28,Capesize,102.32,C,2191.85,145327.02
2026-04-29,Handysize,102.73,A,530.6,17660.77
2026-04-29,Supramax,102.73,B,780.0,34615.9
2026-04-29,Panamax,102.73,B,1188.75,65944.96
2026-04-29,Capesize,102.73,A,2084.05,138733.21
2026-04-30,Handysize,103.3,C,566.53,18961.31
2026-04-30,Supramax,103.3,C,779.15,34770.04
2026-04-30,Panamax,103.3,C,1138.4,63502.23
2026-04-30,Capesize,103.3,C,2143.43,143477.77
2026-05-01,Handysize,103.12,D,546.68,18265.06
2026-05-01,Supramax,103.12,C,835.53,37221.06
2026-05-01,Panamax,103.12,A,1206.12,67162.55
2026-05-01,Capesize,103.12,B,2177.99,145537.13
2026-05-04,Handysize,102.96,B,544.68,18170.0
2026-05-04,Supramax,102.96,C,850.16,37814.03
2026-05-04,Panamax,102.96,B,1116.67,62085.07
2026-05-04,Capesize,102.96,C,1998.41,133330.08
2026-05-05,Handysize,104.37,B,536.85,18154.06
2026-05-05,Supramax,104.37,B,804.33,36265.5
2026-05-05,Panamax,104.37,B,1169.78,65928.57
2026-05-05,Capesize,104.37,A,2093.14,141562.74
2026-05-06,Handysize,107.42,C,537.64,18712.07
2026-05-06,Supramax,107.42,E,780.51,36219.91
2026-05-06,Panamax,107.42,C,1140.07,66131.81
2026-05-06,Capesize,107.42,A,2158.4,150242.25
2026-05-07,Handysize,107.9,D,535.24,18711.78
2026-05-07,Supramax,107.9,D,810.89,37797.85
2026-05-07,Panamax,107.9,C,1124.67,65530.02
2026-05-07,Capesize,107.9,B,2111.43,147629.5
2026-05-08,Handysize,108.45,E,542.52,19062.96
2026-05-08,Supramax,108.45,C,852.21,39926.38
2026-05-08,Panamax,108.45,D,1130.7,66217.18
2026-05-08,Capesize,108.45,B,2190.89,153966.11
2026-05-11,Handysize,111.32,A,527.28,19017.77
2026-05-11,Supramax,111.32,C,838.04,40301.54
2026-05-11,Panamax,111.32,A,1176.47,70720.91
2026-05-11,Capesize,111.32,E,2081.38,150141.1
2026-05-12,Handysize,109.33,B,565.24,20022.45
2026-05-12,Supramax,109.33,C,849.57,40125.67
2026-05-12,Panamax,109.33,B,1146.58,67692.02
2026-05-12,Capesize,109.33,A,2045.1,144886.83
2026-05-13,Handysize,111.55,B,567.12,20496.96
2026-05-13,Supramax,111.55,C,812.11,39135.26
2026-05-13,Panamax,111.55,C,1123.54,67678.68
2026-05-13,Capesize,111.55,C,2094.44,151395.34
2026-05-14,Handysize,114.03,A,529.74,19571.63
2026-05-14,Supramax,114.03,C,820.24,40405.81
2026-05-14,Panamax,114.03,D,1183.59,72880.97
2026-05-14,Capesize,114.03,A,2024.2,149571.05
2026-05-15,Handysize,113.38,D,548.91,20164.27
2026-05-15,Supramax,113.38,C,790.44,38715.88
2026-05-15,Panamax,113.38,B,1199.0,73409.01
2026-05-15,Capesize,113.38,C,2088.92,153473.45
2026-05-18,Handysize,113.21,C,526.55,19313.88
2026-05-18,Supramax,113.21,A,838.89,41027.36
2026-05-18,Panamax,113.21,D,1164.45,71186.79
2026-05-18,Capesize,113.21,D,2053.01,150608.98
2026-05-19,Handysize,114.92,B,523.75,19501.35
2026-05-19,Supramax,114.92,D,851.17,42256.71
2026-05-19,Panamax,114.92,B,1139.18,70693.87
2026-05-19,Capesize,114.92,C,2081.56,155009.94
2026-05-20,Handysize,114.4,B,558.74,20710.03
2026-05-20,Supramax,114.4,C,819.32,40491.45
2026-05-20,Panamax,114.4,B,1161.79,71770.74
2026-05-20,Capesize,114.4,B,2069.05,153381.16
2026-05-21,Handysize,113.99,C,548.68,20264.27
2026-05-21,Supramax,113.99,B,809.97,39885.9
2026-05-21,Panamax,113.99,D,1149.63,70765.01
2026-05-21,Capesize,113.99,C,2004.85,148089.29
2026-05-22,Handysize,113.72,B,527.69,19442.89
2026-05-22,Supramax,113.72,B,788.13,38718.49
2026-05-22,Panamax,113.72,A,1197.84,73557.92
2026-05-22,Capesize,113.72,C,2096.26,154474.57
2026-05-25,Handysize,115.28,D,575.63,21500.19
2026-05-25,Supramax,115.28,B,801.27,39904.02
2026-05-25,Panamax,115.28,B,1114.87,69402.0
2026-05-25,Capesize,115.28,B,2114.94,157989.06
2026-05-26,Handysize,113.27,C,575.36,21115.41
2026-05-26,Supramax,113.27,C,803.22,39303.68
2026-05-26,Panamax,113.27,D,1187.39,72627.66
2026-05-26,Capesize,113.27,B,2072.36,152109.07
2026-05-27,Handysize,110.99,B,574.59,20662.69
2026-05-27,Supramax,110.99,B,789.43,37851.34
2026-05-27,Panamax,110.99,C,1187.54,71174.73
2026-05-27,Capesize,110.99,C,2121.49,152580.79
2026-05-28,Handysize,113.62,A,539.12,19846.56
2026-05-28,Supramax,113.62,C,792.13,38880.78
2026-05-28,Panamax,113.62,D,1169.14,71732.35
2026-05-28,Capesize,113.62,B,2041.82,150330.55
2026-05-29,Handysize,110.76,B,549.63,19724.15
2026-05-29,Supramax,110.76,D,831.45,39783.49
2026-05-29,Panamax,110.76,C,1104.05,66033.67
2026-05-29,Capesize,110.76,A,1998.82,143460.27
2026-06-01,Handysize,113.03,B,571.46,20927.85
2026-06-01,Supramax,113.03,C,830.18,40536.83
2026-06-01,Panamax,113.03,C,1159.37,70763.54
2026-06-01,Capesize,113.03,B,2180.33,159694.87
2026-06-02,Handysize,114.95,A,552.74,20586.14
2026-06-02,Supramax,114.95,B,854.68,42442.04
2026-06-02,Panamax,114.95,C,1133.46,70357.26
2026-06-02,Capesize,114.95,C,2204.68,164221.32
2026-06-03,Handysize,115.04,B,538.93,20087.52
2026-06-03,Supramax,115.04,C,833.76,41435.6
2026-06-03,Panamax,115.04,C,1200.57,74581.33
2026-06-03,Capesize,115.04,D,2134.33,159105.59
2026-06-04,Handysize,114.53,B,550.63,20432.62
2026-06-04,Supramax,114.53,B,818.59,40501.34
2026-06-04,Panamax,114.53,C,1163.06,71930.84
2026-06-04,Capesize,114.53,B,2030.37,150684.8
2026-06-05,Handysize,116.15,B,539.74,20311.82
2026-06-05,Supramax,116.15,B,793.98,39839.38
2026-06-05,Panamax,116.15,B,1187.13,74457.98
2026-06-05,Capesize,116.15,C,2078.13,156410.87
2026-06-08,Handysize,120.23,B,577.48,22495.46
2026-06-08,Supramax,120.23,A,789.92,41027.94
2026-06-08,Panamax,120.23,D,1095.78,71142.64
2026-06-08,Capesize,120.23,B,2195.3,171033.72
2026-06-09,Handysize,119.21,B,545.4,21065.55
2026-06-09,Supramax,119.21,C,834.74,42988.04
2026-06-09,Panamax,119.21,D,1094.99,70488.23
2026-06-09,Capesize,119.21,C,2066.36,159622.34
2026-06-10,Handysize,120.61,C,524.16,20482.94
2026-06-10,Supramax,120.61,D,841.03,43820.62
2026-06-10,Panamax,120.61,C,1153.54,75129.37
2026-06-10,Capesize,120.61,B,2124.71,166057.3
2026-06-11,Handysize,120.54,B,556.4,21730.18
2026-06-11,Supramax,120.54,B,846.89,44100.34
2026-06-11,Panamax,120.54,D,1156.72,75292.76
2026-06-11,Capesize,120.54,C,2154.77,168308.91
2026-06-12,Handysize,120.84,B,576.38,22566.52
2026-06-12,Supramax,120.84,A,839.04,43800.3
2026-06-12,Panamax,120.84,B,1170.82,76400.22
2026-06-12,Capesize,120.84,C,2169.59,169888.27
2026-06-15,Handysize,118.48,B,530.65,20370.34
2026-06-15,Supramax,118.48,C,830.56,42510.85
2026-06-15,Panamax,118.48,C,1175.55,75210.75
2026-06-15,Capesize,118.48,A,2161.25,165930.06
2026-06-16,Handysize,119.21,A,536.06,20704.8
2026-06-16,Supramax,119.21,B,826.1,42543.09
2026-06-16,Panamax,119.21,B,1105.32,71153.21
2026-06-16,Capesize,119.21,C,2055.93,158816.65
2026-06-17,Handysize,116.69,C,528.51,19981.67
2026-06-17,Supramax,116.69,C,829.24,41802.05
2026-06-17,Panamax,116.69,B,1179.82,74343.53
2026-06-17,Capesize,116.69,D,2070.11,156531.62
2026-06-18,Handysize,115.0,C,525.61,19584.23
2026-06-18,Supramax,115.0,C,824.81,40976.56
2026-06-18,Panamax,115.0,C,1133.54,70392.83
2026-06-18,Capesize,115.0,C,2126.53,158469.02
2026-06-19,Handysize,112.21,D,532.58,19362.5
2026-06-19,Supramax,112.21,D,784.11,38009.51
2026-06-19,Panamax,112.21,B,1127.97,68347.54
2026-06-19,Capesize,112.21,E,2012.18,146309.79
2026-06-22,Handysize,111.98,C,566.0,20535.34
2026-06-22,Supramax,111.98,C,811.73,39267.73
2026-06-22,Panamax,111.98,C,1200.44,72589.65
2026-06-22,Capesize,111.98,B,2189.9,158905.8
2026-06-23,Handysize,113.29,C,529.86,19449.02
2026-06-23,Supramax,113.29,B,805.86,39439.82
2026-06-23,Panamax,113.29,D,1190.51,72831.35
2026-06-23,Capesize,113.29,A,2178.22,159907.31
2026-06-24,Handysize,114.1,B,541.42,20015.43
2026-06-24,Supramax,114.1,C,798.24,39346.21
2026-06-24,Panamax,114.1,B,1166.92,71898.61
2026-06-24,Capesize,114.1,B,2098.59,155163.03
2026-06-25,Handysize,116.63,C,564.72,21339.71
2026-06-25,Supramax,116.63,D,817.59,41193.59
2026-06-25,Panamax,116.63,C,1153.95,72676.0
2026-06-25,Capesize,116.63,E,2083.44,157458.56
2026-06-26,Handysize,116.87,A,532.35,20157.9
2026-06-26,Supramax,116.87,C,804.29,40606.86
2026-06-26,Panamax,116.87,A,1131.59,71414.42
2026-06-26,Capesize,116.87,C,2016.76,152732.78
2026-06-29,Handysize,116.23,B,545.6,20546.49
2026-06-29,Supramax,116.23,C,833.31,41841.63
2026-06-29,Panamax,116.23,D,1161.39,72893.71
2026-06-29,Capesize,116.23,D,2016.13,151848.94
2026-06-30,Handysize,117.43,D,551.28,20974.73
2026-06-30,Supramax,117.43,A,845.11,42872.23
2026-06-30,Panamax,117.43,C,1204.06,76352.09
2026-06-30,Capesize,117.43,C,2177.33,165683.14
2026-07-01,Handysize,117.34,B,534.58,20323.75
2026-07-01,Supramax,117.34,D,859.62,43574.89
2026-07-01,Panamax,117.34,D,1192.06,75533.21
2026-07-01,Capesize,117.34,C,2148.54,163367.07
2026-07-02,Handysize,115.59,A,573.02,21460.26
2026-07-02,Supramax,115.59,C,848.72,42380.73
2026-07-02,Panamax,115.59,D,1143.23,71358.82
2026-07-02,Capesize,115.59,A,2202.58,164978.35
2026-07-03,Handysize,113.3,C,568.99,20887.17
2026-07-03,Supramax,113.3,C,827.8,40517.17
2026-07-03,Panamax,113.3,B,1127.51,68983.32
2026-07-03,Capesize,113.3,B,2152.66,158044.85
2026-07-06,Handysize,114.15,B,553.1,20456.18
2026-07-06,Supramax,114.15,A,836.76,41262.98
2026-07-06,Panamax,114.15,A,1161.96,71624.38
2026-07-06,Capesize,114.15,B,2016.79,149180.34
2026-07-07,Handysize,114.22,C,544.06,20134.18
2026-07-07,Supramax,114.22,C,843.58,41624.8
2026-07-07,Panamax,114.22,A,1137.16,70138.66
2026-07-07,Capesize,114.22,C,2166.72,160368.83
2026-07-08,Handysize,114.38,A,570.72,21150.38
2026-07-08,Supramax,114.38,B,800.08,39533.68
2026-07-08,Panamax,114.38,D,1120.02,69178.26
2026-07-08,Capesize,114.38,B,2082.66,154363.09
2026-07-09,Handysize,112.76,B,560.92,20492.79
2026-07-09,Supramax,112.76,D,816.94,39795.04
2026-07-09,Panamax,112.76,B,1199.09,73013.07
2026-07-09,Capesize,112.76,B,2097.11,153232.64
2026-07-10,Handysize,112.3,D,526.28,19148.8
2026-07-10,Supramax,112.3,B,827.44,40142.09
2026-07-10,Panamax,112.3,B,1118.67,67838.39
2026-07-10,Capesize,112.3,B,2152.63,156647.75
2026-07-13,Handysize,110.91,B,535.23,19233.4
2026-07-13,Supramax,110.91,D,793.52,38020.02
2026-07-13,Panamax,110.91,B,1116.18,66849.58
2026-07-13,Capesize,110.91,B,2129.25,153028.52
2026-07-14,Handysize,109.93,B,539.14,19202.72
2026-07-14,Supramax,109.93,C,848.36,40288.41
2026-07-14,Panamax,109.93,C,1147.94,68144.24
2026-07-14,Capesize,109.93,B,2100.37,149619.1
2026-07-15,Handysize,110.03,D,553.28,19724.28
2026-07-15,Supramax,110.03,C,852.15,40505.21
2026-07-15,Panamax,110.03,E,1132.21,67271.62
2026-07-15,Capesize,110.03,C,2091.65,149133.47
2026-07-16,Handysize,111.05,C,570.11,20512.67
2026-07-16,Supramax,111.05,A,822.06,39437.18
2026-07-16,Panamax,111.05,B,1119.42,67128.26
2026-07-16,Capesize,111.05,C,2152.52,154896.2
2026-07-17,Handysize,110.51,C,538.86,19294.01
2026-07-17,Supramax,110.51,C,851.57,40654.22
2026-07-17,Panamax,110.51,B,1105.18,65952.06
2026-07-17,Capesize,110.51,A,2169.65,155369.68
2026-07-20,Handysize,111.67,A,562.01,20334.13
2026-07-20,Supramax,111.67,E,841.37,40588.9
2026-07-20,Panamax,111.67,B,1094.91,66025.04
2026-07-20,Capesize,111.67,B,2176.82,157519.4
2026-07-21,Handysize,112.06,A,554.54,20133.93
2026-07-21,Supramax,112.06,C,807.14,39073.58
2026-07-21,Panamax,112.06,B,1152.73,69754.46
2026-07-21,Capesize,112.06,C,2096.64,152247.26
2026-07-22,Handysize,108.99,C,570.6,20149.46
2026-07-22,Supramax,108.99,D,854.44,40230.18
2026-07-22,Panamax,108.99,C,1126.51,66300.3
2026-07-22,Capesize,108.99,C,2096.95,148098.18
2026-07-23,Handysize,108.46,C,548.36,19269.94
2026-07-23,Supramax,108.46,B,780.93,36590.26
2026-07-23,Panamax,108.46,A,1168.65,68445.96
2026-07-23,Capesize,108.46,B,2158.91,151732.69
2026-07-24,Handysize,106.25,B,533.96,18381.57
2026-07-24,Supramax,106.25,B,854.68,39229.81
2026-07-24,Panamax,106.25,C,1159.32,66515.99
2026-07-24,Capesize,106.25,D,2120.15,145972.33
2026-07-27,Handysize,104.26,B,535.97,18105.2
2026-07-27,Supramax,104.26,A,857.58,38625.68
2026-07-27,Panamax,104.26,B,1127.08,63455.05
2026-07-27,Capesize,104.26,C,2198.59,148537.8
2026-07-28,Handysize,105.1,C,563.23,19179.33
2026-07-28,Supramax,105.1,B,848.68,38532.79
2026-07-28,Panamax,105.1,C,1098.04,62318.16
2026-07-28,Capesize,105.1,B,2157.35,146925.89
2026-07-29,Handysize,102.61,C,568.73,18907.79
2026-07-29,Supramax,102.61,B,795.79,35275.4
2026-07-29,Panamax,102.61,C,1095.01,60673.85
2026-07-29,Capesize,102.61,D,2011.51,133747.87
2026-07-30,Handysize,103.18,C,561.58,18773.8
2026-07-30,Supramax,103.18,D,780.28,34780.01
2026-07-30,Panamax,103.18,C,1162.29,64759.54
2026-07-30,Capesize,103.18,A,2096.83,140195.4
2026-07-31,Handysize,104.71,A,526.54,17863.42
2026-07-31,Supramax,104.71,B,857.67,38796.46
2026-07-31,Panamax,104.71,A,1180.26,66735.91
2026-07-31,Capesize,104.71,C,2007.54,136215.76
2026-08-03,Handysize,105.67,B,543.91,18621.89
2026-08-03,Supramax,105.67,C,820.16,37439.84
2026-08-03,Panamax,105.67,B,1103.68,62977.97
2026-08-03,Capesize,105.67,B,2080.84,142483.77
2026-08-04,Handysize,104.76,B,522.64,17739.57
2026-08-04,Supramax,104.76,A,802.95,36338.56
2026-08-04,Panamax,104.76,C,1170.32,66205.47
2026-08-04,Capesize,104.76,B,2114.61,143549.2
2026-08-05,Handysize,105.74,B,546.35,18717.82
2026-08-05,Supramax,105.74,B,780.67,35660.76
2026-08-05,Panamax,105.74,A,1108.77,63310.32
2026-08-05,Capesize,105.74,B,2013.25,137946.92
2026-08-06,Handysize,107.11,A,538.54,18689.3
2026-08-06,Supramax,107.11,C,809.63,37462.81
2026-08-06,Panamax,107.11,C,1188.86,68762.95
2026-08-06,Capesize,107.11,D,2007.42,139329.56
2026-08-07,Handysize,106.99,B,570.03,19759.95
2026-08-07,Supramax,106.99,C,829.99,38361.87
2026-08-07,Panamax,106.99,B,1175.52,67915.2
2026-08-07,Capesize,106.99,D,2158.87,149673.42
2026-08-10,Handysize,105.86,A,540.14,18526.07
2026-08-10,Supramax,105.86,E,848.49,38802.74
2026-08-10,Panamax,105.86,A,1201.11,68660.73
2026-08-10,Capesize,105.86,E,2123.88,145692.39
2026-08-11,Handysize,105.88,B,525.0,18010.19
2026-08-11,Supramax,105.88,A,792.8,36262.8
2026-08-11,Panamax,105.88,D,1158.91,66260.91
2026-08-11,Capesize,105.88,C,2032.36,139440.71
2026-08-12,Handysize,104.71,A,575.25,19515.95
2026-08-12,Supramax,104.71,C,819.47,37068.5
2026-08-12,Panamax,104.71,C,1101.58,62287.08
2026-08-12,Capesize,104.71,A,2202.66,149455.06
2026-08-13,Handysize,103.9,B,575.96,19388.89
2026-08-13,Supramax,103.9,C,854.31,38345.53
2026-08-13,Panamax,103.9,B,1142.38,64094.37
2026-08-13,Capesize,103.9,B,2170.13,146108.78
2026-08-14,Handysize,104.53,A,548.42,18573.74
2026-08-14,Supramax,104.53,B,824.73,37242.3
2026-08-14,Panamax,104.53,B,1155.83,65242.21
2026-08-14,Capesize,104.53,D,2197.14,148824.24
2026-08-17,Handysize,104.4,B,575.26,19458.51
2026-08-17,Supramax,104.4,C,841.39,37947.36
2026-08-17,Panamax,104.4,D,1117.32,62990.03
2026-08-17,Capesize,104.4,A,2015.13,136325.96
2026-08-18,Handysize,104.69,D,544.62,18473.27
2026-08-18,Supramax,104.69,C,845.8,38252.22
2026-08-18,Panamax,104.69,D,1182.87,66870.72
2026-08-18,Capesize,104.69,C,2058.06,139616.98
2026-08-19,Handysize,104.09,B,553.77,18675.98
2026-08-19,Supramax,104.09,B,809.46,36398.89
2026-08-19,Panamax,104.09,D,1204.11,67681.34
2026-08-19,Capesize,104.09,D,2026.92,136716.4
2026-08-20,Handysize,104.43,B,531.46,17982.12
2026-08-20,Supramax,104.43,C,839.35,37866.23
2026-08-20,Panamax,104.43,B,1141.48,64370.57
2026-08-20,Capesize,104.43,D,2142.13,144959.31
2026-08-21,Handysize,107.17,C,556.1,19309.5
2026-08-21,Supramax,107.17,D,844.45,39095.87
2026-08-21,Panamax,107.17,B,1197.65,69310.16
2026-08-21,Capesize,107.17,A,2058.63,142963.95
2026-08-24,Handysize,106.7,C,538.09,18602.2
2026-08-24,Supramax,106.7,A,837.96,38625.26
2026-08-24,Panamax,106.7,E,1202.74,69299.47
2026-08-24,Capesize,106.7,C,2084.96,144157.47
2026-08-25,Handysize,106.52,C,531.33,18337.52
2026-08-25,Supramax,106.52,D,838.07,38565.17
2026-08-25,Panamax,106.52,B,1189.36,68412.94
2026-08-25,Capesize,106.52,B,2184.72,150800.21
2026-08-26,Handysize,102.01,E,568.15,18778.06
2026-08-26,Supramax,102.01,B,795.22,35044.01
2026-08-26,Panamax,102.01,A,1175.25,64739.12
2026-08-26,Capesize,102.01,C,2136.5,141227.95
2026-08-27,Handysize,103.24,C,542.95,18161.55
2026-08-27,Supramax,103.24,C,779.4,34760.99
2026-08-27,Panamax,103.24,A,1204.29,67138.69
2026-08-27,Capesize,103.24,D,2079.66,139128.26
2026-08-28,Handysize,104.43,C,531.57,17985.84
2026-08-28,Supramax,104.43,C,860.74,38831.22
2026-08-28,Panamax,104.43,B,1096.29,61822.2
2026-08-28,Capesize,104.43,C,2179.81,147509.14
2026-08-31,Handysize,102.89,B,556.15,18540.02
2026-08-31,Supramax,102.89,C,831.65,36965.58
2026-08-31,Panamax,102.89,B,1186.93,65946.54
2026-08-31,Capesize,102.89,E,2186.12,145754.57
2026-09-01,Handysize,102.84,C,531.91,17723.33
2026-09-01,Supramax,102.84,C,796.53,35387.34
2026-09-01,Panamax,102.84,C,1195.07,66366.54
2026-09-01,Capesize,102.84,D,2101.26,140028.64
2026-09-02,Handysize,104.51,B,574.58,19455.99
2026-09-02,Supramax,104.51,C,831.39,37535.86
2026-09-02,Panamax,104.51,A,1150.74,64942.47
2026-09-02,Capesize,104.51,C,2048.82,138751.17
2026-09-03,Handysize,106.55,C,550.73,19012.41
2026-09-03,Supramax,106.55,D,850.65,39155.08
2026-09-03,Panamax,106.55,C,1152.91,66334.98
2026-09-03,Capesize,106.55,A,2009.66,138755.77
2026-09-04,Handysize,107.24,D,562.81,19555.26
2026-09-04,Supramax,107.24,C,845.11,39151.99
2026-09-04,Panamax,107.24,C,1096.49,63497.3
2026-09-04,Capesize,107.24,B,2028.47,140961.46
2026-09-07,Handysize,108.37,B,550.15,19316.8
2026-09-07,Supramax,108.37,B,839.93,39322.03
2026-09-07,Panamax,108.37,E,1111.39,65038.32
2026-09-07,Capesize,108.37,A,2086.24,146503.62
2026-09-08,Handysize,109.64,E,549.44,19517.95
2026-09-08,Supramax,109.64,B,811.28,38425.86
2026-09-08,Panamax,109.64,A,1098.99,65066.36
2026-09-08,Capesize,109.64,C,2008.29,142682.42
