date,vessel_class,demurrage_rate_usd_per_day,despatch_rate_usd_per_day,allowed_laytime_hours,projected_delay_hours,net_demurrage_cost_usd
2024-01-01,Handysize,10864.87,5432.44,48,47.5,0.0
2024-01-01,Supramax,14679.21,7339.6,60,25.3,0.0
2024-01-01,Panamax,18440.43,9220.22,72,6.8,0.0
2024-01-01,Capesize,28050.02,14025.01,96,19.0,0.0
2024-01-02,Handysize,11024.5,5512.25,48,28.4,0.0
2024-01-02,Supramax,14136.07,7068.03,60,22.2,0.0
2024-01-02,Panamax,17802.68,8901.34,72,58.2,0.0
2024-01-02,Capesize,27547.94,13773.97,96,26.9,0.0
2024-01-03,Handysize,10551.83,5275.91,48,42.5,0.0
2024-01-03,Supramax,13867.56,6933.78,60,1.1,0.0
2024-01-03,Panamax,18135.93,9067.97,72,26.4,0.0
2024-01-03,Capesize,27117.82,13558.91,96,50.4,0.0
2024-01-04,Handysize,10764.75,5382.38,48,30.3,0.0
2024-01-04,Supramax,14527.92,7263.96,60,30.8,0.0
2024-01-04,Panamax,17907.35,8953.67,72,55.8,0.0
2024-01-04,Capesize,27596.19,13798.09,96,32.8,0.0
2024-01-05,Handysize,10993.77,5496.89,48,33.4,0.0
2024-01-05,Supramax,13870.76,6935.38,60,27.8,0.0
2024-01-05,Panamax,17979.66,8989.83,72,42.6,0.0
2024-01-05,Capesize,26346.89,13173.44,96,18.0,0.0
2024-01-08,Handysize,10492.76,5246.38,48,17.0,0.0
2024-01-08,Supramax,13663.46,6831.73,60,0.0,0.0
2024-01-08,Panamax,17995.36,8997.68,72,19.5,0.0
2024-01-08,Capesize,26948.94,13474.47,96,0.0,0.0
2024-01-09,Handysize,10761.24,5380.62,48,35.1,0.0
2024-01-09,Supramax,13415.05,6707.52,60,9.2,0.0
2024-01-09,Panamax,17558.57,8779.28,72,0.0,0.0
2024-01-09,Capesize,26445.23,13222.61,96,30.3,0.0
2024-01-10,Handysize,10137.5,5068.75,48,30.3,0.0
2024-01-10,Supramax,14167.44,7083.72,60,0.3,0.0
2024-01-10,Panamax,18006.14,9003.07,72,6.2,0.0
2024-01-10,Capesize,26324.92,13162.46,96,21.0,0.0
2024-01-11,Handysize,10315.49,5157.74,48,4.3,0.0
2024-01-11,Supramax,13473.59,6736.8,60,12.2,0.0
2024-01-11,Panamax,18107.6,9053.8,72,11.5,0.0
2024-01-11,Capesize,26373.36,13186.68,96,9.2,0.0
2024-01-12,Handysize,10942.43,5471.22,48,36.9,0.0
2024-01-12,Supramax,13719.91,6859.95,60,10.3,0.0
2024-01-12,Panamax,17639.33,8819.67,72,33.1,0.0
2024-01-12,Capesize,26281.01,13140.5,96,43.3,0.0
2024-01-15,Handysize,10328.48,5164.24,48,47.8,0.0
2024-01-15,Supramax,13038.44,6519.22,60,15.6,0.0
2024-01-15,Panamax,17184.98,8592.49,72,52.2,0.0
2024-01-15,Capesize,26542.67,13271.33,96,21.5,0.0
2024-01-16,Handysize,10348.79,5174.4,48,23.7,0.0
2024-01-16,Supramax,13899.51,6949.76,60,12.8,0.0
2024-01-16,Panamax,17936.94,8968.47,72,38.1,0.0
2024-01-16,Capesize,26481.09,13240.55,96,53.0,0.0
2024-01-17,Handysize,10295.77,5147.89,48,49.5,643.49
2024-01-17,Supramax,13296.33,6648.16,60,16.7,0.0
2024-01-17,Panamax,17128.54,8564.27,72,31.9,0.0
2024-01-17,Capesize,26702.96,13351.48,96,18.2,0.0
2024-01-18,Handysize,10699.91,5349.95,48,20.0,0.0
2024-01-18,Supramax,13668.75,6834.38,60,41.2,0.0
2024-01-18,Panamax,17828.13,8914.07,72,49.2,0.0
2024-01-18,Capesize,26899.43,13449.72,96,28.9,0.0
2024-01-19,Handysize,10681.37,5340.69,48,18.4,0.0
2024-01-19,Supramax,13211.2,6605.6,60,14.4,0.0
2024-01-19,Panamax,17530.16,8765.08,72,40.8,0.0
2024-01-19,Capesize,26230.93,13115.47,96,4.4,0.0
2024-01-22,Handysize,10608.99,5304.49,48,14.5,0.0
2024-01-22,Supramax,13693.84,6846.92,60,17.2,0.0
2024-01-22,Panamax,16891.2,8445.6,72,17.2,0.0
2024-01-22,Capesize,26285.04,13142.52,96,20.8,0.0
2024-01-23,Handysize,10090.91,5045.45,48,16.8,0.0
2024-01-23,Supramax,13725.07,6862.53,60,21.6,0.0
2024-01-23,Panamax,17287.78,8643.89,72,17.7,0.0
2024-01-23,Capesize,26401.73,13200.86,96,0.0,0.0
2024-01-24,Handysize,10046.4,5023.2,48,20.7,0.0
2024-01-24,Supramax,13168.69,6584.35,60,28.4,0.0
2024-01-24,Panamax,17542.26,8771.13,72,22.5,0.0
2024-01-24,Capesize,26023.3,13011.65,96,31.9,0.0
2024-01-25,Handysize,10008.29,5004.15,48,35.7,0.0
2024-01-25,Supramax,13631.72,6815.86,60,34.4,0.0
2024-01-25,Panamax,16791.1,8395.55,72,46.1,0.0
2024-01-25,Capesize,26271.17,13135.58,96,21.2,0.0
2024-01-26,Handysize,10009.63,5004.81,48,36.6,0.0
2024-01-26,Supramax,14069.82,7034.91,60,16.3,0.0
2024-01-26,Panamax,17888.86,8944.43,72,16.4,0.0
2024-01-26,Capesize,26554.24,13277.12,96,36.8,0.0
2024-01-29,Handysize,10760.35,5380.18,48,45.4,0.0
2024-01-29,Supramax,13906.81,6953.4,60,27.5,0.0
2024-01-29,Panamax,16966.93,8483.47,72,32.9,0.0
2024-01-29,Capesize,26488.69,13244.34,96,39.0,0.0
2024-01-30,Handysize,10562.86,5281.43,48,0.0,0.0
2024-01-30,Supramax,14111.1,7055.55,60,49.5,0.0
2024-01-30,Panamax,17798.11,8899.06,72,50.1,0.0
2024-01-30,Capesize,26505.24,13252.62,96,25.2,0.0
2024-01-31,Handysize,10187.16,5093.58,48,21.3,0.0
2024-01-31,Supramax,13395.48,6697.74,60,27.6,0.0
2024-01-31,Panamax,17215.45,8607.73,72,54.9,0.0
2024-01-31,Capesize,26459.84,13229.92,96,24.9,0.0
2024-02-01,Handysize,9948.82,4974.41,48,24.9,0.0
2024-02-01,Supramax,13419.26,6709.63,60,17.8,0.0
2024-02-01,Panamax,17225.53,8612.76,72,43.8,0.0
2024-02-01,Capesize,25999.58,12999.79,96,21.4,0.0
2024-02-02,Handysize,10274.44,5137.22,48,49.1,470.91
2024-02-02,Supramax,13227.03,6613.52,60,37.1,0.0
2024-02-02,Panamax,17381.31,8690.66,72,21.0,0.0
2024-02-02,Capesize,25829.95,12914.98,96,11.8,0.0
2024-02-05,Handysize,10297.48,5148.74,48,25.6,0.0
2024-02-05,Supramax,13417.23,6708.61,60,26.3,0.0
2024-02-05,Panamax,16589.46,8294.73,72,12.8,0.0
2024-02-05,Capesize,25469.12,12734.56,96,55.2,0.0
2024-02-06,Handysize,10357.7,5178.85,48,29.9,0.0
2024-02-06,Supramax,13115.57,6557.78,60,12.5,0.0
2024-02-06,Panamax,16899.78,8449.89,72,16.9,0.0
2024-02-06,Capesize,25820.37,12910.18,96,21.8,0.0
2024-02-07,Handysize,9615.69,4807.85,48,0.0,0.0
2024-02-07,Supramax,12870.1,6435.05,60,30.4,0.0
2024-02-07,Panamax,17038.53,8519.26,72,0.0,0.0
2024-02-07,Capesize,25461.46,12730.73,96,26.3,0.0
2024-02-08,Handysize,10489.28,5244.64,48,9.2,0.0
2024-02-08,Supramax,12981.47,6490.73,60,0.0,0.0
2024-02-08,Panamax,17298.99,8649.5,72,9.1,0.0
2024-02-08,Capesize,25514.68,12757.34,96,9.1,0.0
2024-02-09,Handysize,10167.68,5083.84,48,19.2,0.0
2024-02-09,Supramax,13709.63,6854.81,60,6.7,0.0
2024-02-09,Panamax,17062.73,8531.36,72,28.0,0.0
2024-02-09,Capesize,25695.46,12847.73,96,45.8,0.0
2024-02-12,Handysize,9615.03,4807.52,48,27.3,0.0
2024-02-12,Supramax,13069.31,6534.65,60,14.2,0.0
2024-02-12,Panamax,17163.54,8581.77,72,16.3,0.0
2024-02-12,Capesize,25143.81,12571.91,96,27.0,0.0
2024-02-13,Handysize,9678.44,4839.22,48,33.0,0.0
2024-02-13,Supramax,12709.99,6354.99,60,0.0,0.0
2024-02-13,Panamax,16444.12,8222.06,72,0.0,0.0
2024-02-13,Capesize,24821.54,12410.77,96,44.1,0.0
2024-02-14,Handysize,9707.38,4853.69,48,6.9,0.0
2024-02-14,Supramax,13592.89,6796.44,60,14.3,0.0
2024-02-14,Panamax,16879.39,8439.69,72,12.8,0.0
2024-02-14,Capesize,25798.99,12899.5,96,40.5,0.0
2024-02-15,Handysize,9624.54,4812.27,48,15.1,0.0
2024-02-15,Supramax,12691.25,6345.62,60,40.4,0.0
2024-02-15,Panamax,16498.88,8249.44,72,8.9,0.0
2024-02-15,Capesize,25038.92,12519.46,96,14.0,0.0
2024-02-16,Handysize,9666.69,4833.35,48,38.6,0.0
2024-02-16,Supramax,12629.42,6314.71,60,19.2,0.0
2024-02-16,Panamax,16591.3,8295.65,72,39.6,0.0
2024-02-16,Capesize,24917.5,12458.75,96,25.0,0.0
2024-02-19,Handysize,9777.17,4888.59,48,23.5,0.0
2024-02-19,Supramax,12489.11,6244.56,60,22.8,0.0
2024-02-19,Panamax,16044.69,8022.35,72,20.1,0.0
2024-02-19,Capesize,24780.7,12390.35,96,16.8,0.0
2024-02-20,Handysize,9408.82,4704.41,48,30.2,0.0
2024-02-20,Supramax,12812.02,6406.01,60,12.0,0.0
2024-02-20,Panamax,16636.44,8318.22,72,22.3,0.0
2024-02-20,Capesize,24774.74,12387.37,96,24.2,0.0
2024-02-21,Handysize,9677.2,4838.6,48,46.5,0.0
2024-02-21,Supramax,13103.67,6551.84,60,25.7,0.0
2024-02-21,Panamax,15849.55,7924.77,72,45.5,0.0
2024-02-21,Capesize,24986.87,12493.43,96,38.2,0.0
2024-02-22,Handysize,10376.94,5188.47,48,28.2,0.0
2024-02-22,Supramax,13386.56,6693.28,60,40.7,0.0
2024-02-22,Panamax,16311.59,8155.8,72,30.7,0.0
2024-02-22,Capesize,24919.79,12459.9,96,41.1,0.0
2024-02-23,Handysize,10169.57,5084.78,48,31.8,0.0
2024-02-23,Supramax,13262.68,6631.34,60,12.7,0.0
2024-02-23,Panamax,16574.72,8287.36,72,6.2,0.0
2024-02-23,Capesize,25076.55,12538.27,96,0.0,0.0
2024-02-26,Handysize,9823.83,4911.91,48,23.6,0.0
2024-02-26,Supramax,12538.32,6269.16,60,27.0,0.0
2024-02-26,Panamax,16122.73,8061.36,72,23.1,0.0
2024-02-26,Capesize,24185.97,12092.99,96,27.3,0.0
2024-02-27,Handysize,9524.08,4762.04,48,20.1,0.0
2024-02-27,Supramax,13037.26,6518.63,60,38.7,0.0
2024-02-27,Panamax,16499.88,8249.94,72,25.2,0.0
2024-02-27,Capesize,24877.09,12438.55,96,0.0,0.0
2024-02-28,Handysize,9857.64,4928.82,48,20.6,0.0
2024-02-28,Supramax,12551.97,6275.98,60,15.7,0.0
2024-02-28,Panamax,16199.56,8099.78,72,52.1,0.0
2024-02-28,Capesize,24500.43,12250.22,96,23.5,0.0
2024-02-29,Handysize,9318.8,4659.4,48,27.1,0.0
2024-02-29,Supramax,12781.22,6390.61,60,31.3,0.0
2024-02-29,Panamax,16514.96,8257.48,72,11.9,0.0
2024-02-29,Capesize,24400.23,12200.11,96,16.0,0.0
2024-03-01,Handysize,9517.12,4758.56,48,26.0,0.0
2024-03-01,Supramax,12108.75,6054.38,60,37.8,0.0
2024-03-01,Panamax,15478.11,7739.06,72,31.2,0.0
2024-03-01,Capesize,23932.53,11966.26,96,7.8,0.0
2024-03-04,Handysize,9617.51,4808.76,48,51.1,1242.26
2024-03-04,Supramax,12188.92,6094.46,60,57.3,0.0
2024-03-04,Panamax,16046.4,8023.2,72,36.4,0.0
2024-03-04,Capesize,24465.54,12232.77,96,3.8,0.0
2024-03-05,Handysize,9723.86,4861.93,48,37.0,0.0
2024-03-05,Supramax,12627.54,6313.77,60,12.4,0.0
2024-03-05,Panamax,16620.94,8310.47,72,2.5,0.0
2024-03-05,Capesize,25526.22,12763.11,96,17.9,0.0
2024-03-06,Handysize,9658.05,4829.02,48,13.4,0.0
2024-03-06,Supramax,12145.67,6072.84,60,45.3,0.0
2024-03-06,Panamax,16601.74,8300.87,72,29.8,0.0
2024-03-06,Capesize,24074.7,12037.35,96,26.4,0.0
2024-03-07,Handysize,10074.2,5037.1,48,2.9,0.0
2024-03-07,Supramax,12326.99,6163.49,60,0.0,0.0
2024-03-07,Panamax,15991.52,7995.76,72,10.2,0.0
2024-03-07,Capesize,24354.41,12177.2,96,41.8,0.0
2024-03-08,Handysize,9610.97,4805.48,48,33.7,0.0
2024-03-08,Supramax,13123.8,6561.9,60,17.5,0.0
2024-03-08,Panamax,16418.22,8209.11,72,65.0,0.0
2024-03-08,Capesize,24875.91,12437.95,96,20.5,0.0
2024-03-11,Handysize,10395.18,5197.59,48,14.6,0.0
2024-03-11,Supramax,13546.8,6773.4,60,0.0,0.0
2024-03-11,Panamax,16226.38,8113.19,72,19.6,0.0
2024-03-11,Capesize,25443.87,12721.93,96,1.2,0.0
2024-03-12,Handysize,9774.97,4887.48,48,32.1,0.0
2024-03-12,Supramax,13306.11,6653.06,60,10.1,0.0
2024-03-12,Panamax,17030.56,8515.28,72,27.7,0.0
2024-03-12,Capesize,25132.05,12566.02,96,22.6,0.0
2024-03-13,Handysize,9833.36,4916.68,48,31.8,0.0
2024-03-13,Supramax,13190.5,6595.25,60,33.9,0.0
2024-03-13,Panamax,16526.03,8263.01,72,46.3,0.0
2024-03-13,Capesize,25123.79,12561.9,96,17.0,0.0
2024-03-14,Handysize,10047.52,5023.76,48,29.3,0.0
2024-03-14,Supramax,12349.19,6174.6,60,13.8,0.0
2024-03-14,Panamax,15993.84,7996.92,72,2.5,0.0
2024-03-14,Capesize,25038.06,12519.03,96,12.7,0.0
2024-03-15,Handysize,9650.3,4825.15,48,29.7,0.0
2024-03-15,Supramax,12546.15,6273.07,60,24.0,0.0
2024-03-15,Panamax,16398.77,8199.39,72,33.0,0.0
2024-03-15,Capesize,25087.62,12543.81,96,27.2,0.0
2024-03-18,Handysize,9412.85,4706.43,48,15.2,0.0
2024-03-18,Supramax,12722.8,6361.4,60,10.2,0.0
2024-03-18,Panamax,16548.17,8274.08,72,20.8,0.0
2024-03-18,Capesize,24817.3,12408.65,96,57.2,0.0
2024-03-19,Handysize,9377.95,4688.98,48,41.7,0.0
2024-03-19,Supramax,12666.27,6333.14,60,39.8,0.0
2024-03-19,Panamax,15885.77,7942.89,72,10.7,0.0
2024-03-19,Capesize,24685.2,12342.6,96,51.2,0.0
2024-03-20,Handysize,9839.04,4919.52,48,11.5,0.0
2024-03-20,Supramax,13139.28,6569.64,60,38.8,0.0
2024-03-20,Panamax,16202.84,8101.42,72,46.4,0.0
2024-03-20,Capesize,24861.59,12430.8,96,18.9,0.0
2024-03-21,Handysize,9659.96,4829.98,48,24.3,0.0
2024-03-21,Supramax,12424.18,6212.09,60,43.5,0.0
2024-03-21,Panamax,16700.9,8350.45,72,0.0,0.0
2024-03-21,Capesize,24881.29,12440.65,96,32.9,0.0
2024-03-22,Handysize,10068.63,5034.31,48,14.6,0.0
2024-03-22,Supramax,12834.1,6417.05,60,36.6,0.0
2024-03-22,Panamax,16851.32,8425.66,72,28.8,0.0
2024-03-22,Capesize,25115.61,12557.81,96,36.3,0.0
2024-03-25,Handysize,9786.66,4893.33,48,27.2,0.0
2024-03-25,Supramax,12587.02,6293.51,60,40.4,0.0
2024-03-25,Panamax,16431.69,8215.84,72,37.6,0.0
2024-03-25,Capesize,24556.92,12278.46,96,35.9,0.0
2024-03-26,Handysize,9773.48,4886.74,48,40.8,0.0
2024-03-26,Supramax,12903.38,6451.69,60,13.3,0.0
2024-03-26,Panamax,16416.26,8208.13,72,42.1,0.0
2024-03-26,Capesize,24846.14,12423.07,96,53.6,0.0
2024-03-27,Handysize,10268.45,5134.23,48,26.4,0.0
2024-03-27,Supramax,13504.54,6752.27,60,29.1,0.0
2024-03-27,Panamax,16748.14,8374.07,72,13.0,0.0
2024-03-27,Capesize,24877.73,12438.86,96,2.1,0.0
2024-03-28,Handysize,10210.15,5105.07,48,35.6,0.0
2024-03-28,Supramax,12573.18,6286.59,60,48.3,0.0
2024-03-28,Panamax,16210.58,8105.29,72,2.0,0.0
2024-03-28,Capesize,24397.31,12198.66,96,26.7,0.0
2024-03-29,Handysize,9402.35,4701.18,48,34.1,0.0
2024-03-29,Supramax,12277.77,6138.89,60,17.0,0.0
2024-03-29,Panamax,16121.29,8060.65,72,24.1,0.0
2024-03-29,Capesize,24526.19,12263.09,96,42.5,0.0
2024-04-01,Handysize,9568.46,4784.23,48,0.0,0.0
2024-04-01,Supramax,12600.22,6300.11,60,14.0,0.0
2024-04-01,Panamax,16325.8,8162.9,72,35.9,0.0
2024-04-01,Capesize,24607.44,12303.72,96,33.0,0.0
2024-04-02,Handysize,9458.38,4729.19,48,37.7,0.0
2024-04-02,Supramax,12899.54,6449.77,60,18.4,0.0
2024-04-02,Panamax,15595.3,7797.65,72,21.7,0.0
2024-04-02,Capesize,24366.25,12183.12,96,26.5,0.0
2024-04-03,Handysize,9633.65,4816.82,48,20.9,0.0
2024-04-03,Supramax,12649.76,6324.88,60,17.9,0.0
2024-04-03,Panamax,16274.65,8137.32,72,10.7,0.0
2024-04-03,Capesize,24244.67,12122.33,96,13.1,0.0
2024-04-04,Handysize,10070.96,5035.48,48,15.5,0.0
2024-04-04,Supramax,13111.25,6555.62,60,0.0,0.0
2024-04-04,Panamax,16142.5,8071.25,72,0.0,0.0
2024-04-04,Capesize,24829.4,12414.7,96,0.0,0.0
2024-04-05,Handysize,10065.42,5032.71,48,36.3,0.0
2024-04-05,Supramax,13349.21,6674.6,60,37.4,0.0
2024-04-05,Panamax,16701.24,8350.62,72,15.3,0.0
2024-04-05,Capesize,25086.47,12543.24,96,13.4,0.0
2024-04-08,Handysize,9852.02,4926.01,48,16.4,0.0
2024-04-08,Supramax,12745.26,6372.63,60,46.2,0.0
2024-04-08,Panamax,16720.78,8360.39,72,37.0,0.0
2024-04-08,Capesize,24558.0,12279.0,96,21.5,0.0
2024-04-09,Handysize,10138.41,5069.2,48,27.7,0.0
2024-04-09,Supramax,13189.1,6594.55,60,29.1,0.0
2024-04-09,Panamax,16624.34,8312.17,72,23.8,0.0
2024-04-09,Capesize,25610.35,12805.17,96,33.7,0.0
2024-04-10,Handysize,10187.97,5093.98,48,18.2,0.0
2024-04-10,Supramax,12800.56,6400.28,60,18.3,0.0
2024-04-10,Panamax,16359.34,8179.67,72,43.3,0.0
2024-04-10,Capesize,24756.68,12378.34,96,18.3,0.0
2024-04-11,Handysize,10215.19,5107.6,48,36.5,0.0
2024-04-11,Supramax,13318.25,6659.12,60,17.4,0.0
2024-04-11,Panamax,16033.16,8016.58,72,12.4,0.0
2024-04-11,Capesize,24757.3,12378.65,96,24.2,0.0
2024-04-12,Handysize,10134.58,5067.29,48,27.5,0.0
2024-04-12,Supramax,12875.03,6437.52,60,6.1,0.0
2024-04-12,Panamax,16797.21,8398.6,72,11.4,0.0
2024-04-12,Capesize,25033.68,12516.84,96,20.6,0.0
2024-04-15,Handysize,9826.2,4913.1,48,11.5,0.0
2024-04-15,Supramax,12576.79,6288.4,60,21.4,0.0
2024-04-15,Panamax,16918.01,8459.0,72,35.7,0.0
2024-04-15,Capesize,25224.98,12612.49,96,47.3,0.0
2024-04-16,Handysize,9689.63,4844.81,48,17.9,0.0
2024-04-16,Supramax,12995.81,6497.9,60,17.8,0.0
2024-04-16,Panamax,15946.5,7973.25,72,20.0,0.0
2024-04-16,Capesize,25024.47,12512.24,96,21.8,0.0
2024-04-17,Handysize,9768.59,4884.3,48,29.1,0.0
2024-04-17,Supramax,12861.12,6430.56,60,25.1,0.0
2024-04-17,Panamax,16646.43,8323.22,72,27.5,0.0
2024-04-17,Capesize,25257.11,12628.56,96,19.3,0.0
2024-04-18,Handysize,9703.2,4851.6,48,14.5,0.0
2024-04-18,Supramax,12791.45,6395.73,60,0.0,0.0
2024-04-18,Panamax,15749.54,7874.77,72,0.0,0.0
2024-04-18,Capesize,24032.26,12016.13,96,27.2,0.0
2024-04-19,Handysize,9354.59,4677.3,48,0.0,0.0
2024-04-19,Supramax,12778.58,6389.29,60,19.9,0.0
2024-04-19,Panamax,16305.35,8152.68,72,43.3,0.0
2024-04-19,Capesize,24803.4,12401.7,96,42.0,0.0
2024-04-22,Handysize,9839.35,4919.68,48,1.7,0.0
2024-04-22,Supramax,12222.59,6111.3,60,21.2,0.0
2024-04-22,Panamax,15321.41,7660.7,72,55.5,0.0
2024-04-22,Capesize,24064.52,12032.26,96,21.3,0.0
2024-04-23,Handysize,9737.1,4868.55,48,23.7,0.0
2024-04-23,Supramax,12255.98,6127.99,60,39.4,0.0
2024-04-23,Panamax,16148.11,8074.06,72,38.6,0.0
2024-04-23,Capesize,24309.32,12154.66,96,12.0,0.0
2024-04-24,Handysize,9634.77,4817.39,48,30.0,0.0
2024-04-24,Supramax,12274.15,6137.07,60,5.0,0.0
2024-04-24,Panamax,15875.17,7937.59,72,30.2,0.0
2024-04-24,Capesize,24135.02,12067.51,96,32.6,0.0
2024-04-25,Handysize,9894.77,4947.39,48,26.8,0.0
2024-04-25,Supramax,13193.01,6596.51,60,17.9,0.0
2024-04-25,Panamax,16343.05,8171.52,72,37.9,0.0
2024-04-25,Capesize,24133.76,12066.88,96,40.9,0.0
2024-04-26,Handysize,10039.03,5019.52,48,16.5,0.0
2024-04-26,Supramax,12859.38,6429.69,60,24.8,0.0
2024-04-26,Panamax,16305.25,8152.62,72,21.4,0.0
2024-04-26,Capesize,24178.23,12089.11,96,29.1,0.0
2024-04-29,Handysize,9898.19,4949.1,48,48.8,329.94
2024-04-29,Supramax,12257.27,6128.64,60,12.3,0.0
2024-04-29,Panamax,16072.96,8036.48,72,0.0,0.0
2024-04-29,Capesize,24603.71,12301.85,96,13.5,0.0
2024-04-30,Handysize,10080.91,5040.45,48,26.7,0.0
2024-04-30,Supramax,12780.41,6390.2,60,18.8,0.0
2024-04-30,Panamax,16339.74,8169.87,72,13.3,0.0
2024-04-30,Capesize,24464.62,12232.31,96,35.4,0.0
2024-05-01,Handysize,9715.14,4857.57,48,6.6,0.0
2024-05-01,Supramax,12455.99,6227.99,60,44.4,0.0
2024-05-01,Panamax,16410.5,8205.25,72,21.2,0.0
2024-05-01,Capesize,25392.15,12696.08,96,3.4,0.0
2024-05-02,Handysize,10254.27,5127.14,48,0.0,0.0
2024-05-02,Supramax,13232.92,6616.46,60,38.3,0.0
2024-05-02,Panamax,16985.23,8492.61,72,8.9,0.0
2024-05-02,Capesize,25165.04,12582.52,96,31.2,0.0
2024-05-03,Handysize,10386.01,5193.01,48,11.3,0.0
2024-05-03,Supramax,13052.69,6526.35,60,32.8,0.0
2024-05-03,Panamax,16525.35,8262.67,72,29.3,0.0
2024-05-03,Capesize,25090.69,12545.34,96,6.5,0.0
2024-05-06,Handysize,9492.91,4746.45,48,25.4,0.0
2024-05-06,Supramax,13007.2,6503.6,60,23.7,0.0
2024-05-06,Panamax,16713.39,8356.69,72,19.4,0.0
2024-05-06,Capesize,24966.46,12483.23,96,6.6,0.0
2024-05-07,Handysize,9914.76,4957.38,48,45.7,0.0
2024-05-07,Supramax,13074.77,6537.39,60,17.8,0.0
2024-05-07,Panamax,16427.55,8213.77,72,0.5,0.0
2024-05-07,Capesize,25222.5,12611.25,96,21.5,0.0
2024-05-08,Handysize,9436.34,4718.17,48,24.6,0.0
2024-05-08,Supramax,13291.6,6645.8,60,38.0,0.0
2024-05-08,Panamax,16783.66,8391.83,72,32.0,0.0
2024-05-08,Capesize,25062.34,12531.17,96,20.3,0.0
2024-05-09,Handysize,9516.43,4758.22,48,25.7,0.0
2024-05-09,Supramax,13172.76,6586.38,60,2.0,0.0
2024-05-09,Panamax,17010.5,8505.25,72,13.1,0.0
2024-05-09,Capesize,25475.16,12737.58,96,16.6,0.0
2024-05-10,Handysize,9775.5,4887.75,48,0.0,0.0
2024-05-10,Supramax,13527.76,6763.88,60,0.0,0.0
2024-05-10,Panamax,16599.25,8299.62,72,21.1,0.0
2024-05-10,Capesize,26063.08,13031.54,96,4.9,0.0
2024-05-13,Handysize,10671.92,5335.96,48,11.1,0.0
2024-05-13,Supramax,13645.48,6822.74,60,47.0,0.0
2024-05-13,Panamax,17283.33,8641.67,72,22.8,0.0
2024-05-13,Capesize,26096.43,13048.22,96,41.2,0.0
2024-05-14,Handysize,10470.74,5235.37,48,25.5,0.0
2024-05-14,Supramax,13332.69,6666.35,60,25.6,0.0
2024-05-14,Panamax,17422.92,8711.46,72,0.0,0.0
2024-05-14,Capesize,26420.69,13210.34,96,8.8,0.0
2024-05-15,Handysize,10129.29,5064.65,48,14.2,0.0
2024-05-15,Supramax,12995.38,6497.69,60,22.7,0.0
2024-05-15,Panamax,17179.85,8589.92,72,14.8,0.0
2024-05-15,Capesize,25456.3,12728.15,96,24.2,0.0
2024-05-16,Handysize,10597.54,5298.77,48,27.0,0.0
2024-05-16,Supramax,13344.38,6672.19,60,30.8,0.0
2024-05-16,Panamax,16849.11,8424.56,72,19.0,0.0
2024-05-16,Capesize,26189.73,13094.86,96,40.3,0.0
2024-05-17,Handysize,10525.33,5262.66,48,22.2,0.0
2024-05-17,Supramax,13653.46,6826.73,60,47.1,0.0
2024-05-17,Panamax,17316.54,8658.27,72,41.5,0.0
2024-05-17,Capesize,25813.88,12906.94,96,33.1,0.0
2024-05-20,Handysize,10030.1,5015.05,48,9.0,0.0
2024-05-20,Supramax,13921.34,6960.67,60,34.6,0.0
2024-05-20,Panamax,17688.01,8844.0,72,39.7,0.0
2024-05-20,Capesize,26331.7,13165.85,96,35.1,0.0
2024-05-21,Handysize,10937.05,5468.52,48,25.7,0.0
2024-05-21,Supramax,13642.08,6821.04,60,40.6,0.0
2024-05-21,Panamax,18249.42,9124.71,72,38.9,0.0
2024-05-21,Capesize,26640.26,13320.13,96,17.5,0.0
2024-05-22,Handysize,10336.86,5168.43,48,16.6,0.0
2024-05-22,Supramax,13494.49,6747.24,60,43.7,0.0
2024-05-22,Panamax,17460.51,8730.25,72,27.9,0.0
2024-05-22,Capesize,26468.57,13234.28,96,18.4,0.0
2024-05-23,Handysize,10276.58,5138.29,48,39.6,0.0
2024-05-23,Supramax,13746.0,6873.0,60,8.7,0.0
2024-05-23,Panamax,17557.13,8778.57,72,35.2,0.0
2024-05-23,Capesize,26949.87,13474.93,96,46.2,0.0
2024-05-24,Handysize,10386.53,5193.27,48,29.6,0.0
2024-05-24,Supramax,13995.65,6997.82,60,41.7,0.0
2024-05-24,Panamax,17475.98,8737.99,72,26.4,0.0
2024-05-24,Capesize,26548.01,13274.0,96,15.2,0.0
2024-05-27,Handysize,10215.78,5107.89,48,10.8,0.0
2024-05-27,Supramax,13574.06,6787.03,60,31.7,0.0
2024-05-27,Panamax,17428.24,8714.12,72,38.2,0.0
2024-05-27,Capesize,26955.36,13477.68,96,25.2,0.0
2024-05-28,Handysize,10712.03,5356.02,48,15.2,0.0
2024-05-28,Supramax,13480.88,6740.44,60,33.3,0.0
2024-05-28,Panamax,17927.02,8963.51,72,14.8,0.0
2024-05-28,Capesize,26906.09,13453.05,96,7.2,0.0
2024-05-29,Handysize,11139.57,5569.78,48,33.9,0.0
2024-05-29,Supramax,14291.65,7145.82,60,27.2,0.0
2024-05-29,Panamax,17926.46,8963.23,72,17.2,0.0
2024-05-29,Capesize,26764.96,13382.48,96,37.9,0.0
2024-05-30,Handysize,10731.57,5365.78,48,39.4,0.0
2024-05-30,Supramax,13907.98,6953.99,60,23.4,0.0
2024-05-30,Panamax,17665.55,8832.77,72,19.1,0.0
2024-05-30,Capesize,26791.47,13395.74,96,31.1,0.0
2024-05-31,Handysize,10756.98,5378.49,48,19.4,0.0
2024-05-31,Supramax,14354.5,7177.25,60,5.3,0.0
2024-05-31,Panamax,18112.22,9056.11,72,43.5,0.0
2024-05-31,Capesize,27102.84,13551.42,96,3.9,0.0
2024-06-03,Handysize,10347.98,5173.99,48,69.3,9183.83
2024-06-03,Supramax,13499.38,6749.69,60,39.9,0.0
2024-06-03,Panamax,17316.02,8658.01,72,96.7,17821.07
2024-06-03,Capesize,26137.34,13068.67,96,19.8,0.0
2024-06-04,Handysize,10422.1,5211.05,48,61.4,5819.01
2024-06-04,Supramax,13379.6,6689.8,60,84.4,13602.59
2024-06-04,Panamax,17099.96,8549.98,72,60.2,0.0
2024-06-04,Capesize,25542.95,12771.48,96,57.7,0.0
2024-06-05,Handysize,10547.01,5273.51,48,60.9,5669.02
2024-06-05,Supramax,13182.51,6591.26,60,43.0,0.0
2024-06-05,Panamax,17358.2,8679.1,72,44.2,0.0
2024-06-05,Capesize,26362.94,13181.47,96,56.5,0.0
2024-06-06,Handysize,9850.98,4925.49,48,36.6,0.0
2024-06-06,Supramax,13015.77,6507.89,60,35.1,0.0
2024-06-06,Panamax,17656.0,8828.0,72,44.9,0.0
2024-06-06,Capesize,25994.14,12997.07,96,39.2,0.0
2024-06-07,Handysize,10265.59,5132.8,48,59.5,4918.93
2024-06-07,Supramax,12919.62,6459.81,60,76.8,9043.73
2024-06-07,Panamax,16771.43,8385.72,72,72.8,559.05
2024-06-07,Capesize,25381.8,12690.9,96,42.1,0.0
2024-06-10,Handysize,10386.09,5193.05,48,42.7,0.0
2024-06-10,Supramax,14027.88,7013.94,60,34.7,0.0
2024-06-10,Panamax,17072.76,8536.38,72,62.7,0.0
2024-06-10,Capesize,26464.12,13232.06,96,54.8,0.0
2024-06-11,Handysize,9967.2,4983.6,48,54.2,2574.86
2024-06-11,Supramax,13161.05,6580.52,60,62.0,1096.75
2024-06-11,Panamax,17545.96,8772.98,72,52.3,0.0
2024-06-11,Capesize,25878.29,12939.15,96,66.2,0.0
2024-06-12,Handysize,10401.44,5200.72,48,51.4,1473.54
2024-06-12,Supramax,13348.22,6674.11,60,60.2,111.24
2024-06-12,Panamax,17601.41,8800.7,72,60.1,0.0
2024-06-12,Capesize,25704.38,12852.19,96,49.8,0.0
2024-06-13,Handysize,9979.74,4989.87,48,66.5,7692.72
2024-06-13,Supramax,13433.12,6716.56,60,70.5,5876.99
2024-06-13,Panamax,17185.8,8592.9,72,78.4,4582.88
2024-06-13,Capesize,26381.08,13190.54,96,34.2,0.0
2024-06-14,Handysize,10341.04,5170.52,48,52.2,1809.68
2024-06-14,Supramax,13706.9,6853.45,60,81.7,12393.32
2024-06-14,Panamax,17349.08,8674.54,72,69.2,0.0
2024-06-14,Capesize,26692.15,13346.08,96,64.9,0.0
2024-06-17,Handysize,9972.64,4986.32,48,40.3,0.0
2024-06-17,Supramax,14113.55,7056.77,60,60.6,352.84
2024-06-17,Panamax,17802.46,8901.23,72,78.1,4524.79
2024-06-17,Capesize,26953.77,13476.89,96,37.0,0.0
2024-06-18,Handysize,9911.85,4955.93,48,53.0,2064.97
2024-06-18,Supramax,13026.97,6513.48,60,74.2,7707.62
2024-06-18,Panamax,17033.35,8516.67,72,43.3,0.0
2024-06-18,Capesize,25960.08,12980.04,96,70.4,0.0
2024-06-19,Handysize,10469.93,5234.97,48,31.4,0.0
2024-06-19,Supramax,13575.28,6787.64,60,35.7,0.0
2024-06-19,Panamax,17009.45,8504.73,72,58.2,0.0
2024-06-19,Capesize,25726.48,12863.24,96,56.8,0.0
2024-06-20,Handysize,10348.15,5174.07,48,61.2,5691.48
2024-06-20,Supramax,12982.76,6491.38,60,48.5,0.0
2024-06-20,Panamax,17091.36,8545.68,72,48.6,0.0
2024-06-20,Capesize,25459.73,12729.86,96,61.4,0.0
2024-06-21,Handysize,9507.86,4753.93,48,47.7,0.0
2024-06-21,Supramax,12622.78,6311.39,60,86.5,13937.65
2024-06-21,Panamax,16186.12,8093.06,72,62.5,0.0
2024-06-21,Capesize,25251.86,12625.93,96,56.4,0.0
2024-06-24,Handysize,10053.77,5026.89,48,55.2,3016.13
2024-06-24,Supramax,12803.35,6401.68,60,47.8,0.0
2024-06-24,Panamax,16119.89,8059.94,72,42.7,0.0
2024-06-24,Capesize,25441.93,12720.97,96,35.2,0.0
2024-06-25,Handysize,10039.43,5019.72,48,57.9,4141.26
2024-06-25,Supramax,13479.21,6739.6,60,31.5,0.0
2024-06-25,Panamax,16853.01,8426.5,72,63.9,0.0
2024-06-25,Capesize,25172.93,12586.47,96,74.5,0.0
2024-06-26,Handysize,9755.12,4877.56,48,69.1,8576.38
2024-06-26,Supramax,13433.41,6716.7,60,45.0,0.0
2024-06-26,Panamax,16951.18,8475.59,72,55.4,0.0
2024-06-26,Capesize,25938.22,12969.11,96,53.0,0.0
2024-06-27,Handysize,10049.8,5024.9,48,62.3,5988.01
2024-06-27,Supramax,13654.4,6827.2,60,62.2,1251.65
2024-06-27,Panamax,17669.42,8834.71,72,46.5,0.0
2024-06-27,Capesize,25754.29,12877.15,96,48.9,0.0
2024-06-28,Handysize,10707.94,5353.97,48,71.2,10351.01
2024-06-28,Supramax,13943.08,6971.54,60,52.7,0.0
2024-06-28,Panamax,17692.58,8846.29,72,41.2,0.0
2024-06-28,Capesize,25571.75,12785.88,96,58.2,0.0
2024-07-01,Handysize,10076.35,5038.18,48,76.3,11881.7
2024-07-01,Supramax,13775.44,6887.72,60,45.6,0.0
2024-07-01,Panamax,16664.82,8332.41,72,38.7,0.0
2024-07-01,Capesize,26163.14,13081.57,96,34.0,0.0
2024-07-02,Handysize,10621.32,5310.66,48,60.1,5354.92
2024-07-02,Supramax,12979.41,6489.7,60,57.9,0.0
2024-07-02,Panamax,17161.49,8580.75,72,62.7,0.0
2024-07-02,Capesize,25666.93,12833.47,96,53.9,0.0
2024-07-03,Handysize,10421.71,5210.85,48,51.0,1302.71
2024-07-03,Supramax,14011.78,7005.89,60,36.5,0.0
2024-07-03,Panamax,17193.31,8596.66,72,44.5,0.0
2024-07-03,Capesize,25970.08,12985.04,96,56.3,0.0
2024-07-04,Handysize,10341.27,5170.64,48,56.1,3490.18
2024-07-04,Supramax,13444.05,6722.02,60,59.7,0.0
2024-07-04,Panamax,17874.98,8937.49,72,63.0,0.0
2024-07-04,Capesize,26651.06,13325.53,96,62.7,0.0
2024-07-05,Handysize,10382.66,5191.33,48,58.7,4628.94
2024-07-05,Supramax,13570.1,6785.05,60,50.9,0.0
2024-07-05,Panamax,17436.67,8718.33,72,49.1,0.0
2024-07-05,Capesize,26152.13,13076.07,96,46.8,0.0
2024-07-08,Handysize,10345.58,5172.79,48,42.4,0.0
2024-07-08,Supramax,14374.12,7187.06,60,45.5,0.0
2024-07-08,Panamax,18004.11,9002.06,72,51.3,0.0
2024-07-08,Capesize,26984.16,13492.08,96,59.4,0.0
2024-07-09,Handysize,10201.35,5100.68,48,50.7,1147.65
2024-07-09,Supramax,13775.56,6887.78,60,80.6,11824.02
2024-07-09,Panamax,17865.54,8932.77,72,58.0,0.0
2024-07-09,Capesize,26283.58,13141.79,96,46.2,0.0
2024-07-10,Handysize,10305.07,5152.53,48,56.1,3477.96
2024-07-10,Supramax,13311.07,6655.53,60,75.5,8596.73
2024-07-10,Panamax,17290.55,8645.27,72,70.7,0.0
2024-07-10,Capesize,26477.32,13238.66,96,62.6,0.0
2024-07-11,Handysize,10233.18,5116.59,48,41.6,0.0
2024-07-11,Supramax,13269.4,6634.7,60,69.1,5031.31
2024-07-11,Panamax,16897.09,8448.55,72,46.8,0.0
2024-07-11,Capesize,25648.0,12824.0,96,86.5,0.0
2024-07-12,Handysize,10162.76,5081.38,48,42.0,0.0
2024-07-12,Supramax,13357.54,6678.77,60,60.9,500.91
2024-07-12,Panamax,17574.16,8787.08,72,72.5,366.13
2024-07-12,Capesize,26277.15,13138.58,96,38.9,0.0
2024-07-15,Handysize,10253.49,5126.74,48,92.5,19011.68
2024-07-15,Supramax,13444.77,6722.39,60,54.7,0.0
2024-07-15,Panamax,17710.54,8855.27,72,88.5,12176.0
2024-07-15,Capesize,26165.85,13082.92,96,53.7,0.0
2024-07-16,Handysize,10225.37,5112.69,48,81.9,14443.34
2024-07-16,Supramax,13357.57,6678.78,60,37.8,0.0
2024-07-16,Panamax,17534.13,8767.07,72,29.6,0.0
2024-07-16,Capesize,25907.39,12953.69,96,65.4,0.0
2024-07-17,Handysize,10861.83,5430.91,48,55.1,3213.29
2024-07-17,Supramax,13428.87,6714.44,60,61.1,615.49
2024-07-17,Panamax,17442.77,8721.39,72,42.2,0.0
2024-07-17,Capesize,26081.62,13040.81,96,70.2,0.0
2024-07-18,Handysize,10833.07,5416.53,48,53.5,2482.58
2024-07-18,Supramax,13361.93,6680.97,60,69.8,5456.12
2024-07-18,Panamax,17563.13,8781.57,72,45.7,0.0
2024-07-18,Capesize,26256.58,13128.29,96,57.9,0.0
2024-07-19,Handysize,10214.61,5107.31,48,66.9,8044.01
2024-07-19,Supramax,13974.0,6987.0,60,67.2,4192.2
2024-07-19,Panamax,17615.49,8807.75,72,79.3,5358.04
2024-07-19,Capesize,26846.94,13423.47,96,72.6,0.0
2024-07-22,Handysize,10076.54,5038.27,48,88.2,16878.2
2024-07-22,Supramax,13557.41,6778.7,60,76.6,9377.21
2024-07-22,Panamax,18042.34,9021.17,72,59.1,0.0
2024-07-22,Capesize,26780.24,13390.12,96,50.6,0.0
2024-07-23,Handysize,10777.4,5388.7,48,54.7,3008.69
2024-07-23,Supramax,13588.28,6794.14,60,60.4,226.47
2024-07-23,Panamax,17648.44,8824.22,72,56.2,0.0
2024-07-23,Capesize,26631.28,13315.64,96,32.3,0.0
2024-07-24,Handysize,10424.54,5212.27,48,69.7,9425.52
2024-07-24,Supramax,13845.09,6922.55,60,60.8,461.5
2024-07-24,Panamax,18167.72,9083.86,72,32.2,0.0
2024-07-24,Capesize,27475.63,13737.82,96,58.3,0.0
2024-07-25,Handysize,10941.55,5470.77,48,43.4,0.0
2024-07-25,Supramax,14366.21,7183.1,60,35.6,0.0
2024-07-25,Panamax,18202.69,9101.34,72,44.4,0.0
2024-07-25,Capesize,27559.27,13779.64,96,61.5,0.0
2024-07-26,Handysize,11170.54,5585.27,48,58.6,4933.66
2024-07-26,Supramax,14029.21,7014.6,60,52.2,0.0
2024-07-26,Panamax,17793.07,8896.53,72,51.4,0.0
2024-07-26,Capesize,27633.99,13817.0,96,57.9,0.0
2024-07-29,Handysize,11204.55,5602.27,48,50.0,933.71
2024-07-29,Supramax,14435.82,7217.91,60,70.3,6195.37
2024-07-29,Panamax,18514.26,9257.13,72,91.5,15042.84
2024-07-29,Capesize,27756.94,13878.47,96,63.7,0.0
2024-07-30,Handysize,11061.33,5530.66,48,50.2,1013.96
2024-07-30,Supramax,14017.25,7008.62,60,57.9,0.0
2024-07-30,Panamax,18107.32,9053.66,72,59.4,0.0
2024-07-30,Capesize,27599.5,13799.75,96,48.6,0.0
2024-07-31,Handysize,10458.62,5229.31,48,55.5,3268.32
2024-07-31,Supramax,14429.56,7214.78,60,27.0,0.0
2024-07-31,Panamax,18653.88,9326.94,72,65.4,0.0
2024-07-31,Capesize,27371.62,13685.81,96,60.0,0.0
2024-08-01,Handysize,10383.37,5191.69,48,57.9,4283.14
2024-08-01,Supramax,13947.31,6973.65,60,45.9,0.0
2024-08-01,Panamax,18446.38,9223.19,72,55.8,0.0
2024-08-01,Capesize,27171.92,13585.96,96,67.4,0.0
2024-08-02,Handysize,10373.98,5186.99,48,63.1,6526.96
2024-08-02,Supramax,14455.27,7227.64,60,50.4,0.0
2024-08-02,Panamax,18270.37,9135.18,72,46.4,0.0
2024-08-02,Capesize,27508.65,13754.33,96,76.1,0.0
2024-08-05,Handysize,10990.9,5495.45,48,43.1,0.0
2024-08-05,Supramax,14419.22,7209.61,60,50.4,0.0
2024-08-05,Panamax,18462.93,9231.47,72,75.0,2307.87
2024-08-05,Capesize,27515.79,13757.9,96,61.3,0.0
2024-08-06,Handysize,11220.98,5610.49,48,54.6,3085.77
2024-08-06,Supramax,14330.87,7165.44,60,72.3,7344.57
2024-08-06,Panamax,18785.35,9392.67,72,28.9,0.0
2024-08-06,Capesize,28021.89,14010.94,96,47.3,0.0
2024-08-07,Handysize,11094.47,5547.23,48,75.2,12573.73
2024-08-07,Supramax,14055.07,7027.53,60,57.6,0.0
2024-08-07,Panamax,17859.5,8929.75,72,69.2,0.0
2024-08-07,Capesize,28162.17,14081.08,96,44.4,0.0
2024-08-08,Handysize,10761.09,5380.55,48,55.8,3497.35
2024-08-08,Supramax,14915.16,7457.58,60,58.6,0.0
2024-08-08,Panamax,18849.85,9424.92,72,46.7,0.0
2024-08-08,Capesize,28034.79,14017.4,96,17.3,0.0
2024-08-09,Handysize,11114.7,5557.35,48,64.4,7595.05
2024-08-09,Supramax,14634.25,7317.12,60,43.8,0.0
2024-08-09,Panamax,19204.2,9602.1,72,44.0,0.0
2024-08-09,Capesize,29289.93,14644.97,96,49.4,0.0
2024-08-12,Handysize,11639.85,5819.93,48,22.6,0.0
2024-08-12,Supramax,15127.09,7563.55,60,68.1,5105.39
2024-08-12,Panamax,18757.53,9378.76,72,55.2,0.0
2024-08-12,Capesize,28654.39,14327.19,96,73.0,0.0
2024-08-13,Handysize,11234.0,5617.0,48,58.9,5102.11
2024-08-13,Supramax,14417.89,7208.94,60,47.2,0.0
2024-08-13,Panamax,18834.85,9417.42,72,73.8,1412.61
2024-08-13,Capesize,28949.41,14474.7,96,59.2,0.0
2024-08-14,Handysize,11374.87,5687.44,48,72.1,11422.27
2024-08-14,Supramax,14505.74,7252.87,60,55.2,0.0
2024-08-14,Panamax,18340.53,9170.26,72,43.5,0.0
2024-08-14,Capesize,28172.4,14086.2,96,53.0,0.0
2024-08-15,Handysize,11270.62,5635.31,48,46.5,0.0
2024-08-15,Supramax,14306.94,7153.47,60,45.7,0.0
2024-08-15,Panamax,18956.63,9478.32,72,52.6,0.0
2024-08-15,Capesize,28639.02,14319.51,96,74.8,0.0
2024-08-16,Handysize,11604.3,5802.15,48,92.3,21419.6
2024-08-16,Supramax,14588.34,7294.17,60,59.6,0.0
2024-08-16,Panamax,18983.63,9491.82,72,15.9,0.0
2024-08-16,Capesize,28735.17,14367.58,96,45.9,0.0
2024-08-19,Handysize,10893.97,5446.98,48,44.2,0.0
2024-08-19,Supramax,14419.13,7209.56,60,72.5,7509.96
2024-08-19,Panamax,19090.86,9545.43,72,29.5,0.0
2024-08-19,Capesize,28680.02,14340.01,96,43.3,0.0
2024-08-20,Handysize,11313.15,5656.57,48,54.9,3252.53
2024-08-20,Supramax,14498.72,7249.36,60,71.0,6645.25
2024-08-20,Panamax,19381.79,9690.9,72,36.8,0.0
2024-08-20,Capesize,28620.15,14310.08,96,62.8,0.0
2024-08-21,Handysize,11668.98,5834.49,48,65.3,8411.39
2024-08-21,Supramax,14669.04,7334.52,60,87.5,16808.28
2024-08-21,Panamax,19243.68,9621.84,72,51.5,0.0
2024-08-21,Capesize,28081.25,14040.62,96,65.9,0.0
2024-08-22,Handysize,11389.57,5694.78,48,39.8,0.0
2024-08-22,Supramax,14589.91,7294.95,60,27.3,0.0
2024-08-22,Panamax,18181.9,9090.95,72,54.0,0.0
2024-08-22,Capesize,28615.9,14307.95,96,69.6,0.0
2024-08-23,Handysize,10772.34,5386.17,48,49.9,852.81
2024-08-23,Supramax,14158.01,7079.01,60,50.4,0.0
2024-08-23,Panamax,17906.62,8953.31,72,65.0,0.0
2024-08-23,Capesize,27525.21,13762.6,96,68.2,0.0
2024-08-26,Handysize,10668.22,5334.11,48,49.4,622.31
2024-08-26,Supramax,14234.01,7117.01,60,41.4,0.0
2024-08-26,Panamax,18224.24,9112.12,72,43.1,0.0
2024-08-26,Capesize,28294.42,14147.21,96,31.9,0.0
2024-08-27,Handysize,10956.85,5478.43,48,75.1,12372.11
2024-08-27,Supramax,14601.06,7300.53,60,62.3,1399.27
2024-08-27,Panamax,18410.46,9205.23,72,61.7,0.0
2024-08-27,Capesize,28484.89,14242.44,96,56.5,0.0
2024-08-28,Handysize,11580.85,5790.43,48,46.6,0.0
2024-08-28,Supramax,15116.92,7558.46,60,49.9,0.0
2024-08-28,Panamax,19122.84,9561.42,72,44.7,0.0
2024-08-28,Capesize,28987.68,14493.84,96,67.0,0.0
2024-08-29,Handysize,11153.51,5576.76,48,43.4,0.0
2024-08-29,Supramax,15001.58,7500.79,60,63.9,2437.76
2024-08-29,Panamax,19051.39,9525.69,72,67.0,0.0
2024-08-29,Capesize,29251.04,14625.52,96,45.8,0.0
2024-08-30,Handysize,10980.49,5490.24,48,42.5,0.0
2024-08-30,Supramax,14935.83,7467.91,60,51.3,0.0
2024-08-30,Panamax,18904.53,9452.26,72,61.8,0.0
2024-08-30,Capesize,29053.26,14526.63,96,66.8,0.0
2024-09-02,Handysize,11034.2,5517.1,48,86.9,17884.6
2024-09-02,Supramax,15391.84,7695.92,60,67.1,4553.42
2024-09-02,Panamax,19005.84,9502.92,72,46.2,0.0
2024-09-02,Capesize,28989.39,14494.69,96,69.5,0.0
2024-09-03,Handysize,11050.12,5525.06,48,36.4,0.0
2024-09-03,Supramax,15232.54,7616.27,60,66.4,4062.01
2024-09-03,Panamax,19329.02,9664.51,72,49.7,0.0
2024-09-03,Capesize,28975.67,14487.83,96,43.5,0.0
2024-09-04,Handysize,11949.11,5974.56,48,65.0,8463.95
2024-09-04,Supramax,15669.41,7834.7,60,38.4,0.0
2024-09-04,Panamax,19747.54,9873.77,72,43.8,0.0
2024-09-04,Capesize,29615.89,14807.94,96,81.0,0.0
2024-09-05,Handysize,11040.75,5520.38,48,37.7,0.0
2024-09-05,Supramax,15035.21,7517.6,60,60.0,0.0
2024-09-05,Panamax,18767.92,9383.96,72,75.2,2502.39
2024-09-05,Capesize,28577.14,14288.57,96,55.1,0.0
2024-09-06,Handysize,11557.91,5778.95,48,28.5,0.0
2024-09-06,Supramax,14493.5,7246.75,60,45.1,0.0
2024-09-06,Panamax,19425.38,9712.69,72,52.0,0.0
2024-09-06,Capesize,28739.31,14369.66,96,65.9,0.0
2024-09-09,Handysize,11225.3,5612.65,48,37.7,0.0
2024-09-09,Supramax,14522.4,7261.2,60,62.2,1331.22
2024-09-09,Panamax,18871.54,9435.77,72,12.7,0.0
2024-09-09,Capesize,28562.06,14281.03,96,61.2,0.0
2024-09-10,Handysize,11228.4,5614.2,48,48.1,46.79
2024-09-10,Supramax,14987.12,7493.56,60,64.0,2497.85
2024-09-10,Panamax,19059.73,9529.86,72,58.3,0.0
2024-09-10,Capesize,29601.49,14800.75,96,66.4,0.0
2024-09-11,Handysize,11249.79,5624.9,48,44.6,0.0
2024-09-11,Supramax,14733.65,7366.82,60,48.0,0.0
2024-09-11,Panamax,18990.53,9495.26,72,32.3,0.0
2024-09-11,Capesize,29409.47,14704.74,96,34.3,0.0
2024-09-12,Handysize,11119.96,5559.98,48,51.8,1760.66
2024-09-12,Supramax,15101.46,7550.73,60,40.4,0.0
2024-09-12,Panamax,19120.54,9560.27,72,56.7,0.0
2024-09-12,Capesize,28833.8,14416.9,96,56.5,0.0
2024-09-13,Handysize,10766.55,5383.27,48,74.5,11888.07
2024-09-13,Supramax,14829.08,7414.54,60,70.5,6487.72
2024-09-13,Panamax,19278.15,9639.08,72,46.3,0.0
2024-09-13,Capesize,28378.31,14189.16,96,48.3,0.0
2024-09-16,Handysize,11170.39,5585.19,48,53.8,2699.51
2024-09-16,Supramax,15096.36,7548.18,60,78.3,11510.97
2024-09-16,Panamax,19085.56,9542.78,72,74.9,2306.17
2024-09-16,Capesize,28637.92,14318.96,96,49.4,0.0
2024-09-17,Handysize,10894.92,5447.46,48,79.7,14390.37
2024-09-17,Supramax,14347.56,7173.78,60,73.9,8309.63
2024-09-17,Panamax,18049.58,9024.79,72,38.9,0.0
2024-09-17,Capesize,28122.05,14061.02,96,49.2,0.0
2024-09-18,Handysize,11264.76,5632.38,48,46.2,0.0
2024-09-18,Supramax,14973.38,7486.69,60,72.9,8048.19
2024-09-18,Panamax,18867.91,9433.95,72,23.6,0.0
2024-09-18,Capesize,28743.5,14371.75,96,64.9,0.0
2024-09-19,Handysize,11269.07,5634.53,48,39.3,0.0
2024-09-19,Supramax,14345.93,7172.97,60,33.6,0.0
2024-09-19,Panamax,18975.68,9487.84,72,56.6,0.0
2024-09-19,Capesize,27870.62,13935.31,96,43.7,0.0
2024-09-20,Handysize,11506.34,5753.17,48,53.9,2828.64
2024-09-20,Supramax,14787.96,7393.98,60,24.1,0.0
2024-09-20,Panamax,19199.44,9599.72,72,84.9,10319.7
2024-09-20,Capesize,28706.24,14353.12,96,36.4,0.0
2024-09-23,Handysize,10879.66,5439.83,48,59.7,5303.83
2024-09-23,Supramax,15445.85,7722.93,60,91.4,20208.32
2024-09-23,Panamax,19345.36,9672.68,72,63.3,0.0
2024-09-23,Capesize,28837.59,14418.8,96,53.4,0.0
2024-09-24,Handysize,10824.24,5412.12,48,47.6,0.0
2024-09-24,Supramax,15130.3,7565.15,60,51.7,0.0
2024-09-24,Panamax,18906.78,9453.39,72,45.1,0.0
2024-09-24,Capesize,28155.14,14077.57,96,59.2,0.0
2024-09-25,Handysize,10857.41,5428.7,48,48.3,135.72
2024-09-25,Supramax,14993.33,7496.66,60,36.8,0.0
2024-09-25,Panamax,18109.8,9054.9,72,32.3,0.0
2024-09-25,Capesize,28639.48,14319.74,96,55.6,0.0
2024-09-26,Handysize,10670.52,5335.26,48,26.1,0.0
2024-09-26,Supramax,14434.87,7217.44,60,57.4,0.0
2024-09-26,Panamax,18252.51,9126.25,72,59.2,0.0
2024-09-26,Capesize,28345.62,14172.81,96,65.5,0.0
2024-09-27,Handysize,10979.75,5489.88,48,44.8,0.0
2024-09-27,Supramax,14635.05,7317.52,60,33.7,0.0
2024-09-27,Panamax,18474.5,9237.25,72,43.6,0.0
2024-09-27,Capesize,28030.71,14015.35,96,56.8,0.0
2024-09-30,Handysize,10984.91,5492.45,48,33.4,0.0
2024-09-30,Supramax,14221.97,7110.98,60,72.1,7170.24
2024-09-30,Panamax,17901.14,8950.57,72,73.9,1417.17
2024-09-30,Capesize,27458.34,13729.17,96,76.1,0.0
2024-10-01,Handysize,11408.73,5704.36,48,37.2,0.0
2024-10-01,Supramax,14571.93,7285.97,60,41.2,0.0
2024-10-01,Panamax,18562.75,9281.38,72,34.6,0.0
2024-10-01,Capesize,27467.37,13733.68,96,10.1,0.0
2024-10-02,Handysize,10688.58,5344.29,48,51.2,1425.14
2024-10-02,Supramax,14539.69,7269.85,60,19.4,0.0
2024-10-02,Panamax,18557.03,9278.51,72,37.3,0.0
2024-10-02,Capesize,27540.42,13770.21,96,31.5,0.0
2024-10-03,Handysize,10998.62,5499.31,48,32.4,0.0
2024-10-03,Supramax,14589.46,7294.73,60,26.9,0.0
2024-10-03,Panamax,18343.47,9171.74,72,33.8,0.0
2024-10-03,Capesize,27281.36,13640.68,96,24.4,0.0
2024-10-04,Handysize,10840.56,5420.28,48,34.9,0.0
2024-10-04,Supramax,14234.25,7117.12,60,22.8,0.0
2024-10-04,Panamax,18290.53,9145.26,72,33.1,0.0
2024-10-04,Capesize,27351.12,13675.56,96,28.3,0.0
2024-10-07,Handysize,11244.23,5622.11,48,28.2,0.0
2024-10-07,Supramax,15229.19,7614.6,60,0.0,0.0
2024-10-07,Panamax,18839.17,9419.58,72,27.5,0.0
2024-10-07,Capesize,28544.52,14272.26,96,35.4,0.0
2024-10-08,Handysize,11041.86,5520.93,48,39.0,0.0
2024-10-08,Supramax,14848.23,7424.11,60,54.0,0.0
2024-10-08,Panamax,19154.24,9577.12,72,4.2,0.0
2024-10-08,Capesize,28981.49,14490.75,96,16.0,0.0
2024-10-09,Handysize,11681.91,5840.95,48,31.1,0.0
2024-10-09,Supramax,15037.31,7518.65,60,31.8,0.0
2024-10-09,Panamax,18886.59,9443.3,72,40.6,0.0
2024-10-09,Capesize,28569.31,14284.66,96,0.0,0.0
2024-10-10,Handysize,11646.87,5823.44,48,10.6,0.0
2024-10-10,Supramax,15299.79,7649.9,60,24.2,0.0
2024-10-10,Panamax,19072.95,9536.48,72,20.2,0.0
2024-10-10,Capesize,28683.36,14341.68,96,15.9,0.0
2024-10-11,Handysize,10869.15,5434.57,48,0.0,0.0
2024-10-11,Supramax,15448.79,7724.4,60,33.1,0.0
2024-10-11,Panamax,18934.42,9467.21,72,0.0,0.0
2024-10-11,Capesize,28757.79,14378.9,96,30.7,0.0
2024-10-14,Handysize,11766.65,5883.32,48,26.3,0.0
2024-10-14,Supramax,14522.68,7261.34,60,28.2,0.0
2024-10-14,Panamax,19060.07,9530.03,72,17.7,0.0
2024-10-14,Capesize,28263.07,14131.53,96,20.5,0.0
2024-10-15,Handysize,11075.53,5537.77,48,56.1,3737.99
2024-10-15,Supramax,14671.07,7335.53,60,55.8,0.0
2024-10-15,Panamax,18699.1,9349.55,72,18.6,0.0
2024-10-15,Capesize,28137.1,14068.55,96,45.2,0.0
2024-10-16,Handysize,11448.95,5724.48,48,12.3,0.0
2024-10-16,Supramax,15124.52,7562.26,60,10.2,0.0
2024-10-16,Panamax,19171.19,9585.59,72,17.3,0.0
2024-10-16,Capesize,28399.96,14199.98,96,35.1,0.0
2024-10-17,Handysize,11077.79,5538.9,48,28.1,0.0
2024-10-17,Supramax,15205.78,7602.89,60,33.7,0.0
2024-10-17,Panamax,18628.55,9314.27,72,22.8,0.0
2024-10-17,Capesize,28712.73,14356.36,96,36.3,0.0
2024-10-18,Handysize,11008.19,5504.1,48,19.2,0.0
2024-10-18,Supramax,15144.9,7572.45,60,16.9,0.0
2024-10-18,Panamax,19217.36,9608.68,72,9.1,0.0
2024-10-18,Capesize,28407.26,14203.63,96,4.3,0.0
2024-10-21,Handysize,11578.58,5789.29,48,33.5,0.0
2024-10-21,Supramax,14423.09,7211.55,60,14.1,0.0
2024-10-21,Panamax,18948.57,9474.28,72,5.8,0.0
2024-10-21,Capesize,28066.9,14033.45,96,12.5,0.0
2024-10-22,Handysize,11330.07,5665.03,48,28.6,0.0
2024-10-22,Supramax,14733.42,7366.71,60,16.8,0.0
2024-10-22,Panamax,19019.79,9509.9,72,22.3,0.0
2024-10-22,Capesize,28768.03,14384.01,96,16.2,0.0
2024-10-23,Handysize,10916.47,5458.23,48,7.3,0.0
2024-10-23,Supramax,14672.1,7336.05,60,22.2,0.0
2024-10-23,Panamax,18915.07,9457.53,72,22.5,0.0
2024-10-23,Capesize,28895.5,14447.75,96,33.5,0.0
2024-10-24,Handysize,11780.73,5890.36,48,29.2,0.0
2024-10-24,Supramax,15299.76,7649.88,60,34.9,0.0
2024-10-24,Panamax,19049.36,9524.68,72,42.9,0.0
2024-10-24,Capesize,29304.45,14652.23,96,21.8,0.0
2024-10-25,Handysize,11024.77,5512.39,48,16.0,0.0
2024-10-25,Supramax,15111.35,7555.68,60,22.7,0.0
2024-10-25,Panamax,19314.49,9657.25,72,41.0,0.0
2024-10-25,Capesize,28493.04,14246.52,96,30.4,0.0
2024-10-28,Handysize,11297.43,5648.72,48,13.5,0.0
2024-10-28,Supramax,15092.9,7546.45,60,18.5,0.0
2024-10-28,Panamax,19280.12,9640.06,72,30.6,0.0
2024-10-28,Capesize,28822.51,14411.25,96,27.5,0.0
2024-10-29,Handysize,11674.97,5837.48,48,3.2,0.0
2024-10-29,Supramax,15660.15,7830.07,60,42.5,0.0
2024-10-29,Panamax,19378.69,9689.34,72,11.6,0.0
2024-10-29,Capesize,29196.32,14598.16,96,9.3,0.0
2024-10-30,Handysize,11570.17,5785.09,48,9.0,0.0
2024-10-30,Supramax,15800.7,7900.35,60,39.0,0.0
2024-10-30,Panamax,19746.94,9873.47,72,12.3,0.0
2024-10-30,Capesize,30352.34,15176.17,96,26.3,0.0
2024-10-31,Handysize,12235.84,6117.92,48,40.7,0.0
2024-10-31,Supramax,15283.03,7641.52,60,0.0,0.0
2024-10-31,Panamax,19961.57,9980.78,72,51.4,0.0
2024-10-31,Capesize,30144.77,15072.39,96,0.4,0.0
2024-11-01,Handysize,11701.92,5850.96,48,32.4,0.0
2024-11-01,Supramax,15649.09,7824.55,60,41.6,0.0
2024-11-01,Panamax,20048.59,10024.3,72,8.7,0.0
2024-11-01,Capesize,30254.86,15127.43,96,1.6,0.0
2024-11-04,Handysize,12053.5,6026.75,48,3.6,0.0
2024-11-04,Supramax,14997.37,7498.69,60,0.0,0.0
2024-11-04,Panamax,20122.53,10061.26,72,6.2,0.0
2024-11-04,Capesize,30235.82,15117.91,96,3.0,0.0
2024-11-05,Handysize,11539.82,5769.91,48,5.8,0.0
2024-11-05,Supramax,15039.74,7519.87,60,37.5,0.0
2024-11-05,Panamax,19743.56,9871.78,72,35.8,0.0
2024-11-05,Capesize,29631.59,14815.8,96,36.4,0.0
2024-11-06,Handysize,11679.96,5839.98,48,24.5,0.0
2024-11-06,Supramax,15147.8,7573.9,60,73.4,8457.52
2024-11-06,Panamax,18981.32,9490.66,72,18.3,0.0
2024-11-06,Capesize,29373.68,14686.84,96,19.7,0.0
2024-11-07,Handysize,11443.48,5721.74,48,43.5,0.0
2024-11-07,Supramax,15296.56,7648.28,60,19.8,0.0
2024-11-07,Panamax,19463.56,9731.78,72,15.7,0.0
2024-11-07,Capesize,29010.85,14505.42,96,20.9,0.0
2024-11-08,Handysize,11053.12,5526.56,48,30.6,0.0
2024-11-08,Supramax,14899.58,7449.79,60,41.4,0.0
2024-11-08,Panamax,19539.52,9769.76,72,30.2,0.0
2024-11-08,Capesize,28854.83,14427.42,96,0.0,0.0
2024-11-11,Handysize,11305.18,5652.59,48,24.3,0.0
2024-11-11,Supramax,15233.17,7616.59,60,21.3,0.0
2024-11-11,Panamax,18895.89,9447.94,72,4.4,0.0
2024-11-11,Capesize,29343.57,14671.78,96,0.0,0.0
2024-11-12,Handysize,11747.62,5873.81,48,29.4,0.0
2024-11-12,Supramax,15356.52,7678.26,60,28.2,0.0
2024-11-12,Panamax,19689.18,9844.59,72,33.8,0.0
2024-11-12,Capesize,29359.54,14679.77,96,23.4,0.0
2024-11-13,Handysize,11839.31,5919.65,48,48.2,98.66
2024-11-13,Supramax,14651.82,7325.91,60,38.2,0.0
2024-11-13,Panamax,19007.98,9503.99,72,14.4,0.0
2024-11-13,Capesize,28806.63,14403.32,96,47.9,0.0
2024-11-14,Handysize,11096.93,5548.47,48,20.9,0.0
2024-11-14,Supramax,14890.87,7445.44,60,37.6,0.0
2024-11-14,Panamax,19277.66,9638.83,72,30.7,0.0
2024-11-14,Capesize,29035.68,14517.84,96,21.1,0.0
2024-11-15,Handysize,11275.11,5637.56,48,2.9,0.0
2024-11-15,Supramax,15379.07,7689.53,60,0.0,0.0
2024-11-15,Panamax,18915.15,9457.58,72,0.0,0.0
2024-11-15,Capesize,29246.35,14623.17,96,4.5,0.0
2024-11-18,Handysize,11138.0,5569.0,48,10.3,0.0
2024-11-18,Supramax,15104.65,7552.32,60,12.9,0.0
2024-11-18,Panamax,19685.87,9842.93,72,30.4,0.0
2024-11-18,Capesize,29286.21,14643.1,96,23.0,0.0
2024-11-19,Handysize,11496.8,5748.4,48,33.4,0.0
2024-11-19,Supramax,15968.15,7984.07,60,27.1,0.0
2024-11-19,Panamax,20098.5,10049.25,72,21.5,0.0
2024-11-19,Capesize,30290.99,15145.5,96,7.4,0.0
2024-11-20,Handysize,11768.67,5884.34,48,21.2,0.0
2024-11-20,Supramax,16061.93,8030.97,60,22.8,0.0
2024-11-20,Panamax,19736.07,9868.03,72,37.8,0.0
2024-11-20,Capesize,30682.75,15341.38,96,23.3,0.0
2024-11-21,Handysize,12512.84,6256.42,48,10.4,0.0
2024-11-21,Supramax,15909.99,7954.99,60,38.2,0.0
2024-11-21,Panamax,20423.87,10211.93,72,23.2,0.0
2024-11-21,Capesize,30895.99,15448.0,96,0.0,0.0
2024-11-22,Handysize,12013.95,6006.98,48,50.2,1101.28
2024-11-22,Supramax,15226.13,7613.06,60,26.7,0.0
2024-11-22,Panamax,19919.89,9959.94,72,17.4,0.0
2024-11-22,Capesize,30476.88,15238.44,96,16.8,0.0
2024-11-25,Handysize,12372.44,6186.22,48,32.0,0.0
2024-11-25,Supramax,15307.75,7653.88,60,29.3,0.0
2024-11-25,Panamax,20183.19,10091.59,72,27.8,0.0
2024-11-25,Capesize,30603.55,15301.77,96,40.6,0.0
2024-11-26,Handysize,12240.84,6120.42,48,15.0,0.0
2024-11-26,Supramax,16077.38,8038.69,60,29.3,0.0
2024-11-26,Panamax,20378.08,10189.04,72,34.4,0.0
2024-11-26,Capesize,31064.73,15532.36,96,0.0,0.0
2024-11-27,Handysize,12325.08,6162.54,48,58.9,5597.64
2024-11-27,Supramax,16487.59,8243.8,60,32.1,0.0
2024-11-27,Panamax,20904.71,10452.35,72,9.0,0.0
2024-11-27,Capesize,31469.3,15734.65,96,28.8,0.0
2024-11-28,Handysize,12747.22,6373.61,48,8.9,0.0
2024-11-28,Supramax,16248.02,8124.01,60,25.7,0.0
2024-11-28,Panamax,20409.64,10204.82,72,40.2,0.0
2024-11-28,Capesize,30944.13,15472.07,96,28.9,0.0
2024-11-29,Handysize,11975.71,5987.85,48,8.5,0.0
2024-11-29,Supramax,16206.39,8103.19,60,46.1,0.0
2024-11-29,Panamax,20006.97,10003.49,72,0.8,0.0
2024-11-29,Capesize,30968.67,15484.33,96,52.0,0.0
2024-12-02,Handysize,12256.57,6128.28,48,43.4,0.0
2024-12-02,Supramax,15629.88,7814.94,60,13.1,0.0
2024-12-02,Panamax,20283.05,10141.52,72,35.9,0.0
2024-12-02,Capesize,30315.92,15157.96,96,14.6,0.0
2024-12-03,Handysize,11667.61,5833.81,48,45.2,0.0
2024-12-03,Supramax,16031.63,8015.81,60,7.7,0.0
2024-12-03,Panamax,20422.04,10211.02,72,36.6,0.0
2024-12-03,Capesize,31319.5,15659.75,96,37.5,0.0
2024-12-04,Handysize,12398.31,6199.15,48,1.0,0.0
2024-12-04,Supramax,15750.55,7875.27,60,32.5,0.0
2024-12-04,Panamax,20361.86,10180.93,72,32.4,0.0
2024-12-04,Capesize,31050.64,15525.32,96,28.4,0.0
2024-12-05,Handysize,11831.64,5915.82,48,12.8,0.0
2024-12-05,Supramax,15782.42,7891.21,60,17.5,0.0
2024-12-05,Panamax,20023.18,10011.59,72,58.7,0.0
2024-12-05,Capesize,31145.6,15572.8,96,54.1,0.0
2024-12-06,Handysize,11889.13,5944.56,48,36.3,0.0
2024-12-06,Supramax,15169.38,7584.69,60,47.7,0.0
2024-12-06,Panamax,19514.19,9757.09,72,14.2,0.0
2024-12-06,Capesize,30418.35,15209.17,96,21.1,0.0
2024-12-09,Handysize,11166.69,5583.35,48,34.4,0.0
2024-12-09,Supramax,15460.76,7730.38,60,17.0,0.0
2024-12-09,Panamax,19893.49,9946.75,72,16.1,0.0
2024-12-09,Capesize,29769.57,14884.78,96,35.2,0.0
2024-12-10,Handysize,11339.62,5669.81,48,22.2,0.0
2024-12-10,Supramax,15326.97,7663.48,60,28.4,0.0
2024-12-10,Panamax,19693.63,9846.82,72,29.2,0.0
2024-12-10,Capesize,29669.16,14834.58,96,27.4,0.0
2024-12-11,Handysize,12207.12,6103.56,48,7.6,0.0
2024-12-11,Supramax,15890.55,7945.27,60,26.8,0.0
2024-12-11,Panamax,20574.36,10287.18,72,0.0,0.0
2024-12-11,Capesize,30522.49,15261.25,96,18.5,0.0
2024-12-12,Handysize,11665.31,5832.65,48,33.7,0.0
2024-12-12,Supramax,15688.57,7844.28,60,17.6,0.0
2024-12-12,Panamax,19956.15,9978.08,72,31.9,0.0
2024-12-12,Capesize,30215.28,15107.64,96,53.2,0.0
2024-12-13,Handysize,11777.02,5888.51,48,20.3,0.0
2024-12-13,Supramax,15723.92,7861.96,60,29.8,0.0
2024-12-13,Panamax,19564.17,9782.08,72,26.8,0.0
2024-12-13,Capesize,29824.38,14912.19,96,38.1,0.0
2024-12-16,Handysize,11465.15,5732.57,48,55.5,3582.86
2024-12-16,Supramax,15947.13,7973.56,60,12.9,0.0
2024-12-16,Panamax,20049.81,10024.91,72,27.4,0.0
2024-12-16,Capesize,30359.43,15179.72,96,8.5,0.0
2024-12-17,Handysize,12371.38,6185.69,48,41.0,0.0
2024-12-17,Supramax,15813.45,7906.73,60,13.0,0.0
2024-12-17,Panamax,20512.21,10256.1,72,21.2,0.0
2024-12-17,Capesize,30772.65,15386.33,96,3.6,0.0
2024-12-18,Handysize,11745.91,5872.95,48,10.4,0.0
2024-12-18,Supramax,15123.87,7561.94,60,19.8,0.0
2024-12-18,Panamax,19695.33,9847.67,72,24.5,0.0
2024-12-18,Capesize,30097.32,15048.66,96,33.6,0.0
2024-12-19,Handysize,11720.37,5860.19,48,10.2,0.0
2024-12-19,Supramax,15144.18,7572.09,60,15.4,0.0
2024-12-19,Panamax,19833.92,9916.96,72,18.8,0.0
2024-12-19,Capesize,29504.36,14752.18,96,30.1,0.0
2024-12-20,Handysize,11976.84,5988.42,48,33.2,0.0
2024-12-20,Supramax,15241.43,7620.72,60,0.0,0.0
2024-12-20,Panamax,19787.18,9893.59,72,27.8,0.0
2024-12-20,Capesize,29170.86,14585.43,96,34.0,0.0
2024-12-23,Handysize,11523.31,5761.65,48,8.6,0.0
2024-12-23,Supramax,14875.82,7437.91,60,48.4,0.0
2024-12-23,Panamax,19562.01,9781.0,72,29.1,0.0
2024-12-23,Capesize,29746.09,14873.05,96,24.6,0.0
2024-12-24,Handysize,11347.15,5673.57,48,9.4,0.0
2024-12-24,Supramax,15010.34,7505.17,60,23.2,0.0
2024-12-24,Panamax,19811.65,9905.83,72,38.1,0.0
2024-12-24,Capesize,29707.48,14853.74,96,4.5,0.0
2024-12-25,Handysize,11852.28,5926.14,48,37.2,0.0
2024-12-25,Supramax,14880.42,7440.21,60,22.7,0.0
2024-12-25,Panamax,19932.95,9966.48,72,3.7,0.0
2024-12-25,Capesize,29400.08,14700.04,96,19.5,0.0
2024-12-26,Handysize,11825.32,5912.66,48,0.0,0.0
2024-12-26,Supramax,15253.85,7626.93,60,45.6,0.0
2024-12-26,Panamax,19529.84,9764.92,72,45.1,0.0
2024-12-26,Capesize,30210.87,15105.43,96,11.7,0.0
2024-12-27,Handysize,11625.13,5812.56,48,38.1,0.0
2024-12-27,Supramax,15146.2,7573.1,60,29.1,0.0
2024-12-27,Panamax,19881.2,9940.6,72,11.9,0.0
2024-12-27,Capesize,30417.88,15208.94,96,23.4,0.0
2024-12-30,Handysize,11335.22,5667.61,48,33.7,0.0
2024-12-30,Supramax,15755.96,7877.98,60,20.1,0.0
2024-12-30,Panamax,19856.37,9928.18,72,38.2,0.0
2024-12-30,Capesize,29658.36,14829.18,96,33.8,0.0
2024-12-31,Handysize,11351.66,5675.83,48,16.1,0.0
2024-12-31,Supramax,15052.17,7526.09,60,46.6,0.0
2024-12-31,Panamax,19692.04,9846.02,72,37.5,0.0
2024-12-31,Capesize,29917.72,14958.86,96,31.2,0.0
2025-01-01,Handysize,11640.53,5820.27,48,28.6,0.0
2025-01-01,Supramax,15549.76,7774.88,60,0.0,0.0
2025-01-01,Panamax,19574.31,9787.16,72,21.4,0.0
2025-01-01,Capesize,30157.81,15078.91,96,19.7,0.0
2025-01-02,Handysize,11421.73,5710.86,48,30.7,0.0
2025-01-02,Supramax,15971.89,7985.94,60,53.4,0.0
2025-01-02,Panamax,19929.8,9964.9,72,12.5,0.0
2025-01-02,Capesize,30033.2,15016.6,96,33.8,0.0
2025-01-03,Handysize,11787.04,5893.52,48,24.3,0.0
2025-01-03,Supramax,15510.84,7755.42,60,27.6,0.0
2025-01-03,Panamax,19492.67,9746.33,72,44.0,0.0
2025-01-03,Capesize,30479.7,15239.85,96,22.8,0.0
2025-01-06,Handysize,11880.11,5940.06,48,27.5,0.0
2025-01-06,Supramax,15633.22,7816.61,60,5.0,0.0
2025-01-06,Panamax,19929.41,9964.7,72,0.0,0.0
2025-01-06,Capesize,30542.96,15271.48,96,32.0,0.0
2025-01-07,Handysize,11694.02,5847.01,48,11.6,0.0
2025-01-07,Supramax,15508.99,7754.49,60,13.8,0.0
2025-01-07,Panamax,19987.0,9993.5,72,32.2,0.0
2025-01-07,Capesize,30391.94,15195.97,96,52.1,0.0
2025-01-08,Handysize,11252.8,5626.4,48,32.8,0.0
2025-01-08,Supramax,15809.16,7904.58,60,7.6,0.0
2025-01-08,Panamax,19886.82,9943.41,72,23.2,0.0
2025-01-08,Capesize,29407.19,14703.59,96,26.7,0.0
2025-01-09,Handysize,11426.68,5713.34,48,12.7,0.0
2025-01-09,Supramax,15334.1,7667.05,60,26.5,0.0
2025-01-09,Panamax,20001.43,10000.72,72,30.1,0.0
2025-01-09,Capesize,30540.46,15270.23,96,0.0,0.0
2025-01-10,Handysize,11445.46,5722.73,48,30.5,0.0
2025-01-10,Supramax,15818.99,7909.49,60,32.9,0.0
2025-01-10,Panamax,19921.78,9960.89,72,22.6,0.0
2025-01-10,Capesize,30435.24,15217.62,96,36.3,0.0
2025-01-13,Handysize,11847.85,5923.93,48,15.5,0.0
2025-01-13,Supramax,15608.57,7804.28,60,54.7,0.0
2025-01-13,Panamax,19491.88,9745.94,72,22.9,0.0
2025-01-13,Capesize,30022.13,15011.07,96,23.7,0.0
2025-01-14,Handysize,11500.37,5750.19,48,27.5,0.0
2025-01-14,Supramax,15514.39,7757.19,60,31.9,0.0
2025-01-14,Panamax,20119.02,10059.51,72,41.2,0.0
2025-01-14,Capesize,29944.85,14972.42,96,6.7,0.0
2025-01-15,Handysize,11329.22,5664.61,48,40.9,0.0
2025-01-15,Supramax,15179.23,7589.61,60,33.1,0.0
2025-01-15,Panamax,19725.87,9862.93,72,11.3,0.0
2025-01-15,Capesize,30478.79,15239.4,96,0.7,0.0
2025-01-16,Handysize,11578.53,5789.27,48,20.9,0.0
2025-01-16,Supramax,16350.15,8175.07,60,43.2,0.0
2025-01-16,Panamax,20209.52,10104.76,72,34.1,0.0
2025-01-16,Capesize,31180.19,15590.09,96,22.7,0.0
2025-01-17,Handysize,12011.79,6005.9,48,17.1,0.0
2025-01-17,Supramax,15770.22,7885.11,60,28.3,0.0
2025-01-17,Panamax,19835.12,9917.56,72,24.3,0.0
2025-01-17,Capesize,30235.58,15117.79,96,39.6,0.0
2025-01-20,Handysize,12020.86,6010.43,48,3.2,0.0
2025-01-20,Supramax,15301.36,7650.68,60,36.9,0.0
2025-01-20,Panamax,20113.39,10056.69,72,0.5,0.0
2025-01-20,Capesize,30217.81,15108.91,96,35.0,0.0
2025-01-21,Handysize,12211.2,6105.6,48,33.4,0.0
2025-01-21,Supramax,15752.8,7876.4,60,11.4,0.0
2025-01-21,Panamax,20161.73,10080.86,72,41.4,0.0
2025-01-21,Capesize,30588.24,15294.12,96,28.0,0.0
2025-01-22,Handysize,12327.05,6163.52,48,16.8,0.0
2025-01-22,Supramax,15881.23,7940.61,60,9.1,0.0
2025-01-22,Panamax,19988.12,9994.06,72,43.2,0.0
2025-01-22,Capesize,30364.38,15182.19,96,22.3,0.0
2025-01-23,Handysize,11819.88,5909.94,48,31.2,0.0
2025-01-23,Supramax,16152.53,8076.27,60,33.2,0.0
2025-01-23,Panamax,20405.15,10202.58,72,42.7,0.0
2025-01-23,Capesize,30890.94,15445.47,96,19.4,0.0
2025-01-24,Handysize,11837.41,5918.7,48,32.4,0.0
2025-01-24,Supramax,15685.24,7842.62,60,23.2,0.0
2025-01-24,Panamax,20999.5,10499.75,72,28.4,0.0
2025-01-24,Capesize,30979.1,15489.55,96,22.1,0.0
2025-01-27,Handysize,12333.11,6166.56,48,39.9,0.0
2025-01-27,Supramax,16419.32,8209.66,60,28.1,0.0
2025-01-27,Panamax,20923.49,10461.75,72,23.2,0.0
2025-01-27,Capesize,31797.76,15898.88,96,10.2,0.0
2025-01-28,Handysize,12807.9,6403.95,48,16.9,0.0
2025-01-28,Supramax,16589.02,8294.51,60,29.0,0.0
2025-01-28,Panamax,20450.46,10225.23,72,4.4,0.0
2025-01-28,Capesize,31575.8,15787.9,96,27.0,0.0
2025-01-29,Handysize,12886.08,6443.04,48,52.6,2469.83
2025-01-29,Supramax,16059.33,8029.66,60,24.0,0.0
2025-01-29,Panamax,21240.16,10620.08,72,29.2,0.0
2025-01-29,Capesize,31968.66,15984.33,96,19.2,0.0
2025-01-30,Handysize,12611.16,6305.58,48,27.7,0.0
2025-01-30,Supramax,15700.61,7850.31,60,38.2,0.0
2025-01-30,Panamax,20778.94,10389.47,72,0.0,0.0
2025-01-30,Capesize,30827.24,15413.62,96,12.8,0.0
2025-01-31,Handysize,12577.21,6288.6,48,22.7,0.0
2025-01-31,Supramax,16752.05,8376.02,60,0.6,0.0
2025-01-31,Panamax,21108.6,10554.3,72,34.6,0.0
2025-01-31,Capesize,31304.79,15652.4,96,10.7,0.0
2025-02-03,Handysize,13009.45,6504.73,48,39.9,0.0
2025-02-03,Supramax,16637.52,8318.76,60,3.6,0.0
2025-02-03,Panamax,21403.34,10701.67,72,24.9,0.0
2025-02-03,Capesize,32500.76,16250.38,96,7.0,0.0
2025-02-04,Handysize,12628.11,6314.06,48,24.4,0.0
2025-02-04,Supramax,16370.18,8185.09,60,25.8,0.0
2025-02-04,Panamax,21368.09,10684.05,72,22.7,0.0
2025-02-04,Capesize,31352.04,15676.02,96,43.7,0.0
2025-02-05,Handysize,11884.45,5942.23,48,15.2,0.0
2025-02-05,Supramax,15993.93,7996.97,60,34.5,0.0
2025-02-05,Panamax,20416.47,10208.24,72,20.7,0.0
2025-02-05,Capesize,31170.13,15585.07,96,11.9,0.0
2025-02-06,Handysize,12675.4,6337.7,48,33.4,0.0
2025-02-06,Supramax,16195.56,8097.78,60,25.6,0.0
2025-02-06,Panamax,20824.31,10412.16,72,2.1,0.0
2025-02-06,Capesize,32040.89,16020.44,96,23.8,0.0
2025-02-07,Handysize,12407.63,6203.81,48,9.4,0.0
2025-02-07,Supramax,16820.56,8410.28,60,13.0,0.0
2025-02-07,Panamax,21483.37,10741.68,72,13.7,0.0
2025-02-07,Capesize,31525.86,15762.93,96,2.7,0.0
2025-02-10,Handysize,13102.48,6551.24,48,0.0,0.0
2025-02-10,Supramax,17031.88,8515.94,60,14.8,0.0
2025-02-10,Panamax,21773.08,10886.54,72,30.6,0.0
2025-02-10,Capesize,32419.5,16209.75,96,10.9,0.0
2025-02-11,Handysize,12055.34,6027.67,48,4.3,0.0
2025-02-11,Supramax,16365.48,8182.74,60,2.3,0.0
2025-02-11,Panamax,20682.93,10341.47,72,35.0,0.0
2025-02-11,Capesize,31389.87,15694.93,96,26.9,0.0
2025-02-12,Handysize,12542.17,6271.09,48,29.9,0.0
2025-02-12,Supramax,16585.9,8292.95,60,52.3,0.0
2025-02-12,Panamax,21120.22,10560.11,72,0.0,0.0
2025-02-12,Capesize,32497.92,16248.96,96,12.9,0.0
2025-02-13,Handysize,12891.55,6445.77,48,26.8,0.0
2025-02-13,Supramax,16593.49,8296.75,60,23.8,0.0
2025-02-13,Panamax,20671.8,10335.9,72,44.9,0.0
2025-02-13,Capesize,31632.57,15816.28,96,13.2,0.0
2025-02-14,Handysize,12264.79,6132.4,48,31.2,0.0
2025-02-14,Supramax,16974.55,8487.27,60,24.0,0.0
2025-02-14,Panamax,21118.67,10559.33,72,15.1,0.0
2025-02-14,Capesize,31629.6,15814.8,96,10.7,0.0
2025-02-17,Handysize,12758.38,6379.19,48,12.0,0.0
2025-02-17,Supramax,17205.04,8602.52,60,29.7,0.0
2025-02-17,Panamax,21417.5,10708.75,72,3.3,0.0
2025-02-17,Capesize,32156.08,16078.04,96,0.0,0.0
2025-02-18,Handysize,12819.39,6409.69,48,43.6,0.0
2025-02-18,Supramax,16240.93,8120.47,60,14.5,0.0
2025-02-18,Panamax,21370.22,10685.11,72,19.0,0.0
2025-02-18,Capesize,32465.82,16232.91,96,38.1,0.0
2025-02-19,Handysize,12368.24,6184.12,48,20.0,0.0
2025-02-19,Supramax,16059.82,8029.91,60,23.5,0.0
2025-02-19,Panamax,21202.25,10601.12,72,31.0,0.0
2025-02-19,Capesize,31735.06,15867.53,96,49.8,0.0
2025-02-20,Handysize,12153.58,6076.79,48,51.7,1873.68
2025-02-20,Supramax,16954.46,8477.23,60,58.9,0.0
2025-02-20,Panamax,20993.38,10496.69,72,13.6,0.0
2025-02-20,Capesize,31421.16,15710.58,96,15.9,0.0
2025-02-21,Handysize,12589.42,6294.71,48,26.8,0.0
2025-02-21,Supramax,16682.76,8341.38,60,34.2,0.0
2025-02-21,Panamax,21067.34,10533.67,72,23.5,0.0
2025-02-21,Capesize,31074.34,15537.17,96,28.5,0.0
2025-02-24,Handysize,11833.59,5916.8,48,27.3,0.0
2025-02-24,Supramax,16461.88,8230.94,60,9.2,0.0
2025-02-24,Panamax,20540.64,10270.32,72,5.6,0.0
2025-02-24,Capesize,31388.8,15694.4,96,13.3,0.0
2025-02-25,Handysize,12118.88,6059.44,48,24.6,0.0
2025-02-25,Supramax,16269.43,8134.72,60,27.6,0.0
2025-02-25,Panamax,20796.36,10398.18,72,0.0,0.0
2025-02-25,Capesize,31442.29,15721.15,96,14.4,0.0
2025-02-26,Handysize,12796.31,6398.15,48,27.3,0.0
2025-02-26,Supramax,16256.41,8128.2,60,48.8,0.0
2025-02-26,Panamax,20797.62,10398.81,72,25.8,0.0
2025-02-26,Capesize,31521.23,15760.61,96,19.5,0.0
2025-02-27,Handysize,11957.11,5978.56,48,26.7,0.0
2025-02-27,Supramax,16438.14,8219.07,60,39.9,0.0
2025-02-27,Panamax,20312.06,10156.03,72,22.6,0.0
2025-02-27,Capesize,31195.6,15597.8,96,8.4,0.0
2025-02-28,Handysize,12226.46,6113.23,48,32.2,0.0
2025-02-28,Supramax,16348.31,8174.15,60,12.7,0.0
2025-02-28,Panamax,20055.87,10027.93,72,32.4,0.0
2025-02-28,Capesize,31181.42,15590.71,96,24.3,0.0
2025-03-03,Handysize,12158.25,6079.12,48,44.7,0.0
2025-03-03,Supramax,15913.01,7956.51,60,29.2,0.0
2025-03-03,Panamax,20665.46,10332.73,72,55.3,0.0
2025-03-03,Capesize,31433.86,15716.93,96,44.5,0.0
2025-03-04,Handysize,11942.98,5971.49,48,2.5,0.0
2025-03-04,Supramax,15772.19,7886.1,60,41.1,0.0
2025-03-04,Panamax,20904.74,10452.37,72,31.1,0.0
2025-03-04,Capesize,31311.94,15655.97,96,18.3,0.0
2025-03-05,Handysize,12486.69,6243.35,48,13.5,0.0
2025-03-05,Supramax,16091.03,8045.52,60,53.1,0.0
2025-03-05,Panamax,20731.12,10365.56,72,1.0,0.0
2025-03-05,Capesize,31001.57,15500.78,96,24.8,0.0
2025-03-06,Handysize,12696.95,6348.48,48,26.8,0.0
2025-03-06,Supramax,16012.45,8006.23,60,13.1,0.0
2025-03-06,Panamax,20686.3,10343.15,72,0.0,0.0
2025-03-06,Capesize,31087.31,15543.66,96,44.6,0.0
2025-03-07,Handysize,12062.52,6031.26,48,46.7,0.0
2025-03-07,Supramax,16446.77,8223.39,60,11.7,0.0
2025-03-07,Panamax,20565.34,10282.67,72,27.2,0.0
2025-03-07,Capesize,31714.23,15857.11,96,37.0,0.0
2025-03-10,Handysize,12901.12,6450.56,48,13.8,0.0
2025-03-10,Supramax,16418.6,8209.3,60,25.7,0.0
2025-03-10,Panamax,21472.19,10736.09,72,31.0,0.0
2025-03-10,Capesize,31623.25,15811.62,96,52.9,0.0
2025-03-11,Handysize,12575.28,6287.64,48,34.8,0.0
2025-03-11,Supramax,17081.01,8540.5,60,32.0,0.0
2025-03-11,Panamax,21433.88,10716.94,72,16.2,0.0
2025-03-11,Capesize,32619.29,16309.65,96,21.3,0.0
2025-03-12,Handysize,12206.7,6103.35,48,20.0,0.0
2025-03-12,Supramax,16631.47,8315.74,60,46.0,0.0
2025-03-12,Panamax,21033.0,10516.5,72,32.6,0.0
2025-03-12,Capesize,31857.68,15928.84,96,27.5,0.0
2025-03-13,Handysize,12060.76,6030.38,48,29.7,0.0
2025-03-13,Supramax,16856.56,8428.28,60,4.5,0.0
2025-03-13,Panamax,20931.81,10465.91,72,30.2,0.0
2025-03-13,Capesize,31930.92,15965.46,96,25.8,0.0
2025-03-14,Handysize,12841.91,6420.95,48,18.8,0.0
2025-03-14,Supramax,17176.79,8588.4,60,22.1,0.0
2025-03-14,Panamax,21869.6,10934.8,72,24.8,0.0
2025-03-14,Capesize,32579.94,16289.97,96,0.0,0.0
2025-03-17,Handysize,12390.68,6195.34,48,24.4,0.0
2025-03-17,Supramax,16226.5,8113.25,60,42.5,0.0
2025-03-17,Panamax,21436.92,10718.46,72,30.4,0.0
2025-03-17,Capesize,31777.45,15888.73,96,48.8,0.0
2025-03-18,Handysize,12290.52,6145.26,48,3.5,0.0
2025-03-18,Supramax,16161.12,8080.56,60,11.0,0.0
2025-03-18,Panamax,20853.52,10426.76,72,20.4,0.0
2025-03-18,Capesize,31822.78,15911.39,96,35.3,0.0
2025-03-19,Handysize,12700.22,6350.11,48,52.8,2540.04
2025-03-19,Supramax,16809.16,8404.58,60,43.8,0.0
2025-03-19,Panamax,21711.47,10855.74,72,42.7,0.0
2025-03-19,Capesize,32702.14,16351.07,96,0.0,0.0
2025-03-20,Handysize,12606.58,6303.29,48,30.6,0.0
2025-03-20,Supramax,17202.21,8601.1,60,22.4,0.0
2025-03-20,Panamax,21003.59,10501.8,72,21.1,0.0
2025-03-20,Capesize,32748.13,16374.07,96,20.4,0.0
2025-03-21,Handysize,12934.46,6467.23,48,33.2,0.0
2025-03-21,Supramax,16101.21,8050.6,60,12.3,0.0
2025-03-21,Panamax,20769.58,10384.79,72,20.3,0.0
2025-03-21,Capesize,31813.1,15906.55,96,31.5,0.0
2025-03-24,Handysize,13065.96,6532.98,48,29.8,0.0
2025-03-24,Supramax,17228.92,8614.46,60,14.9,0.0
2025-03-24,Panamax,22004.78,11002.39,72,13.6,0.0
2025-03-24,Capesize,32905.98,16452.99,96,30.7,0.0
2025-03-25,Handysize,13509.81,6754.9,48,26.9,0.0
2025-03-25,Supramax,17292.79,8646.4,60,11.0,0.0
2025-03-25,Panamax,22105.64,11052.82,72,21.7,0.0
2025-03-25,Capesize,32978.91,16489.46,96,35.1,0.0
2025-03-26,Handysize,12971.88,6485.94,48,43.4,0.0
2025-03-26,Supramax,16643.03,8321.51,60,14.4,0.0
2025-03-26,Panamax,22064.22,11032.11,72,25.3,0.0
2025-03-26,Capesize,33352.59,16676.29,96,6.0,0.0
2025-03-27,Handysize,13085.51,6542.76,48,24.1,0.0
2025-03-27,Supramax,16776.35,8388.17,60,20.4,0.0
2025-03-27,Panamax,21157.36,10578.68,72,30.8,0.0
2025-03-27,Capesize,33102.0,16551.0,96,15.5,0.0
2025-03-28,Handysize,12608.56,6304.28,48,21.0,0.0
2025-03-28,Supramax,16450.03,8225.01,60,10.9,0.0
2025-03-28,Panamax,21264.57,10632.28,72,13.5,0.0
2025-03-28,Capesize,32248.91,16124.45,96,32.3,0.0
2025-03-31,Handysize,12272.9,6136.45,48,18.8,0.0
2025-03-31,Supramax,16415.78,8207.89,60,18.2,0.0
2025-03-31,Panamax,20911.15,10455.58,72,12.6,0.0
2025-03-31,Capesize,31829.63,15914.82,96,46.4,0.0
2025-04-01,Handysize,12105.78,6052.89,48,28.9,0.0
2025-04-01,Supramax,16756.04,8378.02,60,3.2,0.0
2025-04-01,Panamax,20696.34,10348.17,72,33.9,0.0
2025-04-01,Capesize,31425.73,15712.86,96,6.3,0.0
2025-04-02,Handysize,12780.86,6390.43,48,36.6,0.0
2025-04-02,Supramax,16298.64,8149.32,60,20.1,0.0
2025-04-02,Panamax,20305.95,10152.98,72,8.3,0.0
2025-04-02,Capesize,31622.46,15811.23,96,0.0,0.0
2025-04-03,Handysize,12564.08,6282.04,48,15.5,0.0
2025-04-03,Supramax,16611.96,8305.98,60,65.8,4014.56
2025-04-03,Panamax,20749.15,10374.58,72,23.7,0.0
2025-04-03,Capesize,31654.3,15827.15,96,18.8,0.0
2025-04-04,Handysize,12606.72,6303.36,48,46.3,0.0
2025-04-04,Supramax,16488.08,8244.04,60,9.5,0.0
2025-04-04,Panamax,21116.11,10558.06,72,15.9,0.0
2025-04-04,Capesize,32002.3,16001.15,96,46.9,0.0
2025-04-07,Handysize,12297.43,6148.72,48,28.0,0.0
2025-04-07,Supramax,16092.64,8046.32,60,29.6,0.0
2025-04-07,Panamax,21505.38,10752.69,72,20.5,0.0
2025-04-07,Capesize,31760.38,15880.19,96,0.0,0.0
2025-04-08,Handysize,12253.15,6126.57,48,38.4,0.0
2025-04-08,Supramax,16464.56,8232.28,60,17.8,0.0
2025-04-08,Panamax,21000.16,10500.08,72,53.1,0.0
2025-04-08,Capesize,31853.75,15926.88,96,26.9,0.0
2025-04-09,Handysize,12711.66,6355.83,48,23.1,0.0
2025-04-09,Supramax,16265.12,8132.56,60,36.9,0.0
2025-04-09,Panamax,21124.05,10562.02,72,2.5,0.0
2025-04-09,Capesize,32144.41,16072.2,96,27.2,0.0
2025-04-10,Handysize,12548.69,6274.35,48,25.3,0.0
2025-04-10,Supramax,16918.37,8459.18,60,0.0,0.0
2025-04-10,Panamax,20836.94,10418.47,72,22.6,0.0
2025-04-10,Capesize,31911.84,15955.92,96,11.8,0.0
2025-04-11,Handysize,12232.22,6116.11,48,32.5,0.0
2025-04-11,Supramax,16616.9,8308.45,60,42.7,0.0
2025-04-11,Panamax,21175.39,10587.69,72,6.6,0.0
2025-04-11,Capesize,31354.61,15677.31,96,70.1,0.0
2025-04-14,Handysize,12473.42,6236.71,48,19.7,0.0
2025-04-14,Supramax,16622.63,8311.32,60,39.9,0.0
2025-04-14,Panamax,20678.34,10339.17,72,19.8,0.0
2025-04-14,Capesize,31222.06,15611.03,96,25.9,0.0
2025-04-15,Handysize,11935.1,5967.55,48,12.3,0.0
2025-04-15,Supramax,16241.13,8120.56,60,4.5,0.0
2025-04-15,Panamax,20951.77,10475.89,72,24.7,0.0
2025-04-15,Capesize,31551.04,15775.52,96,49.3,0.0
2025-04-16,Handysize,12422.54,6211.27,48,13.3,0.0
2025-04-16,Supramax,15639.78,7819.89,60,26.4,0.0
2025-04-16,Panamax,20888.61,10444.31,72,18.2,0.0
2025-04-16,Capesize,30815.32,15407.66,96,19.2,0.0
2025-04-17,Handysize,11653.24,5826.62,48,16.3,0.0
2025-04-17,Supramax,16337.11,8168.56,60,17.3,0.0
2025-04-17,Panamax,20469.36,10234.68,72,42.6,0.0
2025-04-17,Capesize,30980.38,15490.19,96,25.3,0.0
2025-04-18,Handysize,11315.38,5657.69,48,14.9,0.0
2025-04-18,Supramax,15299.24,7649.62,60,19.9,0.0
2025-04-18,Panamax,20143.77,10071.89,72,23.9,0.0
2025-04-18,Capesize,29927.08,14963.54,96,23.1,0.0
2025-04-21,Handysize,11979.78,5989.89,48,29.9,0.0
2025-04-21,Supramax,15202.57,7601.28,60,15.9,0.0
2025-04-21,Panamax,20089.54,10044.77,72,51.0,0.0
2025-04-21,Capesize,30356.34,15178.17,96,0.0,0.0
2025-04-22,Handysize,12220.23,6110.11,48,24.6,0.0
2025-04-22,Supramax,15796.9,7898.45,60,29.9,0.0
2025-04-22,Panamax,20834.93,10417.47,72,43.8,0.0
2025-04-22,Capesize,30857.87,15428.93,96,40.1,0.0
2025-04-23,Handysize,12578.73,6289.36,48,23.3,0.0
2025-04-23,Supramax,16369.63,8184.81,60,40.4,0.0
2025-04-23,Panamax,20889.68,10444.84,72,27.3,0.0
2025-04-23,Capesize,31752.63,15876.32,96,17.2,0.0
2025-04-24,Handysize,12489.3,6244.65,48,19.4,0.0
2025-04-24,Supramax,16137.75,8068.88,60,0.0,0.0
2025-04-24,Panamax,21317.84,10658.92,72,17.5,0.0
2025-04-24,Capesize,31889.0,15944.5,96,11.0,0.0
2025-04-25,Handysize,12559.1,6279.55,48,12.8,0.0
2025-04-25,Supramax,17020.88,8510.44,60,15.5,0.0
2025-04-25,Panamax,21572.82,10786.41,72,37.2,0.0
2025-04-25,Capesize,31990.84,15995.42,96,24.4,0.0
2025-04-28,Handysize,12421.71,6210.85,48,12.9,0.0
2025-04-28,Supramax,16667.38,8333.69,60,12.8,0.0
2025-04-28,Panamax,21839.17,10919.58,72,29.8,0.0
2025-04-28,Capesize,32214.4,16107.2,96,26.0,0.0
2025-04-29,Handysize,12539.78,6269.89,48,57.6,5015.91
2025-04-29,Supramax,16404.66,8202.33,60,19.1,0.0
2025-04-29,Panamax,20824.78,10412.39,72,9.1,0.0
2025-04-29,Capesize,31745.98,15872.99,96,6.4,0.0
2025-04-30,Handysize,12625.66,6312.83,48,14.7,0.0
2025-04-30,Supramax,16605.59,8302.8,60,22.8,0.0
2025-04-30,Panamax,21093.55,10546.77,72,24.1,0.0
2025-04-30,Capesize,32268.99,16134.5,96,29.9,0.0
2025-05-01,Handysize,13244.28,6622.14,48,42.6,0.0
2025-05-01,Supramax,17147.89,8573.94,60,33.6,0.0
2025-05-01,Panamax,21326.92,10663.46,72,30.9,0.0
2025-05-01,Capesize,32951.18,16475.59,96,15.7,0.0
2025-05-02,Handysize,13058.98,6529.49,48,40.7,0.0
2025-05-02,Supramax,16943.65,8471.83,60,26.6,0.0
2025-05-02,Panamax,21015.44,10507.72,72,49.6,0.0
2025-05-02,Capesize,32200.35,16100.17,96,33.4,0.0
2025-05-05,Handysize,12741.17,6370.59,48,49.9,1008.68
2025-05-05,Supramax,17078.14,8539.07,60,27.2,0.0
2025-05-05,Panamax,21022.43,10511.22,72,27.1,0.0
2025-05-05,Capesize,32245.16,16122.58,96,27.4,0.0
2025-05-06,Handysize,12924.27,6462.14,48,32.3,0.0
2025-05-06,Supramax,17278.51,8639.25,60,27.9,0.0
2025-05-06,Panamax,21214.74,10607.37,72,34.2,0.0
2025-05-06,Capesize,33306.09,16653.04,96,30.8,0.0
2025-05-07,Handysize,13046.66,6523.33,48,23.4,0.0
2025-05-07,Supramax,16980.0,8490.0,60,36.3,0.0
2025-05-07,Panamax,21195.67,10597.83,72,34.6,0.0
2025-05-07,Capesize,32239.48,16119.74,96,36.4,0.0
2025-05-08,Handysize,12570.9,6285.45,48,23.2,0.0
2025-05-08,Supramax,16214.92,8107.46,60,38.3,0.0
2025-05-08,Panamax,21592.67,10796.33,72,15.6,0.0
2025-05-08,Capesize,32515.12,16257.56,96,22.7,0.0
2025-05-09,Handysize,12133.66,6066.83,48,29.5,0.0
2025-05-09,Supramax,16581.66,8290.83,60,43.7,0.0
2025-05-09,Panamax,21676.52,10838.26,72,40.0,0.0
2025-05-09,Capesize,32198.7,16099.35,96,22.1,0.0
2025-05-12,Handysize,12247.84,6123.92,48,40.1,0.0
2025-05-12,Supramax,16178.6,8089.3,60,4.8,0.0
2025-05-12,Panamax,21242.1,10621.05,72,11.0,0.0
2025-05-12,Capesize,32333.98,16166.99,96,0.0,0.0
2025-05-13,Handysize,12107.91,6053.95,48,12.7,0.0
2025-05-13,Supramax,16417.94,8208.97,60,45.8,0.0
2025-05-13,Panamax,21415.22,10707.61,72,29.6,0.0
2025-05-13,Capesize,31508.19,15754.09,96,13.5,0.0
2025-05-14,Handysize,12159.89,6079.94,48,51.8,1925.32
2025-05-14,Supramax,16577.05,8288.52,60,32.8,0.0
2025-05-14,Panamax,20662.38,10331.19,72,29.4,0.0
2025-05-14,Capesize,30998.33,15499.17,96,27.6,0.0
2025-05-15,Handysize,12141.82,6070.91,48,57.7,4907.32
2025-05-15,Supramax,16766.38,8383.19,60,29.9,0.0
2025-05-15,Panamax,20417.3,10208.65,72,26.6,0.0
2025-05-15,Capesize,31648.14,15824.07,96,58.3,0.0
2025-05-16,Handysize,12990.94,6495.47,48,8.6,0.0
2025-05-16,Supramax,16488.55,8244.27,60,19.2,0.0
2025-05-16,Panamax,20883.08,10441.54,72,0.0,0.0
2025-05-16,Capesize,31522.25,15761.12,96,25.4,0.0
2025-05-19,Handysize,12505.19,6252.6,48,23.1,0.0
2025-05-19,Supramax,16595.25,8297.62,60,9.0,0.0
2025-05-19,Panamax,20912.25,10456.12,72,23.6,0.0
2025-05-19,Capesize,31837.05,15918.52,96,35.3,0.0
2025-05-20,Handysize,12584.0,6292.0,48,33.0,0.0
2025-05-20,Supramax,16767.04,8383.52,60,14.5,0.0
2025-05-20,Panamax,21039.91,10519.95,72,30.6,0.0
2025-05-20,Capesize,32364.43,16182.22,96,51.3,0.0
2025-05-21,Handysize,12926.75,6463.38,48,47.1,0.0
2025-05-21,Supramax,17323.6,8661.8,60,42.8,0.0
2025-05-21,Panamax,21409.91,10704.95,72,29.7,0.0
2025-05-21,Capesize,32685.77,16342.89,96,20.0,0.0
2025-05-22,Handysize,13095.37,6547.69,48,32.6,0.0
2025-05-22,Supramax,17014.7,8507.35,60,11.7,0.0
2025-05-22,Panamax,21540.76,10770.38,72,37.4,0.0
2025-05-22,Capesize,32615.64,16307.82,96,34.6,0.0
2025-05-23,Handysize,13562.69,6781.35,48,1.9,0.0
2025-05-23,Supramax,17451.13,8725.57,60,41.7,0.0
2025-05-23,Panamax,22502.76,11251.38,72,17.4,0.0
2025-05-23,Capesize,33278.11,16639.06,96,5.4,0.0
2025-05-26,Handysize,13163.05,6581.52,48,14.9,0.0
2025-05-26,Supramax,16844.18,8422.09,60,52.8,0.0
2025-05-26,Panamax,21892.05,10946.02,72,59.6,0.0
2025-05-26,Capesize,33440.07,16720.03,96,9.2,0.0
2025-05-27,Handysize,12688.56,6344.28,48,29.2,0.0
2025-05-27,Supramax,17428.95,8714.48,60,53.5,0.0
2025-05-27,Panamax,22186.97,11093.49,72,19.7,0.0
2025-05-27,Capesize,33340.67,16670.33,96,26.3,0.0
2025-05-28,Handysize,13362.19,6681.1,48,16.9,0.0
2025-05-28,Supramax,16929.88,8464.94,60,1.4,0.0
2025-05-28,Panamax,22249.82,11124.91,72,18.1,0.0
2025-05-28,Capesize,33187.69,16593.85,96,19.5,0.0
2025-05-29,Handysize,13131.99,6565.99,48,22.0,0.0
2025-05-29,Supramax,17339.23,8669.61,60,0.0,0.0
2025-05-29,Panamax,21728.76,10864.38,72,16.4,0.0
2025-05-29,Capesize,33689.2,16844.6,96,23.8,0.0
2025-05-30,Handysize,12595.59,6297.8,48,28.0,0.0
2025-05-30,Supramax,17485.17,8742.58,60,29.4,0.0
2025-05-30,Panamax,21981.45,10990.73,72,17.8,0.0
2025-05-30,Capesize,33241.94,16620.97,96,22.3,0.0
2025-06-02,Handysize,12851.82,6425.91,48,56.2,4391.04
2025-06-02,Supramax,17083.32,8541.66,60,40.1,0.0
2025-06-02,Panamax,22505.66,11252.83,72,42.5,0.0
2025-06-02,Capesize,32997.87,16498.94,96,81.7,0.0
2025-06-03,Handysize,13031.42,6515.71,48,40.5,0.0
2025-06-03,Supramax,16995.38,8497.69,60,73.0,9205.83
2025-06-03,Panamax,21970.43,10985.22,72,40.1,0.0
2025-06-03,Capesize,33878.43,16939.22,96,73.1,0.0
2025-06-04,Handysize,12862.66,6431.33,48,71.5,12594.69
2025-06-04,Supramax,17119.17,8559.58,60,50.2,0.0
2025-06-04,Panamax,21560.9,10780.45,72,70.3,0.0
2025-06-04,Capesize,32904.94,16452.47,96,47.7,0.0
2025-06-05,Handysize,12778.52,6389.26,48,72.9,13257.71
2025-06-05,Supramax,17323.04,8661.52,60,63.4,2454.1
2025-06-05,Panamax,21658.15,10829.08,72,43.5,0.0
2025-06-05,Capesize,33523.24,16761.62,96,61.9,0.0
2025-06-06,Handysize,12629.25,6314.62,48,60.5,6577.73
2025-06-06,Supramax,16864.38,8432.19,60,48.8,0.0
2025-06-06,Panamax,21997.63,10998.82,72,53.0,0.0
2025-06-06,Capesize,33736.22,16868.11,96,23.9,0.0
2025-06-09,Handysize,12733.25,6366.62,48,78.7,16287.95
2025-06-09,Supramax,16768.41,8384.2,60,70.3,7196.44
2025-06-09,Panamax,21821.21,10910.6,72,45.3,0.0
2025-06-09,Capesize,33215.22,16607.61,96,49.8,0.0
2025-06-10,Handysize,12788.71,6394.35,48,70.7,12095.99
2025-06-10,Supramax,17314.69,8657.34,60,68.2,5915.85
2025-06-10,Panamax,22193.49,11096.75,72,76.3,3976.33
2025-06-10,Capesize,33150.67,16575.33,96,48.8,0.0
2025-06-11,Handysize,13079.06,6539.53,48,53.6,3051.78
2025-06-11,Supramax,16969.32,8484.66,60,42.3,0.0
2025-06-11,Panamax,21711.42,10855.71,72,44.5,0.0
2025-06-11,Capesize,32986.96,16493.48,96,41.7,0.0
2025-06-12,Handysize,12634.07,6317.03,48,63.1,7948.94
2025-06-12,Supramax,16869.69,8434.84,60,60.9,632.61
2025-06-12,Panamax,21224.51,10612.25,72,61.6,0.0
2025-06-12,Capesize,33009.69,16504.85,96,50.9,0.0
2025-06-13,Handysize,12754.25,6377.12,48,45.9,0.0
2025-06-13,Supramax,17023.99,8512.0,60,44.6,0.0
2025-06-13,Panamax,21760.63,10880.32,72,31.5,0.0
2025-06-13,Capesize,32722.17,16361.08,96,41.9,0.0
2025-06-16,Handysize,13145.31,6572.65,48,43.3,0.0
2025-06-16,Supramax,17233.1,8616.55,60,51.7,0.0
2025-06-16,Panamax,22035.82,11017.91,72,26.5,0.0
2025-06-16,Capesize,33211.97,16605.99,96,60.4,0.0
2025-06-17,Handysize,12885.81,6442.9,48,49.6,859.05
2025-06-17,Supramax,17325.08,8662.54,60,72.1,8734.73
2025-06-17,Panamax,21198.98,10599.49,72,76.4,3886.48
2025-06-17,Capesize,32575.85,16287.92,96,66.6,0.0
2025-06-18,Handysize,12959.23,6479.61,48,44.6,0.0
2025-06-18,Supramax,16948.33,8474.17,60,67.8,5508.21
2025-06-18,Panamax,22195.24,11097.62,72,47.1,0.0
2025-06-18,Capesize,33644.73,16822.37,96,51.4,0.0
2025-06-19,Handysize,13521.73,6760.86,48,68.8,11718.83
2025-06-19,Supramax,17214.12,8607.06,60,43.1,0.0
2025-06-19,Panamax,22588.37,11294.18,72,57.1,0.0
2025-06-19,Capesize,33752.25,16876.12,96,82.1,0.0
2025-06-20,Handysize,13117.2,6558.6,48,23.4,0.0
2025-06-20,Supramax,17070.36,8535.18,60,46.9,0.0
2025-06-20,Panamax,22333.11,11166.56,72,48.7,0.0
2025-06-20,Capesize,33609.98,16804.99,96,64.2,0.0
2025-06-23,Handysize,13033.65,6516.82,48,50.0,1086.14
2025-06-23,Supramax,17297.8,8648.9,60,68.6,6198.38
2025-06-23,Panamax,22774.8,11387.4,72,71.4,0.0
2025-06-23,Capesize,34521.51,17260.76,96,65.2,0.0
2025-06-24,Handysize,13897.72,6948.86,48,65.4,10075.85
2025-06-24,Supramax,17986.91,8993.45,60,70.5,7869.27
2025-06-24,Panamax,22872.26,11436.13,72,65.7,0.0
2025-06-24,Capesize,34928.17,17464.08,96,67.0,0.0
2025-06-25,Handysize,13423.95,6711.98,48,51.2,1789.86
2025-06-25,Supramax,17976.11,8988.06,60,84.5,18350.61
2025-06-25,Panamax,22384.6,11192.3,72,62.0,0.0
2025-06-25,Capesize,34093.37,17046.69,96,81.9,0.0
2025-06-26,Handysize,13643.36,6821.68,48,73.5,14496.07
2025-06-26,Supramax,18078.92,9039.46,60,52.3,0.0
2025-06-26,Panamax,23083.48,11541.74,72,67.3,0.0
2025-06-26,Capesize,35405.3,17702.65,96,67.0,0.0
2025-06-27,Handysize,14249.23,7124.61,48,76.6,16980.33
2025-06-27,Supramax,17935.54,8967.77,60,41.9,0.0
2025-06-27,Panamax,22929.41,11464.7,72,56.7,0.0
2025-06-27,Capesize,35512.87,17756.44,96,46.0,0.0
2025-06-30,Handysize,13279.85,6639.93,48,38.1,0.0
2025-06-30,Supramax,18232.36,9116.18,60,81.1,16029.28
2025-06-30,Panamax,23222.99,11611.5,72,65.7,0.0
2025-06-30,Capesize,34754.12,17377.06,96,59.4,0.0
2025-07-01,Handysize,13483.97,6741.98,48,66.4,10337.71
2025-07-01,Supramax,18135.17,9067.58,60,39.0,0.0
2025-07-01,Panamax,22540.68,11270.34,72,66.1,0.0
2025-07-01,Capesize,34562.0,17281.0,96,48.2,0.0
2025-07-02,Handysize,13098.81,6549.4,48,44.8,0.0
2025-07-02,Supramax,17250.6,8625.3,60,57.0,0.0
2025-07-02,Panamax,22284.98,11142.49,72,46.5,0.0
2025-07-02,Capesize,33344.41,16672.21,96,49.3,0.0
2025-07-03,Handysize,12611.72,6305.86,48,40.9,0.0
2025-07-03,Supramax,17397.67,8698.83,60,69.5,6886.58
2025-07-03,Panamax,21646.8,10823.4,72,45.6,0.0
2025-07-03,Capesize,33368.64,16684.32,96,51.8,0.0
2025-07-04,Handysize,13067.65,6533.82,48,61.7,7459.45
2025-07-04,Supramax,17567.67,8783.83,60,32.3,0.0
2025-07-04,Panamax,22031.22,11015.61,72,48.4,0.0
2025-07-04,Capesize,33075.7,16537.85,96,21.2,0.0
2025-07-07,Handysize,12619.43,6309.72,48,48.0,0.0
2025-07-07,Supramax,16647.96,8323.98,60,58.4,0.0
2025-07-07,Panamax,21773.17,10886.58,72,63.2,0.0
2025-07-07,Capesize,32834.08,16417.04,96,48.1,0.0
2025-07-08,Handysize,12773.17,6386.59,48,30.4,0.0
2025-07-08,Supramax,17163.84,8581.92,60,36.5,0.0
2025-07-08,Panamax,22091.48,11045.74,72,70.4,0.0
2025-07-08,Capesize,32991.44,16495.72,96,80.5,0.0
2025-07-09,Handysize,13067.55,6533.77,48,44.9,0.0
2025-07-09,Supramax,16842.01,8421.0,60,51.1,0.0
2025-07-09,Panamax,21277.56,10638.78,72,36.8,0.0
2025-07-09,Capesize,32880.1,16440.05,96,40.2,0.0
2025-07-10,Handysize,12349.98,6174.99,48,38.7,0.0
2025-07-10,Supramax,16673.62,8336.81,60,39.3,0.0
2025-07-10,Panamax,21534.22,10767.11,72,45.6,0.0
2025-07-10,Capesize,33177.46,16588.73,96,51.4,0.0
2025-07-11,Handysize,13179.86,6589.93,48,59.9,6535.01
2025-07-11,Supramax,16866.14,8433.07,60,53.9,0.0
2025-07-11,Panamax,21912.07,10956.03,72,69.9,0.0
2025-07-11,Capesize,32369.85,16184.92,96,55.4,0.0
2025-07-14,Handysize,12908.08,6454.04,48,43.0,0.0
2025-07-14,Supramax,17575.89,8787.94,60,54.3,0.0
2025-07-14,Panamax,21596.27,10798.14,72,60.7,0.0
2025-07-14,Capesize,33285.26,16642.63,96,82.3,0.0
2025-07-15,Handysize,12637.38,6318.69,48,82.7,18271.55
2025-07-15,Supramax,16569.95,8284.98,60,57.6,0.0
2025-07-15,Panamax,21259.63,10629.82,72,60.1,0.0
2025-07-15,Capesize,32800.05,16400.03,96,43.9,0.0
2025-07-16,Handysize,13154.11,6577.06,48,40.2,0.0
2025-07-16,Supramax,17077.37,8538.68,60,38.1,0.0
2025-07-16,Panamax,21795.79,10897.9,72,100.8,26154.95
2025-07-16,Capesize,33133.67,16566.83,96,60.8,0.0
2025-07-17,Handysize,13338.12,6669.06,48,41.9,0.0
2025-07-17,Supramax,17157.67,8578.83,60,63.7,2645.14
2025-07-17,Panamax,21594.79,10797.4,72,36.4,0.0
2025-07-17,Capesize,33577.74,16788.87,96,44.5,0.0
2025-07-18,Handysize,13163.55,6581.77,48,59.3,6197.84
2025-07-18,Supramax,16642.38,8321.19,60,57.3,0.0
2025-07-18,Panamax,22338.15,11169.08,72,31.5,0.0
2025-07-18,Capesize,33303.44,16651.72,96,80.4,0.0
2025-07-21,Handysize,13225.63,6612.81,48,41.0,0.0
2025-07-21,Supramax,17017.63,8508.82,60,54.2,0.0
2025-07-21,Panamax,22071.16,11035.58,72,33.4,0.0
2025-07-21,Capesize,33491.31,16745.65,96,59.5,0.0
2025-07-22,Handysize,13405.25,6702.62,48,48.8,446.84
2025-07-22,Supramax,17418.61,8709.31,60,74.8,10741.48
2025-07-22,Panamax,22442.54,11221.27,72,70.2,0.0
2025-07-22,Capesize,33154.24,16577.12,96,61.4,0.0
2025-07-23,Handysize,13255.79,6627.9,48,74.5,14636.6
2025-07-23,Supramax,17617.88,8808.94,60,57.8,0.0
2025-07-23,Panamax,22035.12,11017.56,72,55.5,0.0
2025-07-23,Capesize,33814.9,16907.45,96,55.2,0.0
2025-07-24,Handysize,13475.97,6737.98,48,64.4,9208.58
2025-07-24,Supramax,17336.71,8668.35,60,31.1,0.0
2025-07-24,Panamax,22359.47,11179.74,72,55.7,0.0
2025-07-24,Capesize,33811.78,16905.89,96,56.3,0.0
2025-07-25,Handysize,13086.47,6543.23,48,55.8,4253.1
2025-07-25,Supramax,17279.04,8639.52,60,66.6,4751.74
2025-07-25,Panamax,21970.94,10985.47,72,62.6,0.0
2025-07-25,Capesize,33669.36,16834.68,96,24.7,0.0
2025-07-28,Handysize,13076.0,6538.0,48,68.1,10951.15
2025-07-28,Supramax,17315.25,8657.62,60,57.6,0.0
2025-07-28,Panamax,21825.12,10912.56,72,64.6,0.0
2025-07-28,Capesize,33773.64,16886.82,96,78.8,0.0
2025-07-29,Handysize,13024.56,6512.28,48,49.7,922.57
2025-07-29,Supramax,17341.49,8670.75,60,68.4,6069.52
2025-07-29,Panamax,21396.82,10698.41,72,77.2,4635.98
2025-07-29,Capesize,33315.0,16657.5,96,53.3,0.0
2025-07-30,Handysize,12800.09,6400.05,48,37.3,0.0
2025-07-30,Supramax,16618.33,8309.17,60,50.3,0.0
2025-07-30,Panamax,20903.91,10451.95,72,78.0,5225.98
2025-07-30,Capesize,32676.56,16338.28,96,56.4,0.0
2025-07-31,Handysize,12610.23,6305.11,48,52.7,2469.5
2025-07-31,Supramax,16349.28,8174.64,60,75.2,10354.54
2025-07-31,Panamax,21268.2,10634.1,72,69.3,0.0
2025-07-31,Capesize,31887.43,15943.72,96,57.4,0.0
2025-08-01,Handysize,12956.41,6478.2,48,62.5,7827.83
2025-08-01,Supramax,17121.0,8560.5,60,42.7,0.0
2025-08-01,Panamax,21472.79,10736.4,72,79.0,6262.9
2025-08-01,Capesize,32495.28,16247.64,96,70.3,0.0
2025-08-04,Handysize,13076.61,6538.31,48,76.8,15691.93
2025-08-04,Supramax,16287.39,8143.69,60,66.6,4479.03
2025-08-04,Panamax,20992.93,10496.47,72,56.1,0.0
2025-08-04,Capesize,32197.53,16098.76,96,73.3,0.0
2025-08-05,Handysize,12780.2,6390.1,48,68.7,11022.92
2025-08-05,Supramax,17240.17,8620.08,60,68.4,6034.06
2025-08-05,Panamax,21196.13,10598.07,72,42.8,0.0
2025-08-05,Capesize,32521.25,16260.62,96,72.3,0.0
2025-08-06,Handysize,13040.38,6520.19,48,37.9,0.0
2025-08-06,Supramax,17054.87,8527.43,60,36.6,0.0
2025-08-06,Panamax,22093.09,11046.55,72,35.7,0.0
2025-08-06,Capesize,33529.4,16764.7,96,55.8,0.0
2025-08-07,Handysize,12521.03,6260.52,48,54.0,3130.26
2025-08-07,Supramax,17161.09,8580.55,60,48.3,0.0
2025-08-07,Panamax,22205.79,11102.9,72,31.8,0.0
2025-08-07,Capesize,32727.74,16363.87,96,61.6,0.0
2025-08-08,Handysize,12907.83,6453.91,48,71.8,12800.26
2025-08-08,Supramax,16988.19,8494.09,60,38.3,0.0
2025-08-08,Panamax,22193.26,11096.63,72,44.9,0.0
2025-08-08,Capesize,33152.61,16576.31,96,55.4,0.0
2025-08-11,Handysize,13156.69,6578.35,48,26.1,0.0
2025-08-11,Supramax,17467.45,8733.73,60,62.8,2037.87
2025-08-11,Panamax,21764.67,10882.33,72,62.4,0.0
2025-08-11,Capesize,32676.04,16338.02,96,74.3,0.0
2025-08-12,Handysize,13409.54,6704.77,48,59.8,6593.02
2025-08-12,Supramax,17302.01,8651.0,60,59.2,0.0
2025-08-12,Panamax,21912.56,10956.28,72,35.0,0.0
2025-08-12,Capesize,33020.24,16510.12,96,62.4,0.0
2025-08-13,Handysize,13073.9,6536.95,48,28.5,0.0
2025-08-13,Supramax,17092.11,8546.06,60,72.1,8617.27
2025-08-13,Panamax,21699.48,10849.74,72,45.1,0.0
2025-08-13,Capesize,33506.31,16753.15,96,56.4,0.0
2025-08-14,Handysize,13072.1,6536.05,48,48.4,217.87
2025-08-14,Supramax,16499.74,8249.87,60,39.4,0.0
2025-08-14,Panamax,21894.49,10947.25,72,66.2,0.0
2025-08-14,Capesize,32395.07,16197.53,96,37.4,0.0
2025-08-15,Handysize,12715.46,6357.73,48,65.5,9271.69
2025-08-15,Supramax,16626.01,8313.0,60,46.0,0.0
2025-08-15,Panamax,21892.56,10946.28,72,71.4,0.0
2025-08-15,Capesize,33076.78,16538.39,96,65.7,0.0
2025-08-18,Handysize,13008.46,6504.23,48,50.1,1138.24
2025-08-18,Supramax,16372.72,8186.36,60,54.9,0.0
2025-08-18,Panamax,21923.03,10961.51,72,60.1,0.0
2025-08-18,Capesize,32705.2,16352.6,96,63.4,0.0
2025-08-19,Handysize,12811.23,6405.61,48,57.5,5071.11
2025-08-19,Supramax,16944.39,8472.19,60,52.6,0.0
2025-08-19,Panamax,21821.5,10910.75,72,58.6,0.0
2025-08-19,Capesize,32392.51,16196.25,96,30.7,0.0
2025-08-20,Handysize,12781.36,6390.68,48,69.8,11609.74
2025-08-20,Supramax,16808.62,8404.31,60,40.1,0.0
2025-08-20,Panamax,21313.74,10656.87,72,47.3,0.0
2025-08-20,Capesize,32486.83,16243.42,96,55.0,0.0
2025-08-21,Handysize,13068.1,6534.05,48,59.6,6316.25
2025-08-21,Supramax,16951.95,8475.98,60,47.9,0.0
2025-08-21,Panamax,21279.93,10639.97,72,46.2,0.0
2025-08-21,Capesize,32513.64,16256.82,96,62.5,0.0
2025-08-22,Handysize,12703.99,6351.99,48,80.3,17097.45
2025-08-22,Supramax,17472.16,8736.08,60,53.5,0.0
2025-08-22,Panamax,21691.63,10845.82,72,57.5,0.0
2025-08-22,Capesize,33009.46,16504.73,96,65.4,0.0
2025-08-25,Handysize,12270.53,6135.27,48,74.0,13293.07
2025-08-25,Supramax,16717.71,8358.85,60,65.5,3831.14
2025-08-25,Panamax,21537.46,10768.73,72,55.9,0.0
2025-08-25,Capesize,32597.74,16298.87,96,55.6,0.0
2025-08-26,Handysize,12420.96,6210.48,48,49.1,569.29
2025-08-26,Supramax,16328.62,8164.31,60,90.4,20682.92
2025-08-26,Panamax,20925.86,10462.93,72,56.5,0.0
2025-08-26,Capesize,31594.65,15797.33,96,23.1,0.0
2025-08-27,Handysize,12553.54,6276.77,48,60.2,6381.38
2025-08-27,Supramax,15957.29,7978.65,60,72.0,7978.65
2025-08-27,Panamax,20802.45,10401.23,72,56.0,0.0
2025-08-27,Capesize,31155.49,15577.75,96,42.4,0.0
2025-08-28,Handysize,12615.6,6307.8,48,59.3,5939.84
2025-08-28,Supramax,15932.03,7966.02,60,52.4,0.0
2025-08-28,Panamax,20438.02,10219.01,72,30.8,0.0
2025-08-28,Capesize,30867.89,15433.94,96,82.7,0.0
2025-08-29,Handysize,12545.0,6272.5,48,95.2,24671.83
2025-08-29,Supramax,15963.42,7981.71,60,55.2,0.0
2025-08-29,Panamax,20312.71,10156.35,72,58.8,0.0
2025-08-29,Capesize,31299.63,15649.82,96,69.4,0.0
2025-09-01,Handysize,12216.35,6108.18,48,56.8,4479.33
2025-09-01,Supramax,15700.83,7850.41,60,53.2,0.0
2025-09-01,Panamax,20098.75,10049.38,72,72.4,334.98
2025-09-01,Capesize,31222.57,15611.28,96,61.1,0.0
2025-09-02,Handysize,12622.14,6311.07,48,75.1,14252.5
2025-09-02,Supramax,16694.74,8347.37,60,50.4,0.0
2025-09-02,Panamax,21329.73,10664.86,72,24.7,0.0
2025-09-02,Capesize,31998.9,15999.45,96,51.3,0.0
2025-09-03,Handysize,12347.67,6173.84,48,44.1,0.0
2025-09-03,Supramax,16079.65,8039.82,60,36.5,0.0
2025-09-03,Panamax,21147.6,10573.8,72,40.3,0.0
2025-09-03,Capesize,31730.91,15865.45,96,49.5,0.0
2025-09-04,Handysize,12776.81,6388.4,48,68.6,10966.76
2025-09-04,Supramax,16129.64,8064.82,60,71.6,7795.99
2025-09-04,Panamax,20713.4,10356.7,72,36.2,0.0
2025-09-04,Capesize,31383.02,15691.51,96,68.2,0.0
2025-09-05,Handysize,12622.38,6311.19,48,59.9,6258.6
2025-09-05,Supramax,16901.21,8450.6,60,45.6,0.0
2025-09-05,Panamax,21505.25,10752.62,72,54.0,0.0
2025-09-05,Capesize,31513.27,15756.64,96,49.4,0.0
2025-09-08,Handysize,12374.73,6187.36,48,46.0,0.0
2025-09-08,Supramax,16341.47,8170.73,60,67.1,4834.35
2025-09-08,Panamax,21327.78,10663.89,72,64.5,0.0
2025-09-08,Capesize,31951.89,15975.94,96,59.9,0.0
2025-09-09,Handysize,12208.92,6104.46,48,86.2,19432.53
2025-09-09,Supramax,16427.65,8213.83,60,75.4,10541.08
2025-09-09,Panamax,20661.3,10330.65,72,52.6,0.0
2025-09-09,Capesize,31892.3,15946.15,96,49.9,0.0
2025-09-10,Handysize,12477.59,6238.8,48,45.0,0.0
2025-09-10,Supramax,16615.17,8307.58,60,50.3,0.0
2025-09-10,Panamax,20650.06,10325.03,72,59.0,0.0
2025-09-10,Capesize,31795.5,15897.75,96,69.0,0.0
2025-09-11,Handysize,11929.32,5964.66,48,50.0,994.11
2025-09-11,Supramax,16664.93,8332.47,60,46.7,0.0
2025-09-11,Panamax,21035.61,10517.81,72,28.5,0.0
2025-09-11,Capesize,31242.03,15621.01,96,41.1,0.0
2025-09-12,Handysize,12578.34,6289.17,48,40.7,0.0
2025-09-12,Supramax,16800.8,8400.4,60,40.9,0.0
2025-09-12,Panamax,21165.73,10582.86,72,39.1,0.0
2025-09-12,Capesize,32452.05,16226.02,96,34.9,0.0
2025-09-15,Handysize,13133.32,6566.66,48,54.6,3611.66
2025-09-15,Supramax,17155.08,8577.54,60,77.6,12580.39
2025-09-15,Panamax,21572.2,10786.1,72,63.5,0.0
2025-09-15,Capesize,31770.46,15885.23,96,64.3,0.0
2025-09-16,Handysize,12688.22,6344.11,48,46.2,0.0
2025-09-16,Supramax,16654.32,8327.16,60,59.5,0.0
2025-09-16,Panamax,21881.49,10940.75,72,55.8,0.0
2025-09-16,Capesize,33056.07,16528.03,96,59.6,0.0
2025-09-17,Handysize,12950.07,6475.03,48,80.9,17752.39
2025-09-17,Supramax,17270.64,8635.32,60,57.2,0.0
2025-09-17,Panamax,22278.45,11139.23,72,58.7,0.0
2025-09-17,Capesize,33254.96,16627.48,96,35.0,0.0
2025-09-18,Handysize,13013.81,6506.9,48,87.2,21255.89
2025-09-18,Supramax,17287.18,8643.59,60,26.1,0.0
2025-09-18,Panamax,22408.18,11204.09,72,53.6,0.0
2025-09-18,Capesize,34007.43,17003.72,96,57.9,0.0
2025-09-19,Handysize,12648.29,6324.15,48,61.8,7272.77
2025-09-19,Supramax,17650.67,8825.33,60,61.8,1323.8
2025-09-19,Panamax,22488.37,11244.18,72,86.5,13586.72
2025-09-19,Capesize,32944.26,16472.13,96,50.9,0.0
2025-09-22,Handysize,13249.37,6624.69,48,32.8,0.0
2025-09-22,Supramax,17304.86,8652.43,60,37.6,0.0
2025-09-22,Panamax,22087.14,11043.57,72,45.5,0.0
2025-09-22,Capesize,33413.79,16706.9,96,70.2,0.0
2025-09-23,Handysize,12815.68,6407.84,48,59.2,5980.65
2025-09-23,Supramax,16820.87,8410.43,60,43.9,0.0
2025-09-23,Panamax,21448.53,10724.26,72,54.9,0.0
2025-09-23,Capesize,33140.72,16570.36,96,83.2,0.0
2025-09-24,Handysize,13402.76,6701.38,48,63.1,8432.57
2025-09-24,Supramax,17238.85,8619.42,60,38.9,0.0
2025-09-24,Panamax,21999.62,10999.81,72,36.7,0.0
2025-09-24,Capesize,33711.38,16855.69,96,49.0,0.0
2025-09-25,Handysize,13555.21,6777.6,48,49.4,790.72
2025-09-25,Supramax,17563.39,8781.69,60,47.2,0.0
2025-09-25,Panamax,22045.44,11022.72,72,46.0,0.0
2025-09-25,Capesize,33315.98,16657.99,96,52.7,0.0
2025-09-26,Handysize,13651.72,6825.86,48,41.2,0.0
2025-09-26,Supramax,17334.67,8667.33,60,41.0,0.0
2025-09-26,Panamax,22098.63,11049.32,72,51.7,0.0
2025-09-26,Capesize,33567.64,16783.82,96,51.3,0.0
2025-09-29,Handysize,12633.16,6316.58,48,71.0,12106.78
2025-09-29,Supramax,17468.26,8734.13,60,87.9,20306.85
2025-09-29,Panamax,22361.17,11180.58,72,37.8,0.0
2025-09-29,Capesize,33373.32,16686.66,96,64.3,0.0
2025-09-30,Handysize,13038.57,6519.28,48,30.7,0.0
2025-09-30,Supramax,17184.42,8592.21,60,61.8,1288.83
2025-09-30,Panamax,22424.76,11212.38,72,68.3,0.0
2025-09-30,Capesize,33363.48,16681.74,96,69.0,0.0
2025-10-01,Handysize,12916.14,6458.07,48,7.7,0.0
2025-10-01,Supramax,17111.39,8555.69,60,15.4,0.0
2025-10-01,Panamax,22620.32,11310.16,72,43.2,0.0
2025-10-01,Capesize,33985.38,16992.69,96,15.0,0.0
2025-10-02,Handysize,13177.76,6588.88,48,20.8,0.0
2025-10-02,Supramax,16702.64,8351.32,60,32.7,0.0
2025-10-02,Panamax,22183.42,11091.71,72,20.2,0.0
2025-10-02,Capesize,33480.78,16740.39,96,38.1,0.0
2025-10-03,Handysize,12696.7,6348.35,48,35.3,0.0
2025-10-03,Supramax,17068.55,8534.27,60,10.9,0.0
2025-10-03,Panamax,21508.8,10754.4,72,14.2,0.0
2025-10-03,Capesize,33438.62,16719.31,96,24.5,0.0
2025-10-06,Handysize,12281.08,6140.54,48,12.6,0.0
2025-10-06,Supramax,16758.65,8379.33,60,52.1,0.0
2025-10-06,Panamax,21318.5,10659.25,72,37.3,0.0
2025-10-06,Capesize,32507.58,16253.79,96,25.7,0.0
2025-10-07,Handysize,13048.21,6524.1,48,11.5,0.0
2025-10-07,Supramax,16604.9,8302.45,60,23.7,0.0
2025-10-07,Panamax,20987.37,10493.68,72,36.0,0.0
2025-10-07,Capesize,31982.47,15991.24,96,6.4,0.0
2025-10-08,Handysize,12835.58,6417.79,48,27.0,0.0
2025-10-08,Supramax,16720.59,8360.3,60,24.0,0.0
2025-10-08,Panamax,21054.62,10527.31,72,16.1,0.0
2025-10-08,Capesize,31533.27,15766.64,96,57.3,0.0
2025-10-09,Handysize,12594.69,6297.35,48,27.3,0.0
2025-10-09,Supramax,16213.29,8106.65,60,1.0,0.0
2025-10-09,Panamax,21185.58,10592.79,72,24.6,0.0
2025-10-09,Capesize,31728.19,15864.09,96,41.4,0.0
2025-10-10,Handysize,12249.36,6124.68,48,43.7,0.0
2025-10-10,Supramax,16982.79,8491.4,60,4.5,0.0
2025-10-10,Panamax,20673.54,10336.77,72,23.6,0.0
2025-10-10,Capesize,32391.36,16195.68,96,3.4,0.0
2025-10-13,Handysize,12925.0,6462.5,48,35.4,0.0
2025-10-13,Supramax,17086.82,8543.41,60,50.5,0.0
2025-10-13,Panamax,21261.21,10630.6,72,25.9,0.0
2025-10-13,Capesize,32168.37,16084.18,96,27.2,0.0
2025-10-14,Handysize,12634.51,6317.26,48,23.8,0.0
2025-10-14,Supramax,16860.17,8430.08,60,0.0,0.0
2025-10-14,Panamax,21387.16,10693.58,72,28.1,0.0
2025-10-14,Capesize,31979.97,15989.99,96,18.0,0.0
2025-10-15,Handysize,12452.33,6226.16,48,8.0,0.0
2025-10-15,Supramax,16781.47,8390.74,60,14.4,0.0
2025-10-15,Panamax,21164.78,10582.39,72,5.3,0.0
2025-10-15,Capesize,32573.82,16286.91,96,20.9,0.0
2025-10-16,Handysize,12503.32,6251.66,48,2.2,0.0
2025-10-16,Supramax,16562.85,8281.42,60,47.6,0.0
2025-10-16,Panamax,21930.07,10965.03,72,17.0,0.0
2025-10-16,Capesize,32684.14,16342.07,96,17.6,0.0
2025-10-17,Handysize,13436.41,6718.2,48,41.1,0.0
2025-10-17,Supramax,17761.12,8880.56,60,0.0,0.0
2025-10-17,Panamax,22516.98,11258.49,72,20.7,0.0
2025-10-17,Capesize,33197.86,16598.93,96,41.5,0.0
2025-10-20,Handysize,13410.66,6705.33,48,35.0,0.0
2025-10-20,Supramax,17300.45,8650.23,60,9.7,0.0
2025-10-20,Panamax,22786.42,11393.21,72,36.3,0.0
2025-10-20,Capesize,33760.0,16880.0,96,27.1,0.0
2025-10-21,Handysize,12996.81,6498.4,48,40.4,0.0
2025-10-21,Supramax,16804.11,8402.06,60,26.5,0.0
2025-10-21,Panamax,22209.64,11104.82,72,13.5,0.0
2025-10-21,Capesize,33676.97,16838.49,96,53.0,0.0
2025-10-22,Handysize,12619.01,6309.51,48,3.6,0.0
2025-10-22,Supramax,16579.63,8289.82,60,13.5,0.0
2025-10-22,Panamax,21978.79,10989.4,72,25.4,0.0
2025-10-22,Capesize,33441.1,16720.55,96,15.6,0.0
2025-10-23,Handysize,13594.47,6797.23,48,55.5,4248.27
2025-10-23,Supramax,16914.33,8457.17,60,0.0,0.0
2025-10-23,Panamax,22007.57,11003.78,72,0.0,0.0
2025-10-23,Capesize,33486.89,16743.44,96,5.4,0.0
2025-10-24,Handysize,13428.06,6714.03,48,34.3,0.0
2025-10-24,Supramax,16995.98,8497.99,60,15.4,0.0
2025-10-24,Panamax,21707.81,10853.91,72,24.7,0.0
2025-10-24,Capesize,33087.35,16543.67,96,0.0,0.0
2025-10-27,Handysize,12950.63,6475.31,48,0.9,0.0
2025-10-27,Supramax,17004.51,8502.25,60,16.6,0.0
2025-10-27,Panamax,22003.53,11001.76,72,21.8,0.0
2025-10-27,Capesize,33522.1,16761.05,96,0.0,0.0
2025-10-28,Handysize,12692.35,6346.18,48,11.7,0.0
2025-10-28,Supramax,17191.52,8595.76,60,33.7,0.0
2025-10-28,Panamax,21316.54,10658.27,72,22.5,0.0
2025-10-28,Capesize,32758.67,16379.33,96,11.5,0.0
2025-10-29,Handysize,13120.36,6560.18,48,27.1,0.0
2025-10-29,Supramax,16974.98,8487.49,60,25.4,0.0
2025-10-29,Panamax,22511.65,11255.83,72,42.6,0.0
2025-10-29,Capesize,33922.89,16961.44,96,40.1,0.0
2025-10-30,Handysize,13650.82,6825.41,48,27.6,0.0
2025-10-30,Supramax,17702.13,8851.07,60,22.9,0.0
2025-10-30,Panamax,22532.23,11266.11,72,16.9,0.0
2025-10-30,Capesize,34303.22,17151.61,96,29.5,0.0
2025-10-31,Handysize,13668.39,6834.19,48,70.0,12529.36
2025-10-31,Supramax,17487.32,8743.66,60,31.3,0.0
2025-10-31,Panamax,22488.98,11244.49,72,47.7,0.0
2025-10-31,Capesize,34016.93,17008.47,96,7.6,0.0
2025-11-03,Handysize,13607.91,6803.95,48,46.2,0.0
2025-11-03,Supramax,17527.52,8763.76,60,52.9,0.0
2025-11-03,Panamax,22015.87,11007.93,72,33.5,0.0
2025-11-03,Capesize,33837.65,16918.83,96,34.8,0.0
2025-11-04,Handysize,12341.62,6170.81,48,29.4,0.0
2025-11-04,Supramax,17121.93,8560.97,60,12.5,0.0
2025-11-04,Panamax,21980.7,10990.35,72,25.6,0.0
2025-11-04,Capesize,32664.89,16332.44,96,35.7,0.0
2025-11-05,Handysize,13360.83,6680.41,48,11.5,0.0
2025-11-05,Supramax,16827.1,8413.55,60,19.9,0.0
2025-11-05,Panamax,21688.2,10844.1,72,0.4,0.0
2025-11-05,Capesize,33169.39,16584.69,96,34.8,0.0
2025-11-06,Handysize,12274.76,6137.38,48,0.0,0.0
2025-11-06,Supramax,17111.94,8555.97,60,22.0,0.0
2025-11-06,Panamax,21524.68,10762.34,72,5.2,0.0
2025-11-06,Capesize,32623.15,16311.58,96,9.6,0.0
2025-11-07,Handysize,13344.1,6672.05,48,17.6,0.0
2025-11-07,Supramax,16809.5,8404.75,60,36.8,0.0
2025-11-07,Panamax,21922.74,10961.37,72,44.4,0.0
2025-11-07,Capesize,32317.02,16158.51,96,41.7,0.0
2025-11-10,Handysize,12822.83,6411.41,48,7.2,0.0
2025-11-10,Supramax,17370.59,8685.3,60,7.3,0.0
2025-11-10,Panamax,22743.82,11371.91,72,51.3,0.0
2025-11-10,Capesize,33551.65,16775.83,96,22.4,0.0
2025-11-11,Handysize,13611.8,6805.9,48,30.4,0.0
2025-11-11,Supramax,16989.6,8494.8,60,10.4,0.0
2025-11-11,Panamax,22083.17,11041.58,72,5.3,0.0
2025-11-11,Capesize,33132.66,16566.33,96,24.1,0.0
2025-11-12,Handysize,12708.01,6354.01,48,38.2,0.0
2025-11-12,Supramax,17347.35,8673.67,60,19.5,0.0
2025-11-12,Panamax,21525.37,10762.68,72,53.9,0.0
2025-11-12,Capesize,33463.33,16731.67,96,40.2,0.0
2025-11-13,Handysize,12994.8,6497.4,48,25.4,0.0
2025-11-13,Supramax,17816.21,8908.1,60,41.4,0.0
2025-11-13,Panamax,21993.27,10996.64,72,39.9,0.0
2025-11-13,Capesize,33355.03,16677.51,96,27.8,0.0
2025-11-14,Handysize,12869.6,6434.8,48,16.6,0.0
2025-11-14,Supramax,17244.24,8622.12,60,32.5,0.0
2025-11-14,Panamax,21955.36,10977.68,72,21.0,0.0
2025-11-14,Capesize,33290.54,16645.27,96,11.9,0.0
2025-11-17,Handysize,13323.13,6661.56,48,26.6,0.0
2025-11-17,Supramax,17406.0,8703.0,60,41.4,0.0
2025-11-17,Panamax,22106.78,11053.39,72,32.6,0.0
2025-11-17,Capesize,33363.82,16681.91,96,27.1,0.0
2025-11-18,Handysize,12654.13,6327.06,48,3.0,0.0
2025-11-18,Supramax,17108.73,8554.36,60,29.0,0.0
2025-11-18,Panamax,22417.54,11208.77,72,48.9,0.0
2025-11-18,Capesize,32960.66,16480.33,96,15.7,0.0
2025-11-19,Handysize,13224.1,6612.05,48,37.2,0.0
2025-11-19,Supramax,18168.95,9084.48,60,24.7,0.0
2025-11-19,Panamax,22685.56,11342.78,72,8.5,0.0
2025-11-19,Capesize,34157.48,17078.74,96,29.4,0.0
2025-11-20,Handysize,13564.71,6782.35,48,20.4,0.0
2025-11-20,Supramax,18106.11,9053.06,60,13.7,0.0
2025-11-20,Panamax,22209.15,11104.58,72,37.6,0.0
2025-11-20,Capesize,34714.93,17357.47,96,28.0,0.0
2025-11-21,Handysize,13396.8,6698.4,48,14.2,0.0
2025-11-21,Supramax,17297.15,8648.58,60,16.0,0.0
2025-11-21,Panamax,22407.99,11204.0,72,12.0,0.0
2025-11-21,Capesize,33729.0,16864.5,96,24.4,0.0
2025-11-24,Handysize,12614.65,6307.32,48,14.3,0.0
2025-11-24,Supramax,17167.52,8583.76,60,22.1,0.0
2025-11-24,Panamax,22165.44,11082.72,72,23.5,0.0
2025-11-24,Capesize,32947.75,16473.88,96,37.1,0.0
2025-11-25,Handysize,12502.06,6251.03,48,24.2,0.0
2025-11-25,Supramax,17200.23,8600.11,60,21.5,0.0
2025-11-25,Panamax,21734.5,10867.25,72,20.6,0.0
2025-11-25,Capesize,32372.96,16186.48,96,0.0,0.0
2025-11-26,Handysize,12713.55,6356.77,48,36.4,0.0
2025-11-26,Supramax,16272.29,8136.15,60,53.2,0.0
2025-11-26,Panamax,21362.36,10681.18,72,17.0,0.0
2025-11-26,Capesize,32165.72,16082.86,96,8.8,0.0
2025-11-27,Handysize,12494.85,6247.43,48,0.0,0.0
2025-11-27,Supramax,17178.08,8589.04,60,37.8,0.0
2025-11-27,Panamax,21153.5,10576.75,72,12.8,0.0
2025-11-27,Capesize,32541.87,16270.93,96,15.4,0.0
2025-11-28,Handysize,12231.08,6115.54,48,7.1,0.0
2025-11-28,Supramax,16942.52,8471.26,60,6.8,0.0
2025-11-28,Panamax,21103.72,10551.86,72,49.5,0.0
2025-11-28,Capesize,32135.23,16067.61,96,36.6,0.0
2025-12-01,Handysize,12529.97,6264.98,48,29.4,0.0
2025-12-01,Supramax,17041.09,8520.55,60,2.4,0.0
2025-12-01,Panamax,21655.14,10827.57,72,42.1,0.0
2025-12-01,Capesize,32885.97,16442.99,96,2.3,0.0
2025-12-02,Handysize,12878.89,6439.44,48,37.0,0.0
2025-12-02,Supramax,16762.53,8381.26,60,28.1,0.0
2025-12-02,Panamax,20525.99,10263.0,72,37.4,0.0
2025-12-02,Capesize,31447.55,15723.77,96,22.8,0.0
2025-12-03,Handysize,13005.91,6502.95,48,38.3,0.0
2025-12-03,Supramax,16826.81,8413.41,60,19.6,0.0
2025-12-03,Panamax,22056.99,11028.5,72,21.9,0.0
2025-12-03,Capesize,32750.98,16375.49,96,14.8,0.0
2025-12-04,Handysize,13206.23,6603.11,48,22.7,0.0
2025-12-04,Supramax,17213.29,8606.65,60,36.8,0.0
2025-12-04,Panamax,22249.54,11124.77,72,3.5,0.0
2025-12-04,Capesize,33321.49,16660.74,96,27.7,0.0
2025-12-05,Handysize,12977.98,6488.99,48,21.5,0.0
2025-12-05,Supramax,17568.58,8784.29,60,9.1,0.0
2025-12-05,Panamax,22513.94,11256.97,72,45.5,0.0
2025-12-05,Capesize,33287.28,16643.64,96,14.7,0.0
2025-12-08,Handysize,13044.58,6522.29,48,15.7,0.0
2025-12-08,Supramax,17566.45,8783.23,60,36.5,0.0
2025-12-08,Panamax,21857.09,10928.55,72,38.9,0.0
2025-12-08,Capesize,33273.39,16636.69,96,29.1,0.0
2025-12-09,Handysize,12907.06,6453.53,48,29.3,0.0
2025-12-09,Supramax,17635.0,8817.5,60,18.6,0.0
2025-12-09,Panamax,22216.55,11108.27,72,12.9,0.0
2025-12-09,Capesize,33620.05,16810.03,96,4.5,0.0
2025-12-10,Handysize,12921.91,6460.95,48,18.7,0.0
2025-12-10,Supramax,17907.53,8953.76,60,12.0,0.0
2025-12-10,Panamax,22620.11,11310.06,72,0.0,0.0
2025-12-10,Capesize,33530.59,16765.29,96,48.2,0.0
2025-12-11,Handysize,13369.46,6684.73,48,17.0,0.0
2025-12-11,Supramax,16979.64,8489.82,60,14.6,0.0
2025-12-11,Panamax,21986.24,10993.12,72,51.6,0.0
2025-12-11,Capesize,33059.62,16529.81,96,21.2,0.0
2025-12-12,Handysize,12585.59,6292.8,48,51.9,2045.16
2025-12-12,Supramax,17174.61,8587.31,60,6.3,0.0
2025-12-12,Panamax,21234.51,10617.25,72,0.0,0.0
2025-12-12,Capesize,33104.68,16552.34,96,29.4,0.0
2025-12-15,Handysize,13061.08,6530.54,48,39.3,0.0
2025-12-15,Supramax,16281.47,8140.73,60,25.3,0.0
2025-12-15,Panamax,21767.0,10883.5,72,14.9,0.0
2025-12-15,Capesize,32312.04,16156.02,96,27.2,0.0
2025-12-16,Handysize,12213.04,6106.52,48,22.8,0.0
2025-12-16,Supramax,16652.99,8326.5,60,46.5,0.0
2025-12-16,Panamax,21257.26,10628.63,72,28.7,0.0
2025-12-16,Capesize,32237.85,16118.92,96,14.3,0.0
2025-12-17,Handysize,12507.89,6253.94,48,48.1,52.12
2025-12-17,Supramax,17298.38,8649.19,60,27.3,0.0
2025-12-17,Panamax,21788.52,10894.26,72,11.5,0.0
2025-12-17,Capesize,32753.69,16376.84,96,43.5,0.0
2025-12-18,Handysize,12779.87,6389.94,48,24.4,0.0
2025-12-18,Supramax,16799.91,8399.95,60,57.8,0.0
2025-12-18,Panamax,21041.08,10520.54,72,40.7,0.0
2025-12-18,Capesize,32360.96,16180.48,96,4.8,0.0
2025-12-19,Handysize,12866.92,6433.46,48,30.2,0.0
2025-12-19,Supramax,16586.51,8293.25,60,28.9,0.0
2025-12-19,Panamax,21960.24,10980.12,72,32.3,0.0
2025-12-19,Capesize,32712.48,16356.24,96,28.8,0.0
2025-12-22,Handysize,13172.79,6586.4,48,21.6,0.0
2025-12-22,Supramax,16667.0,8333.5,60,20.9,0.0
2025-12-22,Panamax,22198.07,11099.03,72,20.8,0.0
2025-12-22,Capesize,32721.42,16360.71,96,14.9,0.0
2025-12-23,Handysize,12829.69,6414.85,48,9.5,0.0
2025-12-23,Supramax,17072.71,8536.35,60,43.5,0.0
2025-12-23,Panamax,21862.55,10931.27,72,8.8,0.0
2025-12-23,Capesize,32475.79,16237.9,96,9.3,0.0
2025-12-24,Handysize,13273.27,6636.64,48,24.9,0.0
2025-12-24,Supramax,17363.85,8681.92,60,13.5,0.0
2025-12-24,Panamax,22190.4,11095.2,72,24.8,0.0
2025-12-24,Capesize,32638.82,16319.41,96,50.3,0.0
2025-12-25,Handysize,12420.0,6210.0,48,45.8,0.0
2025-12-25,Supramax,16772.99,8386.5,60,34.7,0.0
2025-12-25,Panamax,21854.13,10927.07,72,4.6,0.0
2025-12-25,Capesize,33006.1,16503.05,96,39.0,0.0
2025-12-26,Handysize,12850.99,6425.49,48,28.7,0.0
2025-12-26,Supramax,17307.42,8653.71,60,2.2,0.0
2025-12-26,Panamax,21245.69,10622.84,72,17.2,0.0
2025-12-26,Capesize,32920.39,16460.19,96,3.0,0.0
2025-12-29,Handysize,13124.07,6562.03,48,24.5,0.0
2025-12-29,Supramax,16926.91,8463.45,60,36.1,0.0
2025-12-29,Panamax,21200.73,10600.36,72,5.8,0.0
2025-12-29,Capesize,32436.75,16218.38,96,26.5,0.0
2025-12-30,Handysize,13013.79,6506.9,48,17.2,0.0
2025-12-30,Supramax,16694.17,8347.08,60,45.9,0.0
2025-12-30,Panamax,21496.47,10748.24,72,49.4,0.0
2025-12-30,Capesize,32608.92,16304.46,96,9.6,0.0
2025-12-31,Handysize,12106.53,6053.27,48,20.1,0.0
2025-12-31,Supramax,16958.03,8479.01,60,24.0,0.0
2025-12-31,Panamax,21147.16,10573.58,72,19.1,0.0
2025-12-31,Capesize,32039.39,16019.69,96,30.1,0.0
2026-01-01,Handysize,12337.9,6168.95,48,43.9,0.0
2026-01-01,Supramax,16389.38,8194.69,60,25.2,0.0
2026-01-01,Panamax,20615.39,10307.69,72,0.9,0.0
2026-01-01,Capesize,31410.19,15705.09,96,3.5,0.0
2026-01-02,Handysize,12375.18,6187.59,48,35.1,0.0
2026-01-02,Supramax,16581.3,8290.65,60,10.0,0.0
2026-01-02,Panamax,21258.31,10629.16,72,29.4,0.0
2026-01-02,Capesize,31824.92,15912.46,96,24.4,0.0
2026-01-05,Handysize,12156.44,6078.22,48,43.0,0.0
2026-01-05,Supramax,16077.23,8038.61,60,36.7,0.0
2026-01-05,Panamax,21014.1,10507.05,72,0.0,0.0
2026-01-05,Capesize,31255.83,15627.92,96,43.3,0.0
2026-01-06,Handysize,12845.03,6422.52,48,46.4,0.0
2026-01-06,Supramax,16708.7,8354.35,60,0.0,0.0
2026-01-06,Panamax,21462.01,10731.0,72,18.7,0.0
2026-01-06,Capesize,31935.05,15967.52,96,47.2,0.0
2026-01-07,Handysize,12440.09,6220.05,48,44.5,0.0
2026-01-07,Supramax,16498.71,8249.35,60,18.1,0.0
2026-01-07,Panamax,21793.87,10896.93,72,19.6,0.0
2026-01-07,Capesize,32562.74,16281.37,96,30.7,0.0
2026-01-08,Handysize,13217.38,6608.69,48,27.9,0.0
2026-01-08,Supramax,17183.14,8591.57,60,14.6,0.0
2026-01-08,Panamax,21663.84,10831.92,72,45.4,0.0
2026-01-08,Capesize,32830.53,16415.26,96,29.0,0.0
2026-01-09,Handysize,12574.62,6287.31,48,17.1,0.0
2026-01-09,Supramax,16905.07,8452.53,60,0.0,0.0
2026-01-09,Panamax,21870.97,10935.49,72,33.9,0.0
2026-01-09,Capesize,32944.0,16472.0,96,7.8,0.0
2026-01-12,Handysize,13236.78,6618.39,48,39.5,0.0
2026-01-12,Supramax,17329.46,8664.73,60,46.8,0.0
2026-01-12,Panamax,22111.37,11055.68,72,9.2,0.0
2026-01-12,Capesize,33357.98,16678.99,96,41.0,0.0
2026-01-13,Handysize,13683.61,6841.81,48,40.6,0.0
2026-01-13,Supramax,17564.48,8782.24,60,22.1,0.0
2026-01-13,Panamax,21808.66,10904.33,72,9.1,0.0
2026-01-13,Capesize,33331.66,16665.83,96,13.7,0.0
2026-01-14,Handysize,12991.98,6495.99,48,14.7,0.0
2026-01-14,Supramax,17676.19,8838.09,60,0.0,0.0
2026-01-14,Panamax,22248.33,11124.17,72,44.9,0.0
2026-01-14,Capesize,33346.86,16673.43,96,10.1,0.0
2026-01-15,Handysize,13127.98,6563.99,48,17.6,0.0
2026-01-15,Supramax,16905.25,8452.62,60,29.7,0.0
2026-01-15,Panamax,21931.98,10965.99,72,22.7,0.0
2026-01-15,Capesize,33355.61,16677.81,96,38.5,0.0
2026-01-16,Handysize,13420.92,6710.46,48,14.1,0.0
2026-01-16,Supramax,17403.96,8701.98,60,30.6,0.0
2026-01-16,Panamax,22239.22,11119.61,72,20.1,0.0
2026-01-16,Capesize,33566.66,16783.33,96,42.2,0.0
2026-01-19,Handysize,13177.37,6588.69,48,26.2,0.0
2026-01-19,Supramax,17377.71,8688.85,60,39.2,0.0
2026-01-19,Panamax,22539.03,11269.51,72,10.6,0.0
2026-01-19,Capesize,34076.76,17038.38,96,1.8,0.0
2026-01-20,Handysize,13776.62,6888.31,48,44.1,0.0
2026-01-20,Supramax,17285.13,8642.57,60,35.4,0.0
2026-01-20,Panamax,22627.83,11313.92,72,20.1,0.0
2026-01-20,Capesize,33801.07,16900.53,96,12.5,0.0
2026-01-21,Handysize,13617.67,6808.84,48,3.3,0.0
2026-01-21,Supramax,17755.82,8877.91,60,30.4,0.0
2026-01-21,Panamax,22183.72,11091.86,72,21.3,0.0
2026-01-21,Capesize,33791.62,16895.81,96,35.2,0.0
2026-01-22,Handysize,13730.88,6865.44,48,38.3,0.0
2026-01-22,Supramax,17977.81,8988.91,60,64.8,3595.56
2026-01-22,Panamax,22695.88,11347.94,72,27.6,0.0
2026-01-22,Capesize,33912.68,16956.34,96,19.6,0.0
2026-01-23,Handysize,13740.8,6870.4,48,27.6,0.0
2026-01-23,Supramax,17887.69,8943.84,60,30.6,0.0
2026-01-23,Panamax,22572.17,11286.08,72,52.2,0.0
2026-01-23,Capesize,34880.38,17440.19,96,40.5,0.0
2026-01-26,Handysize,13192.83,6596.41,48,27.3,0.0
2026-01-26,Supramax,18244.25,9122.12,60,18.5,0.0
2026-01-26,Panamax,22437.94,11218.97,72,35.6,0.0
2026-01-26,Capesize,35091.99,17545.99,96,38.4,0.0
2026-01-27,Handysize,13867.46,6933.73,48,28.8,0.0
2026-01-27,Supramax,18502.64,9251.32,60,27.9,0.0
2026-01-27,Panamax,23521.04,11760.52,72,16.9,0.0
2026-01-27,Capesize,35073.05,17536.53,96,10.1,0.0
2026-01-28,Handysize,13720.2,6860.1,48,0.0,0.0
2026-01-28,Supramax,18349.51,9174.75,60,34.8,0.0
2026-01-28,Panamax,23094.25,11547.12,72,12.9,0.0
2026-01-28,Capesize,34755.23,17377.62,96,27.7,0.0
2026-01-29,Handysize,14114.92,7057.46,48,32.9,0.0
2026-01-29,Supramax,18401.62,9200.81,60,56.2,0.0
2026-01-29,Panamax,23019.14,11509.57,72,25.2,0.0
2026-01-29,Capesize,35033.69,17516.85,96,0.0,0.0
2026-01-30,Handysize,13431.49,6715.74,48,11.3,0.0
2026-01-30,Supramax,18289.46,9144.73,60,18.8,0.0
2026-01-30,Panamax,23488.98,11744.49,72,16.2,0.0
2026-01-30,Capesize,34438.6,17219.3,96,28.3,0.0
2026-02-02,Handysize,13944.48,6972.24,48,19.6,0.0
2026-02-02,Supramax,17825.13,8912.57,60,20.4,0.0
2026-02-02,Panamax,23302.65,11651.33,72,14.4,0.0
2026-02-02,Capesize,35479.97,17739.99,96,21.0,0.0
2026-02-03,Handysize,13653.67,6826.84,48,34.5,0.0
2026-02-03,Supramax,18813.92,9406.96,60,52.0,0.0
2026-02-03,Panamax,23733.42,11866.71,72,15.9,0.0
2026-02-03,Capesize,35435.76,17717.88,96,11.2,0.0
2026-02-04,Handysize,14252.01,7126.01,48,59.0,6532.17
2026-02-04,Supramax,18102.72,9051.36,60,35.8,0.0
2026-02-04,Panamax,23712.33,11856.17,72,16.6,0.0
2026-02-04,Capesize,35312.79,17656.4,96,26.9,0.0
2026-02-05,Handysize,13475.31,6737.65,48,9.1,0.0
2026-02-05,Supramax,18158.85,9079.42,60,30.6,0.0
2026-02-05,Panamax,23422.46,11711.23,72,27.8,0.0
2026-02-05,Capesize,35109.69,17554.85,96,3.2,0.0
2026-02-06,Handysize,13424.7,6712.35,48,0.0,0.0
2026-02-06,Supramax,17953.41,8976.7,60,30.0,0.0
2026-02-06,Panamax,22643.13,11321.57,72,35.6,0.0
2026-02-06,Capesize,34292.61,17146.31,96,28.3,0.0
2026-02-09,Handysize,13184.64,6592.32,48,35.4,0.0
2026-02-09,Supramax,17913.24,8956.62,60,37.1,0.0
2026-02-09,Panamax,22419.45,11209.73,72,40.7,0.0
2026-02-09,Capesize,34387.32,17193.66,96,5.8,0.0
2026-02-10,Handysize,13510.52,6755.26,48,12.4,0.0
2026-02-10,Supramax,17689.38,8844.69,60,34.1,0.0
2026-02-10,Panamax,22276.6,11138.3,72,32.7,0.0
2026-02-10,Capesize,34074.38,17037.19,96,50.4,0.0
2026-02-11,Handysize,13516.1,6758.05,48,14.7,0.0
2026-02-11,Supramax,17324.36,8662.18,60,13.1,0.0
2026-02-11,Panamax,22177.32,11088.66,72,31.4,0.0
2026-02-11,Capesize,34247.73,17123.87,96,13.4,0.0
2026-02-12,Handysize,14128.1,7064.05,48,39.4,0.0
2026-02-12,Supramax,18499.61,9249.81,60,45.7,0.0
2026-02-12,Panamax,23183.86,11591.93,72,0.0,0.0
2026-02-12,Capesize,35063.75,17531.88,96,0.0,0.0
2026-02-13,Handysize,13277.64,6638.82,48,22.6,0.0
2026-02-13,Supramax,18266.67,9133.33,60,21.8,0.0
2026-02-13,Panamax,23391.54,11695.77,72,37.4,0.0
2026-02-13,Capesize,35072.95,17536.47,96,31.3,0.0
2026-02-16,Handysize,13523.24,6761.62,48,20.8,0.0
2026-02-16,Supramax,18428.75,9214.38,60,0.7,0.0
2026-02-16,Panamax,23396.53,11698.26,72,11.3,0.0
2026-02-16,Capesize,35406.66,17703.33,96,47.8,0.0
2026-02-17,Handysize,13537.75,6768.88,48,14.7,0.0
2026-02-17,Supramax,18023.38,9011.69,60,21.7,0.0
2026-02-17,Panamax,23124.85,11562.42,72,8.6,0.0
2026-02-17,Capesize,34207.71,17103.85,96,12.4,0.0
2026-02-18,Handysize,12866.5,6433.25,48,42.7,0.0
2026-02-18,Supramax,17215.03,8607.51,60,40.2,0.0
2026-02-18,Panamax,22632.22,11316.11,72,50.6,0.0
2026-02-18,Capesize,33752.2,16876.1,96,19.4,0.0
2026-02-19,Handysize,13602.79,6801.4,48,21.1,0.0
2026-02-19,Supramax,18047.67,9023.83,60,12.3,0.0
2026-02-19,Panamax,22848.51,11424.25,72,38.7,0.0
2026-02-19,Capesize,34083.29,17041.65,96,25.2,0.0
2026-02-20,Handysize,13564.59,6782.3,48,22.5,0.0
2026-02-20,Supramax,17937.15,8968.58,60,41.9,0.0
2026-02-20,Panamax,22922.48,11461.24,72,12.1,0.0
2026-02-20,Capesize,34734.92,17367.46,96,49.3,0.0
2026-02-23,Handysize,13652.74,6826.37,48,31.7,0.0
2026-02-23,Supramax,18167.29,9083.65,60,19.0,0.0
2026-02-23,Panamax,22536.4,11268.2,72,39.0,0.0
2026-02-23,Capesize,34903.76,17451.88,96,15.2,0.0
2026-02-24,Handysize,14017.55,7008.77,48,46.7,0.0
2026-02-24,Supramax,18136.53,9068.26,60,37.8,0.0
2026-02-24,Panamax,22909.67,11454.83,72,20.7,0.0
2026-02-24,Capesize,34577.88,17288.94,96,16.8,0.0
2026-02-25,Handysize,13822.86,6911.43,48,19.2,0.0
2026-02-25,Supramax,17946.16,8973.08,60,24.9,0.0
2026-02-25,Panamax,23028.38,11514.19,72,26.3,0.0
2026-02-25,Capesize,34113.44,17056.72,96,14.9,0.0
2026-02-26,Handysize,13815.53,6907.77,48,0.0,0.0
2026-02-26,Supramax,18367.83,9183.92,60,50.5,0.0
2026-02-26,Panamax,22515.02,11257.51,72,16.1,0.0
2026-02-26,Capesize,34753.8,17376.9,96,32.2,0.0
2026-02-27,Handysize,13388.0,6694.0,48,9.7,0.0
2026-02-27,Supramax,17814.77,8907.39,60,32.7,0.0
2026-02-27,Panamax,22737.74,11368.87,72,15.2,0.0
2026-02-27,Capesize,34374.61,17187.31,96,0.0,0.0
2026-03-02,Handysize,12761.51,6380.76,48,4.7,0.0
2026-03-02,Supramax,17118.02,8559.01,60,25.0,0.0
2026-03-02,Panamax,22356.19,11178.09,72,32.4,0.0
2026-03-02,Capesize,33826.34,16913.17,96,18.5,0.0
2026-03-03,Handysize,13472.44,6736.22,48,18.3,0.0
2026-03-03,Supramax,17693.5,8846.75,60,3.8,0.0
2026-03-03,Panamax,22433.93,11216.97,72,46.3,0.0
2026-03-03,Capesize,34251.96,17125.98,96,43.3,0.0
2026-03-04,Handysize,13836.21,6918.1,48,3.8,0.0
2026-03-04,Supramax,17433.87,8716.93,60,44.6,0.0
2026-03-04,Panamax,22667.84,11333.92,72,20.8,0.0
2026-03-04,Capesize,34001.74,17000.87,96,22.5,0.0
2026-03-05,Handysize,13542.89,6771.44,48,23.1,0.0
2026-03-05,Supramax,18049.11,9024.56,60,48.4,0.0
2026-03-05,Panamax,22424.05,11212.02,72,27.2,0.0
2026-03-05,Capesize,34143.38,17071.69,96,25.6,0.0
2026-03-06,Handysize,13264.8,6632.4,48,23.4,0.0
2026-03-06,Supramax,18261.63,9130.82,60,43.4,0.0
2026-03-06,Panamax,22759.59,11379.8,72,27.9,0.0
2026-03-06,Capesize,34437.64,17218.82,96,11.6,0.0
2026-03-09,Handysize,13221.23,6610.61,48,33.7,0.0
2026-03-09,Supramax,17416.02,8708.01,60,35.7,0.0
2026-03-09,Panamax,22304.66,11152.33,72,20.1,0.0
2026-03-09,Capesize,34099.07,17049.53,96,16.0,0.0
2026-03-10,Handysize,13912.05,6956.02,48,2.3,0.0
2026-03-10,Supramax,17738.41,8869.2,60,0.0,0.0
2026-03-10,Panamax,22606.06,11303.03,72,6.2,0.0
2026-03-10,Capesize,34486.88,17243.44,96,42.5,0.0
2026-03-11,Handysize,13261.04,6630.52,48,53.8,3204.75
2026-03-11,Supramax,17609.82,8804.91,60,54.1,0.0
2026-03-11,Panamax,22455.56,11227.78,72,14.9,0.0
2026-03-11,Capesize,34284.42,17142.21,96,26.6,0.0
2026-03-12,Handysize,13707.03,6853.52,48,22.9,0.0
2026-03-12,Supramax,18141.11,9070.56,60,26.7,0.0
2026-03-12,Panamax,22585.55,11292.77,72,44.8,0.0
2026-03-12,Capesize,34657.34,17328.67,96,50.3,0.0
2026-03-13,Handysize,13645.57,6822.78,48,21.8,0.0
2026-03-13,Supramax,18806.16,9403.08,60,31.6,0.0
2026-03-13,Panamax,23400.0,11700.0,72,27.5,0.0
2026-03-13,Capesize,35849.2,17924.6,96,40.1,0.0
2026-03-16,Handysize,13618.0,6809.0,48,32.3,0.0
2026-03-16,Supramax,18297.67,9148.83,60,57.6,0.0
2026-03-16,Panamax,23163.14,11581.57,72,47.5,0.0
2026-03-16,Capesize,34918.77,17459.38,96,30.0,0.0
2026-03-17,Handysize,13629.22,6814.61,48,27.1,0.0
2026-03-17,Supramax,18043.73,9021.86,60,13.4,0.0
2026-03-17,Panamax,23655.26,11827.63,72,46.4,0.0
2026-03-17,Capesize,35330.44,17665.22,96,31.7,0.0
2026-03-18,Handysize,14088.64,7044.32,48,24.1,0.0
2026-03-18,Supramax,17799.04,8899.52,60,27.9,0.0
2026-03-18,Panamax,23241.09,11620.55,72,45.5,0.0
2026-03-18,Capesize,35487.21,17743.6,96,18.4,0.0
2026-03-19,Handysize,14411.83,7205.91,48,10.7,0.0
2026-03-19,Supramax,18583.2,9291.6,60,16.4,0.0
2026-03-19,Panamax,23705.88,11852.94,72,19.2,0.0
2026-03-19,Capesize,35120.2,17560.1,96,0.0,0.0
2026-03-20,Handysize,13712.99,6856.49,48,21.0,0.0
2026-03-20,Supramax,18238.09,9119.05,60,1.3,0.0
2026-03-20,Panamax,23510.27,11755.14,72,32.2,0.0
2026-03-20,Capesize,35911.45,17955.72,96,35.8,0.0
2026-03-23,Handysize,13796.11,6898.06,48,13.6,0.0
2026-03-23,Supramax,18694.05,9347.02,60,30.5,0.0
2026-03-23,Panamax,23941.59,11970.8,72,24.5,0.0
2026-03-23,Capesize,36194.15,18097.08,96,34.8,0.0
2026-03-24,Handysize,14165.22,7082.61,48,32.6,0.0
2026-03-24,Supramax,19044.89,9522.44,60,41.5,0.0
2026-03-24,Panamax,24582.32,12291.16,72,16.3,0.0
2026-03-24,Capesize,36842.18,18421.09,96,16.8,0.0
2026-03-25,Handysize,14312.06,7156.03,48,20.7,0.0
2026-03-25,Supramax,18696.57,9348.28,60,29.2,0.0
2026-03-25,Panamax,24011.9,12005.95,72,23.6,0.0
2026-03-25,Capesize,36143.82,18071.91,96,17.3,0.0
2026-03-26,Handysize,13877.29,6938.65,48,37.7,0.0
2026-03-26,Supramax,18179.75,9089.88,60,38.2,0.0
2026-03-26,Panamax,23203.17,11601.58,72,36.0,0.0
2026-03-26,Capesize,35487.43,17743.72,96,22.1,0.0
2026-03-27,Handysize,13738.35,6869.18,48,6.4,0.0
2026-03-27,Supramax,18247.89,9123.94,60,41.1,0.0
2026-03-27,Panamax,22715.11,11357.56,72,37.2,0.0
2026-03-27,Capesize,34836.43,17418.22,96,0.0,0.0
2026-03-30,Handysize,13015.56,6507.78,48,50.6,1410.02
2026-03-30,Supramax,17110.3,8555.15,60,30.8,0.0
2026-03-30,Panamax,22553.23,11276.61,72,35.4,0.0
2026-03-30,Capesize,33832.11,16916.06,96,46.3,0.0
2026-03-31,Handysize,13336.69,6668.35,48,32.6,0.0
2026-03-31,Supramax,17786.07,8893.03,60,20.7,0.0
2026-03-31,Panamax,22021.3,11010.65,72,41.1,0.0
2026-03-31,Capesize,33684.81,16842.4,96,0.0,0.0
2026-04-01,Handysize,13901.54,6950.77,48,14.4,0.0
2026-04-01,Supramax,17837.58,8918.79,60,31.8,0.0
2026-04-01,Panamax,23011.91,11505.95,72,16.6,0.0
2026-04-01,Capesize,34212.8,17106.4,96,14.1,0.0
2026-04-02,Handysize,13631.15,6815.57,48,28.0,0.0
2026-04-02,Supramax,18072.71,9036.35,60,24.5,0.0
2026-04-02,Panamax,22419.71,11209.85,72,38.3,0.0
2026-04-02,Capesize,34678.29,17339.15,96,17.8,0.0
2026-04-03,Handysize,12969.15,6484.57,48,31.7,0.0
2026-04-03,Supramax,17515.01,8757.5,60,52.6,0.0
2026-04-03,Panamax,22538.02,11269.01,72,45.0,0.0
2026-04-03,Capesize,34616.4,17308.2,96,35.0,0.0
2026-04-06,Handysize,13969.06,6984.53,48,27.3,0.0
2026-04-06,Supramax,17307.93,8653.97,60,0.0,0.0
2026-04-06,Panamax,23070.73,11535.36,72,39.6,0.0
2026-04-06,Capesize,34711.62,17355.81,96,19.8,0.0
2026-04-07,Handysize,13613.76,6806.88,48,16.2,0.0
2026-04-07,Supramax,18002.46,9001.23,60,16.9,0.0
2026-04-07,Panamax,22675.72,11337.86,72,45.7,0.0
2026-04-07,Capesize,34192.7,17096.35,96,31.1,0.0
2026-04-08,Handysize,13874.97,6937.48,48,33.0,0.0
2026-04-08,Supramax,17726.03,8863.01,60,2.7,0.0
2026-04-08,Panamax,22324.23,11162.11,72,34.0,0.0
2026-04-08,Capesize,34391.84,17195.92,96,27.2,0.0
2026-04-09,Handysize,13054.96,6527.48,48,6.8,0.0
2026-04-09,Supramax,18298.29,9149.15,60,5.6,0.0
2026-04-09,Panamax,22480.48,11240.24,72,36.9,0.0
2026-04-09,Capesize,34525.83,17262.92,96,41.8,0.0
2026-04-10,Handysize,13337.52,6668.76,48,31.9,0.0
2026-04-10,Supramax,17354.16,8677.08,60,38.8,0.0
2026-04-10,Panamax,23047.12,11523.56,72,28.5,0.0
2026-04-10,Capesize,34202.05,17101.03,96,31.9,0.0
2026-04-13,Handysize,14005.39,7002.69,48,33.8,0.0
2026-04-13,Supramax,17828.21,8914.1,60,26.5,0.0
2026-04-13,Panamax,23116.61,11558.31,72,29.9,0.0
2026-04-13,Capesize,34635.84,17317.92,96,15.8,0.0
2026-04-14,Handysize,13566.66,6783.33,48,49.6,904.44
2026-04-14,Supramax,17284.66,8642.33,60,30.9,0.0
2026-04-14,Panamax,22385.15,11192.58,72,29.3,0.0
2026-04-14,Capesize,33709.08,16854.54,96,54.4,0.0
2026-04-15,Handysize,13541.69,6770.85,48,26.1,0.0
2026-04-15,Supramax,17282.97,8641.49,60,8.4,0.0
2026-04-15,Panamax,22631.39,11315.69,72,21.6,0.0
2026-04-15,Capesize,33782.72,16891.36,96,32.2,0.0
2026-04-16,Handysize,13098.78,6549.39,48,24.9,0.0
2026-04-16,Supramax,17623.24,8811.62,60,17.8,0.0
2026-04-16,Panamax,22623.14,11311.57,72,25.7,0.0
2026-04-16,Capesize,34376.34,17188.17,96,38.8,0.0
2026-04-17,Handysize,13562.2,6781.1,48,7.9,0.0
2026-04-17,Supramax,17205.24,8602.62,60,42.4,0.0
2026-04-17,Panamax,21878.62,10939.31,72,0.0,0.0
2026-04-17,Capesize,34129.32,17064.66,96,25.6,0.0
2026-04-20,Handysize,13150.9,6575.45,48,22.0,0.0
2026-04-20,Supramax,16816.31,8408.16,60,22.8,0.0
2026-04-20,Panamax,22006.37,11003.18,72,14.7,0.0
2026-04-20,Capesize,33060.26,16530.13,96,0.0,0.0
2026-04-21,Handysize,12741.79,6370.9,48,9.9,0.0
2026-04-21,Supramax,17530.34,8765.17,60,23.3,0.0
2026-04-21,Panamax,22065.83,11032.92,72,35.7,0.0
2026-04-21,Capesize,33677.66,16838.83,96,32.1,0.0
2026-04-22,Handysize,12999.09,6499.55,48,42.7,0.0
2026-04-22,Supramax,17643.54,8821.77,60,11.3,0.0
2026-04-22,Panamax,21965.08,10982.54,72,25.6,0.0
2026-04-22,Capesize,33295.69,16647.85,96,27.0,0.0
2026-04-23,Handysize,13205.73,6602.86,48,24.3,0.0
2026-04-23,Supramax,16952.17,8476.08,60,49.3,0.0
2026-04-23,Panamax,22475.29,11237.65,72,0.0,0.0
2026-04-23,Capesize,33069.86,16534.93,96,21.9,0.0
2026-04-24,Handysize,13354.88,6677.44,48,41.0,0.0
2026-04-24,Supramax,17791.24,8895.62,60,13.9,0.0
2026-04-24,Panamax,22085.96,11042.98,72,31.9,0.0
2026-04-24,Capesize,33609.31,16804.65,96,7.3,0.0
2026-04-27,Handysize,13175.74,6587.87,48,30.0,0.0
2026-04-27,Supramax,17323.88,8661.94,60,29.3,0.0
2026-04-27,Panamax,21365.92,10682.96,72,35.2,0.0
2026-04-27,Capesize,33126.69,16563.35,96,30.6,0.0
2026-04-28,Handysize,13341.75,6670.88,48,20.9,0.0
2026-04-28,Supramax,17222.75,8611.38,60,11.7,0.0
2026-04-28,Panamax,21361.82,10680.91,72,27.7,0.0
2026-04-28,Capesize,32706.76,16353.38,96,25.0,0.0
2026-04-29,Handysize,13174.25,6587.12,48,24.0,0.0
2026-04-29,Supramax,16285.6,8142.8,60,37.7,0.0
2026-04-29,Panamax,21823.9,10911.95,72,13.1,0.0
2026-04-29,Capesize,32591.06,16295.53,96,22.6,0.0
2026-04-30,Handysize,12721.61,6360.81,48,49.9,1007.13
2026-04-30,Supramax,16273.05,8136.52,60,18.8,0.0
2026-04-30,Panamax,20911.74,10455.87,72,28.6,0.0
2026-04-30,Capesize,32523.77,16261.89,96,21.2,0.0
2026-05-01,Handysize,12824.5,6412.25,48,21.0,0.0
2026-05-01,Supramax,16358.86,8179.43,60,22.7,0.0
2026-05-01,Panamax,21160.68,10580.34,72,20.8,0.0
2026-05-01,Capesize,31440.71,15720.35,96,39.7,0.0
2026-05-04,Handysize,12531.5,6265.75,48,9.7,0.0
2026-05-04,Supramax,16409.81,8204.91,60,33.2,0.0
2026-05-04,Panamax,20303.57,10151.78,72,6.1,0.0
2026-05-04,Capesize,30706.0,15353.0,96,34.1,0.0
2026-05-05,Handysize,11749.1,5874.55,48,14.4,0.0
2026-05-05,Supramax,16585.07,8292.53,60,17.7,0.0
2026-05-05,Panamax,20382.02,10191.01,72,31.9,0.0
2026-05-05,Capesize,31297.42,15648.71,96,22.8,0.0
2026-05-06,Handysize,12555.84,6277.92,48,40.2,0.0
2026-05-06,Supramax,16515.73,8257.86,60,11.1,0.0
2026-05-06,Panamax,20916.16,10458.08,72,25.3,0.0
2026-05-06,Capesize,31171.5,15585.75,96,17.1,0.0
2026-05-07,Handysize,12641.1,6320.55,48,0.4,0.0
2026-05-07,Supramax,16569.84,8284.92,60,19.0,0.0
2026-05-07,Panamax,20672.57,10336.28,72,17.7,0.0
2026-05-07,Capesize,31111.39,15555.69,96,43.9,0.0
2026-05-08,Handysize,11938.41,5969.2,48,38.9,0.0
2026-05-08,Supramax,15836.44,7918.22,60,17.3,0.0
2026-05-08,Panamax,20259.81,10129.91,72,26.6,0.0
2026-05-08,Capesize,31564.46,15782.23,96,46.6,0.0
2026-05-11,Handysize,12540.47,6270.23,48,18.8,0.0
2026-05-11,Supramax,15661.03,7830.52,60,12.7,0.0
2026-05-11,Panamax,20052.45,10026.23,72,38.2,0.0
2026-05-11,Capesize,30711.69,15355.84,96,10.9,0.0
2026-05-12,Handysize,11766.88,5883.44,48,19.4,0.0
2026-05-12,Supramax,15599.28,7799.64,60,8.4,0.0
2026-05-12,Panamax,20330.0,10165.0,72,18.0,0.0
2026-05-12,Capesize,30743.78,15371.89,96,48.9,0.0
2026-05-13,Handysize,11568.06,5784.03,48,22.5,0.0
2026-05-13,Supramax,16301.45,8150.73,60,42.4,0.0
2026-05-13,Panamax,19725.98,9862.99,72,13.4,0.0
2026-05-13,Capesize,30235.07,15117.53,96,5.6,0.0
2026-05-14,Handysize,12374.53,6187.27,48,6.7,0.0
2026-05-14,Supramax,15593.89,7796.94,60,44.4,0.0
2026-05-14,Panamax,20594.48,10297.24,72,42.8,0.0
2026-05-14,Capesize,31072.27,15536.14,96,25.8,0.0
2026-05-15,Handysize,12385.84,6192.92,48,29.7,0.0
2026-05-15,Supramax,15580.73,7790.36,60,12.3,0.0
2026-05-15,Panamax,19713.04,9856.52,72,15.5,0.0
2026-05-15,Capesize,30188.43,15094.22,96,8.4,0.0
2026-05-18,Handysize,11991.38,5995.69,48,28.9,0.0
2026-05-18,Supramax,15808.79,7904.4,60,13.2,0.0
2026-05-18,Panamax,19643.73,9821.86,72,32.6,0.0
2026-05-18,Capesize,30148.22,15074.11,96,32.3,0.0
2026-05-19,Handysize,11806.3,5903.15,48,17.4,0.0
2026-05-19,Supramax,15859.52,7929.76,60,9.4,0.0
2026-05-19,Panamax,19837.99,9919.0,72,52.1,0.0
2026-05-19,Capesize,29983.22,14991.61,96,13.9,0.0
2026-05-20,Handysize,11988.6,5994.3,48,32.6,0.0
2026-05-20,Supramax,15678.44,7839.22,60,19.1,0.0
2026-05-20,Panamax,20398.74,10199.37,72,38.9,0.0
2026-05-20,Capesize,31157.76,15578.88,96,20.0,0.0
2026-05-21,Handysize,11621.89,5810.94,48,8.7,0.0
2026-05-21,Supramax,15545.53,7772.77,60,15.7,0.0
2026-05-21,Panamax,20651.97,10325.99,72,38.2,0.0
2026-05-21,Capesize,30145.14,15072.57,96,40.9,0.0
2026-05-22,Handysize,11976.7,5988.35,48,43.5,0.0
2026-05-22,Supramax,15369.2,7684.6,60,16.2,0.0
2026-05-22,Panamax,19748.8,9874.4,72,35.9,0.0
2026-05-22,Capesize,29322.15,14661.08,96,27.7,0.0
2026-05-25,Handysize,11301.16,5650.58,48,17.5,0.0
2026-05-25,Supramax,15744.39,7872.19,60,5.2,0.0
2026-05-25,Panamax,19696.11,9848.06,72,38.1,0.0
2026-05-25,Capesize,29773.3,14886.65,96,7.6,0.0
2026-05-26,Handysize,11541.44,5770.72,48,10.5,0.0
2026-05-26,Supramax,15279.14,7639.57,60,10.3,0.0
2026-05-26,Panamax,19665.4,9832.7,72,17.1,0.0
2026-05-26,Capesize,29978.57,14989.28,96,50.9,0.0
2026-05-27,Handysize,12288.53,6144.27,48,0.3,0.0
2026-05-27,Supramax,15433.74,7716.87,60,21.2,0.0
2026-05-27,Panamax,20100.85,10050.42,72,19.8,0.0
2026-05-27,Capesize,29828.84,14914.42,96,36.7,0.0
2026-05-28,Handysize,11549.7,5774.85,48,42.7,0.0
2026-05-28,Supramax,15680.46,7840.23,60,4.8,0.0
2026-05-28,Panamax,19407.56,9703.78,72,36.0,0.0
2026-05-28,Capesize,30022.85,15011.42,96,27.1,0.0
2026-05-29,Handysize,11498.83,5749.41,48,13.7,0.0
2026-05-29,Supramax,14526.17,7263.09,60,22.1,0.0
2026-05-29,Panamax,19278.69,9639.34,72,63.5,0.0
2026-05-29,Capesize,28485.63,14242.82,96,14.0,0.0
2026-06-01,Handysize,11979.93,5989.97,48,50.9,1447.57
2026-06-01,Supramax,15132.55,7566.27,60,53.2,0.0
2026-06-01,Panamax,19822.27,9911.14,72,64.7,0.0
2026-06-01,Capesize,29147.55,14573.77,96,53.3,0.0
2026-06-02,Handysize,11874.8,5937.4,48,52.5,2226.52
2026-06-02,Supramax,15616.37,7808.19,60,97.5,24400.58
2026-06-02,Panamax,19969.18,9984.59,72,83.2,9318.95
2026-06-02,Capesize,29660.62,14830.31,96,58.7,0.0
2026-06-03,Handysize,11370.74,5685.37,48,69.6,10233.67
2026-06-03,Supramax,15322.35,7661.18,60,56.3,0.0
2026-06-03,Panamax,19757.21,9878.6,72,65.2,0.0
2026-06-03,Capesize,29222.0,14611.0,96,28.8,0.0
2026-06-04,Handysize,11915.06,5957.53,48,50.0,992.92
2026-06-04,Supramax,15677.7,7838.85,60,48.0,0.0
2026-06-04,Panamax,19533.41,9766.7,72,25.6,0.0
2026-06-04,Capesize,29091.38,14545.69,96,45.3,0.0
2026-06-05,Handysize,11946.25,5973.12,48,68.8,10353.42
2026-06-05,Supramax,15653.42,7826.71,60,47.7,0.0
2026-06-05,Panamax,20019.89,10009.94,72,37.7,0.0
2026-06-05,Capesize,29400.92,14700.46,96,56.6,0.0
2026-06-08,Handysize,12222.75,6111.38,48,31.4,0.0
2026-06-08,Supramax,15142.89,7571.44,60,43.2,0.0
2026-06-08,Panamax,19675.29,9837.65,72,38.6,0.0
2026-06-08,Capesize,30055.22,15027.61,96,61.0,0.0
2026-06-09,Handysize,12233.17,6116.59,48,34.8,0.0
2026-06-09,Supramax,15994.05,7997.02,60,76.4,10929.27
2026-06-09,Panamax,20143.25,10071.62,72,75.1,2601.84
2026-06-09,Capesize,30560.1,15280.05,96,27.5,0.0
2026-06-10,Handysize,12033.11,6016.56,48,71.6,11832.56
2026-06-10,Supramax,16129.35,8064.68,60,83.0,15457.29
2026-06-10,Panamax,20525.8,10262.9,72,52.2,0.0
2026-06-10,Capesize,30988.7,15494.35,96,49.9,0.0
2026-06-11,Handysize,11965.06,5982.53,48,48.3,149.56
2026-06-11,Supramax,15895.33,7947.66,60,48.3,0.0
2026-06-11,Panamax,20780.95,10390.48,72,51.3,0.0
2026-06-11,Capesize,31968.58,15984.29,96,11.2,0.0
2026-06-12,Handysize,12579.11,6289.56,48,54.1,3197.19
2026-06-12,Supramax,16053.4,8026.7,60,49.6,0.0
2026-06-12,Panamax,20854.87,10427.43,72,64.1,0.0
2026-06-12,Capesize,31817.7,15908.85,96,35.0,0.0
2026-06-15,Handysize,12169.66,6084.83,48,64.0,8113.11
2026-06-15,Supramax,16342.5,8171.25,60,61.3,885.22
2026-06-15,Panamax,20846.21,10423.1,72,68.9,0.0
2026-06-15,Capesize,32003.87,16001.93,96,45.0,0.0
2026-06-16,Handysize,12116.64,6058.32,48,61.4,6765.12
2026-06-16,Supramax,16537.14,8268.57,60,42.7,0.0
2026-06-16,Panamax,20582.94,10291.47,72,59.7,0.0
2026-06-16,Capesize,31791.42,15895.71,96,38.7,0.0
2026-06-17,Handysize,12705.49,6352.74,48,45.8,0.0
2026-06-17,Supramax,16318.88,8159.44,60,49.1,0.0
2026-06-17,Panamax,20653.59,10326.8,72,68.9,0.0
2026-06-17,Capesize,32052.53,16026.26,96,72.1,0.0
2026-06-18,Handysize,12581.13,6290.56,48,77.3,15359.46
2026-06-18,Supramax,16022.63,8011.31,60,60.3,200.28
2026-06-18,Panamax,20799.19,10399.59,72,76.3,3726.52
2026-06-18,Capesize,31342.74,15671.37,96,56.5,0.0
2026-06-19,Handysize,12080.79,6040.4,48,60.4,6241.74
2026-06-19,Supramax,16854.14,8427.07,60,48.4,0.0
2026-06-19,Panamax,20684.15,10342.08,72,52.3,0.0
2026-06-19,Capesize,31205.77,15602.89,96,68.1,0.0
2026-06-22,Handysize,12176.0,6088.0,48,66.5,9385.67
2026-06-22,Supramax,16411.03,8205.51,60,63.9,2666.79
2026-06-22,Panamax,21484.81,10742.41,72,46.7,0.0
2026-06-22,Capesize,31880.23,15940.11,96,60.8,0.0
2026-06-23,Handysize,13334.28,6667.14,48,59.3,6278.22
2026-06-23,Supramax,16515.67,8257.83,60,23.5,0.0
2026-06-23,Panamax,21768.05,10884.02,72,64.3,0.0
2026-06-23,Capesize,33152.41,16576.21,96,72.5,0.0
2026-06-24,Handysize,12300.74,6150.37,48,27.7,0.0
2026-06-24,Supramax,16485.51,8242.75,60,82.5,15455.17
2026-06-24,Panamax,21490.74,10745.37,72,42.0,0.0
2026-06-24,Capesize,32056.81,16028.41,96,72.2,0.0
2026-06-25,Handysize,12755.29,6377.65,48,54.7,3560.85
2026-06-25,Supramax,16631.29,8315.65,60,61.9,1316.64
2026-06-25,Panamax,21045.82,10522.91,72,42.0,0.0
2026-06-25,Capesize,31440.27,15720.14,96,70.4,0.0
2026-06-26,Handysize,12641.27,6320.64,48,38.0,0.0
2026-06-26,Supramax,16783.19,8391.59,60,72.7,8881.1
2026-06-26,Panamax,21697.44,10848.72,72,43.1,0.0
2026-06-26,Capesize,32598.84,16299.42,96,61.4,0.0
2026-06-29,Handysize,12086.96,6043.48,48,67.5,9820.65
2026-06-29,Supramax,16735.89,8367.94,60,54.3,0.0
2026-06-29,Panamax,21179.86,10589.93,72,68.4,0.0
2026-06-29,Capesize,31421.16,15710.58,96,60.8,0.0
2026-06-30,Handysize,12755.55,6377.77,48,63.3,8131.66
2026-06-30,Supramax,16318.76,8159.38,60,93.3,22642.28
2026-06-30,Panamax,20611.68,10305.84,72,56.4,0.0
2026-06-30,Capesize,31057.17,15528.58,96,85.7,0.0
2026-07-01,Handysize,12468.51,6234.26,48,23.2,0.0
2026-07-01,Supramax,16722.69,8361.34,60,59.3,0.0
2026-07-01,Panamax,20966.33,10483.17,72,59.9,0.0
2026-07-01,Capesize,32020.14,16010.07,96,41.2,0.0
2026-07-02,Handysize,12368.92,6184.46,48,42.4,0.0
2026-07-02,Supramax,15906.74,7953.37,60,53.6,0.0
2026-07-02,Panamax,20784.8,10392.4,72,80.8,7621.09
2026-07-02,Capesize,30681.02,15340.51,96,47.6,0.0
2026-07-03,Handysize,11661.86,5830.93,48,48.5,242.96
2026-07-03,Supramax,15412.22,7706.11,60,49.5,0.0
2026-07-03,Panamax,20360.56,10180.28,72,44.9,0.0
2026-07-03,Capesize,30282.83,15141.42,96,53.2,0.0
2026-07-06,Handysize,12068.2,6034.1,48,38.8,0.0
2026-07-06,Supramax,15634.23,7817.11,60,51.3,0.0
2026-07-06,Panamax,19492.44,9746.22,72,48.5,0.0
2026-07-06,Capesize,30279.37,15139.68,96,53.1,0.0
2026-07-07,Handysize,11709.14,5854.57,48,41.7,0.0
2026-07-07,Supramax,15471.76,7735.88,60,50.3,0.0
2026-07-07,Panamax,20804.86,10402.43,72,29.5,0.0
2026-07-07,Capesize,31176.74,15588.37,96,39.1,0.0
2026-07-08,Handysize,11581.23,5790.61,48,79.4,15152.11
2026-07-08,Supramax,15884.03,7942.02,60,41.8,0.0
2026-07-08,Panamax,19938.79,9969.4,72,41.2,0.0
2026-07-08,Capesize,30271.52,15135.76,96,47.6,0.0
2026-07-09,Handysize,11647.45,5823.73,48,40.2,0.0
2026-07-09,Supramax,15707.72,7853.86,60,60.0,0.0
2026-07-09,Panamax,20498.94,10249.47,72,43.5,0.0
2026-07-09,Capesize,31043.08,15521.54,96,27.8,0.0
2026-07-10,Handysize,11752.33,5876.16,48,68.3,9940.51
2026-07-10,Supramax,16186.84,8093.42,60,45.0,0.0
2026-07-10,Panamax,20788.72,10394.36,72,64.2,0.0
2026-07-10,Capesize,30547.79,15273.9,96,59.2,0.0
2026-07-13,Handysize,12056.81,6028.4,48,54.7,3365.86
2026-07-13,Supramax,15997.35,7998.68,60,62.5,1666.39
2026-07-13,Panamax,20715.98,10357.99,72,62.0,0.0
2026-07-13,Capesize,30613.34,15306.67,96,44.2,0.0
2026-07-14,Handysize,11750.78,5875.39,48,57.1,4455.5
2026-07-14,Supramax,15908.0,7954.0,60,61.3,861.68
2026-07-14,Panamax,20107.72,10053.86,72,36.1,0.0
2026-07-14,Capesize,30307.56,15153.78,96,24.0,0.0
2026-07-15,Handysize,12222.69,6111.35,48,48.5,254.64
2026-07-15,Supramax,15656.71,7828.35,60,82.7,14808.64
2026-07-15,Panamax,20322.65,10161.33,72,42.9,0.0
2026-07-15,Capesize,30304.57,15152.28,96,43.1,0.0
2026-07-16,Handysize,12294.87,6147.44,48,80.8,16802.99
2026-07-16,Supramax,15720.4,7860.2,60,49.9,0.0
2026-07-16,Panamax,20134.45,10067.23,72,60.2,0.0
2026-07-16,Capesize,29726.15,14863.08,96,41.6,0.0
2026-07-17,Handysize,12536.06,6268.03,48,42.4,0.0
2026-07-17,Supramax,15852.32,7926.16,60,53.0,0.0
2026-07-17,Panamax,20352.33,10176.17,72,74.4,2035.23
2026-07-17,Capesize,30358.24,15179.12,96,53.2,0.0
2026-07-20,Handysize,12019.76,6009.88,48,73.3,12670.83
2026-07-20,Supramax,15384.34,7692.17,60,53.5,0.0
2026-07-20,Panamax,19692.87,9846.43,72,37.2,0.0
2026-07-20,Capesize,30444.53,15222.26,96,41.3,0.0
2026-07-21,Handysize,12062.27,6031.14,48,58.5,5277.24
2026-07-21,Supramax,15544.06,7772.03,60,40.2,0.0
2026-07-21,Panamax,19851.42,9925.71,72,77.2,4301.14
2026-07-21,Capesize,30316.81,15158.41,96,56.5,0.0
2026-07-22,Handysize,11625.01,5812.51,48,87.6,19181.27
2026-07-22,Supramax,15446.96,7723.48,60,43.3,0.0
2026-07-22,Panamax,19798.04,9899.02,72,40.6,0.0
2026-07-22,Capesize,30638.01,15319.0,96,61.2,0.0
2026-07-23,Handysize,12172.9,6086.45,48,60.0,6086.45
2026-07-23,Supramax,15698.33,7849.16,60,60.9,588.69
2026-07-23,Panamax,19780.1,9890.05,72,61.9,0.0
2026-07-23,Capesize,30734.15,15367.08,96,64.5,0.0
2026-07-24,Handysize,12000.97,6000.48,48,43.7,0.0
2026-07-24,Supramax,16375.7,8187.85,60,37.3,0.0
2026-07-24,Panamax,20622.68,10311.34,72,69.7,0.0
2026-07-24,Capesize,30524.69,15262.34,96,59.5,0.0
2026-07-27,Handysize,11720.44,5860.22,48,43.5,0.0
2026-07-27,Supramax,15657.82,7828.91,60,53.5,0.0
2026-07-27,Panamax,20503.57,10251.78,72,30.2,0.0
2026-07-27,Capesize,31309.52,15654.76,96,44.2,0.0
2026-07-28,Handysize,11649.8,5824.9,48,60.6,6116.14
2026-07-28,Supramax,16024.28,8012.14,60,51.4,0.0
2026-07-28,Panamax,19763.81,9881.91,72,44.1,0.0
2026-07-28,Capesize,30621.7,15310.85,96,86.4,0.0
2026-07-29,Handysize,12234.06,6117.03,48,64.1,8207.02
2026-07-29,Supramax,15990.33,7995.16,60,45.9,0.0
2026-07-29,Panamax,20303.66,10151.83,72,83.9,10067.23
2026-07-29,Capesize,30384.17,15192.08,96,66.2,0.0
2026-07-30,Handysize,11750.51,5875.26,48,76.3,13855.81
2026-07-30,Supramax,16346.66,8173.33,60,55.9,0.0
2026-07-30,Panamax,19905.6,9952.8,72,68.3,0.0
2026-07-30,Capesize,30647.68,15323.84,96,62.2,0.0
2026-07-31,Handysize,12360.79,6180.4,48,66.6,9579.61
2026-07-31,Supramax,15952.66,7976.33,60,35.0,0.0
2026-07-31,Panamax,20109.61,10054.81,72,37.2,0.0
2026-07-31,Capesize,31206.35,15603.17,96,68.7,0.0
2026-08-03,Handysize,12439.41,6219.7,48,72.7,12802.23
2026-08-03,Supramax,16216.73,8108.36,60,87.3,18446.53
2026-08-03,Panamax,20191.81,10095.91,72,59.8,0.0
2026-08-03,Capesize,31371.33,15685.67,96,30.7,0.0
2026-08-04,Handysize,11628.96,5814.48,48,64.4,7946.46
2026-08-04,Supramax,15677.02,7838.51,60,52.5,0.0
2026-08-04,Panamax,19802.54,9901.27,72,72.6,495.06
2026-08-04,Capesize,30926.32,15463.16,96,30.2,0.0
2026-08-05,Handysize,12538.36,6269.18,48,51.8,1985.24
2026-08-05,Supramax,16503.3,8251.65,60,70.0,6876.38
2026-08-05,Panamax,20500.44,10250.22,72,44.3,0.0
2026-08-05,Capesize,30931.25,15465.62,96,54.7,0.0
2026-08-06,Handysize,11905.62,5952.81,48,59.3,5605.56
2026-08-06,Supramax,15927.13,7963.56,60,37.9,0.0
2026-08-06,Panamax,20061.54,10030.77,72,61.4,0.0
2026-08-06,Capesize,31090.43,15545.22,96,23.5,0.0
2026-08-07,Handysize,11864.02,5932.01,48,46.4,0.0
2026-08-07,Supramax,16061.03,8030.52,60,73.9,9302.01
2026-08-07,Panamax,21041.45,10520.73,72,44.6,0.0
2026-08-07,Capesize,30748.73,15374.36,96,85.7,0.0
2026-08-10,Handysize,12432.37,6216.19,48,58.1,5231.96
2026-08-10,Supramax,16105.38,8052.69,60,45.7,0.0
2026-08-10,Panamax,20488.04,10244.02,72,52.8,0.0
2026-08-10,Capesize,30521.96,15260.98,96,62.6,0.0
2026-08-11,Handysize,11831.99,5915.99,48,39.5,0.0
2026-08-11,Supramax,16439.7,8219.85,60,73.8,9452.83
2026-08-11,Panamax,20819.86,10409.93,72,76.0,3469.98
2026-08-11,Capesize,30379.1,15189.55,96,49.7,0.0
2026-08-12,Handysize,12005.41,6002.7,48,41.7,0.0
2026-08-12,Supramax,15269.83,7634.91,60,26.7,0.0
2026-08-12,Panamax,19775.19,9887.59,72,58.8,0.0
2026-08-12,Capesize,30877.65,15438.83,96,46.2,0.0
2026-08-13,Handysize,12630.86,6315.43,48,50.9,1526.23
2026-08-13,Supramax,15582.5,7791.25,60,86.9,17465.39
2026-08-13,Panamax,20179.1,10089.55,72,40.5,0.0
2026-08-13,Capesize,31175.24,15587.62,96,72.5,0.0
2026-08-14,Handysize,12522.34,6261.17,48,59.9,6208.99
2026-08-14,Supramax,16489.65,8244.83,60,45.8,0.0
2026-08-14,Panamax,20622.56,10311.28,72,59.9,0.0
2026-08-14,Capesize,30989.18,15494.59,96,44.7,0.0
2026-08-17,Handysize,12430.27,6215.14,48,85.4,19370.5
2026-08-17,Supramax,16055.81,8027.9,60,26.8,0.0
2026-08-17,Panamax,20366.07,10183.03,72,62.0,0.0
2026-08-17,Capesize,31660.92,15830.46,96,41.6,0.0
2026-08-18,Handysize,11703.09,5851.55,48,66.2,8874.84
2026-08-18,Supramax,15991.45,7995.73,60,84.3,16191.34
2026-08-18,Panamax,20795.19,10397.59,72,41.9,0.0
2026-08-18,Capesize,31395.54,15697.77,96,54.7,0.0
2026-08-19,Handysize,12229.81,6114.9,48,74.8,13656.62
2026-08-19,Supramax,16607.66,8303.83,60,74.7,10172.19
2026-08-19,Panamax,21033.91,10516.95,72,71.0,0.0
2026-08-19,Capesize,31767.56,15883.78,96,47.1,0.0
2026-08-20,Handysize,11804.64,5902.32,48,67.0,9345.34
2026-08-20,Supramax,16650.2,8325.1,60,60.5,346.88
2026-08-20,Panamax,20939.14,10469.57,72,54.2,0.0
2026-08-20,Capesize,31429.77,15714.89,96,51.8,0.0
2026-08-21,Handysize,12083.79,6041.9,48,40.7,0.0
2026-08-21,Supramax,16248.66,8124.33,60,50.5,0.0
2026-08-21,Panamax,20438.72,10219.36,72,62.5,0.0
2026-08-21,Capesize,31496.11,15748.06,96,80.9,0.0
2026-08-24,Handysize,11881.9,5940.95,48,65.0,8416.35
2026-08-24,Supramax,16375.8,8187.9,60,64.9,3343.39
2026-08-24,Panamax,20332.09,10166.05,72,54.8,0.0
2026-08-24,Capesize,31258.47,15629.24,96,45.5,0.0
2026-08-25,Handysize,12654.61,6327.31,48,30.0,0.0
2026-08-25,Supramax,16364.2,8182.1,60,52.2,0.0
2026-08-25,Panamax,21029.01,10514.5,72,70.7,0.0
2026-08-25,Capesize,30809.72,15404.86,96,49.8,0.0
2026-08-26,Handysize,11886.07,5943.03,48,41.3,0.0
2026-08-26,Supramax,16106.2,8053.1,60,68.9,5972.72
2026-08-26,Panamax,20415.59,10207.8,72,55.1,0.0
2026-08-26,Capesize,31203.66,15601.83,96,45.1,0.0
2026-08-27,Handysize,12411.54,6205.77,48,53.4,2792.6
2026-08-27,Supramax,16817.96,8408.98,60,54.6,0.0
2026-08-27,Panamax,20911.92,10455.96,72,55.7,0.0
2026-08-27,Capesize,31939.74,15969.87,96,30.6,0.0
2026-08-28,Handysize,12246.12,6123.06,48,24.9,0.0
2026-08-28,Supramax,16886.67,8443.33,60,35.8,0.0
2026-08-28,Panamax,21416.03,10708.01,72,59.3,0.0
2026-08-28,Capesize,32288.39,16144.19,96,44.1,0.0
2026-08-31,Handysize,13083.93,6541.97,48,17.1,0.0
2026-08-31,Supramax,16709.55,8354.77,60,72.1,8424.4
2026-08-31,Panamax,20927.34,10463.67,72,59.2,0.0
2026-08-31,Capesize,32091.21,16045.6,96,43.7,0.0
2026-09-01,Handysize,12929.81,6464.9,48,22.8,0.0
2026-09-01,Supramax,17260.49,8630.25,60,68.3,5969.25
2026-09-01,Panamax,21698.06,10849.03,72,75.2,2893.07
2026-09-01,Capesize,32555.42,16277.71,96,25.4,0.0
2026-09-02,Handysize,12975.53,6487.77,48,57.9,5352.41
2026-09-02,Supramax,17094.99,8547.5,60,44.9,0.0
2026-09-02,Panamax,21082.45,10541.23,72,45.9,0.0
2026-09-02,Capesize,32578.16,16289.08,96,67.2,0.0
2026-09-03,Handysize,12857.99,6428.99,48,53.8,3107.35
2026-09-03,Supramax,17374.67,8687.33,60,76.6,12017.48
2026-09-03,Panamax,22160.21,11080.1,72,49.6,0.0
2026-09-03,Capesize,32701.43,16350.72,96,61.2,0.0
2026-09-04,Handysize,13436.17,6718.09,48,65.6,9853.19
2026-09-04,Supramax,17482.86,8741.43,60,63.3,2403.89
2026-09-04,Panamax,22370.31,11185.16,72,52.7,0.0
2026-09-04,Capesize,33004.53,16502.26,96,82.7,0.0
2026-09-07,Handysize,13068.81,6534.4,48,50.7,1470.24
2026-09-07,Supramax,17294.27,8647.14,60,53.4,0.0
2026-09-07,Panamax,21490.81,10745.41,72,59.1,0.0
2026-09-07,Capesize,32505.26,16252.63,96,24.7,0.0
2026-09-08,Handysize,12520.43,6260.22,48,60.4,6468.89
2026-09-08,Supramax,17425.88,8712.94,60,62.4,1742.59
2026-09-08,Panamax,21215.29,10607.65,72,15.5,0.0
2026-09-08,Capesize,32459.84,16229.92,96,45.3,0.0
