date,index_name,vessel_class,index_value
2021-01-01,BCI,Capesize,2382.45
2021-01-01,BHSI,Handysize,733.16
2021-01-01,BPI,Panamax,1620.4
2021-01-01,BSI,Supramax,1156.3
2021-01-04,BCI,Capesize,2124.12
2021-01-04,BHSI,Handysize,695.19
2021-01-04,BPI,Panamax,1550.15
2021-01-04,BSI,Supramax,1359.47
2021-01-05,BCI,Capesize,2289.83
2021-01-05,BHSI,Handysize,679.71
2021-01-05,BPI,Panamax,1546.92
2021-01-05,BSI,Supramax,1270.16
2021-01-06,BCI,Capesize,2350.14
2021-01-06,BHSI,Handysize,728.49
2021-01-06,BPI,Panamax,1637.31
2021-01-06,BSI,Supramax,1175.78
2021-01-07,BCI,Capesize,2470.23
2021-01-07,BHSI,Handysize,712.51
2021-01-07,BPI,Panamax,1425.85
2021-01-07,BSI,Supramax,1230.4
2021-01-08,BCI,Capesize,2363.58
2021-01-08,BHSI,Handysize,804.7
2021-01-08,BPI,Panamax,1624.79
2021-01-08,BSI,Supramax,1260.59
2021-01-11,BCI,Capesize,2339.82
2021-01-11,BHSI,Handysize,790.82
2021-01-11,BPI,Panamax,1604.82
2021-01-11,BSI,Supramax,1404.96
2021-01-12,BCI,Capesize,2469.07
2021-01-12,BHSI,Handysize,718.48
2021-01-12,BPI,Panamax,1580.8
2021-01-12,BSI,Supramax,1200.07
2021-01-13,BCI,Capesize,2542.4
2021-01-13,BHSI,Handysize,754.8
2021-01-13,BPI,Panamax,1780.79
2021-01-13,BSI,Supramax,1352.76
2021-01-14,BCI,Capesize,2425.83
2021-01-14,BHSI,Handysize,789.83
2021-01-14,BPI,Panamax,1535.92
2021-01-14,BSI,Supramax,1384.53
2021-01-15,BCI,Capesize,2292.69
2021-01-15,BHSI,Handysize,698.08
2021-01-15,BPI,Panamax,1524.19
2021-01-15,BSI,Supramax,1202.18
2021-01-18,BCI,Capesize,2109.52
2021-01-18,BHSI,Handysize,666.0
2021-01-18,BPI,Panamax,1741.3
2021-01-18,BSI,Supramax,1229.65
2021-01-19,BCI,Capesize,2161.39
2021-01-19,BHSI,Handysize,654.47
2021-01-19,BPI,Panamax,1498.44
2021-01-19,BSI,Supramax,1182.05
2021-01-20,BCI,Capesize,2166.03
2021-01-20,BHSI,Handysize,759.87
2021-01-20,BPI,Panamax,1458.52
2021-01-20,BSI,Supramax,1190.03
2021-01-21,BCI,Capesize,2051.67
2021-01-21,BHSI,Handysize,670.94
2021-01-21,BPI,Panamax,1448.78
2021-01-21,BSI,Supramax,1164.14
2021-01-22,BCI,Capesize,2111.03
2021-01-22,BHSI,Handysize,692.71
2021-01-22,BPI,Panamax,1537.93
2021-01-22,BSI,Supramax,1216.49
2021-01-25,BCI,Capesize,2107.0
2021-01-25,BHSI,Handysize,641.47
2021-01-25,BPI,Panamax,1456.78
2021-01-25,BSI,Supramax,1228.43
2021-01-26,BCI,Capesize,2199.46
2021-01-26,BHSI,Handysize,618.68
2021-01-26,BPI,Panamax,1338.72
2021-01-26,BSI,Supramax,1104.65
2021-01-27,BCI,Capesize,2105.05
2021-01-27,BHSI,Handysize,623.73
2021-01-27,BPI,Panamax,1400.6
2021-01-27,BSI,Supramax,1079.76
2021-01-28,BCI,Capesize,2136.27
2021-01-28,BHSI,Handysize,597.0
2021-01-28,BPI,Panamax,1363.89
2021-01-28,BSI,Supramax,1128.6
2021-01-29,BCI,Capesize,2181.39
2021-01-29,BHSI,Handysize,729.08
2021-01-29,BPI,Panamax,1478.7
2021-01-29,BSI,Supramax,1208.07
2021-02-01,BCI,Capesize,1948.81
2021-02-01,BHSI,Handysize,775.01
2021-02-01,BPI,Panamax,1558.36
2021-02-01,BSI,Supramax,1233.23
2021-02-02,BCI,Capesize,2115.49
2021-02-02,BHSI,Handysize,716.46
2021-02-02,BPI,Panamax,1571.68
2021-02-02,BSI,Supramax,1201.64
2021-02-03,BCI,Capesize,2217.18
2021-02-03,BHSI,Handysize,643.38
2021-02-03,BPI,Panamax,1368.11
2021-02-03,BSI,Supramax,1230.35
2021-02-04,BCI,Capesize,2044.91
2021-02-04,BHSI,Handysize,726.6
2021-02-04,BPI,Panamax,1608.97
2021-02-04,BSI,Supramax,1322.31
2021-02-05,BCI,Capesize,2331.48
2021-02-05,BHSI,Handysize,771.84
2021-02-05,BPI,Panamax,1557.4
2021-02-05,BSI,Supramax,1255.11
2021-02-08,BCI,Capesize,2477.06
2021-02-08,BHSI,Handysize,763.53
2021-02-08,BPI,Panamax,1547.66
2021-02-08,BSI,Supramax,1206.72
2021-02-09,BCI,Capesize,2403.2
2021-02-09,BHSI,Handysize,708.78
2021-02-09,BPI,Panamax,1565.45
2021-02-09,BSI,Supramax,1181.07
2021-02-10,BCI,Capesize,2193.94
2021-02-10,BHSI,Handysize,696.72
2021-02-10,BPI,Panamax,1619.06
2021-02-10,BSI,Supramax,1201.18
2021-02-11,BCI,Capesize,2424.21
2021-02-11,BHSI,Handysize,702.92
2021-02-11,BPI,Panamax,1556.68
2021-02-11,BSI,Supramax,1332.24
2021-02-12,BCI,Capesize,2263.43
2021-02-12,BHSI,Handysize,768.43
2021-02-12,BPI,Panamax,1653.38
2021-02-12,BSI,Supramax,1210.29
2021-02-15,BCI,Capesize,2274.04
2021-02-15,BHSI,Handysize,772.76
2021-02-15,BPI,Panamax,1630.02
2021-02-15,BSI,Supramax,1264.73
2021-02-16,BCI,Capesize,2233.9
2021-02-16,BHSI,Handysize,720.71
2021-02-16,BPI,Panamax,1573.36
2021-02-16,BSI,Supramax,1229.29
2021-02-17,BCI,Capesize,2282.47
2021-02-17,BHSI,Handysize,721.19
2021-02-17,BPI,Panamax,1790.02
2021-02-17,BSI,Supramax,1350.61
2021-02-18,BCI,Capesize,2286.08
2021-02-18,BHSI,Handysize,723.02
2021-02-18,BPI,Panamax,1675.63
2021-02-18,BSI,Supramax,1423.55
2021-02-19,BCI,Capesize,2347.84
2021-02-19,BHSI,Handysize,691.49
2021-02-19,BPI,Panamax,1636.77
2021-02-19,BSI,Supramax,1301.57
2021-02-22,BCI,Capesize,2367.4
2021-02-22,BHSI,Handysize,806.94
2021-02-22,BPI,Panamax,1483.95
2021-02-22,BSI,Supramax,1285.26
2021-02-23,BCI,Capesize,2306.61
2021-02-23,BHSI,Handysize,698.2
2021-02-23,BPI,Panamax,1458.05
2021-02-23,BSI,Supramax,1261.07
2021-02-24,BCI,Capesize,2273.9
2021-02-24,BHSI,Handysize,725.67
2021-02-24,BPI,Panamax,1540.34
2021-02-24,BSI,Supramax,1029.45
2021-02-25,BCI,Capesize,2387.64
2021-02-25,BHSI,Handysize,676.48
2021-02-25,BPI,Panamax,1394.53
2021-02-25,BSI,Supramax,1268.58
2021-02-26,BCI,Capesize,2409.65
2021-02-26,BHSI,Handysize,907.11
2021-02-26,BPI,Panamax,1500.01
2021-02-26,BSI,Supramax,1094.45
2021-03-01,BCI,Capesize,2054.32
2021-03-01,BHSI,Handysize,714.36
2021-03-01,BPI,Panamax,1558.83
2021-03-01,BSI,Supramax,1266.99
2021-03-02,BCI,Capesize,1939.51
2021-03-02,BHSI,Handysize,755.22
2021-03-02,BPI,Panamax,1711.6
2021-03-02,BSI,Supramax,1200.19
2021-03-03,BCI,Capesize,2414.22
2021-03-03,BHSI,Handysize,895.76
2021-03-03,BPI,Panamax,1622.5
2021-03-03,BSI,Supramax,1217.43
2021-03-04,BCI,Capesize,2108.1
2021-03-04,BHSI,Handysize,680.18
2021-03-04,BPI,Panamax,1467.6
2021-03-04,BSI,Supramax,1224.04
2021-03-05,BCI,Capesize,2287.81
2021-03-05,BHSI,Handysize,738.66
2021-03-05,BPI,Panamax,1573.05
2021-03-05,BSI,Supramax,1342.12
2021-03-08,BCI,Capesize,2139.8
2021-03-08,BHSI,Handysize,698.26
2021-03-08,BPI,Panamax,1500.73
2021-03-08,BSI,Supramax,1228.75
2021-03-09,BCI,Capesize,2062.28
2021-03-09,BHSI,Handysize,805.74
2021-03-09,BPI,Panamax,1545.37
2021-03-09,BSI,Supramax,1419.22
2021-03-10,BCI,Capesize,2396.85
2021-03-10,BHSI,Handysize,726.65
2021-03-10,BPI,Panamax,1547.26
2021-03-10,BSI,Supramax,1298.83
2021-03-11,BCI,Capesize,2379.19
2021-03-11,BHSI,Handysize,692.81
2021-03-11,BPI,Panamax,1510.6
2021-03-11,BSI,Supramax,1145.06
2021-03-12,BCI,Capesize,2212.18
2021-03-12,BHSI,Handysize,818.16
2021-03-12,BPI,Panamax,1453.52
2021-03-12,BSI,Supramax,1241.81
2021-03-15,BCI,Capesize,1966.0
2021-03-15,BHSI,Handysize,774.06
2021-03-15,BPI,Panamax,1578.17
2021-03-15,BSI,Supramax,1221.82
2021-03-16,BCI,Capesize,2254.6
2021-03-16,BHSI,Handysize,701.2
2021-03-16,BPI,Panamax,1540.74
2021-03-16,BSI,Supramax,1107.37
2021-03-17,BCI,Capesize,2419.07
2021-03-17,BHSI,Handysize,716.61
2021-03-17,BPI,Panamax,1348.89
2021-03-17,BSI,Supramax,1409.68
2021-03-18,BCI,Capesize,2157.32
2021-03-18,BHSI,Handysize,773.59
2021-03-18,BPI,Panamax,1797.44
2021-03-18,BSI,Supramax,1342.54
2021-03-19,BCI,Capesize,2408.55
2021-03-19,BHSI,Handysize,760.15
2021-03-19,BPI,Panamax,1722.6
2021-03-19,BSI,Supramax,1339.72
2021-03-22,BCI,Capesize,2410.45
2021-03-22,BHSI,Handysize,807.8
2021-03-22,BPI,Panamax,1609.92
2021-03-22,BSI,Supramax,1328.08
2021-03-23,BCI,Capesize,2475.38
2021-03-23,BHSI,Handysize,732.03
2021-03-23,BPI,Panamax,1633.73
2021-03-23,BSI,Supramax,1202.21
2021-03-24,BCI,Capesize,2433.13
2021-03-24,BHSI,Handysize,800.51
2021-03-24,BPI,Panamax,1540.83
2021-03-24,BSI,Supramax,1281.45
2021-03-25,BCI,Capesize,2330.31
2021-03-25,BHSI,Handysize,684.35
2021-03-25,BPI,Panamax,1831.15
2021-03-25,BSI,Supramax,1407.72
2021-03-26,BCI,Capesize,2601.86
2021-03-26,BHSI,Handysize,767.77
2021-03-26,BPI,Panamax,1828.61
2021-03-26,BSI,Supramax,1248.5
2021-03-29,BCI,Capesize,2376.56
2021-03-29,BHSI,Handysize,735.51
2021-03-29,BPI,Panamax,1649.12
2021-03-29,BSI,Supramax,1118.41
2021-03-30,BCI,Capesize,2334.12
2021-03-30,BHSI,Handysize,723.26
2021-03-30,BPI,Panamax,1688.06
2021-03-30,BSI,Supramax,1258.68
2021-03-31,BCI,Capesize,2196.84
2021-03-31,BHSI,Handysize,735.75
2021-03-31,BPI,Panamax,1605.01
2021-03-31,BSI,Supramax,1259.49
2021-04-01,BCI,Capesize,2299.3
2021-04-01,BHSI,Handysize,802.49
2021-04-01,BPI,Panamax,1490.71
2021-04-01,BSI,Supramax,1298.43
2021-04-02,BCI,Capesize,2268.4
2021-04-02,BHSI,Handysize,709.26
2021-04-02,BPI,Panamax,1593.82
2021-04-02,BSI,Supramax,1359.46
2021-04-05,BCI,Capesize,2336.46
2021-04-05,BHSI,Handysize,652.58
2021-04-05,BPI,Panamax,1622.44
2021-04-05,BSI,Supramax,1335.71
2021-04-06,BCI,Capesize,2644.74
2021-04-06,BHSI,Handysize,718.61
2021-04-06,BPI,Panamax,1598.22
2021-04-06,BSI,Supramax,1331.1
2021-04-07,BCI,Capesize,2229.35
2021-04-07,BHSI,Handysize,816.57
2021-04-07,BPI,Panamax,1629.93
2021-04-07,BSI,Supramax,1410.1
2021-04-08,BCI,Capesize,2209.21
2021-04-08,BHSI,Handysize,700.94
2021-04-08,BPI,Panamax,1650.18
2021-04-08,BSI,Supramax,1213.84
2021-04-09,BCI,Capesize,2687.59
2021-04-09,BHSI,Handysize,764.18
2021-04-09,BPI,Panamax,1681.03
2021-04-09,BSI,Supramax,1390.53
2021-04-12,BCI,Capesize,2472.83
2021-04-12,BHSI,Handysize,834.29
2021-04-12,BPI,Panamax,1706.14
2021-04-12,BSI,Supramax,1410.65
2021-04-13,BCI,Capesize,2366.29
2021-04-13,BHSI,Handysize,780.33
2021-04-13,BPI,Panamax,1578.86
2021-04-13,BSI,Supramax,1248.1
2021-04-14,BCI,Capesize,2654.19
2021-04-14,BHSI,Handysize,849.39
2021-04-14,BPI,Panamax,1641.03
2021-04-14,BSI,Supramax,1254.4
2021-04-15,BCI,Capesize,2314.6
2021-04-15,BHSI,Handysize,671.92
2021-04-15,BPI,Panamax,1519.72
2021-04-15,BSI,Supramax,1252.66
2021-04-16,BCI,Capesize,2668.28
2021-04-16,BHSI,Handysize,753.28
2021-04-16,BPI,Panamax,1731.83
2021-04-16,BSI,Supramax,1266.08
2021-04-19,BCI,Capesize,2527.18
2021-04-19,BHSI,Handysize,834.24
2021-04-19,BPI,Panamax,1466.85
2021-04-19,BSI,Supramax,1382.7
2021-04-20,BCI,Capesize,2343.39
2021-04-20,BHSI,Handysize,716.75
2021-04-20,BPI,Panamax,1746.93
2021-04-20,BSI,Supramax,1269.07
2021-04-21,BCI,Capesize,2669.52
2021-04-21,BHSI,Handysize,799.82
2021-04-21,BPI,Panamax,1739.43
2021-04-21,BSI,Supramax,1227.25
2021-04-22,BCI,Capesize,2223.28
2021-04-22,BHSI,Handysize,723.56
2021-04-22,BPI,Panamax,1549.23
2021-04-22,BSI,Supramax,1213.77
2021-04-23,BCI,Capesize,2357.54
2021-04-23,BHSI,Handysize,736.2
2021-04-23,BPI,Panamax,1307.11
2021-04-23,BSI,Supramax,1314.36
2021-04-26,BCI,Capesize,2381.49
2021-04-26,BHSI,Handysize,801.21
2021-04-26,BPI,Panamax,1564.0
2021-04-26,BSI,Supramax,1277.45
2021-04-27,BCI,Capesize,2540.41
2021-04-27,BHSI,Handysize,769.62
2021-04-27,BPI,Panamax,1602.64
2021-04-27,BSI,Supramax,1272.97
2021-04-28,BCI,Capesize,2557.47
2021-04-28,BHSI,Handysize,717.47
2021-04-28,BPI,Panamax,1505.0
2021-04-28,BSI,Supramax,1267.81
2021-04-29,BCI,Capesize,2326.86
2021-04-29,BHSI,Handysize,764.07
2021-04-29,BPI,Panamax,1538.95
2021-04-29,BSI,Supramax,1364.13
2021-04-30,BCI,Capesize,2197.85
2021-04-30,BHSI,Handysize,702.88
2021-04-30,BPI,Panamax,1710.74
2021-04-30,BSI,Supramax,1200.82
2021-05-03,BCI,Capesize,2450.48
2021-05-03,BHSI,Handysize,771.58
2021-05-03,BPI,Panamax,1685.9
2021-05-03,BSI,Supramax,1399.96
2021-05-04,BCI,Capesize,2306.23
2021-05-04,BHSI,Handysize,707.78
2021-05-04,BPI,Panamax,1552.45
2021-05-04,BSI,Supramax,1325.12
2021-05-05,BCI,Capesize,2654.91
2021-05-05,BHSI,Handysize,756.4
2021-05-05,BPI,Panamax,1473.77
2021-05-05,BSI,Supramax,1282.25
2021-05-06,BCI,Capesize,2361.7
2021-05-06,BHSI,Handysize,798.83
2021-05-06,BPI,Panamax,1568.49
2021-05-06,BSI,Supramax,1465.52
2021-05-07,BCI,Capesize,2308.35
2021-05-07,BHSI,Handysize,737.3
2021-05-07,BPI,Panamax,1589.52
2021-05-07,BSI,Supramax,1207.82
2021-05-10,BCI,Capesize,2433.41
2021-05-10,BHSI,Handysize,815.43
2021-05-10,BPI,Panamax,1684.08
2021-05-10,BSI,Supramax,1286.16
2021-05-11,BCI,Capesize,2211.23
2021-05-11,BHSI,Handysize,902.94
2021-05-11,BPI,Panamax,1586.21
2021-05-11,BSI,Supramax,1216.1
2021-05-12,BCI,Capesize,2224.75
2021-05-12,BHSI,Handysize,749.89
2021-05-12,BPI,Panamax,1655.24
2021-05-12,BSI,Supramax,1359.03
2021-05-13,BCI,Capesize,2505.4
2021-05-13,BHSI,Handysize,771.3
2021-05-13,BPI,Panamax,1938.27
2021-05-13,BSI,Supramax,1401.71
2021-05-14,BCI,Capesize,2215.53
2021-05-14,BHSI,Handysize,755.53
2021-05-14,BPI,Panamax,1648.21
2021-05-14,BSI,Supramax,1384.26
2021-05-17,BCI,Capesize,2148.32
2021-05-17,BHSI,Handysize,740.17
2021-05-17,BPI,Panamax,1562.15
2021-05-17,BSI,Supramax,1344.0
2021-05-18,BCI,Capesize,2372.95
2021-05-18,BHSI,Handysize,766.45
2021-05-18,BPI,Panamax,1551.8
2021-05-18,BSI,Supramax,1238.93
2021-05-19,BCI,Capesize,2432.88
2021-05-19,BHSI,Handysize,709.89
2021-05-19,BPI,Panamax,1516.22
2021-05-19,BSI,Supramax,1209.77
2021-05-20,BCI,Capesize,2379.5
2021-05-20,BHSI,Handysize,695.09
2021-05-20,BPI,Panamax,1662.18
2021-05-20,BSI,Supramax,1118.21
2021-05-21,BCI,Capesize,2383.56
2021-05-21,BHSI,Handysize,645.06
2021-05-21,BPI,Panamax,1477.06
2021-05-21,BSI,Supramax,1377.61
2021-05-24,BCI,Capesize,2130.47
2021-05-24,BHSI,Handysize,695.88
2021-05-24,BPI,Panamax,1532.38
2021-05-24,BSI,Supramax,1255.91
2021-05-25,BCI,Capesize,2068.76
2021-05-25,BHSI,Handysize,761.96
2021-05-25,BPI,Panamax,1553.01
2021-05-25,BSI,Supramax,1200.64
2021-05-26,BCI,Capesize,2442.79
2021-05-26,BHSI,Handysize,667.8
2021-05-26,BPI,Panamax,1480.52
2021-05-26,BSI,Supramax,1318.25
2021-05-27,BCI,Capesize,2172.46
2021-05-27,BHSI,Handysize,716.38
2021-05-27,BPI,Panamax,1392.45
2021-05-27,BSI,Supramax,1137.65
2021-05-28,BCI,Capesize,2192.17
2021-05-28,BHSI,Handysize,702.85
2021-05-28,BPI,Panamax,1551.15
2021-05-28,BSI,Supramax,1246.25
2021-05-31,BCI,Capesize,2469.38
2021-05-31,BHSI,Handysize,698.53
2021-05-31,BPI,Panamax,1552.39
2021-05-31,BSI,Supramax,1232.81
2021-06-01,BCI,Capesize,2406.57
2021-06-01,BHSI,Handysize,657.63
2021-06-01,BPI,Panamax,1631.91
2021-06-01,BSI,Supramax,1317.88
2021-06-02,BCI,Capesize,2410.4
2021-06-02,BHSI,Handysize,808.11
2021-06-02,BPI,Panamax,1550.26
2021-06-02,BSI,Supramax,1274.77
2021-06-03,BCI,Capesize,2655.24
2021-06-03,BHSI,Handysize,771.85
2021-06-03,BPI,Panamax,1711.64
2021-06-03,BSI,Supramax,1173.67
2021-06-04,BCI,Capesize,2226.04
2021-06-04,BHSI,Handysize,856.94
2021-06-04,BPI,Panamax,1499.61
2021-06-04,BSI,Supramax,1268.85
2021-06-07,BCI,Capesize,2442.06
2021-06-07,BHSI,Handysize,784.33
2021-06-07,BPI,Panamax,1729.74
2021-06-07,BSI,Supramax,1339.64
2021-06-08,BCI,Capesize,2307.23
2021-06-08,BHSI,Handysize,791.94
2021-06-08,BPI,Panamax,1409.96
2021-06-08,BSI,Supramax,1251.84
2021-06-09,BCI,Capesize,2351.54
2021-06-09,BHSI,Handysize,657.62
2021-06-09,BPI,Panamax,1615.72
2021-06-09,BSI,Supramax,1320.01
2021-06-10,BCI,Capesize,2514.27
2021-06-10,BHSI,Handysize,652.46
2021-06-10,BPI,Panamax,1610.5
2021-06-10,BSI,Supramax,1176.12
2021-06-11,BCI,Capesize,2370.04
2021-06-11,BHSI,Handysize,733.45
2021-06-11,BPI,Panamax,1495.15
2021-06-11,BSI,Supramax,1251.82
2021-06-14,BCI,Capesize,2367.07
2021-06-14,BHSI,Handysize,677.58
2021-06-14,BPI,Panamax,1599.96
2021-06-14,BSI,Supramax,1203.0
2021-06-15,BCI,Capesize,2461.64
2021-06-15,BHSI,Handysize,704.95
2021-06-15,BPI,Panamax,1689.53
2021-06-15,BSI,Supramax,1316.43
2021-06-16,BCI,Capesize,2292.73
2021-06-16,BHSI,Handysize,859.69
2021-06-16,BPI,Panamax,1395.54
2021-06-16,BSI,Supramax,1280.06
2021-06-17,BCI,Capesize,2244.33
2021-06-17,BHSI,Handysize,805.35
2021-06-17,BPI,Panamax,1651.76
2021-06-17,BSI,Supramax,1339.07
2021-06-18,BCI,Capesize,2162.61
2021-06-18,BHSI,Handysize,692.7
2021-06-18,BPI,Panamax,1347.98
2021-06-18,BSI,Supramax,1340.5
2021-06-21,BCI,Capesize,2003.37
2021-06-21,BHSI,Handysize,618.64
2021-06-21,BPI,Panamax,1465.7
2021-06-21,BSI,Supramax,1294.52
2021-06-22,BCI,Capesize,2596.75
2021-06-22,BHSI,Handysize,688.94
2021-06-22,BPI,Panamax,1718.55
2021-06-22,BSI,Supramax,1279.3
2021-06-23,BCI,Capesize,2110.6
2021-06-23,BHSI,Handysize,695.68
2021-06-23,BPI,Panamax,1491.28
2021-06-23,BSI,Supramax,1160.44
2021-06-24,BCI,Capesize,2283.91
2021-06-24,BHSI,Handysize,722.33
2021-06-24,BPI,Panamax,1469.92
2021-06-24,BSI,Supramax,1261.76
2021-06-25,BCI,Capesize,2304.72
2021-06-25,BHSI,Handysize,688.43
2021-06-25,BPI,Panamax,1576.02
2021-06-25,BSI,Supramax,1237.28
2021-06-28,BCI,Capesize,2325.36
2021-06-28,BHSI,Handysize,777.2
2021-06-28,BPI,Panamax,1740.29
2021-06-28,BSI,Supramax,1218.61
2021-06-29,BCI,Capesize,2352.95
2021-06-29,BHSI,Handysize,680.34
2021-06-29,BPI,Panamax,1361.2
2021-06-29,BSI,Supramax,1192.95
2021-06-30,BCI,Capesize,2386.63
2021-06-30,BHSI,Handysize,750.37
2021-06-30,BPI,Panamax,1448.95
2021-06-30,BSI,Supramax,1162.21
2021-07-01,BCI,Capesize,2124.49
2021-07-01,BHSI,Handysize,704.31
2021-07-01,BPI,Panamax,1639.62
2021-07-01,BSI,Supramax,1056.71
2021-07-02,BCI,Capesize,2175.4
2021-07-02,BHSI,Handysize,741.78
2021-07-02,BPI,Panamax,1667.23
2021-07-02,BSI,Supramax,1149.45
2021-07-05,BCI,Capesize,2213.9
2021-07-05,BHSI,Handysize,681.01
2021-07-05,BPI,Panamax,1474.66
2021-07-05,BSI,Supramax,1200.87
2021-07-06,BCI,Capesize,2039.09
2021-07-06,BHSI,Handysize,617.81
2021-07-06,BPI,Panamax,1307.77
2021-07-06,BSI,Supramax,1031.42
2021-07-07,BCI,Capesize,2340.01
2021-07-07,BHSI,Handysize,645.71
2021-07-07,BPI,Panamax,1634.21
2021-07-07,BSI,Supramax,1155.69
2021-07-08,BCI,Capesize,2170.28
2021-07-08,BHSI,Handysize,642.04
2021-07-08,BPI,Panamax,1580.34
2021-07-08,BSI,Supramax,1289.81
2021-07-09,BCI,Capesize,2245.09
2021-07-09,BHSI,Handysize,774.33
2021-07-09,BPI,Panamax,1523.98
2021-07-09,BSI,Supramax,1245.78
2021-07-12,BCI,Capesize,2217.81
2021-07-12,BHSI,Handysize,679.37
2021-07-12,BPI,Panamax,1378.35
2021-07-12,BSI,Supramax,1283.01
2021-07-13,BCI,Capesize,2323.35
2021-07-13,BHSI,Handysize,687.09
2021-07-13,BPI,Panamax,1468.84
2021-07-13,BSI,Supramax,1207.3
2021-07-14,BCI,Capesize,2203.96
2021-07-14,BHSI,Handysize,732.86
2021-07-14,BPI,Panamax,1471.28
2021-07-14,BSI,Supramax,1275.97
2021-07-15,BCI,Capesize,1989.22
2021-07-15,BHSI,Handysize,737.61
2021-07-15,BPI,Panamax,1510.34
2021-07-15,BSI,Supramax,1129.88
2021-07-16,BCI,Capesize,2216.57
2021-07-16,BHSI,Handysize,737.88
2021-07-16,BPI,Panamax,1604.52
2021-07-16,BSI,Supramax,1130.39
2021-07-19,BCI,Capesize,2127.65
2021-07-19,BHSI,Handysize,689.4
2021-07-19,BPI,Panamax,1590.17
2021-07-19,BSI,Supramax,1004.38
2021-07-20,BCI,Capesize,2047.39
2021-07-20,BHSI,Handysize,653.52
2021-07-20,BPI,Panamax,1351.31
2021-07-20,BSI,Supramax,1246.55
2021-07-21,BCI,Capesize,2229.83
2021-07-21,BHSI,Handysize,639.2
2021-07-21,BPI,Panamax,1588.98
2021-07-21,BSI,Supramax,1287.2
2021-07-22,BCI,Capesize,2335.87
2021-07-22,BHSI,Handysize,771.32
2021-07-22,BPI,Panamax,1502.67
2021-07-22,BSI,Supramax,1138.08
2021-07-23,BCI,Capesize,2161.87
2021-07-23,BHSI,Handysize,683.77
2021-07-23,BPI,Panamax,1533.9
2021-07-23,BSI,Supramax,1158.55
2021-07-26,BCI,Capesize,2193.73
2021-07-26,BHSI,Handysize,631.41
2021-07-26,BPI,Panamax,1598.33
2021-07-26,BSI,Supramax,1116.48
2021-07-27,BCI,Capesize,2339.78
2021-07-27,BHSI,Handysize,677.35
2021-07-27,BPI,Panamax,1334.68
2021-07-27,BSI,Supramax,1175.43
2021-07-28,BCI,Capesize,2109.05
2021-07-28,BHSI,Handysize,630.85
2021-07-28,BPI,Panamax,1414.61
2021-07-28,BSI,Supramax,1217.08
2021-07-29,BCI,Capesize,2494.18
2021-07-29,BHSI,Handysize,660.13
2021-07-29,BPI,Panamax,1405.0
2021-07-29,BSI,Supramax,1031.23
2021-07-30,BCI,Capesize,2208.57
2021-07-30,BHSI,Handysize,691.48
2021-07-30,BPI,Panamax,1311.28
2021-07-30,BSI,Supramax,1192.33
2021-08-02,BCI,Capesize,1877.75
2021-08-02,BHSI,Handysize,744.31
2021-08-02,BPI,Panamax,1479.98
2021-08-02,BSI,Supramax,1138.04
2021-08-03,BCI,Capesize,2183.45
2021-08-03,BHSI,Handysize,665.57
2021-08-03,BPI,Panamax,1644.98
2021-08-03,BSI,Supramax,1142.48
2021-08-04,BCI,Capesize,2173.04
2021-08-04,BHSI,Handysize,642.41
2021-08-04,BPI,Panamax,1280.04
2021-08-04,BSI,Supramax,1190.71
2021-08-05,BCI,Capesize,2346.29
2021-08-05,BHSI,Handysize,666.5
2021-08-05,BPI,Panamax,1472.25
2021-08-05,BSI,Supramax,1166.82
2021-08-06,BCI,Capesize,2220.55
2021-08-06,BHSI,Handysize,706.09
2021-08-06,BPI,Panamax,1507.37
2021-08-06,BSI,Supramax,1152.03
2021-08-09,BCI,Capesize,2146.84
2021-08-09,BHSI,Handysize,601.28
2021-08-09,BPI,Panamax,1486.18
2021-08-09,BSI,Supramax,1165.07
2021-08-10,BCI,Capesize,1999.31
2021-08-10,BHSI,Handysize,643.94
2021-08-10,BPI,Panamax,1467.73
2021-08-10,BSI,Supramax,1256.27
2021-08-11,BCI,Capesize,2093.14
2021-08-11,BHSI,Handysize,684.91
2021-08-11,BPI,Panamax,1329.84
2021-08-11,BSI,Supramax,1189.0
2021-08-12,BCI,Capesize,2041.29
2021-08-12,BHSI,Handysize,610.75
2021-08-12,BPI,Panamax,1492.04
2021-08-12,BSI,Supramax,1194.45
2021-08-13,BCI,Capesize,2040.78
2021-08-13,BHSI,Handysize,661.17
2021-08-13,BPI,Panamax,1378.27
2021-08-13,BSI,Supramax,1062.04
2021-08-16,BCI,Capesize,2212.82
2021-08-16,BHSI,Handysize,656.43
2021-08-16,BPI,Panamax,1254.41
2021-08-16,BSI,Supramax,1133.39
2021-08-17,BCI,Capesize,2418.43
2021-08-17,BHSI,Handysize,734.87
2021-08-17,BPI,Panamax,1593.8
2021-08-17,BSI,Supramax,1258.22
2021-08-18,BCI,Capesize,2157.38
2021-08-18,BHSI,Handysize,657.6
2021-08-18,BPI,Panamax,1519.42
2021-08-18,BSI,Supramax,1149.42
2021-08-19,BCI,Capesize,1947.5
2021-08-19,BHSI,Handysize,726.39
2021-08-19,BPI,Panamax,1445.97
2021-08-19,BSI,Supramax,1202.89
2021-08-20,BCI,Capesize,2223.44
2021-08-20,BHSI,Handysize,691.42
2021-08-20,BPI,Panamax,1491.61
2021-08-20,BSI,Supramax,1310.69
2021-08-23,BCI,Capesize,2328.04
2021-08-23,BHSI,Handysize,767.6
2021-08-23,BPI,Panamax,1567.02
2021-08-23,BSI,Supramax,1255.67
2021-08-24,BCI,Capesize,2159.6
2021-08-24,BHSI,Handysize,652.38
2021-08-24,BPI,Panamax,1544.75
2021-08-24,BSI,Supramax,1229.99
2021-08-25,BCI,Capesize,2193.58
2021-08-25,BHSI,Handysize,777.11
2021-08-25,BPI,Panamax,1584.88
2021-08-25,BSI,Supramax,1167.18
2021-08-26,BCI,Capesize,2155.42
2021-08-26,BHSI,Handysize,666.88
2021-08-26,BPI,Panamax,1438.77
2021-08-26,BSI,Supramax,982.38
2021-08-27,BCI,Capesize,2039.85
2021-08-27,BHSI,Handysize,750.55
2021-08-27,BPI,Panamax,1581.23
2021-08-27,BSI,Supramax,1159.31
2021-08-30,BCI,Capesize,2182.35
2021-08-30,BHSI,Handysize,718.88
2021-08-30,BPI,Panamax,1454.45
2021-08-30,BSI,Supramax,1116.29
2021-08-31,BCI,Capesize,2058.57
2021-08-31,BHSI,Handysize,532.04
2021-08-31,BPI,Panamax,1432.65
2021-08-31,BSI,Supramax,1161.39
2021-09-01,BCI,Capesize,2118.46
2021-09-01,BHSI,Handysize,676.88
2021-09-01,BPI,Panamax,1290.69
2021-09-01,BSI,Supramax,1112.1
2021-09-02,BCI,Capesize,1885.58
2021-09-02,BHSI,Handysize,684.17
2021-09-02,BPI,Panamax,1398.69
2021-09-02,BSI,Supramax,1072.87
2021-09-03,BCI,Capesize,1979.51
2021-09-03,BHSI,Handysize,709.01
2021-09-03,BPI,Panamax,1317.82
2021-09-03,BSI,Supramax,980.0
2021-09-06,BCI,Capesize,2161.07
2021-09-06,BHSI,Handysize,602.45
2021-09-06,BPI,Panamax,1347.43
2021-09-06,BSI,Supramax,1053.2
2021-09-07,BCI,Capesize,2076.96
2021-09-07,BHSI,Handysize,704.22
2021-09-07,BPI,Panamax,1375.95
2021-09-07,BSI,Supramax,1196.52
2021-09-08,BCI,Capesize,2386.45
2021-09-08,BHSI,Handysize,691.42
2021-09-08,BPI,Panamax,1363.31
2021-09-08,BSI,Supramax,1297.76
2021-09-09,BCI,Capesize,2171.67
2021-09-09,BHSI,Handysize,728.72
2021-09-09,BPI,Panamax,1703.79
2021-09-09,BSI,Supramax,1206.18
2021-09-10,BCI,Capesize,2266.69
2021-09-10,BHSI,Handysize,756.71
2021-09-10,BPI,Panamax,1637.24
2021-09-10,BSI,Supramax,1242.15
2021-09-13,BCI,Capesize,2328.97
2021-09-13,BHSI,Handysize,751.98
2021-09-13,BPI,Panamax,1666.47
2021-09-13,BSI,Supramax,1269.25
2021-09-14,BCI,Capesize,1942.17
2021-09-14,BHSI,Handysize,651.89
2021-09-14,BPI,Panamax,1346.47
2021-09-14,BSI,Supramax,1106.09
2021-09-15,BCI,Capesize,1907.63
2021-09-15,BHSI,Handysize,697.65
2021-09-15,BPI,Panamax,1471.54
2021-09-15,BSI,Supramax,1201.6
2021-09-16,BCI,Capesize,1889.62
2021-09-16,BHSI,Handysize,671.19
2021-09-16,BPI,Panamax,1315.94
2021-09-16,BSI,Supramax,1091.26
2021-09-17,BCI,Capesize,2308.76
2021-09-17,BHSI,Handysize,667.82
2021-09-17,BPI,Panamax,1388.23
2021-09-17,BSI,Supramax,1227.07
2021-09-20,BCI,Capesize,1985.57
2021-09-20,BHSI,Handysize,649.9
2021-09-20,BPI,Panamax,1323.67
2021-09-20,BSI,Supramax,1136.49
2021-09-21,BCI,Capesize,2399.65
2021-09-21,BHSI,Handysize,658.33
2021-09-21,BPI,Panamax,1504.14
2021-09-21,BSI,Supramax,1136.09
2021-09-22,BCI,Capesize,1962.5
2021-09-22,BHSI,Handysize,622.42
2021-09-22,BPI,Panamax,1356.9
2021-09-22,BSI,Supramax,1055.0
2021-09-23,BCI,Capesize,2053.74
2021-09-23,BHSI,Handysize,684.88
2021-09-23,BPI,Panamax,1479.97
2021-09-23,BSI,Supramax,1159.44
2021-09-24,BCI,Capesize,2215.71
2021-09-24,BHSI,Handysize,693.24
2021-09-24,BPI,Panamax,1420.12
2021-09-24,BSI,Supramax,1247.72
2021-09-27,BCI,Capesize,2312.38
2021-09-27,BHSI,Handysize,609.39
2021-09-27,BPI,Panamax,1593.44
2021-09-27,BSI,Supramax,1032.76
2021-09-28,BCI,Capesize,2305.14
2021-09-28,BHSI,Handysize,700.82
2021-09-28,BPI,Panamax,1243.32
2021-09-28,BSI,Supramax,1074.83
2021-09-29,BCI,Capesize,2134.17
2021-09-29,BHSI,Handysize,588.09
2021-09-29,BPI,Panamax,1456.67
2021-09-29,BSI,Supramax,1090.08
2021-09-30,BCI,Capesize,2115.84
2021-09-30,BHSI,Handysize,667.73
2021-09-30,BPI,Panamax,1451.33
2021-09-30,BSI,Supramax,1135.7
2021-10-01,BCI,Capesize,2092.53
2021-10-01,BHSI,Handysize,698.5
2021-10-01,BPI,Panamax,1284.41
2021-10-01,BSI,Supramax,1054.63
2021-10-04,BCI,Capesize,2137.89
2021-10-04,BHSI,Handysize,641.22
2021-10-04,BPI,Panamax,1475.11
2021-10-04,BSI,Supramax,894.48
2021-10-05,BCI,Capesize,1970.12
2021-10-05,BHSI,Handysize,614.9
2021-10-05,BPI,Panamax,1426.53
2021-10-05,BSI,Supramax,1218.74
2021-10-06,BCI,Capesize,1909.2
2021-10-06,BHSI,Handysize,617.32
2021-10-06,BPI,Panamax,1360.69
2021-10-06,BSI,Supramax,1161.23
2021-10-07,BCI,Capesize,1983.02
2021-10-07,BHSI,Handysize,647.15
2021-10-07,BPI,Panamax,1281.15
2021-10-07,BSI,Supramax,951.91
2021-10-08,BCI,Capesize,2008.28
2021-10-08,BHSI,Handysize,734.9
2021-10-08,BPI,Panamax,1321.86
2021-10-08,BSI,Supramax,1063.12
2021-10-11,BCI,Capesize,1981.79
2021-10-11,BHSI,Handysize,574.53
2021-10-11,BPI,Panamax,1579.56
2021-10-11,BSI,Supramax,1233.35
2021-10-12,BCI,Capesize,2164.38
2021-10-12,BHSI,Handysize,662.17
2021-10-12,BPI,Panamax,1409.08
2021-10-12,BSI,Supramax,1235.92
2021-10-13,BCI,Capesize,2259.52
2021-10-13,BHSI,Handysize,672.63
2021-10-13,BPI,Panamax,1517.31
2021-10-13,BSI,Supramax,1229.29
2021-10-14,BCI,Capesize,2093.04
2021-10-14,BHSI,Handysize,641.54
2021-10-14,BPI,Panamax,1346.76
2021-10-14,BSI,Supramax,1121.52
2021-10-15,BCI,Capesize,2258.5
2021-10-15,BHSI,Handysize,649.12
2021-10-15,BPI,Panamax,1300.19
2021-10-15,BSI,Supramax,1125.42
2021-10-18,BCI,Capesize,1944.12
2021-10-18,BHSI,Handysize,645.16
2021-10-18,BPI,Panamax,1530.43
2021-10-18,BSI,Supramax,1137.43
2021-10-19,BCI,Capesize,2082.59
2021-10-19,BHSI,Handysize,727.35
2021-10-19,BPI,Panamax,1315.33
2021-10-19,BSI,Supramax,1234.95
2021-10-20,BCI,Capesize,2009.1
2021-10-20,BHSI,Handysize,731.74
2021-10-20,BPI,Panamax,1399.3
2021-10-20,BSI,Supramax,1084.52
2021-10-21,BCI,Capesize,1932.4
2021-10-21,BHSI,Handysize,702.37
2021-10-21,BPI,Panamax,1493.94
2021-10-21,BSI,Supramax,1134.93
2021-10-22,BCI,Capesize,2168.87
2021-10-22,BHSI,Handysize,687.78
2021-10-22,BPI,Panamax,1492.42
2021-10-22,BSI,Supramax,1264.04
2021-10-25,BCI,Capesize,2242.4
2021-10-25,BHSI,Handysize,697.33
2021-10-25,BPI,Panamax,1517.21
2021-10-25,BSI,Supramax,1227.3
2021-10-26,BCI,Capesize,2529.49
2021-10-26,BHSI,Handysize,742.27
2021-10-26,BPI,Panamax,1606.4
2021-10-26,BSI,Supramax,1365.18
2021-10-27,BCI,Capesize,2411.47
2021-10-27,BHSI,Handysize,823.14
2021-10-27,BPI,Panamax,1636.75
2021-10-27,BSI,Supramax,1214.42
2021-10-28,BCI,Capesize,2156.41
2021-10-28,BHSI,Handysize,727.8
2021-10-28,BPI,Panamax,1625.55
2021-10-28,BSI,Supramax,1248.17
2021-10-29,BCI,Capesize,2568.23
2021-10-29,BHSI,Handysize,697.54
2021-10-29,BPI,Panamax,1476.47
2021-10-29,BSI,Supramax,1187.87
2021-11-01,BCI,Capesize,2345.43
2021-11-01,BHSI,Handysize,674.27
2021-11-01,BPI,Panamax,1453.54
2021-11-01,BSI,Supramax,1185.76
2021-11-02,BCI,Capesize,2233.48
2021-11-02,BHSI,Handysize,718.84
2021-11-02,BPI,Panamax,1572.25
2021-11-02,BSI,Supramax,1062.28
2021-11-03,BCI,Capesize,2073.43
2021-11-03,BHSI,Handysize,637.57
2021-11-03,BPI,Panamax,1515.19
2021-11-03,BSI,Supramax,1111.52
2021-11-04,BCI,Capesize,1946.47
2021-11-04,BHSI,Handysize,660.52
2021-11-04,BPI,Panamax,1295.54
2021-11-04,BSI,Supramax,1027.35
2021-11-05,BCI,Capesize,2080.45
2021-11-05,BHSI,Handysize,699.95
2021-11-05,BPI,Panamax,1484.08
2021-11-05,BSI,Supramax,1214.86
2021-11-08,BCI,Capesize,2243.93
2021-11-08,BHSI,Handysize,636.58
2021-11-08,BPI,Panamax,1248.23
2021-11-08,BSI,Supramax,1194.63
2021-11-09,BCI,Capesize,2355.2
2021-11-09,BHSI,Handysize,586.01
2021-11-09,BPI,Panamax,1430.48
2021-11-09,BSI,Supramax,1011.05
2021-11-10,BCI,Capesize,2284.29
2021-11-10,BHSI,Handysize,609.75
2021-11-10,BPI,Panamax,1582.27
2021-11-10,BSI,Supramax,1228.5
2021-11-11,BCI,Capesize,1994.86
2021-11-11,BHSI,Handysize,617.73
2021-11-11,BPI,Panamax,1323.07
2021-11-11,BSI,Supramax,1313.14
2021-11-12,BCI,Capesize,1955.94
2021-11-12,BHSI,Handysize,661.94
2021-11-12,BPI,Panamax,1365.12
2021-11-12,BSI,Supramax,1155.76
2021-11-15,BCI,Capesize,2138.23
2021-11-15,BHSI,Handysize,676.08
2021-11-15,BPI,Panamax,1512.96
2021-11-15,BSI,Supramax,1107.41
2021-11-16,BCI,Capesize,1771.46
2021-11-16,BHSI,Handysize,679.18
2021-11-16,BPI,Panamax,1241.5
2021-11-16,BSI,Supramax,1314.05
2021-11-17,BCI,Capesize,2101.19
2021-11-17,BHSI,Handysize,598.74
2021-11-17,BPI,Panamax,1347.22
2021-11-17,BSI,Supramax,1023.1
2021-11-18,BCI,Capesize,2037.46
2021-11-18,BHSI,Handysize,685.18
2021-11-18,BPI,Panamax,1459.34
2021-11-18,BSI,Supramax,1124.72
2021-11-19,BCI,Capesize,2021.76
2021-11-19,BHSI,Handysize,647.24
2021-11-19,BPI,Panamax,1367.23
2021-11-19,BSI,Supramax,1152.18
2021-11-22,BCI,Capesize,1891.51
2021-11-22,BHSI,Handysize,592.49
2021-11-22,BPI,Panamax,1421.21
2021-11-22,BSI,Supramax,1254.54
2021-11-23,BCI,Capesize,2157.92
2021-11-23,BHSI,Handysize,664.2
2021-11-23,BPI,Panamax,1491.03
2021-11-23,BSI,Supramax,1165.25
2021-11-24,BCI,Capesize,2159.39
2021-11-24,BHSI,Handysize,716.73
2021-11-24,BPI,Panamax,1449.95
2021-11-24,BSI,Supramax,1090.78
2021-11-25,BCI,Capesize,2002.59
2021-11-25,BHSI,Handysize,729.14
2021-11-25,BPI,Panamax,1499.94
2021-11-25,BSI,Supramax,1110.04
2021-11-26,BCI,Capesize,1807.38
2021-11-26,BHSI,Handysize,699.82
2021-11-26,BPI,Panamax,1473.22
2021-11-26,BSI,Supramax,1178.86
2021-11-29,BCI,Capesize,2132.27
2021-11-29,BHSI,Handysize,730.3
2021-11-29,BPI,Panamax,1490.18
2021-11-29,BSI,Supramax,1089.74
2021-11-30,BCI,Capesize,2414.5
2021-11-30,BHSI,Handysize,698.01
2021-11-30,BPI,Panamax,1465.3
2021-11-30,BSI,Supramax,1185.09
2021-12-01,BCI,Capesize,2375.39
2021-12-01,BHSI,Handysize,725.93
2021-12-01,BPI,Panamax,1502.6
2021-12-01,BSI,Supramax,1126.59
2021-12-02,BCI,Capesize,2105.84
2021-12-02,BHSI,Handysize,615.68
2021-12-02,BPI,Panamax,1434.15
2021-12-02,BSI,Supramax,1071.35
2021-12-03,BCI,Capesize,2084.13
2021-12-03,BHSI,Handysize,633.75
2021-12-03,BPI,Panamax,1461.65
2021-12-03,BSI,Supramax,1276.82
2021-12-06,BCI,Capesize,2174.61
2021-12-06,BHSI,Handysize,703.66
2021-12-06,BPI,Panamax,1351.09
2021-12-06,BSI,Supramax,1113.59
2021-12-07,BCI,Capesize,1968.27
2021-12-07,BHSI,Handysize,739.81
2021-12-07,BPI,Panamax,1436.55
2021-12-07,BSI,Supramax,1055.33
2021-12-08,BCI,Capesize,2239.97
2021-12-08,BHSI,Handysize,718.13
2021-12-08,BPI,Panamax,1424.47
2021-12-08,BSI,Supramax,1185.89
2021-12-09,BCI,Capesize,2266.33
2021-12-09,BHSI,Handysize,664.55
2021-12-09,BPI,Panamax,1372.47
2021-12-09,BSI,Supramax,1182.97
2021-12-10,BCI,Capesize,2343.66
2021-12-10,BHSI,Handysize,652.76
2021-12-10,BPI,Panamax,1504.37
2021-12-10,BSI,Supramax,1053.74
2021-12-13,BCI,Capesize,2126.77
2021-12-13,BHSI,Handysize,666.82
2021-12-13,BPI,Panamax,1480.59
2021-12-13,BSI,Supramax,1193.03
2021-12-14,BCI,Capesize,2119.51
2021-12-14,BHSI,Handysize,737.94
2021-12-14,BPI,Panamax,1536.67
2021-12-14,BSI,Supramax,1093.53
2021-12-15,BCI,Capesize,2084.59
2021-12-15,BHSI,Handysize,687.02
2021-12-15,BPI,Panamax,1465.76
2021-12-15,BSI,Supramax,1332.28
2021-12-16,BCI,Capesize,2091.83
2021-12-16,BHSI,Handysize,749.6
2021-12-16,BPI,Panamax,1541.46
2021-12-16,BSI,Supramax,1243.33
2021-12-17,BCI,Capesize,2115.18
2021-12-17,BHSI,Handysize,712.3
2021-12-17,BPI,Panamax,1515.41
2021-12-17,BSI,Supramax,1141.55
2021-12-20,BCI,Capesize,2270.9
2021-12-20,BHSI,Handysize,783.36
2021-12-20,BPI,Panamax,1552.88
2021-12-20,BSI,Supramax,1154.63
2021-12-21,BCI,Capesize,2424.22
2021-12-21,BHSI,Handysize,739.93
2021-12-21,BPI,Panamax,1488.06
2021-12-21,BSI,Supramax,1243.84
2021-12-22,BCI,Capesize,2232.25
2021-12-22,BHSI,Handysize,744.23
2021-12-22,BPI,Panamax,1607.04
2021-12-22,BSI,Supramax,1323.62
2021-12-23,BCI,Capesize,2530.85
2021-12-23,BHSI,Handysize,788.51
2021-12-23,BPI,Panamax,1611.82
2021-12-23,BSI,Supramax,1263.55
2021-12-24,BCI,Capesize,2219.59
2021-12-24,BHSI,Handysize,676.34
2021-12-24,BPI,Panamax,1538.47
2021-12-24,BSI,Supramax,1214.75
2021-12-27,BCI,Capesize,2289.62
2021-12-27,BHSI,Handysize,709.69
2021-12-27,BPI,Panamax,1372.94
2021-12-27,BSI,Supramax,1254.29
2021-12-28,BCI,Capesize,2207.79
2021-12-28,BHSI,Handysize,660.42
2021-12-28,BPI,Panamax,1588.01
2021-12-28,BSI,Supramax,1215.25
2021-12-29,BCI,Capesize,1961.98
2021-12-29,BHSI,Handysize,676.02
2021-12-29,BPI,Panamax,1765.73
2021-12-29,BSI,Supramax,1228.92
2021-12-30,BCI,Capesize,2387.91
2021-12-30,BHSI,Handysize,807.04
2021-12-30,BPI,Panamax,1510.39
2021-12-30,BSI,Supramax,1078.32
2021-12-31,BCI,Capesize,2311.71
2021-12-31,BHSI,Handysize,733.76
2021-12-31,BPI,Panamax,1441.65
2021-12-31,BSI,Supramax,1278.03
2022-01-03,BCI,Capesize,2222.97
2022-01-03,BHSI,Handysize,658.19
2022-01-03,BPI,Panamax,1575.76
2022-01-03,BSI,Supramax,1256.33
2022-01-04,BCI,Capesize,2192.22
2022-01-04,BHSI,Handysize,748.07
2022-01-04,BPI,Panamax,1519.28
2022-01-04,BSI,Supramax,1133.34
2022-01-05,BCI,Capesize,2189.52
2022-01-05,BHSI,Handysize,641.55
2022-01-05,BPI,Panamax,1556.49
2022-01-05,BSI,Supramax,1298.67
2022-01-06,BCI,Capesize,1915.36
2022-01-06,BHSI,Handysize,707.46
2022-01-06,BPI,Panamax,1346.88
2022-01-06,BSI,Supramax,1171.84
2022-01-07,BCI,Capesize,2012.48
2022-01-07,BHSI,Handysize,691.49
2022-01-07,BPI,Panamax,1495.46
2022-01-07,BSI,Supramax,1062.15
2022-01-10,BCI,Capesize,2232.63
2022-01-10,BHSI,Handysize,749.43
2022-01-10,BPI,Panamax,1505.56
2022-01-10,BSI,Supramax,1222.9
2022-01-11,BCI,Capesize,1933.89
2022-01-11,BHSI,Handysize,646.46
2022-01-11,BPI,Panamax,1432.07
2022-01-11,BSI,Supramax,1182.13
2022-01-12,BCI,Capesize,2142.31
2022-01-12,BHSI,Handysize,634.67
2022-01-12,BPI,Panamax,1470.14
2022-01-12,BSI,Supramax,1177.46
2022-01-13,BCI,Capesize,2015.58
2022-01-13,BHSI,Handysize,580.49
2022-01-13,BPI,Panamax,1599.48
2022-01-13,BSI,Supramax,1171.84
2022-01-14,BCI,Capesize,2347.88
2022-01-14,BHSI,Handysize,720.78
2022-01-14,BPI,Panamax,1635.01
2022-01-14,BSI,Supramax,1278.88
2022-01-17,BCI,Capesize,2251.02
2022-01-17,BHSI,Handysize,750.33
2022-01-17,BPI,Panamax,1436.9
2022-01-17,BSI,Supramax,1211.31
2022-01-18,BCI,Capesize,2105.28
2022-01-18,BHSI,Handysize,780.7
2022-01-18,BPI,Panamax,1662.17
2022-01-18,BSI,Supramax,1313.06
2022-01-19,BCI,Capesize,2448.84
2022-01-19,BHSI,Handysize,783.6
2022-01-19,BPI,Panamax,1553.32
2022-01-19,BSI,Supramax,1104.08
2022-01-20,BCI,Capesize,2199.42
2022-01-20,BHSI,Handysize,745.57
2022-01-20,BPI,Panamax,1576.42
2022-01-20,BSI,Supramax,1223.27
2022-01-21,BCI,Capesize,2218.91
2022-01-21,BHSI,Handysize,764.9
2022-01-21,BPI,Panamax,1595.9
2022-01-21,BSI,Supramax,1401.12
2022-01-24,BCI,Capesize,2371.05
2022-01-24,BHSI,Handysize,748.64
2022-01-24,BPI,Panamax,1582.95
2022-01-24,BSI,Supramax,1220.2
2022-01-25,BCI,Capesize,2445.47
2022-01-25,BHSI,Handysize,758.66
2022-01-25,BPI,Panamax,1666.36
2022-01-25,BSI,Supramax,1201.23
2022-01-26,BCI,Capesize,2190.52
2022-01-26,BHSI,Handysize,700.22
2022-01-26,BPI,Panamax,1582.59
2022-01-26,BSI,Supramax,1238.71
2022-01-27,BCI,Capesize,2297.8
2022-01-27,BHSI,Handysize,664.87
2022-01-27,BPI,Panamax,1461.47
2022-01-27,BSI,Supramax,1157.89
2022-01-28,BCI,Capesize,2355.17
2022-01-28,BHSI,Handysize,692.87
2022-01-28,BPI,Panamax,1530.76
2022-01-28,BSI,Supramax,1086.6
2022-01-31,BCI,Capesize,2449.58
2022-01-31,BHSI,Handysize,758.2
2022-01-31,BPI,Panamax,1619.48
2022-01-31,BSI,Supramax,1265.76
2022-02-01,BCI,Capesize,2413.73
2022-02-01,BHSI,Handysize,701.79
2022-02-01,BPI,Panamax,1737.59
2022-02-01,BSI,Supramax,1312.81
2022-02-02,BCI,Capesize,2297.27
2022-02-02,BHSI,Handysize,718.82
2022-02-02,BPI,Panamax,1655.39
2022-02-02,BSI,Supramax,1277.09
2022-02-03,BCI,Capesize,2317.5
2022-02-03,BHSI,Handysize,747.48
2022-02-03,BPI,Panamax,1579.12
2022-02-03,BSI,Supramax,1315.56
2022-02-04,BCI,Capesize,2387.44
2022-02-04,BHSI,Handysize,791.08
2022-02-04,BPI,Panamax,1842.17
2022-02-04,BSI,Supramax,1298.62
2022-02-07,BCI,Capesize,2239.81
2022-02-07,BHSI,Handysize,790.24
2022-02-07,BPI,Panamax,1651.96
2022-02-07,BSI,Supramax,1379.96
2022-02-08,BCI,Capesize,1997.72
2022-02-08,BHSI,Handysize,769.1
2022-02-08,BPI,Panamax,1753.82
2022-02-08,BSI,Supramax,1297.99
2022-02-09,BCI,Capesize,2458.92
2022-02-09,BHSI,Handysize,783.36
2022-02-09,BPI,Panamax,1619.75
2022-02-09,BSI,Supramax,1264.47
2022-02-10,BCI,Capesize,2460.58
2022-02-10,BHSI,Handysize,763.74
2022-02-10,BPI,Panamax,1640.51
2022-02-10,BSI,Supramax,1252.3
2022-02-11,BCI,Capesize,2036.57
2022-02-11,BHSI,Handysize,736.9
2022-02-11,BPI,Panamax,1689.59
2022-02-11,BSI,Supramax,1334.73
2022-02-14,BCI,Capesize,2154.06
2022-02-14,BHSI,Handysize,705.7
2022-02-14,BPI,Panamax,1677.69
2022-02-14,BSI,Supramax,1358.7
2022-02-15,BCI,Capesize,2425.3
2022-02-15,BHSI,Handysize,813.14
2022-02-15,BPI,Panamax,1691.07
2022-02-15,BSI,Supramax,1228.85
2022-02-16,BCI,Capesize,2658.99
2022-02-16,BHSI,Handysize,642.36
2022-02-16,BPI,Panamax,1695.27
2022-02-16,BSI,Supramax,1300.71
2022-02-17,BCI,Capesize,2369.15
2022-02-17,BHSI,Handysize,719.49
2022-02-17,BPI,Panamax,1585.48
2022-02-17,BSI,Supramax,1316.18
2022-02-18,BCI,Capesize,2237.3
2022-02-18,BHSI,Handysize,734.99
2022-02-18,BPI,Panamax,1545.1
2022-02-18,BSI,Supramax,1201.91
2022-02-21,BCI,Capesize,2365.32
2022-02-21,BHSI,Handysize,785.96
2022-02-21,BPI,Panamax,1659.97
2022-02-21,BSI,Supramax,1305.64
2022-02-22,BCI,Capesize,2600.91
2022-02-22,BHSI,Handysize,817.48
2022-02-22,BPI,Panamax,1725.35
2022-02-22,BSI,Supramax,1203.58
2022-02-23,BCI,Capesize,2359.18
2022-02-23,BHSI,Handysize,863.16
2022-02-23,BPI,Panamax,1647.87
2022-02-23,BSI,Supramax,1202.9
2022-02-24,BCI,Capesize,2376.25
2022-02-24,BHSI,Handysize,787.86
2022-02-24,BPI,Panamax,1653.19
2022-02-24,BSI,Supramax,1383.75
2022-02-25,BCI,Capesize,2372.12
2022-02-25,BHSI,Handysize,775.3
2022-02-25,BPI,Panamax,1792.43
2022-02-25,BSI,Supramax,1301.52
2022-02-28,BCI,Capesize,2283.88
2022-02-28,BHSI,Handysize,785.53
2022-02-28,BPI,Panamax,1565.06
2022-02-28,BSI,Supramax,1333.56
2022-03-01,BCI,Capesize,2479.47
2022-03-01,BHSI,Handysize,759.75
2022-03-01,BPI,Panamax,1601.17
2022-03-01,BSI,Supramax,1341.14
2022-03-02,BCI,Capesize,2682.77
2022-03-02,BHSI,Handysize,728.11
2022-03-02,BPI,Panamax,1659.44
2022-03-02,BSI,Supramax,1265.53
2022-03-03,BCI,Capesize,2492.36
2022-03-03,BHSI,Handysize,774.43
2022-03-03,BPI,Panamax,1694.55
2022-03-03,BSI,Supramax,1331.0
2022-03-04,BCI,Capesize,2392.54
2022-03-04,BHSI,Handysize,806.11
2022-03-04,BPI,Panamax,1607.34
2022-03-04,BSI,Supramax,1231.61
2022-03-07,BCI,Capesize,2410.67
2022-03-07,BHSI,Handysize,769.23
2022-03-07,BPI,Panamax,1791.62
2022-03-07,BSI,Supramax,1441.12
2022-03-08,BCI,Capesize,2241.22
2022-03-08,BHSI,Handysize,801.51
2022-03-08,BPI,Panamax,1713.64
2022-03-08,BSI,Supramax,1239.69
2022-03-09,BCI,Capesize,2618.29
2022-03-09,BHSI,Handysize,709.92
2022-03-09,BPI,Panamax,1701.31
2022-03-09,BSI,Supramax,1345.25
2022-03-10,BCI,Capesize,2456.6
2022-03-10,BHSI,Handysize,786.11
2022-03-10,BPI,Panamax,1551.12
2022-03-10,BSI,Supramax,1267.23
2022-03-11,BCI,Capesize,2418.67
2022-03-11,BHSI,Handysize,759.55
2022-03-11,BPI,Panamax,1546.83
2022-03-11,BSI,Supramax,1375.57
2022-03-14,BCI,Capesize,2927.77
2022-03-14,BHSI,Handysize,732.14
2022-03-14,BPI,Panamax,1714.33
2022-03-14,BSI,Supramax,1327.68
2022-03-15,BCI,Capesize,2544.88
2022-03-15,BHSI,Handysize,826.27
2022-03-15,BPI,Panamax,1511.5
2022-03-15,BSI,Supramax,1325.6
2022-03-16,BCI,Capesize,2384.91
2022-03-16,BHSI,Handysize,875.6
2022-03-16,BPI,Panamax,1786.32
2022-03-16,BSI,Supramax,1421.6
2022-03-17,BCI,Capesize,2488.37
2022-03-17,BHSI,Handysize,855.7
2022-03-17,BPI,Panamax,1718.2
2022-03-17,BSI,Supramax,1390.84
2022-03-18,BCI,Capesize,2693.99
2022-03-18,BHSI,Handysize,853.79
2022-03-18,BPI,Panamax,2014.81
2022-03-18,BSI,Supramax,1419.43
2022-03-21,BCI,Capesize,2577.74
2022-03-21,BHSI,Handysize,847.65
2022-03-21,BPI,Panamax,1949.16
2022-03-21,BSI,Supramax,1322.47
2022-03-22,BCI,Capesize,2358.48
2022-03-22,BHSI,Handysize,844.02
2022-03-22,BPI,Panamax,1723.83
2022-03-22,BSI,Supramax,1289.62
2022-03-23,BCI,Capesize,2665.97
2022-03-23,BHSI,Handysize,726.7
2022-03-23,BPI,Panamax,1716.11
2022-03-23,BSI,Supramax,1390.94
2022-03-24,BCI,Capesize,2415.69
2022-03-24,BHSI,Handysize,792.9
2022-03-24,BPI,Panamax,1797.28
2022-03-24,BSI,Supramax,1343.97
2022-03-25,BCI,Capesize,2750.58
2022-03-25,BHSI,Handysize,814.82
2022-03-25,BPI,Panamax,1847.54
2022-03-25,BSI,Supramax,1403.66
2022-03-28,BCI,Capesize,2619.29
2022-03-28,BHSI,Handysize,809.34
2022-03-28,BPI,Panamax,1533.86
2022-03-28,BSI,Supramax,1339.86
2022-03-29,BCI,Capesize,2380.65
2022-03-29,BHSI,Handysize,834.67
2022-03-29,BPI,Panamax,1504.58
2022-03-29,BSI,Supramax,1347.95
2022-03-30,BCI,Capesize,2665.24
2022-03-30,BHSI,Handysize,744.69
2022-03-30,BPI,Panamax,1636.79
2022-03-30,BSI,Supramax,1233.65
2022-03-31,BCI,Capesize,2474.79
2022-03-31,BHSI,Handysize,811.85
2022-03-31,BPI,Panamax,1731.98
2022-03-31,BSI,Supramax,1486.0
2022-04-01,BCI,Capesize,2538.74
2022-04-01,BHSI,Handysize,721.83
2022-04-01,BPI,Panamax,1694.72
2022-04-01,BSI,Supramax,1307.44
2022-04-04,BCI,Capesize,2525.84
2022-04-04,BHSI,Handysize,772.65
2022-04-04,BPI,Panamax,1771.12
2022-04-04,BSI,Supramax,1392.77
2022-04-05,BCI,Capesize,2360.33
2022-04-05,BHSI,Handysize,786.08
2022-04-05,BPI,Panamax,1580.27
2022-04-05,BSI,Supramax,1288.91
2022-04-06,BCI,Capesize,2389.55
2022-04-06,BHSI,Handysize,827.95
2022-04-06,BPI,Panamax,1480.31
2022-04-06,BSI,Supramax,1375.16
2022-04-07,BCI,Capesize,2667.13
2022-04-07,BHSI,Handysize,836.58
2022-04-07,BPI,Panamax,1793.81
2022-04-07,BSI,Supramax,1277.54
2022-04-08,BCI,Capesize,2412.78
2022-04-08,BHSI,Handysize,788.12
2022-04-08,BPI,Panamax,1601.36
2022-04-08,BSI,Supramax,1375.25
2022-04-11,BCI,Capesize,2405.29
2022-04-11,BHSI,Handysize,686.56
2022-04-11,BPI,Panamax,1495.58
2022-04-11,BSI,Supramax,1315.79
2022-04-12,BCI,Capesize,2366.43
2022-04-12,BHSI,Handysize,815.75
2022-04-12,BPI,Panamax,1714.93
2022-04-12,BSI,Supramax,1365.21
2022-04-13,BCI,Capesize,2503.98
2022-04-13,BHSI,Handysize,765.86
2022-04-13,BPI,Panamax,1737.59
2022-04-13,BSI,Supramax,1385.65
2022-04-14,BCI,Capesize,2738.47
2022-04-14,BHSI,Handysize,842.16
2022-04-14,BPI,Panamax,1658.44
2022-04-14,BSI,Supramax,1243.56
2022-04-15,BCI,Capesize,2276.62
2022-04-15,BHSI,Handysize,823.83
2022-04-15,BPI,Panamax,1613.0
2022-04-15,BSI,Supramax,1271.99
2022-04-18,BCI,Capesize,2383.67
2022-04-18,BHSI,Handysize,715.0
2022-04-18,BPI,Panamax,1610.34
2022-04-18,BSI,Supramax,1333.07
2022-04-19,BCI,Capesize,2568.0
2022-04-19,BHSI,Handysize,780.2
2022-04-19,BPI,Panamax,1584.88
2022-04-19,BSI,Supramax,1450.78
2022-04-20,BCI,Capesize,2397.68
2022-04-20,BHSI,Handysize,793.48
2022-04-20,BPI,Panamax,1521.66
2022-04-20,BSI,Supramax,1303.7
2022-04-21,BCI,Capesize,2452.17
2022-04-21,BHSI,Handysize,783.79
2022-04-21,BPI,Panamax,1565.77
2022-04-21,BSI,Supramax,1347.67
2022-04-22,BCI,Capesize,2234.89
2022-04-22,BHSI,Handysize,776.28
2022-04-22,BPI,Panamax,1673.62
2022-04-22,BSI,Supramax,1292.51
2022-04-25,BCI,Capesize,2418.43
2022-04-25,BHSI,Handysize,778.58
2022-04-25,BPI,Panamax,1639.36
2022-04-25,BSI,Supramax,1432.7
2022-04-26,BCI,Capesize,2342.97
2022-04-26,BHSI,Handysize,821.24
2022-04-26,BPI,Panamax,1632.38
2022-04-26,BSI,Supramax,1161.71
2022-04-27,BCI,Capesize,2515.63
2022-04-27,BHSI,Handysize,731.58
2022-04-27,BPI,Panamax,1533.08
2022-04-27,BSI,Supramax,1304.37
2022-04-28,BCI,Capesize,2538.22
2022-04-28,BHSI,Handysize,713.82
2022-04-28,BPI,Panamax,1602.64
2022-04-28,BSI,Supramax,1172.32
2022-04-29,BCI,Capesize,2727.9
2022-04-29,BHSI,Handysize,787.68
2022-04-29,BPI,Panamax,1418.73
2022-04-29,BSI,Supramax,1102.69
2022-05-02,BCI,Capesize,2415.78
2022-05-02,BHSI,Handysize,657.84
2022-05-02,BPI,Panamax,1610.81
2022-05-02,BSI,Supramax,1296.48
2022-05-03,BCI,Capesize,2361.31
2022-05-03,BHSI,Handysize,715.19
2022-05-03,BPI,Panamax,1711.12
2022-05-03,BSI,Supramax,1274.48
2022-05-04,BCI,Capesize,2312.62
2022-05-04,BHSI,Handysize,748.24
2022-05-04,BPI,Panamax,1430.32
2022-05-04,BSI,Supramax,1226.41
2022-05-05,BCI,Capesize,2220.75
2022-05-05,BHSI,Handysize,616.34
2022-05-05,BPI,Panamax,1500.42
2022-05-05,BSI,Supramax,1231.65
2022-05-06,BCI,Capesize,2340.6
2022-05-06,BHSI,Handysize,700.66
2022-05-06,BPI,Panamax,1597.52
2022-05-06,BSI,Supramax,1484.3
2022-05-09,BCI,Capesize,2305.12
2022-05-09,BHSI,Handysize,817.35
2022-05-09,BPI,Panamax,1714.7
2022-05-09,BSI,Supramax,1261.05
2022-05-10,BCI,Capesize,2387.15
2022-05-10,BHSI,Handysize,686.36
2022-05-10,BPI,Panamax,1572.52
2022-05-10,BSI,Supramax,1327.81
2022-05-11,BCI,Capesize,2584.95
2022-05-11,BHSI,Handysize,773.37
2022-05-11,BPI,Panamax,1574.23
2022-05-11,BSI,Supramax,1260.61
2022-05-12,BCI,Capesize,2299.47
2022-05-12,BHSI,Handysize,731.41
2022-05-12,BPI,Panamax,1484.9
2022-05-12,BSI,Supramax,1352.81
2022-05-13,BCI,Capesize,2589.64
2022-05-13,BHSI,Handysize,741.42
2022-05-13,BPI,Panamax,1664.71
2022-05-13,BSI,Supramax,1307.25
2022-05-16,BCI,Capesize,2614.33
2022-05-16,BHSI,Handysize,859.54
2022-05-16,BPI,Panamax,1838.87
2022-05-16,BSI,Supramax,1294.21
2022-05-17,BCI,Capesize,2393.46
2022-05-17,BHSI,Handysize,772.45
2022-05-17,BPI,Panamax,1667.15
2022-05-17,BSI,Supramax,1450.71
2022-05-18,BCI,Capesize,2076.36
2022-05-18,BHSI,Handysize,778.41
2022-05-18,BPI,Panamax,1616.6
2022-05-18,BSI,Supramax,1153.31
2022-05-19,BCI,Capesize,2235.75
2022-05-19,BHSI,Handysize,733.2
2022-05-19,BPI,Panamax,1613.71
2022-05-19,BSI,Supramax,1276.75
2022-05-20,BCI,Capesize,2520.74
2022-05-20,BHSI,Handysize,675.97
2022-05-20,BPI,Panamax,1595.42
2022-05-20,BSI,Supramax,1103.47
2022-05-23,BCI,Capesize,2375.78
2022-05-23,BHSI,Handysize,703.65
2022-05-23,BPI,Panamax,1548.58
2022-05-23,BSI,Supramax,1270.48
2022-05-24,BCI,Capesize,2263.69
2022-05-24,BHSI,Handysize,817.92
2022-05-24,BPI,Panamax,1711.59
2022-05-24,BSI,Supramax,1385.58
2022-05-25,BCI,Capesize,2343.3
2022-05-25,BHSI,Handysize,775.11
2022-05-25,BPI,Panamax,1664.39
2022-05-25,BSI,Supramax,1298.96
2022-05-26,BCI,Capesize,2558.76
2022-05-26,BHSI,Handysize,742.29
2022-05-26,BPI,Panamax,1663.0
2022-05-26,BSI,Supramax,1413.5
2022-05-27,BCI,Capesize,2493.61
2022-05-27,BHSI,Handysize,768.25
2022-05-27,BPI,Panamax,1558.1
2022-05-27,BSI,Supramax,1426.02
2022-05-30,BCI,Capesize,2407.76
2022-05-30,BHSI,Handysize,806.8
2022-05-30,BPI,Panamax,1778.44
2022-05-30,BSI,Supramax,1347.16
2022-05-31,BCI,Capesize,2372.24
2022-05-31,BHSI,Handysize,791.83
2022-05-31,BPI,Panamax,1709.53
2022-05-31,BSI,Supramax,1258.14
2022-06-01,BCI,Capesize,2323.27
2022-06-01,BHSI,Handysize,722.12
2022-06-01,BPI,Panamax,1570.61
2022-06-01,BSI,Supramax,1114.24
2022-06-02,BCI,Capesize,2226.59
2022-06-02,BHSI,Handysize,678.68
2022-06-02,BPI,Panamax,1696.04
2022-06-02,BSI,Supramax,1336.18
2022-06-03,BCI,Capesize,2568.07
2022-06-03,BHSI,Handysize,726.83
2022-06-03,BPI,Panamax,1552.13
2022-06-03,BSI,Supramax,1216.34
2022-06-06,BCI,Capesize,2283.09
2022-06-06,BHSI,Handysize,790.67
2022-06-06,BPI,Panamax,1517.41
2022-06-06,BSI,Supramax,1283.24
2022-06-07,BCI,Capesize,2551.61
2022-06-07,BHSI,Handysize,796.25
2022-06-07,BPI,Panamax,1553.38
2022-06-07,BSI,Supramax,1204.65
2022-06-08,BCI,Capesize,2613.64
2022-06-08,BHSI,Handysize,782.54
2022-06-08,BPI,Panamax,1474.76
2022-06-08,BSI,Supramax,1288.89
2022-06-09,BCI,Capesize,2602.02
2022-06-09,BHSI,Handysize,776.18
2022-06-09,BPI,Panamax,1716.09
2022-06-09,BSI,Supramax,1344.29
2022-06-10,BCI,Capesize,2373.23
2022-06-10,BHSI,Handysize,751.44
2022-06-10,BPI,Panamax,1490.37
2022-06-10,BSI,Supramax,1346.56
2022-06-13,BCI,Capesize,2531.17
2022-06-13,BHSI,Handysize,781.04
2022-06-13,BPI,Panamax,1570.63
2022-06-13,BSI,Supramax,1264.68
2022-06-14,BCI,Capesize,2473.31
2022-06-14,BHSI,Handysize,823.74
2022-06-14,BPI,Panamax,1495.6
2022-06-14,BSI,Supramax,1439.13
2022-06-15,BCI,Capesize,2398.21
2022-06-15,BHSI,Handysize,849.47
2022-06-15,BPI,Panamax,1705.43
2022-06-15,BSI,Supramax,1330.3
2022-06-16,BCI,Capesize,2499.61
2022-06-16,BHSI,Handysize,769.57
2022-06-16,BPI,Panamax,1654.2
2022-06-16,BSI,Supramax,1211.67
2022-06-17,BCI,Capesize,2232.41
2022-06-17,BHSI,Handysize,877.25
2022-06-17,BPI,Panamax,1601.75
2022-06-17,BSI,Supramax,1298.66
2022-06-20,BCI,Capesize,2472.49
2022-06-20,BHSI,Handysize,737.98
2022-06-20,BPI,Panamax,1478.32
2022-06-20,BSI,Supramax,1260.44
2022-06-21,BCI,Capesize,2197.67
2022-06-21,BHSI,Handysize,704.23
2022-06-21,BPI,Panamax,1438.57
2022-06-21,BSI,Supramax,1246.58
2022-06-22,BCI,Capesize,2246.12
2022-06-22,BHSI,Handysize,771.87
2022-06-22,BPI,Panamax,1556.99
2022-06-22,BSI,Supramax,1312.69
2022-06-23,BCI,Capesize,2226.52
2022-06-23,BHSI,Handysize,603.76
2022-06-23,BPI,Panamax,1445.54
2022-06-23,BSI,Supramax,1176.11
2022-06-24,BCI,Capesize,2086.6
2022-06-24,BHSI,Handysize,696.52
2022-06-24,BPI,Panamax,1482.3
2022-06-24,BSI,Supramax,1150.56
2022-06-27,BCI,Capesize,2230.63
2022-06-27,BHSI,Handysize,679.91
2022-06-27,BPI,Panamax,1390.3
2022-06-27,BSI,Supramax,1090.44
2022-06-28,BCI,Capesize,2160.63
2022-06-28,BHSI,Handysize,773.64
2022-06-28,BPI,Panamax,1536.7
2022-06-28,BSI,Supramax,1276.81
2022-06-29,BCI,Capesize,2392.74
2022-06-29,BHSI,Handysize,749.73
2022-06-29,BPI,Panamax,1665.64
2022-06-29,BSI,Supramax,1252.44
2022-06-30,BCI,Capesize,2125.87
2022-06-30,BHSI,Handysize,742.77
2022-06-30,BPI,Panamax,1628.99
2022-06-30,BSI,Supramax,1230.42
2022-07-01,BCI,Capesize,2317.96
2022-07-01,BHSI,Handysize,761.83
2022-07-01,BPI,Panamax,1529.98
2022-07-01,BSI,Supramax,1111.52
2022-07-04,BCI,Capesize,2600.34
2022-07-04,BHSI,Handysize,693.74
2022-07-04,BPI,Panamax,1608.3
2022-07-04,BSI,Supramax,1377.95
2022-07-05,BCI,Capesize,2141.87
2022-07-05,BHSI,Handysize,769.65
2022-07-05,BPI,Panamax,1533.18
2022-07-05,BSI,Supramax,1152.35
2022-07-06,BCI,Capesize,2228.87
2022-07-06,BHSI,Handysize,679.1
2022-07-06,BPI,Panamax,1582.33
2022-07-06,BSI,Supramax,1222.47
2022-07-07,BCI,Capesize,2371.95
2022-07-07,BHSI,Handysize,748.11
2022-07-07,BPI,Panamax,1536.94
2022-07-07,BSI,Supramax,1280.94
2022-07-08,BCI,Capesize,2279.71
2022-07-08,BHSI,Handysize,718.99
2022-07-08,BPI,Panamax,1522.14
2022-07-08,BSI,Supramax,1139.96
2022-07-11,BCI,Capesize,2260.74
2022-07-11,BHSI,Handysize,624.28
2022-07-11,BPI,Panamax,1528.09
2022-07-11,BSI,Supramax,1094.61
2022-07-12,BCI,Capesize,2344.9
2022-07-12,BHSI,Handysize,727.55
2022-07-12,BPI,Panamax,1461.11
2022-07-12,BSI,Supramax,1081.99
2022-07-13,BCI,Capesize,2344.27
2022-07-13,BHSI,Handysize,730.39
2022-07-13,BPI,Panamax,1445.48
2022-07-13,BSI,Supramax,1284.08
2022-07-14,BCI,Capesize,2484.71
2022-07-14,BHSI,Handysize,712.01
2022-07-14,BPI,Panamax,1459.36
2022-07-14,BSI,Supramax,1228.7
2022-07-15,BCI,Capesize,2281.17
2022-07-15,BHSI,Handysize,662.0
2022-07-15,BPI,Panamax,1372.34
2022-07-15,BSI,Supramax,1432.56
2022-07-18,BCI,Capesize,2128.04
2022-07-18,BHSI,Handysize,709.81
2022-07-18,BPI,Panamax,1366.63
2022-07-18,BSI,Supramax,1105.15
2022-07-19,BCI,Capesize,2267.47
2022-07-19,BHSI,Handysize,707.67
2022-07-19,BPI,Panamax,1497.82
2022-07-19,BSI,Supramax,1116.75
2022-07-20,BCI,Capesize,2489.38
2022-07-20,BHSI,Handysize,717.68
2022-07-20,BPI,Panamax,1435.21
2022-07-20,BSI,Supramax,1170.26
2022-07-21,BCI,Capesize,2148.01
2022-07-21,BHSI,Handysize,689.62
2022-07-21,BPI,Panamax,1525.16
2022-07-21,BSI,Supramax,1200.44
2022-07-22,BCI,Capesize,2049.58
2022-07-22,BHSI,Handysize,669.98
2022-07-22,BPI,Panamax,1494.45
2022-07-22,BSI,Supramax,1157.32
2022-07-25,BCI,Capesize,2263.57
2022-07-25,BHSI,Handysize,772.86
2022-07-25,BPI,Panamax,1264.05
2022-07-25,BSI,Supramax,1196.95
2022-07-26,BCI,Capesize,2132.68
2022-07-26,BHSI,Handysize,670.36
2022-07-26,BPI,Panamax,1526.39
2022-07-26,BSI,Supramax,1099.54
2022-07-27,BCI,Capesize,1864.36
2022-07-27,BHSI,Handysize,650.97
2022-07-27,BPI,Panamax,1552.53
2022-07-27,BSI,Supramax,1079.47
2022-07-28,BCI,Capesize,2299.89
2022-07-28,BHSI,Handysize,696.45
2022-07-28,BPI,Panamax,1398.18
2022-07-28,BSI,Supramax,1055.01
2022-07-29,BCI,Capesize,2123.7
2022-07-29,BHSI,Handysize,691.46
2022-07-29,BPI,Panamax,1536.53
2022-07-29,BSI,Supramax,1032.4
2022-08-01,BCI,Capesize,2157.92
2022-08-01,BHSI,Handysize,676.14
2022-08-01,BPI,Panamax,1403.29
2022-08-01,BSI,Supramax,1145.21
2022-08-02,BCI,Capesize,2149.92
2022-08-02,BHSI,Handysize,753.37
2022-08-02,BPI,Panamax,1445.9
2022-08-02,BSI,Supramax,1125.5
2022-08-03,BCI,Capesize,2198.06
2022-08-03,BHSI,Handysize,640.04
2022-08-03,BPI,Panamax,1366.89
2022-08-03,BSI,Supramax,1137.09
2022-08-04,BCI,Capesize,2282.56
2022-08-04,BHSI,Handysize,696.38
2022-08-04,BPI,Panamax,1326.85
2022-08-04,BSI,Supramax,1284.03
2022-08-05,BCI,Capesize,2093.85
2022-08-05,BHSI,Handysize,637.75
2022-08-05,BPI,Panamax,1435.41
2022-08-05,BSI,Supramax,1267.62
2022-08-08,BCI,Capesize,2250.52
2022-08-08,BHSI,Handysize,668.92
2022-08-08,BPI,Panamax,1473.79
2022-08-08,BSI,Supramax,1163.13
2022-08-09,BCI,Capesize,2122.23
2022-08-09,BHSI,Handysize,764.93
2022-08-09,BPI,Panamax,1436.11
2022-08-09,BSI,Supramax,1042.89
2022-08-10,BCI,Capesize,2328.91
2022-08-10,BHSI,Handysize,720.98
2022-08-10,BPI,Panamax,1408.27
2022-08-10,BSI,Supramax,1170.76
2022-08-11,BCI,Capesize,2357.5
2022-08-11,BHSI,Handysize,735.19
2022-08-11,BPI,Panamax,1508.25
2022-08-11,BSI,Supramax,1192.83
2022-08-12,BCI,Capesize,2161.74
2022-08-12,BHSI,Handysize,687.66
2022-08-12,BPI,Panamax,1582.12
2022-08-12,BSI,Supramax,1199.95
2022-08-15,BCI,Capesize,2480.88
2022-08-15,BHSI,Handysize,722.47
2022-08-15,BPI,Panamax,1576.82
2022-08-15,BSI,Supramax,1216.2
2022-08-16,BCI,Capesize,2266.79
2022-08-16,BHSI,Handysize,827.8
2022-08-16,BPI,Panamax,1605.55
2022-08-16,BSI,Supramax,1226.46
2022-08-17,BCI,Capesize,2435.6
2022-08-17,BHSI,Handysize,762.02
2022-08-17,BPI,Panamax,1516.3
2022-08-17,BSI,Supramax,1236.09
2022-08-18,BCI,Capesize,2387.86
2022-08-18,BHSI,Handysize,728.75
2022-08-18,BPI,Panamax,1690.97
2022-08-18,BSI,Supramax,1224.88
2022-08-19,BCI,Capesize,2597.58
2022-08-19,BHSI,Handysize,765.09
2022-08-19,BPI,Panamax,1482.02
2022-08-19,BSI,Supramax,1290.18
2022-08-22,BCI,Capesize,2272.2
2022-08-22,BHSI,Handysize,745.52
2022-08-22,BPI,Panamax,1607.91
2022-08-22,BSI,Supramax,1281.84
2022-08-23,BCI,Capesize,2211.61
2022-08-23,BHSI,Handysize,681.89
2022-08-23,BPI,Panamax,1642.71
2022-08-23,BSI,Supramax,1163.48
2022-08-24,BCI,Capesize,2235.2
2022-08-24,BHSI,Handysize,695.81
2022-08-24,BPI,Panamax,1565.02
2022-08-24,BSI,Supramax,1314.98
2022-08-25,BCI,Capesize,2148.53
2022-08-25,BHSI,Handysize,798.78
2022-08-25,BPI,Panamax,1473.27
2022-08-25,BSI,Supramax,1120.99
2022-08-26,BCI,Capesize,2236.72
2022-08-26,BHSI,Handysize,693.67
2022-08-26,BPI,Panamax,1401.3
2022-08-26,BSI,Supramax,1037.65
2022-08-29,BCI,Capesize,1813.0
2022-08-29,BHSI,Handysize,577.98
2022-08-29,BPI,Panamax,1486.98
2022-08-29,BSI,Supramax,1141.72
2022-08-30,BCI,Capesize,1841.19
2022-08-30,BHSI,Handysize,655.29
2022-08-30,BPI,Panamax,1233.1
2022-08-30,BSI,Supramax,1024.75
2022-08-31,BCI,Capesize,1888.3
2022-08-31,BHSI,Handysize,706.76
2022-08-31,BPI,Panamax,1305.35
2022-08-31,BSI,Supramax,1136.43
2022-09-01,BCI,Capesize,2193.98
2022-09-01,BHSI,Handysize,614.86
2022-09-01,BPI,Panamax,1371.71
2022-09-01,BSI,Supramax,944.45
2022-09-02,BCI,Capesize,2269.59
2022-09-02,BHSI,Handysize,625.1
2022-09-02,BPI,Panamax,1499.01
2022-09-02,BSI,Supramax,1212.63
2022-09-05,BCI,Capesize,2113.14
2022-09-05,BHSI,Handysize,742.48
2022-09-05,BPI,Panamax,1484.43
2022-09-05,BSI,Supramax,1210.9
2022-09-06,BCI,Capesize,2097.11
2022-09-06,BHSI,Handysize,676.38
2022-09-06,BPI,Panamax,1358.57
2022-09-06,BSI,Supramax,1044.17
2022-09-07,BCI,Capesize,2139.56
2022-09-07,BHSI,Handysize,671.28
2022-09-07,BPI,Panamax,1423.51
2022-09-07,BSI,Supramax,1050.61
2022-09-08,BCI,Capesize,2297.82
2022-09-08,BHSI,Handysize,619.32
2022-09-08,BPI,Panamax,1399.58
2022-09-08,BSI,Supramax,1289.82
2022-09-09,BCI,Capesize,1994.35
2022-09-09,BHSI,Handysize,724.09
2022-09-09,BPI,Panamax,1383.9
2022-09-09,BSI,Supramax,1103.21
2022-09-12,BCI,Capesize,2108.54
2022-09-12,BHSI,Handysize,651.69
2022-09-12,BPI,Panamax,1504.25
2022-09-12,BSI,Supramax,1069.66
2022-09-13,BCI,Capesize,2146.67
2022-09-13,BHSI,Handysize,541.58
2022-09-13,BPI,Panamax,1250.87
2022-09-13,BSI,Supramax,927.43
2022-09-14,BCI,Capesize,2028.04
2022-09-14,BHSI,Handysize,551.71
2022-09-14,BPI,Panamax,1485.49
2022-09-14,BSI,Supramax,1043.08
2022-09-15,BCI,Capesize,1986.02
2022-09-15,BHSI,Handysize,597.73
2022-09-15,BPI,Panamax,1416.24
2022-09-15,BSI,Supramax,1053.15
2022-09-16,BCI,Capesize,2170.19
2022-09-16,BHSI,Handysize,597.4
2022-09-16,BPI,Panamax,1485.22
2022-09-16,BSI,Supramax,1161.69
2022-09-19,BCI,Capesize,1662.35
2022-09-19,BHSI,Handysize,607.93
2022-09-19,BPI,Panamax,1352.21
2022-09-19,BSI,Supramax,1008.84
2022-09-20,BCI,Capesize,2095.56
2022-09-20,BHSI,Handysize,741.75
2022-09-20,BPI,Panamax,1354.56
2022-09-20,BSI,Supramax,978.24
2022-09-21,BCI,Capesize,1894.28
2022-09-21,BHSI,Handysize,663.32
2022-09-21,BPI,Panamax,1229.54
2022-09-21,BSI,Supramax,1118.15
2022-09-22,BCI,Capesize,1759.49
2022-09-22,BHSI,Handysize,525.12
2022-09-22,BPI,Panamax,1330.53
2022-09-22,BSI,Supramax,1175.86
2022-09-23,BCI,Capesize,2087.87
2022-09-23,BHSI,Handysize,627.13
2022-09-23,BPI,Panamax,1422.5
2022-09-23,BSI,Supramax,982.8
2022-09-26,BCI,Capesize,2275.57
2022-09-26,BHSI,Handysize,658.77
2022-09-26,BPI,Panamax,1537.73
2022-09-26,BSI,Supramax,1217.61
2022-09-27,BCI,Capesize,2014.29
2022-09-27,BHSI,Handysize,580.35
2022-09-27,BPI,Panamax,1289.47
2022-09-27,BSI,Supramax,1112.67
2022-09-28,BCI,Capesize,2171.05
2022-09-28,BHSI,Handysize,672.18
2022-09-28,BPI,Panamax,1358.86
2022-09-28,BSI,Supramax,1193.94
2022-09-29,BCI,Capesize,2275.69
2022-09-29,BHSI,Handysize,560.24
2022-09-29,BPI,Panamax,1386.07
2022-09-29,BSI,Supramax,1113.4
2022-09-30,BCI,Capesize,2225.79
2022-09-30,BHSI,Handysize,698.8
2022-09-30,BPI,Panamax,1268.75
2022-09-30,BSI,Supramax,925.06
2022-10-03,BCI,Capesize,2300.12
2022-10-03,BHSI,Handysize,723.57
2022-10-03,BPI,Panamax,1466.13
2022-10-03,BSI,Supramax,1118.28
2022-10-04,BCI,Capesize,2145.54
2022-10-04,BHSI,Handysize,755.29
2022-10-04,BPI,Panamax,1329.2
2022-10-04,BSI,Supramax,1193.72
2022-10-05,BCI,Capesize,2007.3
2022-10-05,BHSI,Handysize,564.14
2022-10-05,BPI,Panamax,1347.92
2022-10-05,BSI,Supramax,1023.12
2022-10-06,BCI,Capesize,1766.5
2022-10-06,BHSI,Handysize,571.38
2022-10-06,BPI,Panamax,1307.5
2022-10-06,BSI,Supramax,1057.87
2022-10-07,BCI,Capesize,2000.61
2022-10-07,BHSI,Handysize,678.47
2022-10-07,BPI,Panamax,1319.13
2022-10-07,BSI,Supramax,1097.48
2022-10-10,BCI,Capesize,1935.32
2022-10-10,BHSI,Handysize,706.4
2022-10-10,BPI,Panamax,1401.36
2022-10-10,BSI,Supramax,903.05
2022-10-11,BCI,Capesize,2360.76
2022-10-11,BHSI,Handysize,690.69
2022-10-11,BPI,Panamax,1384.84
2022-10-11,BSI,Supramax,1247.72
2022-10-12,BCI,Capesize,2042.55
2022-10-12,BHSI,Handysize,706.2
2022-10-12,BPI,Panamax,1377.46
2022-10-12,BSI,Supramax,1060.32
2022-10-13,BCI,Capesize,2112.88
2022-10-13,BHSI,Handysize,728.71
2022-10-13,BPI,Panamax,1363.69
2022-10-13,BSI,Supramax,1181.1
2022-10-14,BCI,Capesize,2183.64
2022-10-14,BHSI,Handysize,679.33
2022-10-14,BPI,Panamax,1464.98
2022-10-14,BSI,Supramax,1142.46
2022-10-17,BCI,Capesize,2169.31
2022-10-17,BHSI,Handysize,678.9
2022-10-17,BPI,Panamax,1621.64
2022-10-17,BSI,Supramax,1273.73
2022-10-18,BCI,Capesize,2365.32
2022-10-18,BHSI,Handysize,615.58
2022-10-18,BPI,Panamax,1462.82
2022-10-18,BSI,Supramax,1191.02
2022-10-19,BCI,Capesize,2024.94
2022-10-19,BHSI,Handysize,658.62
2022-10-19,BPI,Panamax,1529.7
2022-10-19,BSI,Supramax,1134.43
2022-10-20,BCI,Capesize,2144.19
2022-10-20,BHSI,Handysize,667.07
2022-10-20,BPI,Panamax,1318.08
2022-10-20,BSI,Supramax,1087.64
2022-10-21,BCI,Capesize,1999.5
2022-10-21,BHSI,Handysize,626.51
2022-10-21,BPI,Panamax,1448.77
2022-10-21,BSI,Supramax,1207.27
2022-10-24,BCI,Capesize,1856.41
2022-10-24,BHSI,Handysize,647.51
2022-10-24,BPI,Panamax,1295.94
2022-10-24,BSI,Supramax,973.62
2022-10-25,BCI,Capesize,1918.11
2022-10-25,BHSI,Handysize,589.38
2022-10-25,BPI,Panamax,1237.74
2022-10-25,BSI,Supramax,1142.52
2022-10-26,BCI,Capesize,2022.56
2022-10-26,BHSI,Handysize,694.99
2022-10-26,BPI,Panamax,1319.6
2022-10-26,BSI,Supramax,1024.51
2022-10-27,BCI,Capesize,1995.72
2022-10-27,BHSI,Handysize,673.08
2022-10-27,BPI,Panamax,1511.53
2022-10-27,BSI,Supramax,1215.92
2022-10-28,BCI,Capesize,1968.84
2022-10-28,BHSI,Handysize,636.42
2022-10-28,BPI,Panamax,1496.21
2022-10-28,BSI,Supramax,1139.44
2022-10-31,BCI,Capesize,1907.91
2022-10-31,BHSI,Handysize,678.13
2022-10-31,BPI,Panamax,1457.84
2022-10-31,BSI,Supramax,1196.6
2022-11-01,BCI,Capesize,2112.44
2022-11-01,BHSI,Handysize,626.1
2022-11-01,BPI,Panamax,1310.49
2022-11-01,BSI,Supramax,1164.79
2022-11-02,BCI,Capesize,2076.57
2022-11-02,BHSI,Handysize,683.1
2022-11-02,BPI,Panamax,1535.72
2022-11-02,BSI,Supramax,1114.63
2022-11-03,BCI,Capesize,2474.46
2022-11-03,BHSI,Handysize,725.71
2022-11-03,BPI,Panamax,1632.56
2022-11-03,BSI,Supramax,1224.82
2022-11-04,BCI,Capesize,2336.57
2022-11-04,BHSI,Handysize,731.77
2022-11-04,BPI,Panamax,1593.62
2022-11-04,BSI,Supramax,1316.77
2022-11-07,BCI,Capesize,2048.34
2022-11-07,BHSI,Handysize,723.39
2022-11-07,BPI,Panamax,1365.4
2022-11-07,BSI,Supramax,1239.98
2022-11-08,BCI,Capesize,2170.38
2022-11-08,BHSI,Handysize,711.12
2022-11-08,BPI,Panamax,1426.39
2022-11-08,BSI,Supramax,1295.33
2022-11-09,BCI,Capesize,2099.21
2022-11-09,BHSI,Handysize,642.29
2022-11-09,BPI,Panamax,1494.94
2022-11-09,BSI,Supramax,1232.12
2022-11-10,BCI,Capesize,2219.24
2022-11-10,BHSI,Handysize,688.36
2022-11-10,BPI,Panamax,1529.8
2022-11-10,BSI,Supramax,1113.34
2022-11-11,BCI,Capesize,2229.3
2022-11-11,BHSI,Handysize,612.45
2022-11-11,BPI,Panamax,1198.52
2022-11-11,BSI,Supramax,1054.95
2022-11-14,BCI,Capesize,1732.37
2022-11-14,BHSI,Handysize,480.82
2022-11-14,BPI,Panamax,1351.77
2022-11-14,BSI,Supramax,1097.39
2022-11-15,BCI,Capesize,1984.66
2022-11-15,BHSI,Handysize,764.15
2022-11-15,BPI,Panamax,1362.39
2022-11-15,BSI,Supramax,902.03
2022-11-16,BCI,Capesize,2027.72
2022-11-16,BHSI,Handysize,616.02
2022-11-16,BPI,Panamax,1478.52
2022-11-16,BSI,Supramax,1244.82
2022-11-17,BCI,Capesize,2221.11
2022-11-17,BHSI,Handysize,643.26
2022-11-17,BPI,Panamax,1514.0
2022-11-17,BSI,Supramax,1193.71
2022-11-18,BCI,Capesize,2153.01
2022-11-18,BHSI,Handysize,614.83
2022-11-18,BPI,Panamax,1501.61
2022-11-18,BSI,Supramax,1250.51
2022-11-21,BCI,Capesize,2091.98
2022-11-21,BHSI,Handysize,651.63
2022-11-21,BPI,Panamax,1425.09
2022-11-21,BSI,Supramax,1079.7
2022-11-22,BCI,Capesize,2200.09
2022-11-22,BHSI,Handysize,705.98
2022-11-22,BPI,Panamax,1356.01
2022-11-22,BSI,Supramax,1317.06
2022-11-23,BCI,Capesize,2129.42
2022-11-23,BHSI,Handysize,774.05
2022-11-23,BPI,Panamax,1489.95
2022-11-23,BSI,Supramax,1389.02
2022-11-24,BCI,Capesize,2472.23
2022-11-24,BHSI,Handysize,730.41
2022-11-24,BPI,Panamax,1667.46
2022-11-24,BSI,Supramax,1165.86
2022-11-25,BCI,Capesize,2292.74
2022-11-25,BHSI,Handysize,714.35
2022-11-25,BPI,Panamax,1682.36
2022-11-25,BSI,Supramax,1305.75
2022-11-28,BCI,Capesize,2506.03
2022-11-28,BHSI,Handysize,766.86
2022-11-28,BPI,Panamax,1589.13
2022-11-28,BSI,Supramax,1221.33
2022-11-29,BCI,Capesize,2228.63
2022-11-29,BHSI,Handysize,688.36
2022-11-29,BPI,Panamax,1562.16
2022-11-29,BSI,Supramax,1103.97
2022-11-30,BCI,Capesize,2070.03
2022-11-30,BHSI,Handysize,691.07
2022-11-30,BPI,Panamax,1514.14
2022-11-30,BSI,Supramax,1220.41
2022-12-01,BCI,Capesize,1916.27
2022-12-01,BHSI,Handysize,635.46
2022-12-01,BPI,Panamax,1403.66
2022-12-01,BSI,Supramax,1224.02
2022-12-02,BCI,Capesize,1932.18
2022-12-02,BHSI,Handysize,770.89
2022-12-02,BPI,Panamax,1478.39
2022-12-02,BSI,Supramax,1146.67
2022-12-05,BCI,Capesize,1982.66
2022-12-05,BHSI,Handysize,748.59
2022-12-05,BPI,Panamax,1653.38
2022-12-05,BSI,Supramax,1289.9
2022-12-06,BCI,Capesize,2186.62
2022-12-06,BHSI,Handysize,676.76
2022-12-06,BPI,Panamax,1382.94
2022-12-06,BSI,Supramax,1047.89
2022-12-07,BCI,Capesize,2271.38
2022-12-07,BHSI,Handysize,682.03
2022-12-07,BPI,Panamax,1645.96
2022-12-07,BSI,Supramax,1088.11
2022-12-08,BCI,Capesize,1967.93
2022-12-08,BHSI,Handysize,695.07
2022-12-08,BPI,Panamax,1464.78
2022-12-08,BSI,Supramax,1204.67
2022-12-09,BCI,Capesize,2329.22
2022-12-09,BHSI,Handysize,694.97
2022-12-09,BPI,Panamax,1622.57
2022-12-09,BSI,Supramax,1204.19
2022-12-12,BCI,Capesize,2168.68
2022-12-12,BHSI,Handysize,641.97
2022-12-12,BPI,Panamax,1397.83
2022-12-12,BSI,Supramax,1165.98
2022-12-13,BCI,Capesize,2206.19
2022-12-13,BHSI,Handysize,744.0
2022-12-13,BPI,Panamax,1544.72
2022-12-13,BSI,Supramax,1253.33
2022-12-14,BCI,Capesize,2358.58
2022-12-14,BHSI,Handysize,668.09
2022-12-14,BPI,Panamax,1391.87
2022-12-14,BSI,Supramax,1204.19
2022-12-15,BCI,Capesize,2278.53
2022-12-15,BHSI,Handysize,770.19
2022-12-15,BPI,Panamax,1343.85
2022-12-15,BSI,Supramax,1239.53
2022-12-16,BCI,Capesize,2109.69
2022-12-16,BHSI,Handysize,701.91
2022-12-16,BPI,Panamax,1487.35
2022-12-16,BSI,Supramax,1162.92
2022-12-19,BCI,Capesize,2049.52
2022-12-19,BHSI,Handysize,578.13
2022-12-19,BPI,Panamax,1576.25
2022-12-19,BSI,Supramax,1231.9
2022-12-20,BCI,Capesize,1883.62
2022-12-20,BHSI,Handysize,637.29
2022-12-20,BPI,Panamax,1416.28
2022-12-20,BSI,Supramax,1158.98
2022-12-21,BCI,Capesize,2077.88
2022-12-21,BHSI,Handysize,596.36
2022-12-21,BPI,Panamax,1353.48
2022-12-21,BSI,Supramax,1343.09
2022-12-22,BCI,Capesize,2160.77
2022-12-22,BHSI,Handysize,638.47
2022-12-22,BPI,Panamax,1487.81
2022-12-22,BSI,Supramax,1134.45
2022-12-23,BCI,Capesize,2076.5
2022-12-23,BHSI,Handysize,631.01
2022-12-23,BPI,Panamax,1504.0
2022-12-23,BSI,Supramax,1366.38
2022-12-26,BCI,Capesize,2245.47
2022-12-26,BHSI,Handysize,731.66
2022-12-26,BPI,Panamax,1593.17
2022-12-26,BSI,Supramax,1237.51
2022-12-27,BCI,Capesize,2240.35
2022-12-27,BHSI,Handysize,695.05
2022-12-27,BPI,Panamax,1607.39
2022-12-27,BSI,Supramax,1113.41
2022-12-28,BCI,Capesize,2205.79
2022-12-28,BHSI,Handysize,745.05
2022-12-28,BPI,Panamax,1521.64
2022-12-28,BSI,Supramax,1323.33
2022-12-29,BCI,Capesize,2179.17
2022-12-29,BHSI,Handysize,720.58
2022-12-29,BPI,Panamax,1715.25
2022-12-29,BSI,Supramax,1247.82
2022-12-30,BCI,Capesize,2925.06
2022-12-30,BHSI,Handysize,705.15
2022-12-30,BPI,Panamax,1555.93
2022-12-30,BSI,Supramax,1291.71
2023-01-02,BCI,Capesize,2355.99
2023-01-02,BHSI,Handysize,820.09
2023-01-02,BPI,Panamax,1532.99
2023-01-02,BSI,Supramax,1343.13
2023-01-03,BCI,Capesize,2102.12
2023-01-03,BHSI,Handysize,727.32
2023-01-03,BPI,Panamax,1393.96
2023-01-03,BSI,Supramax,1255.64
2023-01-04,BCI,Capesize,2457.59
2023-01-04,BHSI,Handysize,715.36
2023-01-04,BPI,Panamax,1518.88
2023-01-04,BSI,Supramax,1188.73
2023-01-05,BCI,Capesize,2255.87
2023-01-05,BHSI,Handysize,683.65
2023-01-05,BPI,Panamax,1518.55
2023-01-05,BSI,Supramax,1311.51
2023-01-06,BCI,Capesize,2218.37
2023-01-06,BHSI,Handysize,651.79
2023-01-06,BPI,Panamax,1600.7
2023-01-06,BSI,Supramax,1209.52
2023-01-09,BCI,Capesize,2252.69
2023-01-09,BHSI,Handysize,719.36
2023-01-09,BPI,Panamax,1516.27
2023-01-09,BSI,Supramax,1227.68
2023-01-10,BCI,Capesize,2240.87
2023-01-10,BHSI,Handysize,734.24
2023-01-10,BPI,Panamax,1403.78
2023-01-10,BSI,Supramax,1044.03
2023-01-11,BCI,Capesize,2336.3
2023-01-11,BHSI,Handysize,771.24
2023-01-11,BPI,Panamax,1522.1
2023-01-11,BSI,Supramax,1236.24
2023-01-12,BCI,Capesize,2238.94
2023-01-12,BHSI,Handysize,720.74
2023-01-12,BPI,Panamax,1564.52
2023-01-12,BSI,Supramax,1152.65
2023-01-13,BCI,Capesize,2118.17
2023-01-13,BHSI,Handysize,683.15
2023-01-13,BPI,Panamax,1645.04
2023-01-13,BSI,Supramax,1327.34
2023-01-16,BCI,Capesize,2236.54
2023-01-16,BHSI,Handysize,718.03
2023-01-16,BPI,Panamax,1576.19
2023-01-16,BSI,Supramax,1240.53
2023-01-17,BCI,Capesize,2081.05
2023-01-17,BHSI,Handysize,709.16
2023-01-17,BPI,Panamax,1600.42
2023-01-17,BSI,Supramax,1241.41
2023-01-18,BCI,Capesize,2271.93
2023-01-18,BHSI,Handysize,756.71
2023-01-18,BPI,Panamax,1547.47
2023-01-18,BSI,Supramax,1268.26
2023-01-19,BCI,Capesize,2234.12
2023-01-19,BHSI,Handysize,772.03
2023-01-19,BPI,Panamax,1565.59
2023-01-19,BSI,Supramax,1147.32
2023-01-20,BCI,Capesize,2252.19
2023-01-20,BHSI,Handysize,703.32
2023-01-20,BPI,Panamax,1641.07
2023-01-20,BSI,Supramax,1342.18
2023-01-23,BCI,Capesize,2227.39
2023-01-23,BHSI,Handysize,793.15
2023-01-23,BPI,Panamax,1415.4
2023-01-23,BSI,Supramax,1375.21
2023-01-24,BCI,Capesize,1954.18
2023-01-24,BHSI,Handysize,695.34
2023-01-24,BPI,Panamax,1486.18
2023-01-24,BSI,Supramax,1240.49
2023-01-25,BCI,Capesize,2223.79
2023-01-25,BHSI,Handysize,732.6
2023-01-25,BPI,Panamax,1501.54
2023-01-25,BSI,Supramax,1374.78
2023-01-26,BCI,Capesize,2301.19
2023-01-26,BHSI,Handysize,757.99
2023-01-26,BPI,Panamax,1597.33
2023-01-26,BSI,Supramax,1206.19
2023-01-27,BCI,Capesize,2349.89
2023-01-27,BHSI,Handysize,762.21
2023-01-27,BPI,Panamax,1715.37
2023-01-27,BSI,Supramax,1223.56
2023-01-30,BCI,Capesize,2202.45
2023-01-30,BHSI,Handysize,747.45
2023-01-30,BPI,Panamax,1547.28
2023-01-30,BSI,Supramax,1283.19
2023-01-31,BCI,Capesize,2540.79
2023-01-31,BHSI,Handysize,838.09
2023-01-31,BPI,Panamax,1397.09
2023-01-31,BSI,Supramax,1322.02
2023-02-01,BCI,Capesize,2314.15
2023-02-01,BHSI,Handysize,798.36
2023-02-01,BPI,Panamax,1621.39
2023-02-01,BSI,Supramax,1298.35
2023-02-02,BCI,Capesize,2511.26
2023-02-02,BHSI,Handysize,717.97
2023-02-02,BPI,Panamax,1702.32
2023-02-02,BSI,Supramax,1336.19
2023-02-03,BCI,Capesize,2383.95
2023-02-03,BHSI,Handysize,693.03
2023-02-03,BPI,Panamax,1635.57
2023-02-03,BSI,Supramax,1291.33
2023-02-06,BCI,Capesize,2275.9
2023-02-06,BHSI,Handysize,708.42
2023-02-06,BPI,Panamax,1653.16
2023-02-06,BSI,Supramax,1216.17
2023-02-07,BCI,Capesize,2586.34
2023-02-07,BHSI,Handysize,765.67
2023-02-07,BPI,Panamax,1571.15
2023-02-07,BSI,Supramax,1314.67
2023-02-08,BCI,Capesize,2218.27
2023-02-08,BHSI,Handysize,743.56
2023-02-08,BPI,Panamax,1511.93
2023-02-08,BSI,Supramax,1366.04
2023-02-09,BCI,Capesize,2482.57
2023-02-09,BHSI,Handysize,763.8
2023-02-09,BPI,Panamax,1653.27
2023-02-09,BSI,Supramax,1297.29
2023-02-10,BCI,Capesize,2455.82
2023-02-10,BHSI,Handysize,778.67
2023-02-10,BPI,Panamax,1507.38
2023-02-10,BSI,Supramax,1350.46
2023-02-13,BCI,Capesize,2298.26
2023-02-13,BHSI,Handysize,852.36
2023-02-13,BPI,Panamax,1828.42
2023-02-13,BSI,Supramax,1213.71
2023-02-14,BCI,Capesize,2648.38
2023-02-14,BHSI,Handysize,766.43
2023-02-14,BPI,Panamax,1722.69
2023-02-14,BSI,Supramax,1372.97
2023-02-15,BCI,Capesize,2411.06
2023-02-15,BHSI,Handysize,715.0
2023-02-15,BPI,Panamax,1614.44
2023-02-15,BSI,Supramax,1246.18
2023-02-16,BCI,Capesize,2504.99
2023-02-16,BHSI,Handysize,864.98
2023-02-16,BPI,Panamax,1623.66
2023-02-16,BSI,Supramax,1260.33
2023-02-17,BCI,Capesize,2479.76
2023-02-17,BHSI,Handysize,711.92
2023-02-17,BPI,Panamax,1656.75
2023-02-17,BSI,Supramax,1285.2
2023-02-20,BCI,Capesize,2434.16
2023-02-20,BHSI,Handysize,713.23
2023-02-20,BPI,Panamax,1649.99
2023-02-20,BSI,Supramax,1267.09
2023-02-21,BCI,Capesize,2552.98
2023-02-21,BHSI,Handysize,855.71
2023-02-21,BPI,Panamax,1763.47
2023-02-21,BSI,Supramax,1289.44
2023-02-22,BCI,Capesize,2569.11
2023-02-22,BHSI,Handysize,830.16
2023-02-22,BPI,Panamax,1691.74
2023-02-22,BSI,Supramax,1324.44
2023-02-23,BCI,Capesize,2167.56
2023-02-23,BHSI,Handysize,789.31
2023-02-23,BPI,Panamax,1579.84
2023-02-23,BSI,Supramax,1378.84
2023-02-24,BCI,Capesize,2597.99
2023-02-24,BHSI,Handysize,603.77
2023-02-24,BPI,Panamax,1817.84
2023-02-24,BSI,Supramax,1293.61
2023-02-27,BCI,Capesize,2240.05
2023-02-27,BHSI,Handysize,776.13
2023-02-27,BPI,Panamax,1689.26
2023-02-27,BSI,Supramax,1229.58
2023-02-28,BCI,Capesize,2657.64
2023-02-28,BHSI,Handysize,770.55
2023-02-28,BPI,Panamax,1779.98
2023-02-28,BSI,Supramax,1455.61
2023-03-01,BCI,Capesize,2677.41
2023-03-01,BHSI,Handysize,789.22
2023-03-01,BPI,Panamax,1660.35
2023-03-01,BSI,Supramax,1310.87
2023-03-02,BCI,Capesize,2417.65
2023-03-02,BHSI,Handysize,816.11
2023-03-02,BPI,Panamax,1780.44
2023-03-02,BSI,Supramax,1396.43
2023-03-03,BCI,Capesize,2490.45
2023-03-03,BHSI,Handysize,749.18
2023-03-03,BPI,Panamax,1761.41
2023-03-03,BSI,Supramax,1422.33
2023-03-06,BCI,Capesize,2349.0
2023-03-06,BHSI,Handysize,759.92
2023-03-06,BPI,Panamax,1535.12
2023-03-06,BSI,Supramax,1380.19
2023-03-07,BCI,Capesize,2436.24
2023-03-07,BHSI,Handysize,689.74
2023-03-07,BPI,Panamax,1862.54
2023-03-07,BSI,Supramax,1427.23
2023-03-08,BCI,Capesize,2306.24
2023-03-08,BHSI,Handysize,750.68
2023-03-08,BPI,Panamax,1722.18
2023-03-08,BSI,Supramax,1318.44
2023-03-09,BCI,Capesize,2423.22
2023-03-09,BHSI,Handysize,739.34
2023-03-09,BPI,Panamax,1547.64
2023-03-09,BSI,Supramax,1199.02
2023-03-10,BCI,Capesize,2509.17
2023-03-10,BHSI,Handysize,819.6
2023-03-10,BPI,Panamax,1491.73
2023-03-10,BSI,Supramax,1433.27
2023-03-13,BCI,Capesize,2538.73
2023-03-13,BHSI,Handysize,762.12
2023-03-13,BPI,Panamax,1633.66
2023-03-13,BSI,Supramax,1293.92
2023-03-14,BCI,Capesize,2287.81
2023-03-14,BHSI,Handysize,727.64
2023-03-14,BPI,Panamax,1625.13
2023-03-14,BSI,Supramax,1280.72
2023-03-15,BCI,Capesize,2392.88
2023-03-15,BHSI,Handysize,761.53
2023-03-15,BPI,Panamax,1685.16
2023-03-15,BSI,Supramax,1393.89
2023-03-16,BCI,Capesize,2242.64
2023-03-16,BHSI,Handysize,810.5
2023-03-16,BPI,Panamax,1706.53
2023-03-16,BSI,Supramax,1370.4
2023-03-17,BCI,Capesize,2356.27
2023-03-17,BHSI,Handysize,795.87
2023-03-17,BPI,Panamax,1728.96
2023-03-17,BSI,Supramax,1376.7
2023-03-20,BCI,Capesize,2624.1
2023-03-20,BHSI,Handysize,818.05
2023-03-20,BPI,Panamax,1826.55
2023-03-20,BSI,Supramax,1544.37
2023-03-21,BCI,Capesize,2738.55
2023-03-21,BHSI,Handysize,816.49
2023-03-21,BPI,Panamax,1762.46
2023-03-21,BSI,Supramax,1349.34
2023-03-22,BCI,Capesize,2245.64
2023-03-22,BHSI,Handysize,757.97
2023-03-22,BPI,Panamax,1556.51
2023-03-22,BSI,Supramax,1295.83
2023-03-23,BCI,Capesize,2360.68
2023-03-23,BHSI,Handysize,753.32
2023-03-23,BPI,Panamax,1789.83
2023-03-23,BSI,Supramax,1341.9
2023-03-24,BCI,Capesize,2457.29
2023-03-24,BHSI,Handysize,756.47
2023-03-24,BPI,Panamax,1826.03
2023-03-24,BSI,Supramax,1422.83
2023-03-27,BCI,Capesize,2464.1
2023-03-27,BHSI,Handysize,729.76
2023-03-27,BPI,Panamax,1938.9
2023-03-27,BSI,Supramax,1210.14
2023-03-28,BCI,Capesize,2397.27
2023-03-28,BHSI,Handysize,750.25
2023-03-28,BPI,Panamax,1609.23
2023-03-28,BSI,Supramax,1221.65
2023-03-29,BCI,Capesize,2631.4
2023-03-29,BHSI,Handysize,901.42
2023-03-29,BPI,Panamax,1771.7
2023-03-29,BSI,Supramax,1357.94
2023-03-30,BCI,Capesize,2488.34
2023-03-30,BHSI,Handysize,818.72
2023-03-30,BPI,Panamax,1551.31
2023-03-30,BSI,Supramax,1270.13
2023-03-31,BCI,Capesize,2604.72
2023-03-31,BHSI,Handysize,822.86
2023-03-31,BPI,Panamax,1821.96
2023-03-31,BSI,Supramax,1388.71
2023-04-03,BCI,Capesize,2635.27
2023-04-03,BHSI,Handysize,792.12
2023-04-03,BPI,Panamax,1692.02
2023-04-03,BSI,Supramax,1432.57
2023-04-04,BCI,Capesize,2524.09
2023-04-04,BHSI,Handysize,822.29
2023-04-04,BPI,Panamax,1891.59
2023-04-04,BSI,Supramax,1309.01
2023-04-05,BCI,Capesize,2499.47
2023-04-05,BHSI,Handysize,869.17
2023-04-05,BPI,Panamax,1672.79
2023-04-05,BSI,Supramax,1288.83
2023-04-06,BCI,Capesize,2500.5
2023-04-06,BHSI,Handysize,833.18
2023-04-06,BPI,Panamax,1561.73
2023-04-06,BSI,Supramax,1377.08
2023-04-07,BCI,Capesize,2437.4
2023-04-07,BHSI,Handysize,820.86
2023-04-07,BPI,Panamax,1628.86
2023-04-07,BSI,Supramax,1401.18
2023-04-10,BCI,Capesize,2377.24
2023-04-10,BHSI,Handysize,746.34
2023-04-10,BPI,Panamax,1480.11
2023-04-10,BSI,Supramax,1198.24
2023-04-11,BCI,Capesize,2399.42
2023-04-11,BHSI,Handysize,774.67
2023-04-11,BPI,Panamax,1729.75
2023-04-11,BSI,Supramax,1390.42
2023-04-12,BCI,Capesize,2682.9
2023-04-12,BHSI,Handysize,756.59
2023-04-12,BPI,Panamax,1491.34
2023-04-12,BSI,Supramax,1402.75
2023-04-13,BCI,Capesize,2593.83
2023-04-13,BHSI,Handysize,805.28
2023-04-13,BPI,Panamax,1715.88
2023-04-13,BSI,Supramax,1443.12
2023-04-14,BCI,Capesize,2433.26
2023-04-14,BHSI,Handysize,844.65
2023-04-14,BPI,Panamax,1500.15
2023-04-14,BSI,Supramax,1441.16
2023-04-17,BCI,Capesize,2587.76
2023-04-17,BHSI,Handysize,812.17
2023-04-17,BPI,Panamax,1668.25
2023-04-17,BSI,Supramax,1523.24
2023-04-18,BCI,Capesize,2411.28
2023-04-18,BHSI,Handysize,855.26
2023-04-18,BPI,Panamax,1824.27
2023-04-18,BSI,Supramax,1314.14
2023-04-19,BCI,Capesize,2622.54
2023-04-19,BHSI,Handysize,769.17
2023-04-19,BPI,Panamax,1708.98
2023-04-19,BSI,Supramax,1349.21
2023-04-20,BCI,Capesize,2048.86
2023-04-20,BHSI,Handysize,744.62
2023-04-20,BPI,Panamax,1596.33
2023-04-20,BSI,Supramax,1307.71
2023-04-21,BCI,Capesize,2451.35
2023-04-21,BHSI,Handysize,807.8
2023-04-21,BPI,Panamax,1678.85
2023-04-21,BSI,Supramax,1345.45
2023-04-24,BCI,Capesize,2467.19
2023-04-24,BHSI,Handysize,770.23
2023-04-24,BPI,Panamax,1643.39
2023-04-24,BSI,Supramax,1427.1
2023-04-25,BCI,Capesize,2224.97
2023-04-25,BHSI,Handysize,792.38
2023-04-25,BPI,Panamax,1710.23
2023-04-25,BSI,Supramax,1232.88
2023-04-26,BCI,Capesize,2334.86
2023-04-26,BHSI,Handysize,801.0
2023-04-26,BPI,Panamax,1575.3
2023-04-26,BSI,Supramax,1294.73
2023-04-27,BCI,Capesize,2366.12
2023-04-27,BHSI,Handysize,784.48
2023-04-27,BPI,Panamax,1777.75
2023-04-27,BSI,Supramax,1484.37
2023-04-28,BCI,Capesize,2621.77
2023-04-28,BHSI,Handysize,837.1
2023-04-28,BPI,Panamax,1525.0
2023-04-28,BSI,Supramax,1494.26
2023-05-01,BCI,Capesize,2805.71
2023-05-01,BHSI,Handysize,859.7
2023-05-01,BPI,Panamax,1686.74
2023-05-01,BSI,Supramax,1369.81
2023-05-02,BCI,Capesize,2814.16
2023-05-02,BHSI,Handysize,844.6
2023-05-02,BPI,Panamax,1659.97
2023-05-02,BSI,Supramax,1428.22
2023-05-03,BCI,Capesize,2564.02
2023-05-03,BHSI,Handysize,765.45
2023-05-03,BPI,Panamax,1743.45
2023-05-03,BSI,Supramax,1375.22
2023-05-04,BCI,Capesize,2562.19
2023-05-04,BHSI,Handysize,803.46
2023-05-04,BPI,Panamax,1699.6
2023-05-04,BSI,Supramax,1471.44
2023-05-05,BCI,Capesize,2217.41
2023-05-05,BHSI,Handysize,852.3
2023-05-05,BPI,Panamax,1556.54
2023-05-05,BSI,Supramax,1352.43
2023-05-08,BCI,Capesize,2374.52
2023-05-08,BHSI,Handysize,758.66
2023-05-08,BPI,Panamax,1581.94
2023-05-08,BSI,Supramax,1413.5
2023-05-09,BCI,Capesize,2290.66
2023-05-09,BHSI,Handysize,734.57
2023-05-09,BPI,Panamax,1656.55
2023-05-09,BSI,Supramax,1508.18
2023-05-10,BCI,Capesize,2301.8
2023-05-10,BHSI,Handysize,795.62
2023-05-10,BPI,Panamax,1623.63
2023-05-10,BSI,Supramax,1348.31
2023-05-11,BCI,Capesize,2474.17
2023-05-11,BHSI,Handysize,822.77
2023-05-11,BPI,Panamax,1648.62
2023-05-11,BSI,Supramax,1365.53
2023-05-12,BCI,Capesize,2487.09
2023-05-12,BHSI,Handysize,775.09
2023-05-12,BPI,Panamax,1693.06
2023-05-12,BSI,Supramax,1445.71
2023-05-15,BCI,Capesize,2228.63
2023-05-15,BHSI,Handysize,734.54
2023-05-15,BPI,Panamax,1768.26
2023-05-15,BSI,Supramax,1338.65
2023-05-16,BCI,Capesize,2610.66
2023-05-16,BHSI,Handysize,807.11
2023-05-16,BPI,Panamax,1659.08
2023-05-16,BSI,Supramax,1545.25
2023-05-17,BCI,Capesize,2369.91
2023-05-17,BHSI,Handysize,783.31
2023-05-17,BPI,Panamax,1706.76
2023-05-17,BSI,Supramax,1387.21
2023-05-18,BCI,Capesize,2549.92
2023-05-18,BHSI,Handysize,725.19
2023-05-18,BPI,Panamax,1907.54
2023-05-18,BSI,Supramax,1351.25
2023-05-19,BCI,Capesize,2814.82
2023-05-19,BHSI,Handysize,772.63
2023-05-19,BPI,Panamax,1589.2
2023-05-19,BSI,Supramax,1313.32
2023-05-22,BCI,Capesize,2329.87
2023-05-22,BHSI,Handysize,809.53
2023-05-22,BPI,Panamax,1508.06
2023-05-22,BSI,Supramax,1422.94
2023-05-23,BCI,Capesize,2154.76
2023-05-23,BHSI,Handysize,791.81
2023-05-23,BPI,Panamax,1777.58
2023-05-23,BSI,Supramax,1432.68
2023-05-24,BCI,Capesize,2503.85
2023-05-24,BHSI,Handysize,880.32
2023-05-24,BPI,Panamax,1668.32
2023-05-24,BSI,Supramax,1349.0
2023-05-25,BCI,Capesize,2721.81
2023-05-25,BHSI,Handysize,723.57
2023-05-25,BPI,Panamax,1715.96
2023-05-25,BSI,Supramax,1442.26
2023-05-26,BCI,Capesize,2809.82
2023-05-26,BHSI,Handysize,867.42
2023-05-26,BPI,Panamax,1653.62
2023-05-26,BSI,Supramax,1268.71
2023-05-29,BCI,Capesize,2319.8
2023-05-29,BHSI,Handysize,777.71
2023-05-29,BPI,Panamax,1672.16
2023-05-29,BSI,Supramax,1372.24
2023-05-30,BCI,Capesize,2579.04
2023-05-30,BHSI,Handysize,776.86
2023-05-30,BPI,Panamax,1850.61
2023-05-30,BSI,Supramax,1401.7
2023-05-31,BCI,Capesize,2429.48
2023-05-31,BHSI,Handysize,724.26
2023-05-31,BPI,Panamax,1769.27
2023-05-31,BSI,Supramax,1487.8
2023-06-01,BCI,Capesize,2453.72
2023-06-01,BHSI,Handysize,806.62
2023-06-01,BPI,Panamax,1757.82
2023-06-01,BSI,Supramax,1287.95
2023-06-02,BCI,Capesize,2745.16
2023-06-02,BHSI,Handysize,673.41
2023-06-02,BPI,Panamax,1492.5
2023-06-02,BSI,Supramax,1199.72
2023-06-05,BCI,Capesize,2904.33
2023-06-05,BHSI,Handysize,789.3
2023-06-05,BPI,Panamax,1509.76
2023-06-05,BSI,Supramax,1223.12
2023-06-06,BCI,Capesize,2408.73
2023-06-06,BHSI,Handysize,750.81
2023-06-06,BPI,Panamax,1362.92
2023-06-06,BSI,Supramax,1194.32
2023-06-07,BCI,Capesize,2452.99
2023-06-07,BHSI,Handysize,698.68
2023-06-07,BPI,Panamax,1554.68
2023-06-07,BSI,Supramax,1402.45
2023-06-08,BCI,Capesize,2510.33
2023-06-08,BHSI,Handysize,696.71
2023-06-08,BPI,Panamax,1694.76
2023-06-08,BSI,Supramax,1402.68
2023-06-09,BCI,Capesize,2318.1
2023-06-09,BHSI,Handysize,700.77
2023-06-09,BPI,Panamax,1620.41
2023-06-09,BSI,Supramax,1281.63
2023-06-12,BCI,Capesize,2331.06
2023-06-12,BHSI,Handysize,770.12
2023-06-12,BPI,Panamax,1543.05
2023-06-12,BSI,Supramax,1340.32
2023-06-13,BCI,Capesize,2283.38
2023-06-13,BHSI,Handysize,811.57
2023-06-13,BPI,Panamax,1593.19
2023-06-13,BSI,Supramax,1285.67
2023-06-14,BCI,Capesize,2288.59
2023-06-14,BHSI,Handysize,688.28
2023-06-14,BPI,Panamax,1476.97
2023-06-14,BSI,Supramax,1221.7
2023-06-15,BCI,Capesize,2166.02
2023-06-15,BHSI,Handysize,701.92
2023-06-15,BPI,Panamax,1533.61
2023-06-15,BSI,Supramax,1184.09
2023-06-16,BCI,Capesize,2301.08
2023-06-16,BHSI,Handysize,726.06
2023-06-16,BPI,Panamax,1584.0
2023-06-16,BSI,Supramax,1185.76
2023-06-19,BCI,Capesize,2234.1
2023-06-19,BHSI,Handysize,712.3
2023-06-19,BPI,Panamax,1415.45
2023-06-19,BSI,Supramax,1131.33
2023-06-20,BCI,Capesize,2377.7
2023-06-20,BHSI,Handysize,759.97
2023-06-20,BPI,Panamax,1612.85
2023-06-20,BSI,Supramax,1288.13
2023-06-21,BCI,Capesize,2248.22
2023-06-21,BHSI,Handysize,716.18
2023-06-21,BPI,Panamax,1623.03
2023-06-21,BSI,Supramax,1226.37
2023-06-22,BCI,Capesize,2397.58
2023-06-22,BHSI,Handysize,700.98
2023-06-22,BPI,Panamax,1493.68
2023-06-22,BSI,Supramax,1278.64
2023-06-23,BCI,Capesize,2260.43
2023-06-23,BHSI,Handysize,657.41
2023-06-23,BPI,Panamax,1611.8
2023-06-23,BSI,Supramax,1244.56
2023-06-26,BCI,Capesize,1968.51
2023-06-26,BHSI,Handysize,711.68
2023-06-26,BPI,Panamax,1768.99
2023-06-26,BSI,Supramax,1197.99
2023-06-27,BCI,Capesize,2399.0
2023-06-27,BHSI,Handysize,749.9
2023-06-27,BPI,Panamax,1509.76
2023-06-27,BSI,Supramax,1147.82
2023-06-28,BCI,Capesize,2035.68
2023-06-28,BHSI,Handysize,652.53
2023-06-28,BPI,Panamax,1515.97
2023-06-28,BSI,Supramax,1186.48
2023-06-29,BCI,Capesize,2096.77
2023-06-29,BHSI,Handysize,607.28
2023-06-29,BPI,Panamax,1430.63
2023-06-29,BSI,Supramax,1250.24
2023-06-30,BCI,Capesize,2202.61
2023-06-30,BHSI,Handysize,712.89
2023-06-30,BPI,Panamax,1576.07
2023-06-30,BSI,Supramax,1161.44
2023-07-03,BCI,Capesize,2510.68
2023-07-03,BHSI,Handysize,805.61
2023-07-03,BPI,Panamax,1621.57
2023-07-03,BSI,Supramax,1270.94
2023-07-04,BCI,Capesize,2016.52
2023-07-04,BHSI,Handysize,791.33
2023-07-04,BPI,Panamax,1595.81
2023-07-04,BSI,Supramax,1280.36
2023-07-05,BCI,Capesize,2799.66
2023-07-05,BHSI,Handysize,725.1
2023-07-05,BPI,Panamax,1515.22
2023-07-05,BSI,Supramax,1233.03
2023-07-06,BCI,Capesize,2584.2
2023-07-06,BHSI,Handysize,796.15
2023-07-06,BPI,Panamax,1674.3
2023-07-06,BSI,Supramax,1283.47
2023-07-07,BCI,Capesize,2473.46
2023-07-07,BHSI,Handysize,805.16
2023-07-07,BPI,Panamax,1790.98
2023-07-07,BSI,Supramax,1347.97
2023-07-10,BCI,Capesize,2405.2
2023-07-10,BHSI,Handysize,835.22
2023-07-10,BPI,Panamax,1680.57
2023-07-10,BSI,Supramax,1229.87
2023-07-11,BCI,Capesize,2393.85
2023-07-11,BHSI,Handysize,679.41
2023-07-11,BPI,Panamax,1688.72
2023-07-11,BSI,Supramax,1436.63
2023-07-12,BCI,Capesize,2396.16
2023-07-12,BHSI,Handysize,691.24
2023-07-12,BPI,Panamax,1560.98
2023-07-12,BSI,Supramax,1199.63
2023-07-13,BCI,Capesize,2414.46
2023-07-13,BHSI,Handysize,649.21
2023-07-13,BPI,Panamax,1650.29
2023-07-13,BSI,Supramax,1346.96
2023-07-14,BCI,Capesize,2415.11
2023-07-14,BHSI,Handysize,713.37
2023-07-14,BPI,Panamax,1616.31
2023-07-14,BSI,Supramax,1449.63
2023-07-17,BCI,Capesize,2247.6
2023-07-17,BHSI,Handysize,759.04
2023-07-17,BPI,Panamax,1439.51
2023-07-17,BSI,Supramax,1154.87
2023-07-18,BCI,Capesize,2201.93
2023-07-18,BHSI,Handysize,684.11
2023-07-18,BPI,Panamax,1550.12
2023-07-18,BSI,Supramax,1256.51
2023-07-19,BCI,Capesize,2188.93
2023-07-19,BHSI,Handysize,644.18
2023-07-19,BPI,Panamax,1419.58
2023-07-19,BSI,Supramax,1151.49
2023-07-20,BCI,Capesize,2159.44
2023-07-20,BHSI,Handysize,705.75
2023-07-20,BPI,Panamax,1436.74
2023-07-20,BSI,Supramax,1271.52
2023-07-21,BCI,Capesize,2340.0
2023-07-21,BHSI,Handysize,705.16
2023-07-21,BPI,Panamax,1507.13
2023-07-21,BSI,Supramax,1095.61
2023-07-24,BCI,Capesize,2252.72
2023-07-24,BHSI,Handysize,644.32
2023-07-24,BPI,Panamax,1509.03
2023-07-24,BSI,Supramax,1220.22
2023-07-25,BCI,Capesize,1817.67
2023-07-25,BHSI,Handysize,686.51
2023-07-25,BPI,Panamax,1413.52
2023-07-25,BSI,Supramax,1150.66
2023-07-26,BCI,Capesize,2255.42
2023-07-26,BHSI,Handysize,694.94
2023-07-26,BPI,Panamax,1573.06
2023-07-26,BSI,Supramax,1165.37
2023-07-27,BCI,Capesize,2222.0
2023-07-27,BHSI,Handysize,731.75
2023-07-27,BPI,Panamax,1549.6
2023-07-27,BSI,Supramax,1120.23
2023-07-28,BCI,Capesize,2243.24
2023-07-28,BHSI,Handysize,685.42
2023-07-28,BPI,Panamax,1454.62
2023-07-28,BSI,Supramax,1286.59
2023-07-31,BCI,Capesize,2142.76
2023-07-31,BHSI,Handysize,663.31
2023-07-31,BPI,Panamax,1360.88
2023-07-31,BSI,Supramax,1135.98
2023-08-01,BCI,Capesize,2338.59
2023-08-01,BHSI,Handysize,779.94
2023-08-01,BPI,Panamax,1475.88
2023-08-01,BSI,Supramax,1231.58
2023-08-02,BCI,Capesize,2307.93
2023-08-02,BHSI,Handysize,679.65
2023-08-02,BPI,Panamax,1444.87
2023-08-02,BSI,Supramax,1161.17
2023-08-03,BCI,Capesize,1977.31
2023-08-03,BHSI,Handysize,674.36
2023-08-03,BPI,Panamax,1437.4
2023-08-03,BSI,Supramax,1130.29
2023-08-04,BCI,Capesize,2196.31
2023-08-04,BHSI,Handysize,709.61
2023-08-04,BPI,Panamax,1429.03
2023-08-04,BSI,Supramax,1178.76
2023-08-07,BCI,Capesize,1929.9
2023-08-07,BHSI,Handysize,576.46
2023-08-07,BPI,Panamax,1233.57
2023-08-07,BSI,Supramax,1071.15
2023-08-08,BCI,Capesize,1885.7
2023-08-08,BHSI,Handysize,660.2
2023-08-08,BPI,Panamax,1387.51
2023-08-08,BSI,Supramax,1150.96
2023-08-09,BCI,Capesize,2079.14
2023-08-09,BHSI,Handysize,615.28
2023-08-09,BPI,Panamax,1451.46
2023-08-09,BSI,Supramax,1297.1
2023-08-10,BCI,Capesize,2333.84
2023-08-10,BHSI,Handysize,698.31
2023-08-10,BPI,Panamax,1565.62
2023-08-10,BSI,Supramax,1148.71
2023-08-11,BCI,Capesize,2377.16
2023-08-11,BHSI,Handysize,775.84
2023-08-11,BPI,Panamax,1465.35
2023-08-11,BSI,Supramax,1418.37
2023-08-14,BCI,Capesize,2317.25
2023-08-14,BHSI,Handysize,669.68
2023-08-14,BPI,Panamax,1680.1
2023-08-14,BSI,Supramax,1336.65
2023-08-15,BCI,Capesize,2352.5
2023-08-15,BHSI,Handysize,641.42
2023-08-15,BPI,Panamax,1360.47
2023-08-15,BSI,Supramax,1166.04
2023-08-16,BCI,Capesize,2369.25
2023-08-16,BHSI,Handysize,816.15
2023-08-16,BPI,Panamax,1680.02
2023-08-16,BSI,Supramax,1142.74
2023-08-17,BCI,Capesize,2115.98
2023-08-17,BHSI,Handysize,650.28
2023-08-17,BPI,Panamax,1483.12
2023-08-17,BSI,Supramax,1225.64
2023-08-18,BCI,Capesize,2257.65
2023-08-18,BHSI,Handysize,631.7
2023-08-18,BPI,Panamax,1575.06
2023-08-18,BSI,Supramax,1157.31
2023-08-21,BCI,Capesize,2257.99
2023-08-21,BHSI,Handysize,755.54
2023-08-21,BPI,Panamax,1471.71
2023-08-21,BSI,Supramax,1311.0
2023-08-22,BCI,Capesize,2216.87
2023-08-22,BHSI,Handysize,618.15
2023-08-22,BPI,Panamax,1544.74
2023-08-22,BSI,Supramax,1154.88
2023-08-23,BCI,Capesize,2331.18
2023-08-23,BHSI,Handysize,762.76
2023-08-23,BPI,Panamax,1441.62
2023-08-23,BSI,Supramax,1120.73
2023-08-24,BCI,Capesize,2291.27
2023-08-24,BHSI,Handysize,709.87
2023-08-24,BPI,Panamax,1395.14
2023-08-24,BSI,Supramax,1109.51
2023-08-25,BCI,Capesize,2214.15
2023-08-25,BHSI,Handysize,746.59
2023-08-25,BPI,Panamax,1604.33
2023-08-25,BSI,Supramax,1262.72
2023-08-28,BCI,Capesize,2381.18
2023-08-28,BHSI,Handysize,718.55
2023-08-28,BPI,Panamax,1508.77
2023-08-28,BSI,Supramax,1173.67
2023-08-29,BCI,Capesize,2172.35
2023-08-29,BHSI,Handysize,741.0
2023-08-29,BPI,Panamax,1503.32
2023-08-29,BSI,Supramax,1190.16
2023-08-30,BCI,Capesize,2076.85
2023-08-30,BHSI,Handysize,658.88
2023-08-30,BPI,Panamax,1610.04
2023-08-30,BSI,Supramax,1271.53
2023-08-31,BCI,Capesize,2205.14
2023-08-31,BHSI,Handysize,681.49
2023-08-31,BPI,Panamax,1423.76
2023-08-31,BSI,Supramax,1178.33
2023-09-01,BCI,Capesize,2091.72
2023-09-01,BHSI,Handysize,603.63
2023-09-01,BPI,Panamax,1549.63
2023-09-01,BSI,Supramax,1194.07
2023-09-04,BCI,Capesize,2093.84
2023-09-04,BHSI,Handysize,740.12
2023-09-04,BPI,Panamax,1437.87
2023-09-04,BSI,Supramax,1192.13
2023-09-05,BCI,Capesize,2140.26
2023-09-05,BHSI,Handysize,706.32
2023-09-05,BPI,Panamax,1461.11
2023-09-05,BSI,Supramax,1229.69
2023-09-06,BCI,Capesize,2041.38
2023-09-06,BHSI,Handysize,639.48
2023-09-06,BPI,Panamax,1474.21
2023-09-06,BSI,Supramax,1218.35
2023-09-07,BCI,Capesize,2135.03
2023-09-07,BHSI,Handysize,614.41
2023-09-07,BPI,Panamax,1349.24
2023-09-07,BSI,Supramax,1171.36
2023-09-08,BCI,Capesize,1877.86
2023-09-08,BHSI,Handysize,694.49
2023-09-08,BPI,Panamax,1391.51
2023-09-08,BSI,Supramax,1173.79
2023-09-11,BCI,Capesize,2183.4
2023-09-11,BHSI,Handysize,760.64
2023-09-11,BPI,Panamax,1589.88
2023-09-11,BSI,Supramax,1146.76
2023-09-12,BCI,Capesize,2141.03
2023-09-12,BHSI,Handysize,674.94
2023-09-12,BPI,Panamax,1539.86
2023-09-12,BSI,Supramax,1057.03
2023-09-13,BCI,Capesize,1973.66
2023-09-13,BHSI,Handysize,634.55
2023-09-13,BPI,Panamax,1420.49
2023-09-13,BSI,Supramax,1158.87
2023-09-14,BCI,Capesize,2170.46
2023-09-14,BHSI,Handysize,618.83
2023-09-14,BPI,Panamax,1441.62
2023-09-14,BSI,Supramax,1276.16
2023-09-15,BCI,Capesize,2199.2
2023-09-15,BHSI,Handysize,713.94
2023-09-15,BPI,Panamax,1386.66
2023-09-15,BSI,Supramax,1062.49
2023-09-18,BCI,Capesize,1807.96
2023-09-18,BHSI,Handysize,611.43
2023-09-18,BPI,Panamax,1512.7
2023-09-18,BSI,Supramax,1052.06
2023-09-19,BCI,Capesize,1994.09
2023-09-19,BHSI,Handysize,651.6
2023-09-19,BPI,Panamax,1416.18
2023-09-19,BSI,Supramax,1081.07
2023-09-20,BCI,Capesize,1898.84
2023-09-20,BHSI,Handysize,684.86
2023-09-20,BPI,Panamax,1394.4
2023-09-20,BSI,Supramax,1150.17
2023-09-21,BCI,Capesize,1813.13
2023-09-21,BHSI,Handysize,689.7
2023-09-21,BPI,Panamax,1522.73
2023-09-21,BSI,Supramax,1167.85
2023-09-22,BCI,Capesize,2242.56
2023-09-22,BHSI,Handysize,661.55
2023-09-22,BPI,Panamax,1380.64
2023-09-22,BSI,Supramax,1148.17
2023-09-25,BCI,Capesize,2142.1
2023-09-25,BHSI,Handysize,658.84
2023-09-25,BPI,Panamax,1618.37
2023-09-25,BSI,Supramax,1114.13
2023-09-26,BCI,Capesize,2097.57
2023-09-26,BHSI,Handysize,745.11
2023-09-26,BPI,Panamax,1318.07
2023-09-26,BSI,Supramax,1171.35
2023-09-27,BCI,Capesize,1904.38
2023-09-27,BHSI,Handysize,645.1
2023-09-27,BPI,Panamax,1634.82
2023-09-27,BSI,Supramax,1074.04
2023-09-28,BCI,Capesize,2220.1
2023-09-28,BHSI,Handysize,668.58
2023-09-28,BPI,Panamax,1420.04
2023-09-28,BSI,Supramax,1173.33
2023-09-29,BCI,Capesize,2053.24
2023-09-29,BHSI,Handysize,641.01
2023-09-29,BPI,Panamax,1493.2
2023-09-29,BSI,Supramax,1279.15
2023-10-02,BCI,Capesize,2187.76
2023-10-02,BHSI,Handysize,747.05
2023-10-02,BPI,Panamax,1314.49
2023-10-02,BSI,Supramax,1094.57
2023-10-03,BCI,Capesize,2216.63
2023-10-03,BHSI,Handysize,671.67
2023-10-03,BPI,Panamax,1442.66
2023-10-03,BSI,Supramax,1072.63
2023-10-04,BCI,Capesize,2360.59
2023-10-04,BHSI,Handysize,659.08
2023-10-04,BPI,Panamax,1385.07
2023-10-04,BSI,Supramax,1301.91
2023-10-05,BCI,Capesize,2001.85
2023-10-05,BHSI,Handysize,725.16
2023-10-05,BPI,Panamax,1433.62
2023-10-05,BSI,Supramax,1145.6
2023-10-06,BCI,Capesize,1760.02
2023-10-06,BHSI,Handysize,630.48
2023-10-06,BPI,Panamax,1474.46
2023-10-06,BSI,Supramax,1275.43
2023-10-09,BCI,Capesize,2159.51
2023-10-09,BHSI,Handysize,707.48
2023-10-09,BPI,Panamax,1541.58
2023-10-09,BSI,Supramax,1152.46
2023-10-10,BCI,Capesize,2312.91
2023-10-10,BHSI,Handysize,639.21
2023-10-10,BPI,Panamax,1427.2
2023-10-10,BSI,Supramax,1112.8
2023-10-11,BCI,Capesize,2253.83
2023-10-11,BHSI,Handysize,607.48
2023-10-11,BPI,Panamax,1448.79
2023-10-11,BSI,Supramax,1168.3
2023-10-12,BCI,Capesize,2111.06
2023-10-12,BHSI,Handysize,617.58
2023-10-12,BPI,Panamax,1323.39
2023-10-12,BSI,Supramax,1069.84
2023-10-13,BCI,Capesize,2019.04
2023-10-13,BHSI,Handysize,633.33
2023-10-13,BPI,Panamax,1346.7
2023-10-13,BSI,Supramax,1149.38
2023-10-16,BCI,Capesize,2205.39
2023-10-16,BHSI,Handysize,645.58
2023-10-16,BPI,Panamax,1590.86
2023-10-16,BSI,Supramax,1113.28
2023-10-17,BCI,Capesize,1958.26
2023-10-17,BHSI,Handysize,612.33
2023-10-17,BPI,Panamax,1364.23
2023-10-17,BSI,Supramax,1044.02
2023-10-18,BCI,Capesize,2197.38
2023-10-18,BHSI,Handysize,691.12
2023-10-18,BPI,Panamax,1602.73
2023-10-18,BSI,Supramax,1187.74
2023-10-19,BCI,Capesize,2219.62
2023-10-19,BHSI,Handysize,628.59
2023-10-19,BPI,Panamax,1443.51
2023-10-19,BSI,Supramax,1152.42
2023-10-20,BCI,Capesize,2281.98
2023-10-20,BHSI,Handysize,572.35
2023-10-20,BPI,Panamax,1455.8
2023-10-20,BSI,Supramax,1152.2
2023-10-23,BCI,Capesize,2488.74
2023-10-23,BHSI,Handysize,755.14
2023-10-23,BPI,Panamax,1532.02
2023-10-23,BSI,Supramax,1056.56
2023-10-24,BCI,Capesize,2176.41
2023-10-24,BHSI,Handysize,683.79
2023-10-24,BPI,Panamax,1562.48
2023-10-24,BSI,Supramax,1276.91
2023-10-25,BCI,Capesize,1999.95
2023-10-25,BHSI,Handysize,749.15
2023-10-25,BPI,Panamax,1405.77
2023-10-25,BSI,Supramax,1196.39
2023-10-26,BCI,Capesize,2089.48
2023-10-26,BHSI,Handysize,618.78
2023-10-26,BPI,Panamax,1394.91
2023-10-26,BSI,Supramax,1214.67
2023-10-27,BCI,Capesize,1877.22
2023-10-27,BHSI,Handysize,697.56
2023-10-27,BPI,Panamax,1445.34
2023-10-27,BSI,Supramax,1136.52
2023-10-30,BCI,Capesize,2062.98
2023-10-30,BHSI,Handysize,727.57
2023-10-30,BPI,Panamax,1503.68
2023-10-30,BSI,Supramax,1048.71
2023-10-31,BCI,Capesize,2128.18
2023-10-31,BHSI,Handysize,686.91
2023-10-31,BPI,Panamax,1569.77
2023-10-31,BSI,Supramax,1338.41
2023-11-01,BCI,Capesize,2193.12
2023-11-01,BHSI,Handysize,656.46
2023-11-01,BPI,Panamax,1542.08
2023-11-01,BSI,Supramax,1230.77
2023-11-02,BCI,Capesize,2307.73
2023-11-02,BHSI,Handysize,715.95
2023-11-02,BPI,Panamax,1610.27
2023-11-02,BSI,Supramax,1189.88
2023-11-03,BCI,Capesize,2168.89
2023-11-03,BHSI,Handysize,755.27
2023-11-03,BPI,Panamax,1700.56
2023-11-03,BSI,Supramax,1276.05
2023-11-06,BCI,Capesize,2376.97
2023-11-06,BHSI,Handysize,732.97
2023-11-06,BPI,Panamax,1546.49
2023-11-06,BSI,Supramax,1298.09
2023-11-07,BCI,Capesize,2189.08
2023-11-07,BHSI,Handysize,696.46
2023-11-07,BPI,Panamax,1520.38
2023-11-07,BSI,Supramax,1192.25
2023-11-08,BCI,Capesize,2182.85
2023-11-08,BHSI,Handysize,735.33
2023-11-08,BPI,Panamax,1352.56
2023-11-08,BSI,Supramax,1287.26
2023-11-09,BCI,Capesize,2126.33
2023-11-09,BHSI,Handysize,729.37
2023-11-09,BPI,Panamax,1244.91
2023-11-09,BSI,Supramax,1266.23
2023-11-10,BCI,Capesize,2124.29
2023-11-10,BHSI,Handysize,645.15
2023-11-10,BPI,Panamax,1471.93
2023-11-10,BSI,Supramax,1066.98
2023-11-13,BCI,Capesize,2199.38
2023-11-13,BHSI,Handysize,594.26
2023-11-13,BPI,Panamax,1416.65
2023-11-13,BSI,Supramax,1087.21
2023-11-14,BCI,Capesize,1997.26
2023-11-14,BHSI,Handysize,682.43
2023-11-14,BPI,Panamax,1401.31
2023-11-14,BSI,Supramax,1228.22
2023-11-15,BCI,Capesize,2048.83
2023-11-15,BHSI,Handysize,647.43
2023-11-15,BPI,Panamax,1483.99
2023-11-15,BSI,Supramax,964.94
2023-11-16,BCI,Capesize,2077.3
2023-11-16,BHSI,Handysize,680.69
2023-11-16,BPI,Panamax,1443.13
2023-11-16,BSI,Supramax,1145.87
2023-11-17,BCI,Capesize,1905.26
2023-11-17,BHSI,Handysize,726.36
2023-11-17,BPI,Panamax,1533.36
2023-11-17,BSI,Supramax,1035.78
2023-11-20,BCI,Capesize,1929.81
2023-11-20,BHSI,Handysize,669.67
2023-11-20,BPI,Panamax,1408.26
2023-11-20,BSI,Supramax,1081.08
2023-11-21,BCI,Capesize,1972.81
2023-11-21,BHSI,Handysize,706.69
2023-11-21,BPI,Panamax,1330.16
2023-11-21,BSI,Supramax,1091.74
2023-11-22,BCI,Capesize,2190.42
2023-11-22,BHSI,Handysize,612.0
2023-11-22,BPI,Panamax,1504.93
2023-11-22,BSI,Supramax,1102.59
2023-11-23,BCI,Capesize,2101.49
2023-11-23,BHSI,Handysize,768.44
2023-11-23,BPI,Panamax,1394.27
2023-11-23,BSI,Supramax,1086.31
2023-11-24,BCI,Capesize,2191.73
2023-11-24,BHSI,Handysize,764.01
2023-11-24,BPI,Panamax,1525.52
2023-11-24,BSI,Supramax,1098.98
2023-11-27,BCI,Capesize,2348.34
2023-11-27,BHSI,Handysize,712.19
2023-11-27,BPI,Panamax,1476.98
2023-11-27,BSI,Supramax,1387.84
2023-11-28,BCI,Capesize,2245.93
2023-11-28,BHSI,Handysize,825.33
2023-11-28,BPI,Panamax,1484.67
2023-11-28,BSI,Supramax,1375.28
2023-11-29,BCI,Capesize,2337.35
2023-11-29,BHSI,Handysize,687.88
2023-11-29,BPI,Panamax,1562.11
2023-11-29,BSI,Supramax,1157.49
2023-11-30,BCI,Capesize,2321.28
2023-11-30,BHSI,Handysize,714.76
2023-11-30,BPI,Panamax,1589.89
2023-11-30,BSI,Supramax,1391.74
2023-12-01,BCI,Capesize,2326.79
2023-12-01,BHSI,Handysize,757.93
2023-12-01,BPI,Panamax,1602.4
2023-12-01,BSI,Supramax,1218.46
2023-12-04,BCI,Capesize,2248.35
2023-12-04,BHSI,Handysize,744.06
2023-12-04,BPI,Panamax,1561.26
2023-12-04,BSI,Supramax,1279.78
2023-12-05,BCI,Capesize,1989.22
2023-12-05,BHSI,Handysize,708.4
2023-12-05,BPI,Panamax,1420.74
2023-12-05,BSI,Supramax,1265.75
2023-12-06,BCI,Capesize,2297.08
2023-12-06,BHSI,Handysize,764.93
2023-12-06,BPI,Panamax,1537.67
2023-12-06,BSI,Supramax,1213.13
2023-12-07,BCI,Capesize,2546.92
2023-12-07,BHSI,Handysize,763.3
2023-12-07,BPI,Panamax,1668.66
2023-12-07,BSI,Supramax,1353.49
2023-12-08,BCI,Capesize,2485.01
2023-12-08,BHSI,Handysize,723.35
2023-12-08,BPI,Panamax,1432.98
2023-12-08,BSI,Supramax,1293.25
2023-12-11,BCI,Capesize,2477.06
2023-12-11,BHSI,Handysize,753.89
2023-12-11,BPI,Panamax,1571.75
2023-12-11,BSI,Supramax,1240.95
2023-12-12,BCI,Capesize,2588.38
2023-12-12,BHSI,Handysize,803.13
2023-12-12,BPI,Panamax,1730.01
2023-12-12,BSI,Supramax,1218.21
2023-12-13,BCI,Capesize,2408.3
2023-12-13,BHSI,Handysize,735.34
2023-12-13,BPI,Panamax,1564.78
2023-12-13,BSI,Supramax,1238.65
2023-12-14,BCI,Capesize,2404.14
2023-12-14,BHSI,Handysize,779.75
2023-12-14,BPI,Panamax,1477.68
2023-12-14,BSI,Supramax,1172.22
2023-12-15,BCI,Capesize,2317.23
2023-12-15,BHSI,Handysize,726.19
2023-12-15,BPI,Panamax,1619.67
2023-12-15,BSI,Supramax,1310.84
2023-12-18,BCI,Capesize,2317.06
2023-12-18,BHSI,Handysize,721.23
2023-12-18,BPI,Panamax,1563.65
2023-12-18,BSI,Supramax,1197.55
2023-12-19,BCI,Capesize,2490.71
2023-12-19,BHSI,Handysize,815.45
2023-12-19,BPI,Panamax,1548.15
2023-12-19,BSI,Supramax,1290.55
2023-12-20,BCI,Capesize,2606.41
2023-12-20,BHSI,Handysize,803.76
2023-12-20,BPI,Panamax,1640.89
2023-12-20,BSI,Supramax,1431.12
2023-12-21,BCI,Capesize,2387.01
2023-12-21,BHSI,Handysize,681.16
2023-12-21,BPI,Panamax,1680.9
2023-12-21,BSI,Supramax,1401.56
2023-12-22,BCI,Capesize,2318.37
2023-12-22,BHSI,Handysize,741.13
2023-12-22,BPI,Panamax,1619.79
2023-12-22,BSI,Supramax,1295.76
2023-12-25,BCI,Capesize,2314.45
2023-12-25,BHSI,Handysize,758.44
2023-12-25,BPI,Panamax,1555.6
2023-12-25,BSI,Supramax,1255.83
2023-12-26,BCI,Capesize,2373.07
2023-12-26,BHSI,Handysize,734.45
2023-12-26,BPI,Panamax,1724.85
2023-12-26,BSI,Supramax,1389.74
2023-12-27,BCI,Capesize,2104.59
2023-12-27,BHSI,Handysize,761.74
2023-12-27,BPI,Panamax,1542.37
2023-12-27,BSI,Supramax,1297.39
2023-12-28,BCI,Capesize,1988.1
2023-12-28,BHSI,Handysize,740.04
2023-12-28,BPI,Panamax,1600.23
2023-12-28,BSI,Supramax,1235.29
2023-12-29,BCI,Capesize,2211.84
2023-12-29,BHSI,Handysize,722.21
2023-12-29,BPI,Panamax,1516.19
2023-12-29,BSI,Supramax,1141.9
2024-01-01,BCI,Capesize,2069.3
2024-01-01,BHSI,Handysize,705.14
2024-01-01,BPI,Panamax,1454.93
2024-01-01,BSI,Supramax,1252.39
2024-01-02,BCI,Capesize,2230.77
2024-01-02,BHSI,Handysize,781.41
2024-01-02,BPI,Panamax,1518.25
2024-01-02,BSI,Supramax,1318.14
2024-01-03,BCI,Capesize,2324.55
2024-01-03,BHSI,Handysize,777.5
2024-01-03,BPI,Panamax,1555.78
2024-01-03,BSI,Supramax,1231.81
2024-01-04,BCI,Capesize,2309.19
2024-01-04,BHSI,Handysize,773.24
2024-01-04,BPI,Panamax,1648.97
2024-01-04,BSI,Supramax,1315.74
2024-01-05,BCI,Capesize,2613.84
2024-01-05,BHSI,Handysize,771.18
2024-01-05,BPI,Panamax,1852.49
2024-01-05,BSI,Supramax,1286.93
2024-01-08,BCI,Capesize,2471.83
2024-01-08,BHSI,Handysize,747.46
2024-01-08,BPI,Panamax,1587.01
2024-01-08,BSI,Supramax,1308.84
2024-01-09,BCI,Capesize,2479.76
2024-01-09,BHSI,Handysize,762.08
2024-01-09,BPI,Panamax,1621.54
2024-01-09,BSI,Supramax,1142.31
2024-01-10,BCI,Capesize,2565.91
2024-01-10,BHSI,Handysize,837.0
2024-01-10,BPI,Panamax,1679.91
2024-01-10,BSI,Supramax,1334.31
2024-01-11,BCI,Capesize,2261.28
2024-01-11,BHSI,Handysize,814.08
2024-01-11,BPI,Panamax,1683.99
2024-01-11,BSI,Supramax,1392.56
2024-01-12,BCI,Capesize,2563.9
2024-01-12,BHSI,Handysize,740.47
2024-01-12,BPI,Panamax,1670.74
2024-01-12,BSI,Supramax,1271.31
2024-01-15,BCI,Capesize,2406.26
2024-01-15,BHSI,Handysize,773.62
2024-01-15,BPI,Panamax,1761.94
2024-01-15,BSI,Supramax,1321.86
2024-01-16,BCI,Capesize,2489.55
2024-01-16,BHSI,Handysize,784.74
2024-01-16,BPI,Panamax,1414.49
2024-01-16,BSI,Supramax,1249.9
2024-01-17,BCI,Capesize,2185.38
2024-01-17,BHSI,Handysize,762.43
2024-01-17,BPI,Panamax,1379.44
2024-01-17,BSI,Supramax,1301.39
2024-01-18,BCI,Capesize,2074.76
2024-01-18,BHSI,Handysize,748.2
2024-01-18,BPI,Panamax,1522.01
2024-01-18,BSI,Supramax,1235.03
2024-01-19,BCI,Capesize,2443.54
2024-01-19,BHSI,Handysize,690.81
2024-01-19,BPI,Panamax,1689.14
2024-01-19,BSI,Supramax,1200.54
2024-01-22,BCI,Capesize,2439.06
2024-01-22,BHSI,Handysize,706.54
2024-01-22,BPI,Panamax,1486.67
2024-01-22,BSI,Supramax,1401.72
2024-01-23,BCI,Capesize,2270.61
2024-01-23,BHSI,Handysize,815.29
2024-01-23,BPI,Panamax,1363.77
2024-01-23,BSI,Supramax,1377.12
2024-01-24,BCI,Capesize,2272.71
2024-01-24,BHSI,Handysize,829.75
2024-01-24,BPI,Panamax,1684.42
2024-01-24,BSI,Supramax,1260.81
2024-01-25,BCI,Capesize,2547.7
2024-01-25,BHSI,Handysize,693.77
2024-01-25,BPI,Panamax,1652.28
2024-01-25,BSI,Supramax,1341.23
2024-01-26,BCI,Capesize,2292.99
2024-01-26,BHSI,Handysize,781.48
2024-01-26,BPI,Panamax,1576.93
2024-01-26,BSI,Supramax,1381.38
2024-01-29,BCI,Capesize,2714.68
2024-01-29,BHSI,Handysize,827.43
2024-01-29,BPI,Panamax,1602.88
2024-01-29,BSI,Supramax,1402.83
2024-01-30,BCI,Capesize,2332.73
2024-01-30,BHSI,Handysize,683.3
2024-01-30,BPI,Panamax,1587.76
2024-01-30,BSI,Supramax,1213.75
2024-01-31,BCI,Capesize,2538.29
2024-01-31,BHSI,Handysize,730.98
2024-01-31,BPI,Panamax,1678.74
2024-01-31,BSI,Supramax,1411.04
2024-02-01,BCI,Capesize,2372.2
2024-02-01,BHSI,Handysize,765.25
2024-02-01,BPI,Panamax,1592.78
2024-02-01,BSI,Supramax,1276.39
2024-02-02,BCI,Capesize,2495.26
2024-02-02,BHSI,Handysize,740.14
2024-02-02,BPI,Panamax,1688.97
2024-02-02,BSI,Supramax,1288.34
2024-02-05,BCI,Capesize,2348.11
2024-02-05,BHSI,Handysize,780.73
2024-02-05,BPI,Panamax,1396.55
2024-02-05,BSI,Supramax,1520.31
2024-02-06,BCI,Capesize,2361.6
2024-02-06,BHSI,Handysize,824.66
2024-02-06,BPI,Panamax,1550.8
2024-02-06,BSI,Supramax,1323.77
2024-02-07,BCI,Capesize,2445.86
2024-02-07,BHSI,Handysize,738.02
2024-02-07,BPI,Panamax,1562.51
2024-02-07,BSI,Supramax,1302.04
2024-02-08,BCI,Capesize,2272.66
2024-02-08,BHSI,Handysize,769.92
2024-02-08,BPI,Panamax,1623.42
2024-02-08,BSI,Supramax,1151.09
2024-02-09,BCI,Capesize,2527.47
2024-02-09,BHSI,Handysize,755.6
2024-02-09,BPI,Panamax,1605.1
2024-02-09,BSI,Supramax,1426.52
2024-02-12,BCI,Capesize,2358.78
2024-02-12,BHSI,Handysize,779.44
2024-02-12,BPI,Panamax,1730.02
2024-02-12,BSI,Supramax,1225.15
2024-02-13,BCI,Capesize,2453.7
2024-02-13,BHSI,Handysize,791.26
2024-02-13,BPI,Panamax,1526.37
2024-02-13,BSI,Supramax,1280.31
2024-02-14,BCI,Capesize,2348.08
2024-02-14,BHSI,Handysize,910.17
2024-02-14,BPI,Panamax,1698.92
2024-02-14,BSI,Supramax,1331.59
2024-02-15,BCI,Capesize,2176.19
2024-02-15,BHSI,Handysize,873.83
2024-02-15,BPI,Panamax,1775.79
2024-02-15,BSI,Supramax,1488.21
2024-02-16,BCI,Capesize,2428.21
2024-02-16,BHSI,Handysize,709.95
2024-02-16,BPI,Panamax,1841.32
2024-02-16,BSI,Supramax,1397.16
2024-02-19,BCI,Capesize,2833.84
2024-02-19,BHSI,Handysize,753.78
2024-02-19,BPI,Panamax,1657.54
2024-02-19,BSI,Supramax,1349.42
2024-02-20,BCI,Capesize,2640.34
2024-02-20,BHSI,Handysize,770.34
2024-02-20,BPI,Panamax,1752.31
2024-02-20,BSI,Supramax,1402.84
2024-02-21,BCI,Capesize,2545.54
2024-02-21,BHSI,Handysize,755.5
2024-02-21,BPI,Panamax,1572.25
2024-02-21,BSI,Supramax,1344.21
2024-02-22,BCI,Capesize,2502.03
2024-02-22,BHSI,Handysize,746.44
2024-02-22,BPI,Panamax,1513.36
2024-02-22,BSI,Supramax,1394.7
2024-02-23,BCI,Capesize,2522.57
2024-02-23,BHSI,Handysize,793.74
2024-02-23,BPI,Panamax,1792.26
2024-02-23,BSI,Supramax,1379.34
2024-02-26,BCI,Capesize,2612.76
2024-02-26,BHSI,Handysize,773.84
2024-02-26,BPI,Panamax,1726.7
2024-02-26,BSI,Supramax,1455.52
2024-02-27,BCI,Capesize,2486.22
2024-02-27,BHSI,Handysize,804.12
2024-02-27,BPI,Panamax,1907.51
2024-02-27,BSI,Supramax,1517.22
2024-02-28,BCI,Capesize,2790.43
2024-02-28,BHSI,Handysize,929.62
2024-02-28,BPI,Panamax,1666.91
2024-02-28,BSI,Supramax,1472.59
2024-02-29,BCI,Capesize,2696.27
2024-02-29,BHSI,Handysize,796.19
2024-02-29,BPI,Panamax,1812.74
2024-02-29,BSI,Supramax,1387.86
2024-03-01,BCI,Capesize,2739.49
2024-03-01,BHSI,Handysize,820.2
2024-03-01,BPI,Panamax,1961.75
2024-03-01,BSI,Supramax,1493.63
2024-03-04,BCI,Capesize,2720.25
2024-03-04,BHSI,Handysize,879.89
2024-03-04,BPI,Panamax,1844.3
2024-03-04,BSI,Supramax,1441.81
2024-03-05,BCI,Capesize,2662.95
2024-03-05,BHSI,Handysize,826.86
2024-03-05,BPI,Panamax,1832.35
2024-03-05,BSI,Supramax,1368.3
2024-03-06,BCI,Capesize,2700.99
2024-03-06,BHSI,Handysize,777.33
2024-03-06,BPI,Panamax,1773.94
2024-03-06,BSI,Supramax,1390.59
2024-03-07,BCI,Capesize,2613.65
2024-03-07,BHSI,Handysize,793.74
2024-03-07,BPI,Panamax,1582.99
2024-03-07,BSI,Supramax,1386.48
2024-03-08,BCI,Capesize,2453.15
2024-03-08,BHSI,Handysize,886.71
2024-03-08,BPI,Panamax,1828.38
2024-03-08,BSI,Supramax,1433.38
2024-03-11,BCI,Capesize,2411.72
2024-03-11,BHSI,Handysize,771.21
2024-03-11,BPI,Panamax,1644.66
2024-03-11,BSI,Supramax,1345.65
2024-03-12,BCI,Capesize,2433.74
2024-03-12,BHSI,Handysize,728.52
2024-03-12,BPI,Panamax,1698.45
2024-03-12,BSI,Supramax,1229.88
2024-03-13,BCI,Capesize,2567.05
2024-03-13,BHSI,Handysize,766.19
2024-03-13,BPI,Panamax,1467.88
2024-03-13,BSI,Supramax,1287.71
2024-03-14,BCI,Capesize,2192.44
2024-03-14,BHSI,Handysize,738.56
2024-03-14,BPI,Panamax,1512.55
2024-03-14,BSI,Supramax,1300.4
2024-03-15,BCI,Capesize,2181.13
2024-03-15,BHSI,Handysize,882.22
2024-03-15,BPI,Panamax,1761.18
2024-03-15,BSI,Supramax,1316.91
2024-03-18,BCI,Capesize,2467.07
2024-03-18,BHSI,Handysize,742.01
2024-03-18,BPI,Panamax,1637.78
2024-03-18,BSI,Supramax,1402.75
2024-03-19,BCI,Capesize,2462.34
2024-03-19,BHSI,Handysize,859.04
2024-03-19,BPI,Panamax,1807.07
2024-03-19,BSI,Supramax,1416.2
2024-03-20,BCI,Capesize,2537.36
2024-03-20,BHSI,Handysize,851.97
2024-03-20,BPI,Panamax,1706.47
2024-03-20,BSI,Supramax,1326.22
2024-03-21,BCI,Capesize,2571.68
2024-03-21,BHSI,Handysize,790.31
2024-03-21,BPI,Panamax,1563.48
2024-03-21,BSI,Supramax,1337.67
2024-03-22,BCI,Capesize,2528.5
2024-03-22,BHSI,Handysize,814.45
2024-03-22,BPI,Panamax,1823.85
2024-03-22,BSI,Supramax,1317.78
2024-03-25,BCI,Capesize,2791.0
2024-03-25,BHSI,Handysize,775.55
2024-03-25,BPI,Panamax,1705.1
2024-03-25,BSI,Supramax,1460.37
2024-03-26,BCI,Capesize,2318.06
2024-03-26,BHSI,Handysize,784.73
2024-03-26,BPI,Panamax,1795.22
2024-03-26,BSI,Supramax,1495.07
2024-03-27,BCI,Capesize,2391.57
2024-03-27,BHSI,Handysize,780.35
2024-03-27,BPI,Panamax,1712.37
2024-03-27,BSI,Supramax,1344.23
2024-03-28,BCI,Capesize,2528.42
2024-03-28,BHSI,Handysize,816.28
2024-03-28,BPI,Panamax,1593.93
2024-03-28,BSI,Supramax,1368.67
2024-03-29,BCI,Capesize,2298.38
2024-03-29,BHSI,Handysize,740.96
2024-03-29,BPI,Panamax,1738.33
2024-03-29,BSI,Supramax,1489.06
2024-04-01,BCI,Capesize,2519.2
2024-04-01,BHSI,Handysize,823.5
2024-04-01,BPI,Panamax,1931.11
2024-04-01,BSI,Supramax,1425.21
2024-04-02,BCI,Capesize,2851.68
2024-04-02,BHSI,Handysize,827.1
2024-04-02,BPI,Panamax,1826.2
2024-04-02,BSI,Supramax,1460.33
2024-04-03,BCI,Capesize,2582.67
2024-04-03,BHSI,Handysize,838.94
2024-04-03,BPI,Panamax,1751.38
2024-04-03,BSI,Supramax,1317.23
2024-04-04,BCI,Capesize,2629.8
2024-04-04,BHSI,Handysize,851.36
2024-04-04,BPI,Panamax,1864.75
2024-04-04,BSI,Supramax,1466.96
2024-04-05,BCI,Capesize,2390.86
2024-04-05,BHSI,Handysize,806.85
2024-04-05,BPI,Panamax,1767.5
2024-04-05,BSI,Supramax,1330.18
2024-04-08,BCI,Capesize,2458.54
2024-04-08,BHSI,Handysize,831.78
2024-04-08,BPI,Panamax,1752.93
2024-04-08,BSI,Supramax,1302.78
2024-04-09,BCI,Capesize,2458.16
2024-04-09,BHSI,Handysize,794.91
2024-04-09,BPI,Panamax,1613.86
2024-04-09,BSI,Supramax,1343.53
2024-04-10,BCI,Capesize,2492.89
2024-04-10,BHSI,Handysize,840.87
2024-04-10,BPI,Panamax,1750.3
2024-04-10,BSI,Supramax,1339.89
2024-04-11,BCI,Capesize,2685.4
2024-04-11,BHSI,Handysize,811.54
2024-04-11,BPI,Panamax,1802.24
2024-04-11,BSI,Supramax,1350.38
2024-04-12,BCI,Capesize,2585.64
2024-04-12,BHSI,Handysize,805.98
2024-04-12,BPI,Panamax,1634.82
2024-04-12,BSI,Supramax,1259.78
2024-04-15,BCI,Capesize,2341.05
2024-04-15,BHSI,Handysize,789.72
2024-04-15,BPI,Panamax,1831.18
2024-04-15,BSI,Supramax,1433.9
2024-04-16,BCI,Capesize,2563.39
2024-04-16,BHSI,Handysize,863.0
2024-04-16,BPI,Panamax,1715.41
2024-04-16,BSI,Supramax,1463.82
2024-04-17,BCI,Capesize,2598.06
2024-04-17,BHSI,Handysize,822.74
2024-04-17,BPI,Panamax,1643.38
2024-04-17,BSI,Supramax,1232.89
2024-04-18,BCI,Capesize,2725.33
2024-04-18,BHSI,Handysize,757.07
2024-04-18,BPI,Panamax,1837.08
2024-04-18,BSI,Supramax,1472.35
2024-04-19,BCI,Capesize,2756.64
2024-04-19,BHSI,Handysize,785.54
2024-04-19,BPI,Panamax,1701.94
2024-04-19,BSI,Supramax,1321.91
2024-04-22,BCI,Capesize,2302.24
2024-04-22,BHSI,Handysize,767.25
2024-04-22,BPI,Panamax,1737.49
2024-04-22,BSI,Supramax,1398.19
2024-04-23,BCI,Capesize,2393.42
2024-04-23,BHSI,Handysize,797.61
2024-04-23,BPI,Panamax,1683.07
2024-04-23,BSI,Supramax,1362.3
2024-04-24,BCI,Capesize,2408.72
2024-04-24,BHSI,Handysize,830.63
2024-04-24,BPI,Panamax,1753.95
2024-04-24,BSI,Supramax,1411.28
2024-04-25,BCI,Capesize,2518.44
2024-04-25,BHSI,Handysize,769.4
2024-04-25,BPI,Panamax,1782.12
2024-04-25,BSI,Supramax,1377.24
2024-04-26,BCI,Capesize,2620.32
2024-04-26,BHSI,Handysize,810.07
2024-04-26,BPI,Panamax,1766.3
2024-04-26,BSI,Supramax,1484.08
2024-04-29,BCI,Capesize,2678.92
2024-04-29,BHSI,Handysize,794.4
2024-04-29,BPI,Panamax,1551.16
2024-04-29,BSI,Supramax,1292.48
2024-04-30,BCI,Capesize,2532.72
2024-04-30,BHSI,Handysize,858.2
2024-04-30,BPI,Panamax,1631.5
2024-04-30,BSI,Supramax,1432.45
2024-05-01,BCI,Capesize,2562.47
2024-05-01,BHSI,Handysize,785.15
2024-05-01,BPI,Panamax,1857.08
2024-05-01,BSI,Supramax,1503.68
2024-05-02,BCI,Capesize,2641.0
2024-05-02,BHSI,Handysize,833.17
2024-05-02,BPI,Panamax,1769.53
2024-05-02,BSI,Supramax,1481.49
2024-05-03,BCI,Capesize,2442.22
2024-05-03,BHSI,Handysize,783.64
2024-05-03,BPI,Panamax,1695.27
2024-05-03,BSI,Supramax,1569.63
2024-05-06,BCI,Capesize,2841.24
2024-05-06,BHSI,Handysize,894.97
2024-05-06,BPI,Panamax,1613.23
2024-05-06,BSI,Supramax,1349.97
2024-05-07,BCI,Capesize,2292.29
2024-05-07,BHSI,Handysize,857.62
2024-05-07,BPI,Panamax,1618.11
2024-05-07,BSI,Supramax,1444.63
2024-05-08,BCI,Capesize,2511.08
2024-05-08,BHSI,Handysize,716.84
2024-05-08,BPI,Panamax,1512.6
2024-05-08,BSI,Supramax,1347.64
2024-05-09,BCI,Capesize,2755.82
2024-05-09,BHSI,Handysize,750.83
2024-05-09,BPI,Panamax,1677.21
2024-05-09,BSI,Supramax,1441.28
2024-05-10,BCI,Capesize,2505.82
2024-05-10,BHSI,Handysize,836.26
2024-05-10,BPI,Panamax,1653.21
2024-05-10,BSI,Supramax,1365.52
2024-05-13,BCI,Capesize,2396.69
2024-05-13,BHSI,Handysize,791.45
2024-05-13,BPI,Panamax,1567.41
2024-05-13,BSI,Supramax,1293.25
2024-05-14,BCI,Capesize,2383.4
2024-05-14,BHSI,Handysize,793.3
2024-05-14,BPI,Panamax,1654.72
2024-05-14,BSI,Supramax,1425.71
2024-05-15,BCI,Capesize,2429.72
2024-05-15,BHSI,Handysize,789.65
2024-05-15,BPI,Panamax,1707.38
2024-05-15,BSI,Supramax,1302.4
2024-05-16,BCI,Capesize,2722.25
2024-05-16,BHSI,Handysize,848.01
2024-05-16,BPI,Panamax,1911.19
2024-05-16,BSI,Supramax,1273.52
2024-05-17,BCI,Capesize,2316.14
2024-05-17,BHSI,Handysize,871.13
2024-05-17,BPI,Panamax,1648.21
2024-05-17,BSI,Supramax,1391.98
2024-05-20,BCI,Capesize,2819.02
2024-05-20,BHSI,Handysize,816.03
2024-05-20,BPI,Panamax,1874.57
2024-05-20,BSI,Supramax,1465.61
2024-05-21,BCI,Capesize,2309.92
2024-05-21,BHSI,Handysize,752.44
2024-05-21,BPI,Panamax,1812.31
2024-05-21,BSI,Supramax,1485.72
2024-05-22,BCI,Capesize,2541.04
2024-05-22,BHSI,Handysize,744.72
2024-05-22,BPI,Panamax,1683.25
2024-05-22,BSI,Supramax,1413.57
2024-05-23,BCI,Capesize,2529.83
2024-05-23,BHSI,Handysize,819.83
2024-05-23,BPI,Panamax,1779.0
2024-05-23,BSI,Supramax,1510.26
2024-05-24,BCI,Capesize,2725.98
2024-05-24,BHSI,Handysize,758.96
2024-05-24,BPI,Panamax,1753.93
2024-05-24,BSI,Supramax,1338.26
2024-05-27,BCI,Capesize,2394.5
2024-05-27,BHSI,Handysize,844.92
2024-05-27,BPI,Panamax,1795.25
2024-05-27,BSI,Supramax,1393.23
2024-05-28,BCI,Capesize,2594.0
2024-05-28,BHSI,Handysize,791.19
2024-05-28,BPI,Panamax,1857.1
2024-05-28,BSI,Supramax,1357.16
2024-05-29,BCI,Capesize,2843.96
2024-05-29,BHSI,Handysize,902.58
2024-05-29,BPI,Panamax,1795.78
2024-05-29,BSI,Supramax,1386.94
2024-05-30,BCI,Capesize,2415.25
2024-05-30,BHSI,Handysize,845.19
2024-05-30,BPI,Panamax,1816.23
2024-05-30,BSI,Supramax,1426.21
2024-05-31,BCI,Capesize,2623.51
2024-05-31,BHSI,Handysize,825.5
2024-05-31,BPI,Panamax,1725.76
2024-05-31,BSI,Supramax,1466.8
2024-06-03,BCI,Capesize,2491.24
2024-06-03,BHSI,Handysize,749.92
2024-06-03,BPI,Panamax,1622.24
2024-06-03,BSI,Supramax,1374.56
2024-06-04,BCI,Capesize,2617.6
2024-06-04,BHSI,Handysize,757.52
2024-06-04,BPI,Panamax,1720.27
2024-06-04,BSI,Supramax,1404.43
2024-06-05,BCI,Capesize,2575.66
2024-06-05,BHSI,Handysize,849.82
2024-06-05,BPI,Panamax,1857.17
2024-06-05,BSI,Supramax,1398.63
2024-06-06,BCI,Capesize,2532.84
2024-06-06,BHSI,Handysize,821.04
2024-06-06,BPI,Panamax,1642.96
2024-06-06,BSI,Supramax,1359.15
2024-06-07,BCI,Capesize,2690.09
2024-06-07,BHSI,Handysize,948.95
2024-06-07,BPI,Panamax,1684.79
2024-06-07,BSI,Supramax,1419.58
2024-06-10,BCI,Capesize,2827.86
2024-06-10,BHSI,Handysize,816.19
2024-06-10,BPI,Panamax,1760.87
2024-06-10,BSI,Supramax,1392.32
2024-06-11,BCI,Capesize,2525.63
2024-06-11,BHSI,Handysize,820.18
2024-06-11,BPI,Panamax,1646.07
2024-06-11,BSI,Supramax,1378.42
2024-06-12,BCI,Capesize,2671.4
2024-06-12,BHSI,Handysize,759.2
2024-06-12,BPI,Panamax,1675.01
2024-06-12,BSI,Supramax,1402.95
2024-06-13,BCI,Capesize,2330.36
2024-06-13,BHSI,Handysize,842.07
2024-06-13,BPI,Panamax,1670.03
2024-06-13,BSI,Supramax,1374.5
2024-06-14,BCI,Capesize,2350.77
2024-06-14,BHSI,Handysize,749.19
2024-06-14,BPI,Panamax,1567.95
2024-06-14,BSI,Supramax,1322.04
2024-06-17,BCI,Capesize,2488.93
2024-06-17,BHSI,Handysize,794.59
2024-06-17,BPI,Panamax,1563.08
2024-06-17,BSI,Supramax,1416.69
2024-06-18,BCI,Capesize,2609.19
2024-06-18,BHSI,Handysize,800.65
2024-06-18,BPI,Panamax,1700.2
2024-06-18,BSI,Supramax,1222.04
2024-06-19,BCI,Capesize,2491.78
2024-06-19,BHSI,Handysize,781.46
2024-06-19,BPI,Panamax,1545.2
2024-06-19,BSI,Supramax,1277.39
2024-06-20,BCI,Capesize,2396.69
2024-06-20,BHSI,Handysize,855.77
2024-06-20,BPI,Panamax,1518.0
2024-06-20,BSI,Supramax,1539.14
2024-06-21,BCI,Capesize,2402.8
2024-06-21,BHSI,Handysize,737.15
2024-06-21,BPI,Panamax,1580.82
2024-06-21,BSI,Supramax,1232.62
2024-06-24,BCI,Capesize,2202.73
2024-06-24,BHSI,Handysize,831.98
2024-06-24,BPI,Panamax,1686.91
2024-06-24,BSI,Supramax,1195.4
2024-06-25,BCI,Capesize,2470.91
2024-06-25,BHSI,Handysize,702.13
2024-06-25,BPI,Panamax,1608.66
2024-06-25,BSI,Supramax,1356.53
2024-06-26,BCI,Capesize,2538.12
2024-06-26,BHSI,Handysize,804.39
2024-06-26,BPI,Panamax,1602.66
2024-06-26,BSI,Supramax,1160.81
2024-06-27,BCI,Capesize,2412.49
2024-06-27,BHSI,Handysize,781.7
2024-06-27,BPI,Panamax,1687.69
2024-06-27,BSI,Supramax,1331.69
2024-06-28,BCI,Capesize,2359.53
2024-06-28,BHSI,Handysize,740.04
2024-06-28,BPI,Panamax,1494.04
2024-06-28,BSI,Supramax,1483.23
2024-07-01,BCI,Capesize,2454.49
2024-07-01,BHSI,Handysize,694.58
2024-07-01,BPI,Panamax,1690.14
2024-07-01,BSI,Supramax,1202.01
2024-07-02,BCI,Capesize,2359.36
2024-07-02,BHSI,Handysize,758.66
2024-07-02,BPI,Panamax,1682.09
2024-07-02,BSI,Supramax,1170.94
2024-07-03,BCI,Capesize,2496.5
2024-07-03,BHSI,Handysize,783.23
2024-07-03,BPI,Panamax,1665.45
2024-07-03,BSI,Supramax,1252.79
2024-07-04,BCI,Capesize,2771.62
2024-07-04,BHSI,Handysize,796.56
2024-07-04,BPI,Panamax,1774.64
2024-07-04,BSI,Supramax,1417.53
2024-07-05,BCI,Capesize,2429.23
2024-07-05,BHSI,Handysize,816.95
2024-07-05,BPI,Panamax,1573.62
2024-07-05,BSI,Supramax,1427.06
2024-07-08,BCI,Capesize,2358.12
2024-07-08,BHSI,Handysize,730.14
2024-07-08,BPI,Panamax,1740.57
2024-07-08,BSI,Supramax,1274.43
2024-07-09,BCI,Capesize,2329.63
2024-07-09,BHSI,Handysize,697.31
2024-07-09,BPI,Panamax,1660.56
2024-07-09,BSI,Supramax,1370.51
2024-07-10,BCI,Capesize,2501.68
2024-07-10,BHSI,Handysize,738.83
2024-07-10,BPI,Panamax,1601.61
2024-07-10,BSI,Supramax,1411.3
2024-07-11,BCI,Capesize,2367.65
2024-07-11,BHSI,Handysize,788.74
2024-07-11,BPI,Panamax,1627.12
2024-07-11,BSI,Supramax,1438.66
2024-07-12,BCI,Capesize,2284.19
2024-07-12,BHSI,Handysize,759.95
2024-07-12,BPI,Panamax,1607.63
2024-07-12,BSI,Supramax,1276.51
2024-07-15,BCI,Capesize,2523.45
2024-07-15,BHSI,Handysize,735.2
2024-07-15,BPI,Panamax,1703.22
2024-07-15,BSI,Supramax,1102.67
2024-07-16,BCI,Capesize,2530.07
2024-07-16,BHSI,Handysize,743.66
2024-07-16,BPI,Panamax,1491.8
2024-07-16,BSI,Supramax,1209.86
2024-07-17,BCI,Capesize,2205.28
2024-07-17,BHSI,Handysize,686.06
2024-07-17,BPI,Panamax,1492.97
2024-07-17,BSI,Supramax,1216.89
2024-07-18,BCI,Capesize,2055.55
2024-07-18,BHSI,Handysize,719.78
2024-07-18,BPI,Panamax,1672.45
2024-07-18,BSI,Supramax,1244.2
2024-07-19,BCI,Capesize,2422.9
2024-07-19,BHSI,Handysize,665.69
2024-07-19,BPI,Panamax,1502.97
2024-07-19,BSI,Supramax,1230.74
2024-07-22,BCI,Capesize,2155.02
2024-07-22,BHSI,Handysize,691.33
2024-07-22,BPI,Panamax,1617.37
2024-07-22,BSI,Supramax,1312.07
2024-07-23,BCI,Capesize,2338.02
2024-07-23,BHSI,Handysize,687.49
2024-07-23,BPI,Panamax,1674.04
2024-07-23,BSI,Supramax,1311.1
2024-07-24,BCI,Capesize,2026.65
2024-07-24,BHSI,Handysize,770.68
2024-07-24,BPI,Panamax,1533.13
2024-07-24,BSI,Supramax,1242.87
2024-07-25,BCI,Capesize,2418.86
2024-07-25,BHSI,Handysize,714.97
2024-07-25,BPI,Panamax,1625.0
2024-07-25,BSI,Supramax,1333.52
2024-07-26,BCI,Capesize,2126.09
2024-07-26,BHSI,Handysize,710.31
2024-07-26,BPI,Panamax,1460.88
2024-07-26,BSI,Supramax,1278.87
2024-07-29,BCI,Capesize,2410.59
2024-07-29,BHSI,Handysize,744.46
2024-07-29,BPI,Panamax,1640.44
2024-07-29,BSI,Supramax,1263.57
2024-07-30,BCI,Capesize,2310.04
2024-07-30,BHSI,Handysize,742.63
2024-07-30,BPI,Panamax,1590.21
2024-07-30,BSI,Supramax,1326.57
2024-07-31,BCI,Capesize,2122.82
2024-07-31,BHSI,Handysize,691.3
2024-07-31,BPI,Panamax,1581.53
2024-07-31,BSI,Supramax,1236.3
2024-08-01,BCI,Capesize,2198.83
2024-08-01,BHSI,Handysize,746.13
2024-08-01,BPI,Panamax,1480.4
2024-08-01,BSI,Supramax,1384.89
2024-08-02,BCI,Capesize,2287.46
2024-08-02,BHSI,Handysize,688.98
2024-08-02,BPI,Panamax,1347.48
2024-08-02,BSI,Supramax,1088.13
2024-08-05,BCI,Capesize,2170.12
2024-08-05,BHSI,Handysize,658.78
2024-08-05,BPI,Panamax,1518.79
2024-08-05,BSI,Supramax,1137.97
2024-08-06,BCI,Capesize,2272.72
2024-08-06,BHSI,Handysize,674.6
2024-08-06,BPI,Panamax,1310.59
2024-08-06,BSI,Supramax,1186.18
2024-08-07,BCI,Capesize,2416.22
2024-08-07,BHSI,Handysize,723.11
2024-08-07,BPI,Panamax,1434.61
2024-08-07,BSI,Supramax,1201.07
2024-08-08,BCI,Capesize,1944.8
2024-08-08,BHSI,Handysize,667.25
2024-08-08,BPI,Panamax,1563.4
2024-08-08,BSI,Supramax,1276.19
2024-08-09,BCI,Capesize,2415.55
2024-08-09,BHSI,Handysize,708.1
2024-08-09,BPI,Panamax,1512.18
2024-08-09,BSI,Supramax,1192.82
2024-08-12,BCI,Capesize,2209.97
2024-08-12,BHSI,Handysize,640.66
2024-08-12,BPI,Panamax,1673.99
2024-08-12,BSI,Supramax,1091.25
2024-08-13,BCI,Capesize,2102.02
2024-08-13,BHSI,Handysize,759.01
2024-08-13,BPI,Panamax,1611.71
2024-08-13,BSI,Supramax,1278.49
2024-08-14,BCI,Capesize,2067.23
2024-08-14,BHSI,Handysize,690.83
2024-08-14,BPI,Panamax,1476.99
2024-08-14,BSI,Supramax,1285.64
2024-08-15,BCI,Capesize,2259.15
2024-08-15,BHSI,Handysize,745.42
2024-08-15,BPI,Panamax,1558.89
2024-08-15,BSI,Supramax,1100.58
2024-08-16,BCI,Capesize,2373.28
2024-08-16,BHSI,Handysize,702.79
2024-08-16,BPI,Panamax,1525.49
2024-08-16,BSI,Supramax,1223.74
2024-08-19,BCI,Capesize,2191.54
2024-08-19,BHSI,Handysize,720.43
2024-08-19,BPI,Panamax,1364.72
2024-08-19,BSI,Supramax,1086.04
2024-08-20,BCI,Capesize,2436.8
2024-08-20,BHSI,Handysize,727.98
2024-08-20,BPI,Panamax,1432.59
2024-08-20,BSI,Supramax,1163.92
2024-08-21,BCI,Capesize,1992.76
2024-08-21,BHSI,Handysize,692.1
2024-08-21,BPI,Panamax,1447.85
2024-08-21,BSI,Supramax,1130.34
2024-08-22,BCI,Capesize,2180.3
2024-08-22,BHSI,Handysize,610.17
2024-08-22,BPI,Panamax,1306.03
2024-08-22,BSI,Supramax,1251.26
2024-08-23,BCI,Capesize,2000.7
2024-08-23,BHSI,Handysize,741.33
2024-08-23,BPI,Panamax,1489.67
2024-08-23,BSI,Supramax,1196.13
2024-08-26,BCI,Capesize,2176.95
2024-08-26,BHSI,Handysize,669.88
2024-08-26,BPI,Panamax,1430.64
2024-08-26,BSI,Supramax,1064.11
2024-08-27,BCI,Capesize,2243.24
2024-08-27,BHSI,Handysize,690.5
2024-08-27,BPI,Panamax,1297.96
2024-08-27,BSI,Supramax,1222.79
2024-08-28,BCI,Capesize,2147.77
2024-08-28,BHSI,Handysize,733.23
2024-08-28,BPI,Panamax,1541.15
2024-08-28,BSI,Supramax,1096.16
2024-08-29,BCI,Capesize,1858.94
2024-08-29,BHSI,Handysize,686.96
2024-08-29,BPI,Panamax,1579.99
2024-08-29,BSI,Supramax,1237.47
2024-08-30,BCI,Capesize,2284.88
2024-08-30,BHSI,Handysize,741.57
2024-08-30,BPI,Panamax,1557.47
2024-08-30,BSI,Supramax,1169.59
2024-09-02,BCI,Capesize,2316.92
2024-09-02,BHSI,Handysize,684.27
2024-09-02,BPI,Panamax,1506.9
2024-09-02,BSI,Supramax,1202.51
2024-09-03,BCI,Capesize,2332.11
2024-09-03,BHSI,Handysize,741.7
2024-09-03,BPI,Panamax,1601.93
2024-09-03,BSI,Supramax,1278.31
2024-09-04,BCI,Capesize,2453.89
2024-09-04,BHSI,Handysize,726.87
2024-09-04,BPI,Panamax,1613.33
2024-09-04,BSI,Supramax,1282.47
2024-09-05,BCI,Capesize,2180.79
2024-09-05,BHSI,Handysize,723.01
2024-09-05,BPI,Panamax,1611.79
2024-09-05,BSI,Supramax,1370.33
2024-09-06,BCI,Capesize,2400.87
2024-09-06,BHSI,Handysize,736.07
2024-09-06,BPI,Panamax,1493.73
2024-09-06,BSI,Supramax,1250.43
2024-09-09,BCI,Capesize,2511.68
2024-09-09,BHSI,Handysize,699.05
2024-09-09,BPI,Panamax,1617.84
2024-09-09,BSI,Supramax,1300.5
2024-09-10,BCI,Capesize,2067.23
2024-09-10,BHSI,Handysize,751.28
2024-09-10,BPI,Panamax,1682.19
2024-09-10,BSI,Supramax,1229.41
2024-09-11,BCI,Capesize,2371.15
2024-09-11,BHSI,Handysize,759.22
2024-09-11,BPI,Panamax,1527.4
2024-09-11,BSI,Supramax,1281.32
2024-09-12,BCI,Capesize,2238.64
2024-09-12,BHSI,Handysize,750.68
2024-09-12,BPI,Panamax,1758.84
2024-09-12,BSI,Supramax,1291.43
2024-09-13,BCI,Capesize,2323.2
2024-09-13,BHSI,Handysize,810.88
2024-09-13,BPI,Panamax,1539.01
2024-09-13,BSI,Supramax,1264.69
2024-09-16,BCI,Capesize,2347.35
2024-09-16,BHSI,Handysize,727.47
2024-09-16,BPI,Panamax,1566.05
2024-09-16,BSI,Supramax,1117.5
2024-09-17,BCI,Capesize,2264.69
2024-09-17,BHSI,Handysize,741.57
2024-09-17,BPI,Panamax,1524.58
2024-09-17,BSI,Supramax,1295.97
2024-09-18,BCI,Capesize,2196.75
2024-09-18,BHSI,Handysize,676.73
2024-09-18,BPI,Panamax,1578.47
2024-09-18,BSI,Supramax,1276.19
2024-09-19,BCI,Capesize,2246.88
2024-09-19,BHSI,Handysize,784.32
2024-09-19,BPI,Panamax,1369.9
2024-09-19,BSI,Supramax,1171.45
2024-09-20,BCI,Capesize,2072.09
2024-09-20,BHSI,Handysize,640.43
2024-09-20,BPI,Panamax,1466.1
2024-09-20,BSI,Supramax,1116.6
2024-09-23,BCI,Capesize,2053.4
2024-09-23,BHSI,Handysize,712.06
2024-09-23,BPI,Panamax,1404.77
2024-09-23,BSI,Supramax,1313.49
2024-09-24,BCI,Capesize,2282.38
2024-09-24,BHSI,Handysize,668.28
2024-09-24,BPI,Panamax,1503.57
2024-09-24,BSI,Supramax,1229.93
2024-09-25,BCI,Capesize,2027.04
2024-09-25,BHSI,Handysize,698.94
2024-09-25,BPI,Panamax,1581.27
2024-09-25,BSI,Supramax,1176.21
2024-09-26,BCI,Capesize,2213.68
2024-09-26,BHSI,Handysize,615.59
2024-09-26,BPI,Panamax,1506.53
2024-09-26,BSI,Supramax,1071.97
2024-09-27,BCI,Capesize,2129.66
2024-09-27,BHSI,Handysize,696.74
2024-09-27,BPI,Panamax,1199.27
2024-09-27,BSI,Supramax,1065.88
2024-09-30,BCI,Capesize,1852.59
2024-09-30,BHSI,Handysize,623.05
2024-09-30,BPI,Panamax,1615.34
2024-09-30,BSI,Supramax,1240.91
2024-10-01,BCI,Capesize,1922.98
2024-10-01,BHSI,Handysize,693.97
2024-10-01,BPI,Panamax,1409.04
2024-10-01,BSI,Supramax,1112.63
2024-10-02,BCI,Capesize,2158.18
2024-10-02,BHSI,Handysize,591.12
2024-10-02,BPI,Panamax,1295.34
2024-10-02,BSI,Supramax,1046.64
2024-10-03,BCI,Capesize,1851.54
2024-10-03,BHSI,Handysize,676.06
2024-10-03,BPI,Panamax,1378.03
2024-10-03,BSI,Supramax,1125.03
2024-10-04,BCI,Capesize,1967.39
2024-10-04,BHSI,Handysize,608.77
2024-10-04,BPI,Panamax,1407.72
2024-10-04,BSI,Supramax,887.68
2024-10-07,BCI,Capesize,2124.28
2024-10-07,BHSI,Handysize,627.24
2024-10-07,BPI,Panamax,1349.37
2024-10-07,BSI,Supramax,1237.26
2024-10-08,BCI,Capesize,2197.5
2024-10-08,BHSI,Handysize,663.89
2024-10-08,BPI,Panamax,1445.37
2024-10-08,BSI,Supramax,1241.29
2024-10-09,BCI,Capesize,2065.37
2024-10-09,BHSI,Handysize,629.91
2024-10-09,BPI,Panamax,1381.11
2024-10-09,BSI,Supramax,1111.67
2024-10-10,BCI,Capesize,2090.2
2024-10-10,BHSI,Handysize,652.14
2024-10-10,BPI,Panamax,1446.52
2024-10-10,BSI,Supramax,1138.77
2024-10-11,BCI,Capesize,2386.47
2024-10-11,BHSI,Handysize,658.32
2024-10-11,BPI,Panamax,1429.84
2024-10-11,BSI,Supramax,996.79
2024-10-14,BCI,Capesize,2455.19
2024-10-14,BHSI,Handysize,718.14
2024-10-14,BPI,Panamax,1378.44
2024-10-14,BSI,Supramax,1095.13
2024-10-15,BCI,Capesize,2352.45
2024-10-15,BHSI,Handysize,704.94
2024-10-15,BPI,Panamax,1522.9
2024-10-15,BSI,Supramax,1107.76
2024-10-16,BCI,Capesize,2208.93
2024-10-16,BHSI,Handysize,701.41
2024-10-16,BPI,Panamax,1550.64
2024-10-16,BSI,Supramax,1208.5
2024-10-17,BCI,Capesize,2114.66
2024-10-17,BHSI,Handysize,694.34
2024-10-17,BPI,Panamax,1564.17
2024-10-17,BSI,Supramax,1190.42
2024-10-18,BCI,Capesize,2120.31
2024-10-18,BHSI,Handysize,736.45
2024-10-18,BPI,Panamax,1597.29
2024-10-18,BSI,Supramax,1118.69
2024-10-21,BCI,Capesize,2251.75
2024-10-21,BHSI,Handysize,740.36
2024-10-21,BPI,Panamax,1515.54
2024-10-21,BSI,Supramax,1167.47
2024-10-22,BCI,Capesize,2265.78
2024-10-22,BHSI,Handysize,728.2
2024-10-22,BPI,Panamax,1456.84
2024-10-22,BSI,Supramax,1241.8
2024-10-23,BCI,Capesize,2339.18
2024-10-23,BHSI,Handysize,672.24
2024-10-23,BPI,Panamax,1539.1
2024-10-23,BSI,Supramax,1209.08
2024-10-24,BCI,Capesize,2179.01
2024-10-24,BHSI,Handysize,609.03
2024-10-24,BPI,Panamax,1306.05
2024-10-24,BSI,Supramax,997.56
2024-10-25,BCI,Capesize,1877.12
2024-10-25,BHSI,Handysize,574.86
2024-10-25,BPI,Panamax,1346.97
2024-10-25,BSI,Supramax,1130.22
2024-10-28,BCI,Capesize,2292.12
2024-10-28,BHSI,Handysize,679.31
2024-10-28,BPI,Panamax,1378.25
2024-10-28,BSI,Supramax,1066.83
2024-10-29,BCI,Capesize,2019.69
2024-10-29,BHSI,Handysize,597.22
2024-10-29,BPI,Panamax,1571.66
2024-10-29,BSI,Supramax,1246.03
2024-10-30,BCI,Capesize,2151.43
2024-10-30,BHSI,Handysize,692.65
2024-10-30,BPI,Panamax,1588.79
2024-10-30,BSI,Supramax,1261.74
2024-10-31,BCI,Capesize,2266.49
2024-10-31,BHSI,Handysize,773.18
2024-10-31,BPI,Panamax,1564.75
2024-10-31,BSI,Supramax,1149.67
2024-11-01,BCI,Capesize,2575.03
2024-11-01,BHSI,Handysize,678.77
2024-11-01,BPI,Panamax,1658.69
2024-11-01,BSI,Supramax,1193.97
2024-11-04,BCI,Capesize,2793.94
2024-11-04,BHSI,Handysize,693.01
2024-11-04,BPI,Panamax,1523.73
2024-11-04,BSI,Supramax,1250.58
2024-11-05,BCI,Capesize,2455.62
2024-11-05,BHSI,Handysize,783.44
2024-11-05,BPI,Panamax,1642.11
2024-11-05,BSI,Supramax,1122.73
2024-11-06,BCI,Capesize,2273.64
2024-11-06,BHSI,Handysize,605.57
2024-11-06,BPI,Panamax,1553.65
2024-11-06,BSI,Supramax,1278.66
2024-11-07,BCI,Capesize,2662.18
2024-11-07,BHSI,Handysize,750.19
2024-11-07,BPI,Panamax,1643.6
2024-11-07,BSI,Supramax,1235.01
2024-11-08,BCI,Capesize,2458.25
2024-11-08,BHSI,Handysize,809.04
2024-11-08,BPI,Panamax,1577.0
2024-11-08,BSI,Supramax,1344.85
2024-11-11,BCI,Capesize,2304.77
2024-11-11,BHSI,Handysize,708.72
2024-11-11,BPI,Panamax,1563.04
2024-11-11,BSI,Supramax,1198.16
2024-11-12,BCI,Capesize,2580.26
2024-11-12,BHSI,Handysize,694.32
2024-11-12,BPI,Panamax,1633.13
2024-11-12,BSI,Supramax,1223.02
2024-11-13,BCI,Capesize,2367.12
2024-11-13,BHSI,Handysize,769.78
2024-11-13,BPI,Panamax,1667.23
2024-11-13,BSI,Supramax,1159.69
2024-11-14,BCI,Capesize,2389.01
2024-11-14,BHSI,Handysize,795.47
2024-11-14,BPI,Panamax,1518.3
2024-11-14,BSI,Supramax,1189.04
2024-11-15,BCI,Capesize,2473.79
2024-11-15,BHSI,Handysize,794.37
2024-11-15,BPI,Panamax,1612.41
2024-11-15,BSI,Supramax,1208.54
2024-11-18,BCI,Capesize,2431.37
2024-11-18,BHSI,Handysize,706.2
2024-11-18,BPI,Panamax,1517.63
2024-11-18,BSI,Supramax,1367.55
2024-11-19,BCI,Capesize,2542.7
2024-11-19,BHSI,Handysize,851.8
2024-11-19,BPI,Panamax,1422.17
2024-11-19,BSI,Supramax,1268.85
2024-11-20,BCI,Capesize,2293.78
2024-11-20,BHSI,Handysize,787.53
2024-11-20,BPI,Panamax,1636.17
2024-11-20,BSI,Supramax,1306.42
2024-11-21,BCI,Capesize,2337.57
2024-11-21,BHSI,Handysize,770.86
2024-11-21,BPI,Panamax,1695.87
2024-11-21,BSI,Supramax,1287.61
2024-11-22,BCI,Capesize,2238.71
2024-11-22,BHSI,Handysize,838.73
2024-11-22,BPI,Panamax,1649.97
2024-11-22,BSI,Supramax,1208.66
2024-11-25,BCI,Capesize,2458.28
2024-11-25,BHSI,Handysize,809.43
2024-11-25,BPI,Panamax,1453.79
2024-11-25,BSI,Supramax,1293.47
2024-11-26,BCI,Capesize,2454.43
2024-11-26,BHSI,Handysize,763.08
2024-11-26,BPI,Panamax,1564.76
2024-11-26,BSI,Supramax,1323.53
2024-11-27,BCI,Capesize,2396.63
2024-11-27,BHSI,Handysize,658.51
2024-11-27,BPI,Panamax,1388.54
2024-11-27,BSI,Supramax,1181.17
2024-11-28,BCI,Capesize,2520.17
2024-11-28,BHSI,Handysize,695.73
2024-11-28,BPI,Panamax,1681.48
2024-11-28,BSI,Supramax,1307.39
2024-11-29,BCI,Capesize,2324.07
2024-11-29,BHSI,Handysize,788.71
2024-11-29,BPI,Panamax,1485.72
2024-11-29,BSI,Supramax,1203.96
2024-12-02,BCI,Capesize,2357.27
2024-12-02,BHSI,Handysize,661.66
2024-12-02,BPI,Panamax,1657.42
2024-12-02,BSI,Supramax,1198.75
2024-12-03,BCI,Capesize,2107.0
2024-12-03,BHSI,Handysize,684.47
2024-12-03,BPI,Panamax,1627.22
2024-12-03,BSI,Supramax,1272.76
2024-12-04,BCI,Capesize,2292.34
2024-12-04,BHSI,Handysize,700.79
2024-12-04,BPI,Panamax,1516.88
2024-12-04,BSI,Supramax,1229.68
2024-12-05,BCI,Capesize,2513.15
2024-12-05,BHSI,Handysize,787.14
2024-12-05,BPI,Panamax,1540.62
2024-12-05,BSI,Supramax,1319.38
2024-12-06,BCI,Capesize,2560.28
2024-12-06,BHSI,Handysize,820.63
2024-12-06,BPI,Panamax,1690.69
2024-12-06,BSI,Supramax,1306.71
2024-12-09,BCI,Capesize,2397.23
2024-12-09,BHSI,Handysize,819.67
2024-12-09,BPI,Panamax,1581.56
2024-12-09,BSI,Supramax,1338.48
2024-12-10,BCI,Capesize,2419.28
2024-12-10,BHSI,Handysize,734.96
2024-12-10,BPI,Panamax,1661.05
2024-12-10,BSI,Supramax,1145.39
2024-12-11,BCI,Capesize,2255.44
2024-12-11,BHSI,Handysize,803.24
2024-12-11,BPI,Panamax,1633.33
2024-12-11,BSI,Supramax,1207.45
2024-12-12,BCI,Capesize,2391.05
2024-12-12,BHSI,Handysize,736.59
2024-12-12,BPI,Panamax,1499.3
2024-12-12,BSI,Supramax,1376.49
2024-12-13,BCI,Capesize,2496.75
2024-12-13,BHSI,Handysize,745.45
2024-12-13,BPI,Panamax,1414.66
2024-12-13,BSI,Supramax,1371.18
2024-12-16,BCI,Capesize,2359.66
2024-12-16,BHSI,Handysize,748.42
2024-12-16,BPI,Panamax,1576.39
2024-12-16,BSI,Supramax,1175.39
2024-12-17,BCI,Capesize,2351.23
2024-12-17,BHSI,Handysize,773.4
2024-12-17,BPI,Panamax,1506.86
2024-12-17,BSI,Supramax,1226.47
2024-12-18,BCI,Capesize,2309.5
2024-12-18,BHSI,Handysize,635.79
2024-12-18,BPI,Panamax,1521.5
2024-12-18,BSI,Supramax,1278.37
2024-12-19,BCI,Capesize,2288.56
2024-12-19,BHSI,Handysize,732.13
2024-12-19,BPI,Panamax,1624.41
2024-12-19,BSI,Supramax,1300.28
2024-12-20,BCI,Capesize,2227.09
2024-12-20,BHSI,Handysize,801.28
2024-12-20,BPI,Panamax,1688.06
2024-12-20,BSI,Supramax,1113.36
2024-12-23,BCI,Capesize,2420.43
2024-12-23,BHSI,Handysize,749.36
2024-12-23,BPI,Panamax,1560.24
2024-12-23,BSI,Supramax,1200.71
2024-12-24,BCI,Capesize,2348.49
2024-12-24,BHSI,Handysize,732.0
2024-12-24,BPI,Panamax,1533.0
2024-12-24,BSI,Supramax,1224.55
2024-12-25,BCI,Capesize,2418.41
2024-12-25,BHSI,Handysize,722.21
2024-12-25,BPI,Panamax,1647.35
2024-12-25,BSI,Supramax,1334.39
2024-12-26,BCI,Capesize,2298.51
2024-12-26,BHSI,Handysize,816.94
2024-12-26,BPI,Panamax,1494.88
2024-12-26,BSI,Supramax,1481.19
2024-12-27,BCI,Capesize,2104.98
2024-12-27,BHSI,Handysize,742.56
2024-12-27,BPI,Panamax,1659.26
2024-12-27,BSI,Supramax,1295.11
2024-12-30,BCI,Capesize,2570.02
2024-12-30,BHSI,Handysize,764.49
2024-12-30,BPI,Panamax,1695.62
2024-12-30,BSI,Supramax,1212.12
2024-12-31,BCI,Capesize,2337.72
2024-12-31,BHSI,Handysize,744.08
2024-12-31,BPI,Panamax,1699.79
2024-12-31,BSI,Supramax,1341.6
2025-01-01,BCI,Capesize,2320.51
2025-01-01,BHSI,Handysize,781.85
2025-01-01,BPI,Panamax,1487.79
2025-01-01,BSI,Supramax,1430.09
2025-01-02,BCI,Capesize,2580.34
2025-01-02,BHSI,Handysize,854.61
2025-01-02,BPI,Panamax,1620.67
2025-01-02,BSI,Supramax,1361.62
2025-01-03,BCI,Capesize,2451.34
2025-01-03,BHSI,Handysize,757.05
2025-01-03,BPI,Panamax,1625.04
2025-01-03,BSI,Supramax,1297.85
2025-01-06,BCI,Capesize,2651.99
2025-01-06,BHSI,Handysize,802.02
2025-01-06,BPI,Panamax,1711.75
2025-01-06,BSI,Supramax,1436.39
2025-01-07,BCI,Capesize,2495.35
2025-01-07,BHSI,Handysize,784.12
2025-01-07,BPI,Panamax,1685.31
2025-01-07,BSI,Supramax,1363.64
2025-01-08,BCI,Capesize,2565.9
2025-01-08,BHSI,Handysize,749.64
2025-01-08,BPI,Panamax,1816.24
2025-01-08,BSI,Supramax,1269.75
2025-01-09,BCI,Capesize,2291.17
2025-01-09,BHSI,Handysize,787.45
2025-01-09,BPI,Panamax,1644.96
2025-01-09,BSI,Supramax,1381.89
2025-01-10,BCI,Capesize,2637.62
2025-01-10,BHSI,Handysize,868.76
2025-01-10,BPI,Panamax,1635.55
2025-01-10,BSI,Supramax,1420.36
2025-01-13,BCI,Capesize,2530.65
2025-01-13,BHSI,Handysize,714.24
2025-01-13,BPI,Panamax,1800.95
2025-01-13,BSI,Supramax,1448.29
2025-01-14,BCI,Capesize,2433.81
2025-01-14,BHSI,Handysize,772.1
2025-01-14,BPI,Panamax,1718.79
2025-01-14,BSI,Supramax,1350.1
2025-01-15,BCI,Capesize,2496.93
2025-01-15,BHSI,Handysize,799.54
2025-01-15,BPI,Panamax,1800.75
2025-01-15,BSI,Supramax,1323.63
2025-01-16,BCI,Capesize,2262.06
2025-01-16,BHSI,Handysize,782.23
2025-01-16,BPI,Panamax,1734.54
2025-01-16,BSI,Supramax,1460.71
2025-01-17,BCI,Capesize,2506.57
2025-01-17,BHSI,Handysize,909.29
2025-01-17,BPI,Panamax,1565.08
2025-01-17,BSI,Supramax,1245.05
2025-01-20,BCI,Capesize,2271.87
2025-01-20,BHSI,Handysize,793.34
2025-01-20,BPI,Panamax,1528.13
2025-01-20,BSI,Supramax,1350.91
2025-01-21,BCI,Capesize,2283.57
2025-01-21,BHSI,Handysize,739.95
2025-01-21,BPI,Panamax,1353.82
2025-01-21,BSI,Supramax,1245.81
2025-01-22,BCI,Capesize,2267.24
2025-01-22,BHSI,Handysize,684.17
2025-01-22,BPI,Panamax,1749.32
2025-01-22,BSI,Supramax,1432.47
2025-01-23,BCI,Capesize,2613.18
2025-01-23,BHSI,Handysize,797.25
2025-01-23,BPI,Panamax,1782.06
2025-01-23,BSI,Supramax,1320.94
2025-01-24,BCI,Capesize,2387.59
2025-01-24,BHSI,Handysize,753.8
2025-01-24,BPI,Panamax,1853.39
2025-01-24,BSI,Supramax,1445.26
2025-01-27,BCI,Capesize,2629.85
2025-01-27,BHSI,Handysize,826.31
2025-01-27,BPI,Panamax,1724.23
2025-01-27,BSI,Supramax,1354.62
2025-01-28,BCI,Capesize,2397.59
2025-01-28,BHSI,Handysize,774.41
2025-01-28,BPI,Panamax,1790.06
2025-01-28,BSI,Supramax,1256.84
2025-01-29,BCI,Capesize,2184.99
2025-01-29,BHSI,Handysize,745.57
2025-01-29,BPI,Panamax,1602.08
2025-01-29,BSI,Supramax,1429.43
2025-01-30,BCI,Capesize,2224.47
2025-01-30,BHSI,Handysize,730.91
2025-01-30,BPI,Panamax,1522.52
2025-01-30,BSI,Supramax,1415.79
2025-01-31,BCI,Capesize,2506.68
2025-01-31,BHSI,Handysize,786.48
2025-01-31,BPI,Panamax,1672.93
2025-01-31,BSI,Supramax,1340.4
2025-02-03,BCI,Capesize,2291.99
2025-02-03,BHSI,Handysize,754.39
2025-02-03,BPI,Panamax,1621.56
2025-02-03,BSI,Supramax,1206.55
2025-02-04,BCI,Capesize,2251.41
2025-02-04,BHSI,Handysize,819.31
2025-02-04,BPI,Panamax,1602.97
2025-02-04,BSI,Supramax,1248.44
2025-02-05,BCI,Capesize,2424.65
2025-02-05,BHSI,Handysize,754.41
2025-02-05,BPI,Panamax,1675.88
2025-02-05,BSI,Supramax,1322.0
2025-02-06,BCI,Capesize,2451.04
2025-02-06,BHSI,Handysize,795.99
2025-02-06,BPI,Panamax,1656.42
2025-02-06,BSI,Supramax,1246.85
2025-02-07,BCI,Capesize,2590.6
2025-02-07,BHSI,Handysize,813.91
2025-02-07,BPI,Panamax,1777.29
2025-02-07,BSI,Supramax,1455.17
2025-02-10,BCI,Capesize,2669.37
2025-02-10,BHSI,Handysize,815.05
2025-02-10,BPI,Panamax,1799.42
2025-02-10,BSI,Supramax,1356.51
2025-02-11,BCI,Capesize,2454.57
2025-02-11,BHSI,Handysize,774.11
2025-02-11,BPI,Panamax,1756.6
2025-02-11,BSI,Supramax,1163.5
2025-02-12,BCI,Capesize,2322.06
2025-02-12,BHSI,Handysize,819.24
2025-02-12,BPI,Panamax,1785.62
2025-02-12,BSI,Supramax,1393.22
2025-02-13,BCI,Capesize,2447.28
2025-02-13,BHSI,Handysize,792.73
2025-02-13,BPI,Panamax,1754.21
2025-02-13,BSI,Supramax,1340.31
2025-02-14,BCI,Capesize,2543.17
2025-02-14,BHSI,Handysize,792.05
2025-02-14,BPI,Panamax,1667.54
2025-02-14,BSI,Supramax,1361.67
2025-02-17,BCI,Capesize,2321.21
2025-02-17,BHSI,Handysize,745.06
2025-02-17,BPI,Panamax,1744.87
2025-02-17,BSI,Supramax,1312.6
2025-02-18,BCI,Capesize,2312.9
2025-02-18,BHSI,Handysize,682.93
2025-02-18,BPI,Panamax,1545.42
2025-02-18,BSI,Supramax,1395.85
2025-02-19,BCI,Capesize,2527.91
2025-02-19,BHSI,Handysize,845.08
2025-02-19,BPI,Panamax,1787.0
2025-02-19,BSI,Supramax,1436.93
2025-02-20,BCI,Capesize,2498.29
2025-02-20,BHSI,Handysize,816.46
2025-02-20,BPI,Panamax,1601.0
2025-02-20,BSI,Supramax,1387.77
2025-02-21,BCI,Capesize,2539.81
2025-02-21,BHSI,Handysize,746.27
2025-02-21,BPI,Panamax,1753.67
2025-02-21,BSI,Supramax,1357.25
2025-02-24,BCI,Capesize,2394.33
2025-02-24,BHSI,Handysize,827.84
2025-02-24,BPI,Panamax,1629.8
2025-02-24,BSI,Supramax,1361.06
2025-02-25,BCI,Capesize,2475.35
2025-02-25,BHSI,Handysize,854.88
2025-02-25,BPI,Panamax,1760.3
2025-02-25,BSI,Supramax,1369.44
2025-02-26,BCI,Capesize,2489.08
2025-02-26,BHSI,Handysize,868.44
2025-02-26,BPI,Panamax,1778.79
2025-02-26,BSI,Supramax,1289.41
2025-02-27,BCI,Capesize,2769.24
2025-02-27,BHSI,Handysize,801.71
2025-02-27,BPI,Panamax,1655.19
2025-02-27,BSI,Supramax,1484.83
2025-02-28,BCI,Capesize,2759.21
2025-02-28,BHSI,Handysize,799.14
2025-02-28,BPI,Panamax,1817.15
2025-02-28,BSI,Supramax,1156.71
2025-03-03,BCI,Capesize,2365.97
2025-03-03,BHSI,Handysize,810.68
2025-03-03,BPI,Panamax,1733.99
2025-03-03,BSI,Supramax,1546.2
2025-03-04,BCI,Capesize,2513.54
2025-03-04,BHSI,Handysize,880.26
2025-03-04,BPI,Panamax,1877.73
2025-03-04,BSI,Supramax,1535.14
2025-03-05,BCI,Capesize,2929.83
2025-03-05,BHSI,Handysize,864.43
2025-03-05,BPI,Panamax,1801.35
2025-03-05,BSI,Supramax,1391.86
2025-03-06,BCI,Capesize,2562.21
2025-03-06,BHSI,Handysize,970.13
2025-03-06,BPI,Panamax,1840.27
2025-03-06,BSI,Supramax,1507.65
2025-03-07,BCI,Capesize,2578.55
2025-03-07,BHSI,Handysize,750.48
2025-03-07,BPI,Panamax,1678.07
2025-03-07,BSI,Supramax,1341.08
2025-03-10,BCI,Capesize,2378.5
2025-03-10,BHSI,Handysize,819.11
2025-03-10,BPI,Panamax,1705.71
2025-03-10,BSI,Supramax,1459.92
2025-03-11,BCI,Capesize,2462.59
2025-03-11,BHSI,Handysize,738.01
2025-03-11,BPI,Panamax,1724.08
2025-03-11,BSI,Supramax,1374.46
2025-03-12,BCI,Capesize,2422.98
2025-03-12,BHSI,Handysize,842.56
2025-03-12,BPI,Panamax,1824.44
2025-03-12,BSI,Supramax,1321.41
2025-03-13,BCI,Capesize,2608.55
2025-03-13,BHSI,Handysize,868.86
2025-03-13,BPI,Panamax,1908.63
2025-03-13,BSI,Supramax,1427.74
2025-03-14,BCI,Capesize,2595.72
2025-03-14,BHSI,Handysize,887.83
2025-03-14,BPI,Panamax,1689.41
2025-03-14,BSI,Supramax,1209.63
2025-03-17,BCI,Capesize,2495.98
2025-03-17,BHSI,Handysize,834.94
2025-03-17,BPI,Panamax,1865.97
2025-03-17,BSI,Supramax,1284.82
2025-03-18,BCI,Capesize,2564.91
2025-03-18,BHSI,Handysize,722.08
2025-03-18,BPI,Panamax,1537.27
2025-03-18,BSI,Supramax,1372.38
2025-03-19,BCI,Capesize,2493.11
2025-03-19,BHSI,Handysize,815.4
2025-03-19,BPI,Panamax,1644.05
2025-03-19,BSI,Supramax,1407.68
2025-03-20,BCI,Capesize,2521.01
2025-03-20,BHSI,Handysize,833.9
2025-03-20,BPI,Panamax,1658.45
2025-03-20,BSI,Supramax,1274.78
2025-03-21,BCI,Capesize,2822.48
2025-03-21,BHSI,Handysize,778.38
2025-03-21,BPI,Panamax,1641.79
2025-03-21,BSI,Supramax,1293.0
2025-03-24,BCI,Capesize,2668.69
2025-03-24,BHSI,Handysize,777.24
2025-03-24,BPI,Panamax,1552.17
2025-03-24,BSI,Supramax,1292.72
2025-03-25,BCI,Capesize,2364.73
2025-03-25,BHSI,Handysize,752.79
2025-03-25,BPI,Panamax,1774.08
2025-03-25,BSI,Supramax,1418.57
2025-03-26,BCI,Capesize,2656.81
2025-03-26,BHSI,Handysize,780.75
2025-03-26,BPI,Panamax,1713.8
2025-03-26,BSI,Supramax,1429.64
2025-03-27,BCI,Capesize,2747.91
2025-03-27,BHSI,Handysize,879.49
2025-03-27,BPI,Panamax,1827.44
2025-03-27,BSI,Supramax,1434.97
2025-03-28,BCI,Capesize,2415.29
2025-03-28,BHSI,Handysize,850.3
2025-03-28,BPI,Panamax,1817.99
2025-03-28,BSI,Supramax,1491.74
2025-03-31,BCI,Capesize,2699.27
2025-03-31,BHSI,Handysize,759.67
2025-03-31,BPI,Panamax,1785.31
2025-03-31,BSI,Supramax,1439.4
2025-04-01,BCI,Capesize,2738.62
2025-04-01,BHSI,Handysize,771.02
2025-04-01,BPI,Panamax,1781.18
2025-04-01,BSI,Supramax,1320.68
2025-04-02,BCI,Capesize,2434.49
2025-04-02,BHSI,Handysize,827.28
2025-04-02,BPI,Panamax,1759.66
2025-04-02,BSI,Supramax,1392.31
2025-04-03,BCI,Capesize,2458.07
2025-04-03,BHSI,Handysize,833.25
2025-04-03,BPI,Panamax,1655.8
2025-04-03,BSI,Supramax,1305.39
2025-04-04,BCI,Capesize,2727.51
2025-04-04,BHSI,Handysize,792.75
2025-04-04,BPI,Panamax,1856.88
2025-04-04,BSI,Supramax,1401.7
2025-04-07,BCI,Capesize,2595.84
2025-04-07,BHSI,Handysize,835.28
2025-04-07,BPI,Panamax,1691.15
2025-04-07,BSI,Supramax,1478.64
2025-04-08,BCI,Capesize,2692.19
2025-04-08,BHSI,Handysize,830.62
2025-04-08,BPI,Panamax,1963.09
2025-04-08,BSI,Supramax,1477.24
2025-04-09,BCI,Capesize,2658.95
2025-04-09,BHSI,Handysize,715.07
2025-04-09,BPI,Panamax,1762.49
2025-04-09,BSI,Supramax,1529.0
2025-04-10,BCI,Capesize,2701.82
2025-04-10,BHSI,Handysize,816.82
2025-04-10,BPI,Panamax,1719.39
2025-04-10,BSI,Supramax,1420.34
2025-04-11,BCI,Capesize,2490.77
2025-04-11,BHSI,Handysize,824.97
2025-04-11,BPI,Panamax,1782.83
2025-04-11,BSI,Supramax,1559.74
2025-04-14,BCI,Capesize,2836.21
2025-04-14,BHSI,Handysize,886.72
2025-04-14,BPI,Panamax,1859.74
2025-04-14,BSI,Supramax,1451.29
2025-04-15,BCI,Capesize,2856.81
2025-04-15,BHSI,Handysize,888.64
2025-04-15,BPI,Panamax,1862.34
2025-04-15,BSI,Supramax,1578.02
2025-04-16,BCI,Capesize,2659.9
2025-04-16,BHSI,Handysize,781.74
2025-04-16,BPI,Panamax,1749.49
2025-04-16,BSI,Supramax,1465.44
2025-04-17,BCI,Capesize,2690.73
2025-04-17,BHSI,Handysize,878.26
2025-04-17,BPI,Panamax,1789.46
2025-04-17,BSI,Supramax,1522.69
2025-04-18,BCI,Capesize,2500.1
2025-04-18,BHSI,Handysize,860.87
2025-04-18,BPI,Panamax,1941.35
2025-04-18,BSI,Supramax,1589.72
2025-04-21,BCI,Capesize,2814.92
2025-04-21,BHSI,Handysize,879.05
2025-04-21,BPI,Panamax,1907.54
2025-04-21,BSI,Supramax,1479.81
2025-04-22,BCI,Capesize,2830.37
2025-04-22,BHSI,Handysize,848.1
2025-04-22,BPI,Panamax,2054.31
2025-04-22,BSI,Supramax,1514.62
2025-04-23,BCI,Capesize,2634.27
2025-04-23,BHSI,Handysize,838.45
2025-04-23,BPI,Panamax,1904.75
2025-04-23,BSI,Supramax,1537.42
2025-04-24,BCI,Capesize,2850.16
2025-04-24,BHSI,Handysize,909.0
2025-04-24,BPI,Panamax,1933.49
2025-04-24,BSI,Supramax,1457.43
2025-04-25,BCI,Capesize,2604.55
2025-04-25,BHSI,Handysize,848.97
2025-04-25,BPI,Panamax,1678.92
2025-04-25,BSI,Supramax,1346.13
2025-04-28,BCI,Capesize,2439.34
2025-04-28,BHSI,Handysize,800.44
2025-04-28,BPI,Panamax,1855.66
2025-04-28,BSI,Supramax,1591.92
2025-04-29,BCI,Capesize,2425.49
2025-04-29,BHSI,Handysize,795.67
2025-04-29,BPI,Panamax,1745.45
2025-04-29,BSI,Supramax,1365.42
2025-04-30,BCI,Capesize,2526.17
2025-04-30,BHSI,Handysize,852.13
2025-04-30,BPI,Panamax,1675.67
2025-04-30,BSI,Supramax,1391.77
2025-05-01,BCI,Capesize,2494.47
2025-05-01,BHSI,Handysize,743.74
2025-05-01,BPI,Panamax,1733.52
2025-05-01,BSI,Supramax,1460.88
2025-05-02,BCI,Capesize,2593.02
2025-05-02,BHSI,Handysize,778.99
2025-05-02,BPI,Panamax,1830.8
2025-05-02,BSI,Supramax,1351.35
2025-05-05,BCI,Capesize,2468.79
2025-05-05,BHSI,Handysize,741.71
2025-05-05,BPI,Panamax,1764.3
2025-05-05,BSI,Supramax,1299.41
2025-05-06,BCI,Capesize,2583.41
2025-05-06,BHSI,Handysize,837.09
2025-05-06,BPI,Panamax,1692.36
2025-05-06,BSI,Supramax,1437.57
2025-05-07,BCI,Capesize,2720.43
2025-05-07,BHSI,Handysize,882.11
2025-05-07,BPI,Panamax,1840.1
2025-05-07,BSI,Supramax,1285.63
2025-05-08,BCI,Capesize,2557.35
2025-05-08,BHSI,Handysize,818.64
2025-05-08,BPI,Panamax,1724.64
2025-05-08,BSI,Supramax,1405.85
2025-05-09,BCI,Capesize,2422.78
2025-05-09,BHSI,Handysize,794.7
2025-05-09,BPI,Panamax,1820.24
2025-05-09,BSI,Supramax,1461.45
2025-05-12,BCI,Capesize,2912.96
2025-05-12,BHSI,Handysize,923.02
2025-05-12,BPI,Panamax,1786.29
2025-05-12,BSI,Supramax,1433.66
2025-05-13,BCI,Capesize,2813.16
2025-05-13,BHSI,Handysize,854.17
2025-05-13,BPI,Panamax,1762.79
2025-05-13,BSI,Supramax,1312.27
2025-05-14,BCI,Capesize,2442.26
2025-05-14,BHSI,Handysize,847.46
2025-05-14,BPI,Panamax,1853.58
2025-05-14,BSI,Supramax,1549.41
2025-05-15,BCI,Capesize,2690.48
2025-05-15,BHSI,Handysize,817.02
2025-05-15,BPI,Panamax,1672.12
2025-05-15,BSI,Supramax,1421.92
2025-05-16,BCI,Capesize,2499.05
2025-05-16,BHSI,Handysize,847.83
2025-05-16,BPI,Panamax,1925.01
2025-05-16,BSI,Supramax,1508.37
2025-05-19,BCI,Capesize,2648.64
2025-05-19,BHSI,Handysize,843.12
2025-05-19,BPI,Panamax,1612.98
2025-05-19,BSI,Supramax,1404.13
2025-05-20,BCI,Capesize,2617.46
2025-05-20,BHSI,Handysize,798.28
2025-05-20,BPI,Panamax,1700.2
2025-05-20,BSI,Supramax,1338.6
2025-05-21,BCI,Capesize,2509.44
2025-05-21,BHSI,Handysize,794.89
2025-05-21,BPI,Panamax,1765.36
2025-05-21,BSI,Supramax,1406.54
2025-05-22,BCI,Capesize,2462.03
2025-05-22,BHSI,Handysize,772.6
2025-05-22,BPI,Panamax,1803.51
2025-05-22,BSI,Supramax,1385.96
2025-05-23,BCI,Capesize,2455.46
2025-05-23,BHSI,Handysize,760.69
2025-05-23,BPI,Panamax,1729.18
2025-05-23,BSI,Supramax,1303.28
2025-05-26,BCI,Capesize,2362.92
2025-05-26,BHSI,Handysize,779.28
2025-05-26,BPI,Panamax,1693.6
2025-05-26,BSI,Supramax,1469.12
2025-05-27,BCI,Capesize,2338.16
2025-05-27,BHSI,Handysize,832.82
2025-05-27,BPI,Panamax,1712.12
2025-05-27,BSI,Supramax,1292.6
2025-05-28,BCI,Capesize,2449.45
2025-05-28,BHSI,Handysize,735.72
2025-05-28,BPI,Panamax,1657.01
2025-05-28,BSI,Supramax,1203.5
2025-05-29,BCI,Capesize,2335.39
2025-05-29,BHSI,Handysize,812.42
2025-05-29,BPI,Panamax,1788.15
2025-05-29,BSI,Supramax,1428.65
2025-05-30,BCI,Capesize,2495.2
2025-05-30,BHSI,Handysize,727.31
2025-05-30,BPI,Panamax,1715.14
2025-05-30,BSI,Supramax,1271.97
2025-06-02,BCI,Capesize,2540.87
2025-06-02,BHSI,Handysize,661.33
2025-06-02,BPI,Panamax,1674.75
2025-06-02,BSI,Supramax,1228.21
2025-06-03,BCI,Capesize,2229.33
2025-06-03,BHSI,Handysize,759.22
2025-06-03,BPI,Panamax,1494.92
2025-06-03,BSI,Supramax,1129.52
2025-06-04,BCI,Capesize,2334.74
2025-06-04,BHSI,Handysize,804.94
2025-06-04,BPI,Panamax,1568.65
2025-06-04,BSI,Supramax,1387.48
2025-06-05,BCI,Capesize,2461.1
2025-06-05,BHSI,Handysize,722.05
2025-06-05,BPI,Panamax,1606.46
2025-06-05,BSI,Supramax,1208.34
2025-06-06,BCI,Capesize,2437.13
2025-06-06,BHSI,Handysize,683.46
2025-06-06,BPI,Panamax,1529.98
2025-06-06,BSI,Supramax,1298.65
2025-06-09,BCI,Capesize,2378.3
2025-06-09,BHSI,Handysize,773.51
2025-06-09,BPI,Panamax,1650.41
2025-06-09,BSI,Supramax,1360.82
2025-06-10,BCI,Capesize,2566.32
2025-06-10,BHSI,Handysize,741.94
2025-06-10,BPI,Panamax,1630.36
2025-06-10,BSI,Supramax,1374.7
2025-06-11,BCI,Capesize,2621.25
2025-06-11,BHSI,Handysize,837.02
2025-06-11,BPI,Panamax,1796.39
2025-06-11,BSI,Supramax,1387.53
2025-06-12,BCI,Capesize,2387.21
2025-06-12,BHSI,Handysize,866.86
2025-06-12,BPI,Panamax,1645.32
2025-06-12,BSI,Supramax,1267.96
2025-06-13,BCI,Capesize,2644.18
2025-06-13,BHSI,Handysize,817.72
2025-06-13,BPI,Panamax,1871.82
2025-06-13,BSI,Supramax,1314.48
2025-06-16,BCI,Capesize,2657.66
2025-06-16,BHSI,Handysize,842.83
2025-06-16,BPI,Panamax,1643.14
2025-06-16,BSI,Supramax,1395.08
2025-06-17,BCI,Capesize,2351.84
2025-06-17,BHSI,Handysize,819.12
2025-06-17,BPI,Panamax,1695.4
2025-06-17,BSI,Supramax,1281.89
2025-06-18,BCI,Capesize,2432.53
2025-06-18,BHSI,Handysize,816.81
2025-06-18,BPI,Panamax,1726.58
2025-06-18,BSI,Supramax,1339.29
2025-06-19,BCI,Capesize,2483.2
2025-06-19,BHSI,Handysize,761.55
2025-06-19,BPI,Panamax,1578.34
2025-06-19,BSI,Supramax,1353.88
2025-06-20,BCI,Capesize,2399.18
2025-06-20,BHSI,Handysize,807.75
2025-06-20,BPI,Panamax,1887.42
2025-06-20,BSI,Supramax,1396.85
2025-06-23,BCI,Capesize,2621.2
2025-06-23,BHSI,Handysize,793.78
2025-06-23,BPI,Panamax,1572.26
2025-06-23,BSI,Supramax,1255.38
2025-06-24,BCI,Capesize,2890.99
2025-06-24,BHSI,Handysize,832.63
2025-06-24,BPI,Panamax,1870.73
2025-06-24,BSI,Supramax,1559.78
2025-06-25,BCI,Capesize,2396.29
2025-06-25,BHSI,Handysize,935.08
2025-06-25,BPI,Panamax,1706.66
2025-06-25,BSI,Supramax,1423.78
2025-06-26,BCI,Capesize,2377.43
2025-06-26,BHSI,Handysize,829.35
2025-06-26,BPI,Panamax,1693.03
2025-06-26,BSI,Supramax,1400.59
2025-06-27,BCI,Capesize,2682.59
2025-06-27,BHSI,Handysize,773.36
2025-06-27,BPI,Panamax,1764.21
2025-06-27,BSI,Supramax,1519.52
2025-06-30,BCI,Capesize,2709.94
2025-06-30,BHSI,Handysize,821.9
2025-06-30,BPI,Panamax,1843.57
2025-06-30,BSI,Supramax,1598.44
2025-07-01,BCI,Capesize,2503.67
2025-07-01,BHSI,Handysize,793.38
2025-07-01,BPI,Panamax,1671.18
2025-07-01,BSI,Supramax,1274.04
2025-07-02,BCI,Capesize,2693.19
2025-07-02,BHSI,Handysize,780.57
2025-07-02,BPI,Panamax,1626.48
2025-07-02,BSI,Supramax,1340.24
2025-07-03,BCI,Capesize,2259.93
2025-07-03,BHSI,Handysize,821.78
2025-07-03,BPI,Panamax,1646.62
2025-07-03,BSI,Supramax,1156.01
2025-07-04,BCI,Capesize,2515.22
2025-07-04,BHSI,Handysize,820.4
2025-07-04,BPI,Panamax,1541.8
2025-07-04,BSI,Supramax,1333.21
2025-07-07,BCI,Capesize,2248.11
2025-07-07,BHSI,Handysize,737.38
2025-07-07,BPI,Panamax,1756.41
2025-07-07,BSI,Supramax,1300.39
2025-07-08,BCI,Capesize,2545.08
2025-07-08,BHSI,Handysize,670.33
2025-07-08,BPI,Panamax,1523.11
2025-07-08,BSI,Supramax,1254.72
2025-07-09,BCI,Capesize,2542.39
2025-07-09,BHSI,Handysize,724.28
2025-07-09,BPI,Panamax,1622.51
2025-07-09,BSI,Supramax,1186.62
2025-07-10,BCI,Capesize,2117.04
2025-07-10,BHSI,Handysize,682.82
2025-07-10,BPI,Panamax,1541.29
2025-07-10,BSI,Supramax,1061.04
2025-07-11,BCI,Capesize,2151.89
2025-07-11,BHSI,Handysize,718.18
2025-07-11,BPI,Panamax,1436.58
2025-07-11,BSI,Supramax,1245.12
2025-07-14,BCI,Capesize,2404.79
2025-07-14,BHSI,Handysize,721.17
2025-07-14,BPI,Panamax,1560.07
2025-07-14,BSI,Supramax,1355.98
2025-07-15,BCI,Capesize,2263.44
2025-07-15,BHSI,Handysize,792.03
2025-07-15,BPI,Panamax,1652.39
2025-07-15,BSI,Supramax,1220.24
2025-07-16,BCI,Capesize,2312.18
2025-07-16,BHSI,Handysize,749.96
2025-07-16,BPI,Panamax,1565.36
2025-07-16,BSI,Supramax,1298.03
2025-07-17,BCI,Capesize,2292.59
2025-07-17,BHSI,Handysize,703.81
2025-07-17,BPI,Panamax,1670.61
2025-07-17,BSI,Supramax,1131.59
2025-07-18,BCI,Capesize,2075.42
2025-07-18,BHSI,Handysize,683.5
2025-07-18,BPI,Panamax,1690.51
2025-07-18,BSI,Supramax,1313.0
2025-07-21,BCI,Capesize,2337.38
2025-07-21,BHSI,Handysize,742.16
2025-07-21,BPI,Panamax,1677.82
2025-07-21,BSI,Supramax,1246.52
2025-07-22,BCI,Capesize,2227.94
2025-07-22,BHSI,Handysize,737.56
2025-07-22,BPI,Panamax,1544.12
2025-07-22,BSI,Supramax,1199.35
2025-07-23,BCI,Capesize,2227.54
2025-07-23,BHSI,Handysize,718.78
2025-07-23,BPI,Panamax,1470.25
2025-07-23,BSI,Supramax,1196.05
2025-07-24,BCI,Capesize,2439.43
2025-07-24,BHSI,Handysize,746.45
2025-07-24,BPI,Panamax,1474.02
2025-07-24,BSI,Supramax,1191.79
2025-07-25,BCI,Capesize,2109.06
2025-07-25,BHSI,Handysize,664.66
2025-07-25,BPI,Panamax,1577.43
2025-07-25,BSI,Supramax,1275.49
2025-07-28,BCI,Capesize,2380.4
2025-07-28,BHSI,Handysize,686.67
2025-07-28,BPI,Panamax,1596.73
2025-07-28,BSI,Supramax,1138.45
2025-07-29,BCI,Capesize,2178.69
2025-07-29,BHSI,Handysize,707.69
2025-07-29,BPI,Panamax,1320.7
2025-07-29,BSI,Supramax,1180.9
2025-07-30,BCI,Capesize,1694.72
2025-07-30,BHSI,Handysize,691.89
2025-07-30,BPI,Panamax,1538.81
2025-07-30,BSI,Supramax,1227.13
2025-07-31,BCI,Capesize,2321.4
2025-07-31,BHSI,Handysize,687.03
2025-07-31,BPI,Panamax,1525.67
2025-07-31,BSI,Supramax,1124.47
2025-08-01,BCI,Capesize,2252.6
2025-08-01,BHSI,Handysize,698.52
2025-08-01,BPI,Panamax,1482.67
2025-08-01,BSI,Supramax,1338.54
2025-08-04,BCI,Capesize,2305.76
2025-08-04,BHSI,Handysize,738.84
2025-08-04,BPI,Panamax,1636.99
2025-08-04,BSI,Supramax,1150.89
2025-08-05,BCI,Capesize,2372.48
2025-08-05,BHSI,Handysize,707.01
2025-08-05,BPI,Panamax,1565.75
2025-08-05,BSI,Supramax,1170.59
2025-08-06,BCI,Capesize,2234.96
2025-08-06,BHSI,Handysize,637.18
2025-08-06,BPI,Panamax,1674.17
2025-08-06,BSI,Supramax,1171.19
2025-08-07,BCI,Capesize,2252.29
2025-08-07,BHSI,Handysize,716.91
2025-08-07,BPI,Panamax,1573.15
2025-08-07,BSI,Supramax,1409.78
2025-08-08,BCI,Capesize,2177.98
2025-08-08,BHSI,Handysize,763.75
2025-08-08,BPI,Panamax,1671.66
2025-08-08,BSI,Supramax,1312.0
2025-08-11,BCI,Capesize,2242.29
2025-08-11,BHSI,Handysize,784.76
2025-08-11,BPI,Panamax,1752.14
2025-08-11,BSI,Supramax,1215.19
2025-08-12,BCI,Capesize,2759.03
2025-08-12,BHSI,Handysize,783.5
2025-08-12,BPI,Panamax,1715.44
2025-08-12,BSI,Supramax,1362.13
2025-08-13,BCI,Capesize,2535.2
2025-08-13,BHSI,Handysize,801.01
2025-08-13,BPI,Panamax,1508.52
2025-08-13,BSI,Supramax,1302.11
2025-08-14,BCI,Capesize,2154.61
2025-08-14,BHSI,Handysize,751.27
2025-08-14,BPI,Panamax,1572.85
2025-08-14,BSI,Supramax,1297.13
2025-08-15,BCI,Capesize,2151.08
2025-08-15,BHSI,Handysize,755.36
2025-08-15,BPI,Panamax,1559.7
2025-08-15,BSI,Supramax,1247.94
2025-08-18,BCI,Capesize,2335.47
2025-08-18,BHSI,Handysize,675.99
2025-08-18,BPI,Panamax,1590.7
2025-08-18,BSI,Supramax,1180.97
2025-08-19,BCI,Capesize,2319.1
2025-08-19,BHSI,Handysize,615.56
2025-08-19,BPI,Panamax,1591.95
2025-08-19,BSI,Supramax,1248.81
2025-08-20,BCI,Capesize,2288.28
2025-08-20,BHSI,Handysize,639.65
2025-08-20,BPI,Panamax,1434.65
2025-08-20,BSI,Supramax,1165.94
2025-08-21,BCI,Capesize,2222.75
2025-08-21,BHSI,Handysize,686.97
2025-08-21,BPI,Panamax,1546.4
2025-08-21,BSI,Supramax,1368.25
2025-08-22,BCI,Capesize,2185.49
2025-08-22,BHSI,Handysize,639.57
2025-08-22,BPI,Panamax,1322.83
2025-08-22,BSI,Supramax,1107.1
2025-08-25,BCI,Capesize,2221.3
2025-08-25,BHSI,Handysize,678.71
2025-08-25,BPI,Panamax,1616.4
2025-08-25,BSI,Supramax,1302.64
2025-08-26,BCI,Capesize,2163.04
2025-08-26,BHSI,Handysize,663.26
2025-08-26,BPI,Panamax,1424.78
2025-08-26,BSI,Supramax,1166.01
2025-08-27,BCI,Capesize,1886.66
2025-08-27,BHSI,Handysize,741.16
2025-08-27,BPI,Panamax,1505.65
2025-08-27,BSI,Supramax,1221.6
2025-08-28,BCI,Capesize,2174.71
2025-08-28,BHSI,Handysize,658.41
2025-08-28,BPI,Panamax,1478.82
2025-08-28,BSI,Supramax,1266.74
2025-08-29,BCI,Capesize,2165.71
2025-08-29,BHSI,Handysize,733.43
2025-08-29,BPI,Panamax,1659.93
2025-08-29,BSI,Supramax,1198.77
2025-09-01,BCI,Capesize,2232.24
2025-09-01,BHSI,Handysize,683.42
2025-09-01,BPI,Panamax,1251.61
2025-09-01,BSI,Supramax,1269.46
2025-09-02,BCI,Capesize,2670.03
2025-09-02,BHSI,Handysize,671.28
2025-09-02,BPI,Panamax,1533.98
2025-09-02,BSI,Supramax,1025.34
2025-09-03,BCI,Capesize,2298.02
2025-09-03,BHSI,Handysize,682.06
2025-09-03,BPI,Panamax,1522.35
2025-09-03,BSI,Supramax,1171.43
2025-09-04,BCI,Capesize,2287.37
2025-09-04,BHSI,Handysize,649.73
2025-09-04,BPI,Panamax,1545.44
2025-09-04,BSI,Supramax,1201.49
2025-09-05,BCI,Capesize,2396.68
2025-09-05,BHSI,Handysize,755.26
2025-09-05,BPI,Panamax,1700.68
2025-09-05,BSI,Supramax,1142.68
2025-09-08,BCI,Capesize,2349.81
2025-09-08,BHSI,Handysize,789.39
2025-09-08,BPI,Panamax,1474.71
2025-09-08,BSI,Supramax,1228.36
2025-09-09,BCI,Capesize,2321.66
2025-09-09,BHSI,Handysize,708.03
2025-09-09,BPI,Panamax,1611.53
2025-09-09,BSI,Supramax,1013.61
2025-09-10,BCI,Capesize,2379.5
2025-09-10,BHSI,Handysize,731.56
2025-09-10,BPI,Panamax,1594.47
2025-09-10,BSI,Supramax,1303.75
2025-09-11,BCI,Capesize,2567.66
2025-09-11,BHSI,Handysize,712.18
2025-09-11,BPI,Panamax,1666.39
2025-09-11,BSI,Supramax,1261.18
2025-09-12,BCI,Capesize,2141.76
2025-09-12,BHSI,Handysize,695.14
2025-09-12,BPI,Panamax,1505.85
2025-09-12,BSI,Supramax,1204.08
2025-09-15,BCI,Capesize,2300.84
2025-09-15,BHSI,Handysize,742.7
2025-09-15,BPI,Panamax,1457.69
2025-09-15,BSI,Supramax,1246.54
2025-09-16,BCI,Capesize,2135.43
2025-09-16,BHSI,Handysize,735.17
2025-09-16,BPI,Panamax,1641.95
2025-09-16,BSI,Supramax,1244.57
2025-09-17,BCI,Capesize,2361.94
2025-09-17,BHSI,Handysize,595.89
2025-09-17,BPI,Panamax,1593.8
2025-09-17,BSI,Supramax,1315.65
2025-09-18,BCI,Capesize,2202.33
2025-09-18,BHSI,Handysize,695.42
2025-09-18,BPI,Panamax,1446.53
2025-09-18,BSI,Supramax,1328.77
2025-09-19,BCI,Capesize,2242.9
2025-09-19,BHSI,Handysize,640.07
2025-09-19,BPI,Panamax,1517.98
2025-09-19,BSI,Supramax,1256.91
2025-09-22,BCI,Capesize,2223.03
2025-09-22,BHSI,Handysize,790.56
2025-09-22,BPI,Panamax,1577.46
2025-09-22,BSI,Supramax,1167.51
2025-09-23,BCI,Capesize,2401.93
2025-09-23,BHSI,Handysize,713.15
2025-09-23,BPI,Panamax,1618.7
2025-09-23,BSI,Supramax,1186.35
2025-09-24,BCI,Capesize,2469.76
2025-09-24,BHSI,Handysize,756.1
2025-09-24,BPI,Panamax,1530.93
2025-09-24,BSI,Supramax,1234.72
2025-09-25,BCI,Capesize,2146.91
2025-09-25,BHSI,Handysize,722.99
2025-09-25,BPI,Panamax,1317.0
2025-09-25,BSI,Supramax,1241.67
2025-09-26,BCI,Capesize,2349.15
2025-09-26,BHSI,Handysize,794.98
2025-09-26,BPI,Panamax,1639.32
2025-09-26,BSI,Supramax,1296.21
2025-09-29,BCI,Capesize,2225.76
2025-09-29,BHSI,Handysize,778.84
2025-09-29,BPI,Panamax,1471.87
2025-09-29,BSI,Supramax,1320.98
2025-09-30,BCI,Capesize,2149.12
2025-09-30,BHSI,Handysize,730.48
2025-09-30,BPI,Panamax,1400.28
2025-09-30,BSI,Supramax,1263.62
2025-10-01,BCI,Capesize,2353.24
2025-10-01,BHSI,Handysize,836.22
2025-10-01,BPI,Panamax,1364.42
2025-10-01,BSI,Supramax,1299.9
2025-10-02,BCI,Capesize,2392.14
2025-10-02,BHSI,Handysize,783.87
2025-10-02,BPI,Panamax,1725.83
2025-10-02,BSI,Supramax,1337.14
2025-10-03,BCI,Capesize,2686.55
2025-10-03,BHSI,Handysize,681.37
2025-10-03,BPI,Panamax,1607.26
2025-10-03,BSI,Supramax,1240.28
2025-10-06,BCI,Capesize,2426.15
2025-10-06,BHSI,Handysize,757.6
2025-10-06,BPI,Panamax,1587.44
2025-10-06,BSI,Supramax,1219.61
2025-10-07,BCI,Capesize,2106.5
2025-10-07,BHSI,Handysize,755.11
2025-10-07,BPI,Panamax,1690.24
2025-10-07,BSI,Supramax,1121.91
2025-10-08,BCI,Capesize,2140.04
2025-10-08,BHSI,Handysize,700.03
2025-10-08,BPI,Panamax,1571.01
2025-10-08,BSI,Supramax,1158.44
2025-10-09,BCI,Capesize,2359.79
2025-10-09,BHSI,Handysize,686.77
2025-10-09,BPI,Panamax,1657.66
2025-10-09,BSI,Supramax,1244.83
2025-10-10,BCI,Capesize,2456.0
2025-10-10,BHSI,Handysize,767.59
2025-10-10,BPI,Panamax,1352.68
2025-10-10,BSI,Supramax,1128.15
2025-10-13,BCI,Capesize,1895.57
2025-10-13,BHSI,Handysize,620.03
2025-10-13,BPI,Panamax,1445.41
2025-10-13,BSI,Supramax,1138.39
2025-10-14,BCI,Capesize,1843.51
2025-10-14,BHSI,Handysize,545.52
2025-10-14,BPI,Panamax,1296.03
2025-10-14,BSI,Supramax,1185.38
2025-10-15,BCI,Capesize,2382.62
2025-10-15,BHSI,Handysize,747.23
2025-10-15,BPI,Panamax,1429.92
2025-10-15,BSI,Supramax,1196.95
2025-10-16,BCI,Capesize,2146.92
2025-10-16,BHSI,Handysize,610.1
2025-10-16,BPI,Panamax,1410.03
2025-10-16,BSI,Supramax,1061.78
2025-10-17,BCI,Capesize,2012.16
2025-10-17,BHSI,Handysize,665.66
2025-10-17,BPI,Panamax,1515.41
2025-10-17,BSI,Supramax,1239.68
2025-10-20,BCI,Capesize,2418.09
2025-10-20,BHSI,Handysize,676.79
2025-10-20,BPI,Panamax,1493.67
2025-10-20,BSI,Supramax,1274.85
2025-10-21,BCI,Capesize,1790.14
2025-10-21,BHSI,Handysize,742.15
2025-10-21,BPI,Panamax,1531.63
2025-10-21,BSI,Supramax,1093.82
2025-10-22,BCI,Capesize,2171.04
2025-10-22,BHSI,Handysize,754.95
2025-10-22,BPI,Panamax,1546.22
2025-10-22,BSI,Supramax,1122.9
2025-10-23,BCI,Capesize,2277.65
2025-10-23,BHSI,Handysize,651.89
2025-10-23,BPI,Panamax,1716.24
2025-10-23,BSI,Supramax,1306.82
2025-10-24,BCI,Capesize,2319.17
2025-10-24,BHSI,Handysize,757.61
2025-10-24,BPI,Panamax,1466.98
2025-10-24,BSI,Supramax,1183.99
2025-10-27,BCI,Capesize,2148.57
2025-10-27,BHSI,Handysize,789.15
2025-10-27,BPI,Panamax,1475.58
2025-10-27,BSI,Supramax,1082.53
2025-10-28,BCI,Capesize,2306.66
2025-10-28,BHSI,Handysize,731.12
2025-10-28,BPI,Panamax,1585.15
2025-10-28,BSI,Supramax,1146.27
2025-10-29,BCI,Capesize,2120.5
2025-10-29,BHSI,Handysize,757.87
2025-10-29,BPI,Panamax,1462.18
2025-10-29,BSI,Supramax,1208.67
2025-10-30,BCI,Capesize,2345.55
2025-10-30,BHSI,Handysize,781.58
2025-10-30,BPI,Panamax,1706.23
2025-10-30,BSI,Supramax,1172.16
2025-10-31,BCI,Capesize,2191.62
2025-10-31,BHSI,Handysize,726.04
2025-10-31,BPI,Panamax,1552.03
2025-10-31,BSI,Supramax,1232.24
2025-11-03,BCI,Capesize,2230.15
2025-11-03,BHSI,Handysize,720.75
2025-11-03,BPI,Panamax,1507.72
2025-11-03,BSI,Supramax,1249.82
2025-11-04,BCI,Capesize,2202.14
2025-11-04,BHSI,Handysize,771.8
2025-11-04,BPI,Panamax,1551.17
2025-11-04,BSI,Supramax,1386.15
2025-11-05,BCI,Capesize,2356.78
2025-11-05,BHSI,Handysize,647.59
2025-11-05,BPI,Panamax,1609.5
2025-11-05,BSI,Supramax,1214.04
2025-11-06,BCI,Capesize,2380.22
2025-11-06,BHSI,Handysize,703.15
2025-11-06,BPI,Panamax,1527.14
2025-11-06,BSI,Supramax,1313.29
2025-11-07,BCI,Capesize,2207.88
2025-11-07,BHSI,Handysize,658.84
2025-11-07,BPI,Panamax,1471.24
2025-11-07,BSI,Supramax,1329.68
2025-11-10,BCI,Capesize,2250.18
2025-11-10,BHSI,Handysize,778.22
2025-11-10,BPI,Panamax,1681.73
2025-11-10,BSI,Supramax,1332.35
2025-11-11,BCI,Capesize,2000.27
2025-11-11,BHSI,Handysize,684.28
2025-11-11,BPI,Panamax,1428.04
2025-11-11,BSI,Supramax,1223.78
2025-11-12,BCI,Capesize,2138.93
2025-11-12,BHSI,Handysize,706.02
2025-11-12,BPI,Panamax,1494.11
2025-11-12,BSI,Supramax,1043.31
2025-11-13,BCI,Capesize,2196.96
2025-11-13,BHSI,Handysize,691.18
2025-11-13,BPI,Panamax,1564.56
2025-11-13,BSI,Supramax,1237.52
2025-11-14,BCI,Capesize,2633.5
2025-11-14,BHSI,Handysize,708.36
2025-11-14,BPI,Panamax,1399.36
2025-11-14,BSI,Supramax,1315.14
2025-11-17,BCI,Capesize,2130.68
2025-11-17,BHSI,Handysize,736.95
2025-11-17,BPI,Panamax,1602.37
2025-11-17,BSI,Supramax,1241.09
2025-11-18,BCI,Capesize,2503.36
2025-11-18,BHSI,Handysize,698.43
2025-11-18,BPI,Panamax,1472.01
2025-11-18,BSI,Supramax,1384.48
2025-11-19,BCI,Capesize,2434.2
2025-11-19,BHSI,Handysize,721.17
2025-11-19,BPI,Panamax,1638.71
2025-11-19,BSI,Supramax,1316.14
2025-11-20,BCI,Capesize,2399.88
2025-11-20,BHSI,Handysize,742.03
2025-11-20,BPI,Panamax,1520.51
2025-11-20,BSI,Supramax,1329.63
2025-11-21,BCI,Capesize,2635.6
2025-11-21,BHSI,Handysize,741.5
2025-11-21,BPI,Panamax,1688.11
2025-11-21,BSI,Supramax,1383.94
2025-11-24,BCI,Capesize,2481.29
2025-11-24,BHSI,Handysize,790.91
2025-11-24,BPI,Panamax,1751.16
2025-11-24,BSI,Supramax,1348.86
2025-11-25,BCI,Capesize,2465.35
2025-11-25,BHSI,Handysize,747.3
2025-11-25,BPI,Panamax,1717.49
2025-11-25,BSI,Supramax,1127.1
2025-11-26,BCI,Capesize,2393.56
2025-11-26,BHSI,Handysize,836.73
2025-11-26,BPI,Panamax,1656.33
2025-11-26,BSI,Supramax,1271.37
2025-11-27,BCI,Capesize,2598.47
2025-11-27,BHSI,Handysize,800.94
2025-11-27,BPI,Panamax,1629.82
2025-11-27,BSI,Supramax,1412.64
2025-11-28,BCI,Capesize,2596.87
2025-11-28,BHSI,Handysize,717.11
2025-11-28,BPI,Panamax,1609.28
2025-11-28,BSI,Supramax,1270.98
2025-12-01,BCI,Capesize,2322.73
2025-12-01,BHSI,Handysize,791.98
2025-12-01,BPI,Panamax,1772.62
2025-12-01,BSI,Supramax,1297.17
2025-12-02,BCI,Capesize,2245.43
2025-12-02,BHSI,Handysize,924.97
2025-12-02,BPI,Panamax,1590.11
2025-12-02,BSI,Supramax,1246.2
2025-12-03,BCI,Capesize,2363.67
2025-12-03,BHSI,Handysize,767.41
2025-12-03,BPI,Panamax,1535.38
2025-12-03,BSI,Supramax,1438.01
2025-12-04,BCI,Capesize,2247.56
2025-12-04,BHSI,Handysize,717.94
2025-12-04,BPI,Panamax,1667.81
2025-12-04,BSI,Supramax,1412.93
2025-12-05,BCI,Capesize,2307.85
2025-12-05,BHSI,Handysize,638.32
2025-12-05,BPI,Panamax,1508.86
2025-12-05,BSI,Supramax,1054.97
2025-12-08,BCI,Capesize,2452.61
2025-12-08,BHSI,Handysize,724.05
2025-12-08,BPI,Panamax,1471.31
2025-12-08,BSI,Supramax,1255.02
2025-12-09,BCI,Capesize,2229.55
2025-12-09,BHSI,Handysize,665.04
2025-12-09,BPI,Panamax,1436.14
2025-12-09,BSI,Supramax,1200.57
2025-12-10,BCI,Capesize,2262.04
2025-12-10,BHSI,Handysize,740.25
2025-12-10,BPI,Panamax,1506.3
2025-12-10,BSI,Supramax,1284.07
2025-12-11,BCI,Capesize,2193.33
2025-12-11,BHSI,Handysize,702.6
2025-12-11,BPI,Panamax,1489.19
2025-12-11,BSI,Supramax,1231.84
2025-12-12,BCI,Capesize,2289.97
2025-12-12,BHSI,Handysize,663.04
2025-12-12,BPI,Panamax,1509.61
2025-12-12,BSI,Supramax,1247.01
2025-12-15,BCI,Capesize,1963.82
2025-12-15,BHSI,Handysize,806.8
2025-12-15,BPI,Panamax,1642.61
2025-12-15,BSI,Supramax,1268.54
2025-12-16,BCI,Capesize,2236.29
2025-12-16,BHSI,Handysize,682.64
2025-12-16,BPI,Panamax,1632.08
2025-12-16,BSI,Supramax,1486.78
2025-12-17,BCI,Capesize,2434.15
2025-12-17,BHSI,Handysize,737.09
2025-12-17,BPI,Panamax,1621.17
2025-12-17,BSI,Supramax,1234.21
2025-12-18,BCI,Capesize,2562.91
2025-12-18,BHSI,Handysize,711.63
2025-12-18,BPI,Panamax,1614.42
2025-12-18,BSI,Supramax,1177.86
2025-12-19,BCI,Capesize,2359.29
2025-12-19,BHSI,Handysize,864.6
2025-12-19,BPI,Panamax,1699.67
2025-12-19,BSI,Supramax,1294.52
2025-12-22,BCI,Capesize,2266.69
2025-12-22,BHSI,Handysize,866.11
2025-12-22,BPI,Panamax,1833.73
2025-12-22,BSI,Supramax,1260.73
2025-12-23,BCI,Capesize,2598.97
2025-12-23,BHSI,Handysize,735.73
2025-12-23,BPI,Panamax,1719.64
2025-12-23,BSI,Supramax,1257.21
2025-12-24,BCI,Capesize,2359.66
2025-12-24,BHSI,Handysize,742.12
2025-12-24,BPI,Panamax,1625.28
2025-12-24,BSI,Supramax,1260.01
2025-12-25,BCI,Capesize,2295.06
2025-12-25,BHSI,Handysize,747.82
2025-12-25,BPI,Panamax,1586.63
2025-12-25,BSI,Supramax,1272.94
2025-12-26,BCI,Capesize,2332.19
2025-12-26,BHSI,Handysize,745.14
2025-12-26,BPI,Panamax,1519.04
2025-12-26,BSI,Supramax,1248.03
2025-12-29,BCI,Capesize,2430.31
2025-12-29,BHSI,Handysize,734.71
2025-12-29,BPI,Panamax,1732.92
2025-12-29,BSI,Supramax,1378.16
2025-12-30,BCI,Capesize,2372.39
2025-12-30,BHSI,Handysize,754.66
2025-12-30,BPI,Panamax,1725.68
2025-12-30,BSI,Supramax,1301.85
2025-12-31,BCI,Capesize,2101.23
2025-12-31,BHSI,Handysize,812.01
2025-12-31,BPI,Panamax,1695.51
2025-12-31,BSI,Supramax,1301.17
