date,origin_port,destination_port,vessel_class,route_distance_nm,freight_rate_usd_per_ton
2024-01-01,Newcastle,Paradip,Panamax,4820,19.65
2024-01-01,Newcastle,Visakhapatnam (Outer),Capesize,4870,15.83
2024-01-01,Newcastle,Visakhapatnam (Inner),Panamax,4870,19.56
2024-01-01,Newcastle,Dhamra,Capesize,4800,15.59
2024-01-01,Newcastle,Gangavaram,Capesize,4880,15.92
2024-01-01,Newcastle,Haldia,Supramax,4950,23.23
2024-01-01,Newcastle,Gopalpur,Panamax,4840,19.4
2024-01-01,Samarinda,Paradip,Panamax,2150,9.7
2024-01-01,Samarinda,Visakhapatnam (Outer),Panamax,2190,9.92
2024-01-01,Samarinda,Visakhapatnam (Inner),Supramax,2190,11.5
2024-01-01,Samarinda,Dhamra,Panamax,2130,9.8
2024-01-01,Samarinda,Gangavaram,Panamax,2200,10.18
2024-01-01,Samarinda,Haldia,Handysize,2280,13.64
2024-01-01,Samarinda,Gopalpur,Supramax,2160,11.55
2024-01-01,Richards Bay,Paradip,Capesize,4450,15.26
2024-01-01,Richards Bay,Visakhapatnam (Outer),Capesize,4410,15.19
2024-01-01,Richards Bay,Visakhapatnam (Inner),Panamax,4410,17.87
2024-01-01,Richards Bay,Dhamra,Capesize,4480,15.26
2024-01-01,Richards Bay,Gangavaram,Capesize,4400,14.76
2024-01-01,Richards Bay,Haldia,Supramax,4580,21.49
2024-01-01,Richards Bay,Gopalpur,Panamax,4430,18.33
2024-01-01,Maputo,Paradip,Panamax,4250,17.06
2024-01-01,Maputo,Visakhapatnam (Outer),Panamax,4210,17.69
2024-01-01,Maputo,Visakhapatnam (Inner),Supramax,4210,19.46
2024-01-01,Maputo,Dhamra,Panamax,4280,17.42
2024-01-01,Maputo,Gangavaram,Panamax,4200,17.14
2024-01-01,Maputo,Haldia,Handysize,4380,23.76
2024-01-01,Maputo,Gopalpur,Supramax,4230,19.54
2024-01-01,Norfolk,Paradip,Capesize,9150,27.63
2024-01-01,Norfolk,Visakhapatnam (Outer),Capesize,9110,27.93
2024-01-01,Norfolk,Visakhapatnam (Inner),Panamax,9110,33.36
2024-01-01,Norfolk,Dhamra,Capesize,9180,27.96
2024-01-01,Norfolk,Gangavaram,Capesize,9100,27.57
2024-01-01,Norfolk,Haldia,Supramax,9280,39.82
2024-01-01,Norfolk,Gopalpur,Panamax,9130,32.88
2024-01-08,Newcastle,Paradip,Panamax,4820,19.98
2024-01-08,Newcastle,Visakhapatnam (Outer),Capesize,4870,16.7
2024-01-08,Newcastle,Visakhapatnam (Inner),Panamax,4870,19.77
2024-01-08,Newcastle,Dhamra,Capesize,4800,16.54
2024-01-08,Newcastle,Gangavaram,Capesize,4880,16.72
2024-01-08,Newcastle,Haldia,Supramax,4950,23.72
2024-01-08,Newcastle,Gopalpur,Panamax,4840,19.75
2024-01-08,Samarinda,Paradip,Panamax,2150,9.95
2024-01-08,Samarinda,Visakhapatnam (Outer),Panamax,2190,10.23
2024-01-08,Samarinda,Visakhapatnam (Inner),Supramax,2190,11.56
2024-01-08,Samarinda,Dhamra,Panamax,2130,10.16
2024-01-08,Samarinda,Gangavaram,Panamax,2200,10.39
2024-01-08,Samarinda,Haldia,Handysize,2280,13.43
2024-01-08,Samarinda,Gopalpur,Supramax,2160,11.82
2024-01-08,Richards Bay,Paradip,Capesize,4450,15.54
2024-01-08,Richards Bay,Visakhapatnam (Outer),Capesize,4410,15.22
2024-01-08,Richards Bay,Visakhapatnam (Inner),Panamax,4410,18.78
2024-01-08,Richards Bay,Dhamra,Capesize,4480,15.53
2024-01-08,Richards Bay,Gangavaram,Capesize,4400,15.51
2024-01-08,Richards Bay,Haldia,Supramax,4580,21.95
2024-01-08,Richards Bay,Gopalpur,Panamax,4430,18.97
2024-01-08,Maputo,Paradip,Panamax,4250,17.7
2024-01-08,Maputo,Visakhapatnam (Outer),Panamax,4210,18.18
2024-01-08,Maputo,Visakhapatnam (Inner),Supramax,4210,20.58
2024-01-08,Maputo,Dhamra,Panamax,4280,18.15
2024-01-08,Maputo,Gangavaram,Panamax,4200,17.68
2024-01-08,Maputo,Haldia,Handysize,4380,23.65
2024-01-08,Maputo,Gopalpur,Supramax,4230,20.6
2024-01-08,Norfolk,Paradip,Capesize,9150,27.93
2024-01-08,Norfolk,Visakhapatnam (Outer),Capesize,9110,28.07
2024-01-08,Norfolk,Visakhapatnam (Inner),Panamax,9110,33.53
2024-01-08,Norfolk,Dhamra,Capesize,9180,28.63
2024-01-08,Norfolk,Gangavaram,Capesize,9100,28.76
2024-01-08,Norfolk,Haldia,Supramax,9280,39.41
2024-01-08,Norfolk,Gopalpur,Panamax,9130,34.94
2024-01-15,Newcastle,Paradip,Panamax,4820,19.96
2024-01-15,Newcastle,Visakhapatnam (Outer),Capesize,4870,16.54
2024-01-15,Newcastle,Visakhapatnam (Inner),Panamax,4870,20.1
2024-01-15,Newcastle,Dhamra,Capesize,4800,16.21
2024-01-15,Newcastle,Gangavaram,Capesize,4880,16.68
2024-01-15,Newcastle,Haldia,Supramax,4950,23.49
2024-01-15,Newcastle,Gopalpur,Panamax,4840,20.07
2024-01-15,Samarinda,Paradip,Panamax,2150,9.95
2024-01-15,Samarinda,Visakhapatnam (Outer),Panamax,2190,10.36
2024-01-15,Samarinda,Visakhapatnam (Inner),Supramax,2190,11.65
2024-01-15,Samarinda,Dhamra,Panamax,2130,9.75
2024-01-15,Samarinda,Gangavaram,Panamax,2200,10.27
2024-01-15,Samarinda,Haldia,Handysize,2280,13.7
2024-01-15,Samarinda,Gopalpur,Supramax,2160,11.45
2024-01-15,Richards Bay,Paradip,Capesize,4450,15.34
2024-01-15,Richards Bay,Visakhapatnam (Outer),Capesize,4410,14.83
2024-01-15,Richards Bay,Visakhapatnam (Inner),Panamax,4410,18.25
2024-01-15,Richards Bay,Dhamra,Capesize,4480,15.13
2024-01-15,Richards Bay,Gangavaram,Capesize,4400,14.83
2024-01-15,Richards Bay,Haldia,Supramax,4580,22.08
2024-01-15,Richards Bay,Gopalpur,Panamax,4430,18.19
2024-01-15,Maputo,Paradip,Panamax,4250,18.24
2024-01-15,Maputo,Visakhapatnam (Outer),Panamax,4210,18.1
2024-01-15,Maputo,Visakhapatnam (Inner),Supramax,4210,19.94
2024-01-15,Maputo,Dhamra,Panamax,4280,18.31
2024-01-15,Maputo,Gangavaram,Panamax,4200,17.63
2024-01-15,Maputo,Haldia,Handysize,4380,23.98
2024-01-15,Maputo,Gopalpur,Supramax,4230,20.43
2024-01-15,Norfolk,Paradip,Capesize,9150,27.57
2024-01-15,Norfolk,Visakhapatnam (Outer),Capesize,9110,28.58
2024-01-15,Norfolk,Visakhapatnam (Inner),Panamax,9110,33.39
2024-01-15,Norfolk,Dhamra,Capesize,9180,27.87
2024-01-15,Norfolk,Gangavaram,Capesize,9100,28.33
2024-01-15,Norfolk,Haldia,Supramax,9280,40.6
2024-01-15,Norfolk,Gopalpur,Panamax,9130,33.73
2024-01-22,Newcastle,Paradip,Panamax,4820,19.76
2024-01-22,Newcastle,Visakhapatnam (Outer),Capesize,4870,16.85
2024-01-22,Newcastle,Visakhapatnam (Inner),Panamax,4870,20.48
2024-01-22,Newcastle,Dhamra,Capesize,4800,16.7
2024-01-22,Newcastle,Gangavaram,Capesize,4880,16.72
2024-01-22,Newcastle,Haldia,Supramax,4950,23.87
2024-01-22,Newcastle,Gopalpur,Panamax,4840,20.15
2024-01-22,Samarinda,Paradip,Panamax,2150,10.18
2024-01-22,Samarinda,Visakhapatnam (Outer),Panamax,2190,10.04
2024-01-22,Samarinda,Visakhapatnam (Inner),Supramax,2190,11.69
2024-01-22,Samarinda,Dhamra,Panamax,2130,10.01
2024-01-22,Samarinda,Gangavaram,Panamax,2200,10.31
2024-01-22,Samarinda,Haldia,Handysize,2280,13.44
2024-01-22,Samarinda,Gopalpur,Supramax,2160,11.8
2024-01-22,Richards Bay,Paradip,Capesize,4450,15.5
2024-01-22,Richards Bay,Visakhapatnam (Outer),Capesize,4410,15.38
2024-01-22,Richards Bay,Visakhapatnam (Inner),Panamax,4410,18.84
2024-01-22,Richards Bay,Dhamra,Capesize,4480,15.41
2024-01-22,Richards Bay,Gangavaram,Capesize,4400,14.98
2024-01-22,Richards Bay,Haldia,Supramax,4580,21.8
2024-01-22,Richards Bay,Gopalpur,Panamax,4430,18.43
2024-01-22,Maputo,Paradip,Panamax,4250,17.62
2024-01-22,Maputo,Visakhapatnam (Outer),Panamax,4210,17.74
2024-01-22,Maputo,Visakhapatnam (Inner),Supramax,4210,20.69
2024-01-22,Maputo,Dhamra,Panamax,4280,18.59
2024-01-22,Maputo,Gangavaram,Panamax,4200,18.15
2024-01-22,Maputo,Haldia,Handysize,4380,23.85
2024-01-22,Maputo,Gopalpur,Supramax,4230,21.14
2024-01-22,Norfolk,Paradip,Capesize,9150,29.19
2024-01-22,Norfolk,Visakhapatnam (Outer),Capesize,9110,28.4
2024-01-22,Norfolk,Visakhapatnam (Inner),Panamax,9110,33.82
2024-01-22,Norfolk,Dhamra,Capesize,9180,29.06
2024-01-22,Norfolk,Gangavaram,Capesize,9100,28.18
2024-01-22,Norfolk,Haldia,Supramax,9280,40.9
2024-01-22,Norfolk,Gopalpur,Panamax,9130,34.4
2024-01-29,Newcastle,Paradip,Panamax,4820,19.56
2024-01-29,Newcastle,Visakhapatnam (Outer),Capesize,4870,16.86
2024-01-29,Newcastle,Visakhapatnam (Inner),Panamax,4870,20.06
2024-01-29,Newcastle,Dhamra,Capesize,4800,16.84
2024-01-29,Newcastle,Gangavaram,Capesize,4880,16.3
2024-01-29,Newcastle,Haldia,Supramax,4950,24.06
2024-01-29,Newcastle,Gopalpur,Panamax,4840,19.89
2024-01-29,Samarinda,Paradip,Panamax,2150,10.29
2024-01-29,Samarinda,Visakhapatnam (Outer),Panamax,2190,10.46
2024-01-29,Samarinda,Visakhapatnam (Inner),Supramax,2190,11.75
2024-01-29,Samarinda,Dhamra,Panamax,2130,10.22
2024-01-29,Samarinda,Gangavaram,Panamax,2200,10.54
2024-01-29,Samarinda,Haldia,Handysize,2280,13.52
2024-01-29,Samarinda,Gopalpur,Supramax,2160,11.46
2024-01-29,Richards Bay,Paradip,Capesize,4450,15.4
2024-01-29,Richards Bay,Visakhapatnam (Outer),Capesize,4410,15.03
2024-01-29,Richards Bay,Visakhapatnam (Inner),Panamax,4410,18.75
2024-01-29,Richards Bay,Dhamra,Capesize,4480,15.72
2024-01-29,Richards Bay,Gangavaram,Capesize,4400,15.52
2024-01-29,Richards Bay,Haldia,Supramax,4580,22.5
2024-01-29,Richards Bay,Gopalpur,Panamax,4430,18.18
2024-01-29,Maputo,Paradip,Panamax,4250,17.66
2024-01-29,Maputo,Visakhapatnam (Outer),Panamax,4210,17.71
2024-01-29,Maputo,Visakhapatnam (Inner),Supramax,4210,20.18
2024-01-29,Maputo,Dhamra,Panamax,4280,17.7
2024-01-29,Maputo,Gangavaram,Panamax,4200,17.81
2024-01-29,Maputo,Haldia,Handysize,4380,23.75
2024-01-29,Maputo,Gopalpur,Supramax,4230,21.07
2024-01-29,Norfolk,Paradip,Capesize,9150,28.77
2024-01-29,Norfolk,Visakhapatnam (Outer),Capesize,9110,28.59
2024-01-29,Norfolk,Visakhapatnam (Inner),Panamax,9110,33.56
2024-01-29,Norfolk,Dhamra,Capesize,9180,28.97
2024-01-29,Norfolk,Gangavaram,Capesize,9100,27.68
2024-01-29,Norfolk,Haldia,Supramax,9280,40.1
2024-01-29,Norfolk,Gopalpur,Panamax,9130,33.9
2024-02-05,Newcastle,Paradip,Panamax,4820,20.18
2024-02-05,Newcastle,Visakhapatnam (Outer),Capesize,4870,16.58
2024-02-05,Newcastle,Visakhapatnam (Inner),Panamax,4870,19.85
2024-02-05,Newcastle,Dhamra,Capesize,4800,16.84
2024-02-05,Newcastle,Gangavaram,Capesize,4880,16.5
2024-02-05,Newcastle,Haldia,Supramax,4950,23.76
2024-02-05,Newcastle,Gopalpur,Panamax,4840,19.99
2024-02-05,Samarinda,Paradip,Panamax,2150,10.08
2024-02-05,Samarinda,Visakhapatnam (Outer),Panamax,2190,10.01
2024-02-05,Samarinda,Visakhapatnam (Inner),Supramax,2190,11.81
2024-02-05,Samarinda,Dhamra,Panamax,2130,9.95
2024-02-05,Samarinda,Gangavaram,Panamax,2200,10.07
2024-02-05,Samarinda,Haldia,Handysize,2280,13.92
2024-02-05,Samarinda,Gopalpur,Supramax,2160,11.6
2024-02-05,Richards Bay,Paradip,Capesize,4450,15.57
2024-02-05,Richards Bay,Visakhapatnam (Outer),Capesize,4410,15.58
2024-02-05,Richards Bay,Visakhapatnam (Inner),Panamax,4410,18.83
2024-02-05,Richards Bay,Dhamra,Capesize,4480,15.77
2024-02-05,Richards Bay,Gangavaram,Capesize,4400,15.02
2024-02-05,Richards Bay,Haldia,Supramax,4580,22.13
2024-02-05,Richards Bay,Gopalpur,Panamax,4430,19.06
2024-02-05,Maputo,Paradip,Panamax,4250,18.09
2024-02-05,Maputo,Visakhapatnam (Outer),Panamax,4210,17.56
2024-02-05,Maputo,Visakhapatnam (Inner),Supramax,4210,20.82
2024-02-05,Maputo,Dhamra,Panamax,4280,18.26
2024-02-05,Maputo,Gangavaram,Panamax,4200,17.56
2024-02-05,Maputo,Haldia,Handysize,4380,23.74
2024-02-05,Maputo,Gopalpur,Supramax,4230,20.74
2024-02-05,Norfolk,Paradip,Capesize,9150,28.73
2024-02-05,Norfolk,Visakhapatnam (Outer),Capesize,9110,28.13
2024-02-05,Norfolk,Visakhapatnam (Inner),Panamax,9110,33.98
2024-02-05,Norfolk,Dhamra,Capesize,9180,28.24
2024-02-05,Norfolk,Gangavaram,Capesize,9100,27.88
2024-02-05,Norfolk,Haldia,Supramax,9280,39.39
2024-02-05,Norfolk,Gopalpur,Panamax,9130,34.26
2024-02-12,Newcastle,Paradip,Panamax,4820,20.31
2024-02-12,Newcastle,Visakhapatnam (Outer),Capesize,4870,17.26
2024-02-12,Newcastle,Visakhapatnam (Inner),Panamax,4870,20.23
2024-02-12,Newcastle,Dhamra,Capesize,4800,17.22
2024-02-12,Newcastle,Gangavaram,Capesize,4880,17.45
2024-02-12,Newcastle,Haldia,Supramax,4950,24.36
2024-02-12,Newcastle,Gopalpur,Panamax,4840,20.71
2024-02-12,Samarinda,Paradip,Panamax,2150,10.21
2024-02-12,Samarinda,Visakhapatnam (Outer),Panamax,2190,10.76
2024-02-12,Samarinda,Visakhapatnam (Inner),Supramax,2190,12.07
2024-02-12,Samarinda,Dhamra,Panamax,2130,10.29
2024-02-12,Samarinda,Gangavaram,Panamax,2200,10.3
2024-02-12,Samarinda,Haldia,Handysize,2280,14.02
2024-02-12,Samarinda,Gopalpur,Supramax,2160,11.83
2024-02-12,Richards Bay,Paradip,Capesize,4450,15.57
2024-02-12,Richards Bay,Visakhapatnam (Outer),Capesize,4410,15.5
2024-02-12,Richards Bay,Visakhapatnam (Inner),Panamax,4410,18.59
2024-02-12,Richards Bay,Dhamra,Capesize,4480,16.06
2024-02-12,Richards Bay,Gangavaram,Capesize,4400,15.44
2024-02-12,Richards Bay,Haldia,Supramax,4580,23.03
2024-02-12,Richards Bay,Gopalpur,Panamax,4430,19.29
2024-02-12,Maputo,Paradip,Panamax,4250,18.59
2024-02-12,Maputo,Visakhapatnam (Outer),Panamax,4210,18.44
2024-02-12,Maputo,Visakhapatnam (Inner),Supramax,4210,20.8
2024-02-12,Maputo,Dhamra,Panamax,4280,18.77
2024-02-12,Maputo,Gangavaram,Panamax,4200,17.93
2024-02-12,Maputo,Haldia,Handysize,4380,24.55
2024-02-12,Maputo,Gopalpur,Supramax,4230,20.99
2024-02-12,Norfolk,Paradip,Capesize,9150,29.17
2024-02-12,Norfolk,Visakhapatnam (Outer),Capesize,9110,29.07
2024-02-12,Norfolk,Visakhapatnam (Inner),Panamax,9110,35.68
2024-02-12,Norfolk,Dhamra,Capesize,9180,29.76
2024-02-12,Norfolk,Gangavaram,Capesize,9100,28.6
2024-02-12,Norfolk,Haldia,Supramax,9280,41.88
2024-02-12,Norfolk,Gopalpur,Panamax,9130,34.9
2024-02-19,Newcastle,Paradip,Panamax,4820,20.22
2024-02-19,Newcastle,Visakhapatnam (Outer),Capesize,4870,16.68
2024-02-19,Newcastle,Visakhapatnam (Inner),Panamax,4870,21.15
2024-02-19,Newcastle,Dhamra,Capesize,4800,16.61
2024-02-19,Newcastle,Gangavaram,Capesize,4880,16.92
2024-02-19,Newcastle,Haldia,Supramax,4950,23.74
2024-02-19,Newcastle,Gopalpur,Panamax,4840,20.32
2024-02-19,Samarinda,Paradip,Panamax,2150,10.53
2024-02-19,Samarinda,Visakhapatnam (Outer),Panamax,2190,10.46
2024-02-19,Samarinda,Visakhapatnam (Inner),Supramax,2190,12.26
2024-02-19,Samarinda,Dhamra,Panamax,2130,10.16
2024-02-19,Samarinda,Gangavaram,Panamax,2200,10.62
2024-02-19,Samarinda,Haldia,Handysize,2280,14.22
2024-02-19,Samarinda,Gopalpur,Supramax,2160,11.73
2024-02-19,Richards Bay,Paradip,Capesize,4450,16.19
2024-02-19,Richards Bay,Visakhapatnam (Outer),Capesize,4410,15.89
2024-02-19,Richards Bay,Visakhapatnam (Inner),Panamax,4410,18.77
2024-02-19,Richards Bay,Dhamra,Capesize,4480,15.69
2024-02-19,Richards Bay,Gangavaram,Capesize,4400,15.66
2024-02-19,Richards Bay,Haldia,Supramax,4580,22.75
2024-02-19,Richards Bay,Gopalpur,Panamax,4430,18.65
2024-02-19,Maputo,Paradip,Panamax,4250,18.15
2024-02-19,Maputo,Visakhapatnam (Outer),Panamax,4210,18.1
2024-02-19,Maputo,Visakhapatnam (Inner),Supramax,4210,21.13
2024-02-19,Maputo,Dhamra,Panamax,4280,18.15
2024-02-19,Maputo,Gangavaram,Panamax,4200,18.15
2024-02-19,Maputo,Haldia,Handysize,4380,24.3
2024-02-19,Maputo,Gopalpur,Supramax,4230,21.14
2024-02-19,Norfolk,Paradip,Capesize,9150,29.33
2024-02-19,Norfolk,Visakhapatnam (Outer),Capesize,9110,28.63
2024-02-19,Norfolk,Visakhapatnam (Inner),Panamax,9110,35.08
2024-02-19,Norfolk,Dhamra,Capesize,9180,29.33
2024-02-19,Norfolk,Gangavaram,Capesize,9100,28.97
2024-02-19,Norfolk,Haldia,Supramax,9280,40.41
2024-02-19,Norfolk,Gopalpur,Panamax,9130,35.33
2024-02-26,Newcastle,Paradip,Panamax,4820,20.2
2024-02-26,Newcastle,Visakhapatnam (Outer),Capesize,4870,16.61
2024-02-26,Newcastle,Visakhapatnam (Inner),Panamax,4870,20.94
2024-02-26,Newcastle,Dhamra,Capesize,4800,16.59
2024-02-26,Newcastle,Gangavaram,Capesize,4880,16.59
2024-02-26,Newcastle,Haldia,Supramax,4950,23.74
2024-02-26,Newcastle,Gopalpur,Panamax,4840,20.08
2024-02-26,Samarinda,Paradip,Panamax,2150,10.02
2024-02-26,Samarinda,Visakhapatnam (Outer),Panamax,2190,10.59
2024-02-26,Samarinda,Visakhapatnam (Inner),Supramax,2190,11.8
2024-02-26,Samarinda,Dhamra,Panamax,2130,10.07
2024-02-26,Samarinda,Gangavaram,Panamax,2200,10.56
2024-02-26,Samarinda,Haldia,Handysize,2280,13.86
2024-02-26,Samarinda,Gopalpur,Supramax,2160,11.92
2024-02-26,Richards Bay,Paradip,Capesize,4450,15.92
2024-02-26,Richards Bay,Visakhapatnam (Outer),Capesize,4410,15.34
2024-02-26,Richards Bay,Visakhapatnam (Inner),Panamax,4410,18.6
2024-02-26,Richards Bay,Dhamra,Capesize,4480,15.67
2024-02-26,Richards Bay,Gangavaram,Capesize,4400,15.62
2024-02-26,Richards Bay,Haldia,Supramax,4580,22.62
2024-02-26,Richards Bay,Gopalpur,Panamax,4430,18.86
2024-02-26,Maputo,Paradip,Panamax,4250,18.59
2024-02-26,Maputo,Visakhapatnam (Outer),Panamax,4210,18.35
2024-02-26,Maputo,Visakhapatnam (Inner),Supramax,4210,20.21
2024-02-26,Maputo,Dhamra,Panamax,4280,18.04
2024-02-26,Maputo,Gangavaram,Panamax,4200,17.71
2024-02-26,Maputo,Haldia,Handysize,4380,24.72
2024-02-26,Maputo,Gopalpur,Supramax,4230,20.33
2024-02-26,Norfolk,Paradip,Capesize,9150,29.15
2024-02-26,Norfolk,Visakhapatnam (Outer),Capesize,9110,29.24
2024-02-26,Norfolk,Visakhapatnam (Inner),Panamax,9110,35.25
2024-02-26,Norfolk,Dhamra,Capesize,9180,28.15
2024-02-26,Norfolk,Gangavaram,Capesize,9100,29.25
2024-02-26,Norfolk,Haldia,Supramax,9280,40.67
2024-02-26,Norfolk,Gopalpur,Panamax,9130,34.51
2024-03-04,Newcastle,Paradip,Panamax,4820,20.84
2024-03-04,Newcastle,Visakhapatnam (Outer),Capesize,4870,17.28
2024-03-04,Newcastle,Visakhapatnam (Inner),Panamax,4870,20.91
2024-03-04,Newcastle,Dhamra,Capesize,4800,17.11
2024-03-04,Newcastle,Gangavaram,Capesize,4880,17.58
2024-03-04,Newcastle,Haldia,Supramax,4950,24.0
2024-03-04,Newcastle,Gopalpur,Panamax,4840,20.52
2024-03-04,Samarinda,Paradip,Panamax,2150,10.34
2024-03-04,Samarinda,Visakhapatnam (Outer),Panamax,2190,10.63
2024-03-04,Samarinda,Visakhapatnam (Inner),Supramax,2190,11.99
2024-03-04,Samarinda,Dhamra,Panamax,2130,10.54
2024-03-04,Samarinda,Gangavaram,Panamax,2200,10.87
2024-03-04,Samarinda,Haldia,Handysize,2280,14.57
2024-03-04,Samarinda,Gopalpur,Supramax,2160,11.89
2024-03-04,Richards Bay,Paradip,Capesize,4450,15.8
2024-03-04,Richards Bay,Visakhapatnam (Outer),Capesize,4410,16.23
2024-03-04,Richards Bay,Visakhapatnam (Inner),Panamax,4410,19.55
2024-03-04,Richards Bay,Dhamra,Capesize,4480,15.91
2024-03-04,Richards Bay,Gangavaram,Capesize,4400,16.2
2024-03-04,Richards Bay,Haldia,Supramax,4580,23.13
2024-03-04,Richards Bay,Gopalpur,Panamax,4430,19.73
2024-03-04,Maputo,Paradip,Panamax,4250,19.0
2024-03-04,Maputo,Visakhapatnam (Outer),Panamax,4210,18.42
2024-03-04,Maputo,Visakhapatnam (Inner),Supramax,4210,21.18
2024-03-04,Maputo,Dhamra,Panamax,4280,18.33
2024-03-04,Maputo,Gangavaram,Panamax,4200,18.57
2024-03-04,Maputo,Haldia,Handysize,4380,25.06
2024-03-04,Maputo,Gopalpur,Supramax,4230,21.21
2024-03-04,Norfolk,Paradip,Capesize,9150,28.96
2024-03-04,Norfolk,Visakhapatnam (Outer),Capesize,9110,29.63
2024-03-04,Norfolk,Visakhapatnam (Inner),Panamax,9110,36.09
2024-03-04,Norfolk,Dhamra,Capesize,9180,30.18
2024-03-04,Norfolk,Gangavaram,Capesize,9100,29.3
2024-03-04,Norfolk,Haldia,Supramax,9280,42.03
2024-03-04,Norfolk,Gopalpur,Panamax,9130,36.46
2024-03-11,Newcastle,Paradip,Panamax,4820,20.97
2024-03-11,Newcastle,Visakhapatnam (Outer),Capesize,4870,17.5
2024-03-11,Newcastle,Visakhapatnam (Inner),Panamax,4870,21.82
2024-03-11,Newcastle,Dhamra,Capesize,4800,17.31
2024-03-11,Newcastle,Gangavaram,Capesize,4880,18.07
2024-03-11,Newcastle,Haldia,Supramax,4950,24.6
2024-03-11,Newcastle,Gopalpur,Panamax,4840,21.46
2024-03-11,Samarinda,Paradip,Panamax,2150,10.61
2024-03-11,Samarinda,Visakhapatnam (Outer),Panamax,2190,10.68
2024-03-11,Samarinda,Visakhapatnam (Inner),Supramax,2190,12.35
2024-03-11,Samarinda,Dhamra,Panamax,2130,10.52
2024-03-11,Samarinda,Gangavaram,Panamax,2200,11.07
2024-03-11,Samarinda,Haldia,Handysize,2280,14.47
2024-03-11,Samarinda,Gopalpur,Supramax,2160,12.47
2024-03-11,Richards Bay,Paradip,Capesize,4450,16.13
2024-03-11,Richards Bay,Visakhapatnam (Outer),Capesize,4410,16.29
2024-03-11,Richards Bay,Visakhapatnam (Inner),Panamax,4410,19.82
2024-03-11,Richards Bay,Dhamra,Capesize,4480,16.23
2024-03-11,Richards Bay,Gangavaram,Capesize,4400,16.31
2024-03-11,Richards Bay,Haldia,Supramax,4580,23.3
2024-03-11,Richards Bay,Gopalpur,Panamax,4430,20.0
2024-03-11,Maputo,Paradip,Panamax,4250,19.16
2024-03-11,Maputo,Visakhapatnam (Outer),Panamax,4210,18.72
2024-03-11,Maputo,Visakhapatnam (Inner),Supramax,4210,21.66
2024-03-11,Maputo,Dhamra,Panamax,4280,19.28
2024-03-11,Maputo,Gangavaram,Panamax,4200,18.83
2024-03-11,Maputo,Haldia,Handysize,4380,25.72
2024-03-11,Maputo,Gopalpur,Supramax,4230,21.76
2024-03-11,Norfolk,Paradip,Capesize,9150,30.55
2024-03-11,Norfolk,Visakhapatnam (Outer),Capesize,9110,29.55
2024-03-11,Norfolk,Visakhapatnam (Inner),Panamax,9110,36.57
2024-03-11,Norfolk,Dhamra,Capesize,9180,30.95
2024-03-11,Norfolk,Gangavaram,Capesize,9100,30.44
2024-03-11,Norfolk,Haldia,Supramax,9280,43.66
2024-03-11,Norfolk,Gopalpur,Panamax,9130,36.78
2024-03-18,Newcastle,Paradip,Panamax,4820,20.77
2024-03-18,Newcastle,Visakhapatnam (Outer),Capesize,4870,17.58
2024-03-18,Newcastle,Visakhapatnam (Inner),Panamax,4870,20.64
2024-03-18,Newcastle,Dhamra,Capesize,4800,17.35
2024-03-18,Newcastle,Gangavaram,Capesize,4880,17.53
2024-03-18,Newcastle,Haldia,Supramax,4950,24.06
2024-03-18,Newcastle,Gopalpur,Panamax,4840,20.6
2024-03-18,Samarinda,Paradip,Panamax,2150,10.56
2024-03-18,Samarinda,Visakhapatnam (Outer),Panamax,2190,10.68
2024-03-18,Samarinda,Visakhapatnam (Inner),Supramax,2190,12.47
2024-03-18,Samarinda,Dhamra,Panamax,2130,10.63
2024-03-18,Samarinda,Gangavaram,Panamax,2200,10.94
2024-03-18,Samarinda,Haldia,Handysize,2280,14.22
2024-03-18,Samarinda,Gopalpur,Supramax,2160,11.87
2024-03-18,Richards Bay,Paradip,Capesize,4450,16.24
2024-03-18,Richards Bay,Visakhapatnam (Outer),Capesize,4410,16.24
2024-03-18,Richards Bay,Visakhapatnam (Inner),Panamax,4410,19.46
2024-03-18,Richards Bay,Dhamra,Capesize,4480,16.18
2024-03-18,Richards Bay,Gangavaram,Capesize,4400,16.25
2024-03-18,Richards Bay,Haldia,Supramax,4580,23.19
2024-03-18,Richards Bay,Gopalpur,Panamax,4430,19.9
2024-03-18,Maputo,Paradip,Panamax,4250,18.97
2024-03-18,Maputo,Visakhapatnam (Outer),Panamax,4210,19.0
2024-03-18,Maputo,Visakhapatnam (Inner),Supramax,4210,21.2
2024-03-18,Maputo,Dhamra,Panamax,4280,18.68
2024-03-18,Maputo,Gangavaram,Panamax,4200,18.24
2024-03-18,Maputo,Haldia,Handysize,4380,25.47
2024-03-18,Maputo,Gopalpur,Supramax,4230,21.41
2024-03-18,Norfolk,Paradip,Capesize,9150,29.59
2024-03-18,Norfolk,Visakhapatnam (Outer),Capesize,9110,30.28
2024-03-18,Norfolk,Visakhapatnam (Inner),Panamax,9110,36.0
2024-03-18,Norfolk,Dhamra,Capesize,9180,29.99
2024-03-18,Norfolk,Gangavaram,Capesize,9100,28.95
2024-03-18,Norfolk,Haldia,Supramax,9280,41.98
2024-03-18,Norfolk,Gopalpur,Panamax,9130,36.17
2024-03-25,Newcastle,Paradip,Panamax,4820,21.28
2024-03-25,Newcastle,Visakhapatnam (Outer),Capesize,4870,18.16
2024-03-25,Newcastle,Visakhapatnam (Inner),Panamax,4870,22.13
2024-03-25,Newcastle,Dhamra,Capesize,4800,17.36
2024-03-25,Newcastle,Gangavaram,Capesize,4880,17.4
2024-03-25,Newcastle,Haldia,Supramax,4950,25.22
2024-03-25,Newcastle,Gopalpur,Panamax,4840,21.11
2024-03-25,Samarinda,Paradip,Panamax,2150,10.87
2024-03-25,Samarinda,Visakhapatnam (Outer),Panamax,2190,11.03
2024-03-25,Samarinda,Visakhapatnam (Inner),Supramax,2190,12.87
2024-03-25,Samarinda,Dhamra,Panamax,2130,10.51
2024-03-25,Samarinda,Gangavaram,Panamax,2200,11.01
2024-03-25,Samarinda,Haldia,Handysize,2280,15.0
2024-03-25,Samarinda,Gopalpur,Supramax,2160,12.2
2024-03-25,Richards Bay,Paradip,Capesize,4450,16.63
2024-03-25,Richards Bay,Visakhapatnam (Outer),Capesize,4410,16.71
2024-03-25,Richards Bay,Visakhapatnam (Inner),Panamax,4410,19.83
2024-03-25,Richards Bay,Dhamra,Capesize,4480,16.62
2024-03-25,Richards Bay,Gangavaram,Capesize,4400,16.72
2024-03-25,Richards Bay,Haldia,Supramax,4580,23.15
2024-03-25,Richards Bay,Gopalpur,Panamax,4430,19.99
2024-03-25,Maputo,Paradip,Panamax,4250,19.35
2024-03-25,Maputo,Visakhapatnam (Outer),Panamax,4210,19.31
2024-03-25,Maputo,Visakhapatnam (Inner),Supramax,4210,21.85
2024-03-25,Maputo,Dhamra,Panamax,4280,19.57
2024-03-25,Maputo,Gangavaram,Panamax,4200,19.36
2024-03-25,Maputo,Haldia,Handysize,4380,25.93
2024-03-25,Maputo,Gopalpur,Supramax,4230,21.45
2024-03-25,Norfolk,Paradip,Capesize,9150,29.9
2024-03-25,Norfolk,Visakhapatnam (Outer),Capesize,9110,30.15
2024-03-25,Norfolk,Visakhapatnam (Inner),Panamax,9110,36.83
2024-03-25,Norfolk,Dhamra,Capesize,9180,30.05
2024-03-25,Norfolk,Gangavaram,Capesize,9100,30.48
2024-03-25,Norfolk,Haldia,Supramax,9280,43.1
2024-03-25,Norfolk,Gopalpur,Panamax,9130,36.03
2024-04-01,Newcastle,Paradip,Panamax,4820,22.12
2024-04-01,Newcastle,Visakhapatnam (Outer),Capesize,4870,18.25
2024-04-01,Newcastle,Visakhapatnam (Inner),Panamax,4870,22.3
2024-04-01,Newcastle,Dhamra,Capesize,4800,18.39
2024-04-01,Newcastle,Gangavaram,Capesize,4880,18.1
2024-04-01,Newcastle,Haldia,Supramax,4950,26.37
2024-04-01,Newcastle,Gopalpur,Panamax,4840,22.61
2024-04-01,Samarinda,Paradip,Panamax,2150,11.24
2024-04-01,Samarinda,Visakhapatnam (Outer),Panamax,2190,11.23
2024-04-01,Samarinda,Visakhapatnam (Inner),Supramax,2190,12.88
2024-04-01,Samarinda,Dhamra,Panamax,2130,11.18
2024-04-01,Samarinda,Gangavaram,Panamax,2200,11.19
2024-04-01,Samarinda,Haldia,Handysize,2280,15.07
2024-04-01,Samarinda,Gopalpur,Supramax,2160,13.04
2024-04-01,Richards Bay,Paradip,Capesize,4450,16.78
2024-04-01,Richards Bay,Visakhapatnam (Outer),Capesize,4410,16.58
2024-04-01,Richards Bay,Visakhapatnam (Inner),Panamax,4410,20.46
2024-04-01,Richards Bay,Dhamra,Capesize,4480,16.84
2024-04-01,Richards Bay,Gangavaram,Capesize,4400,16.95
2024-04-01,Richards Bay,Haldia,Supramax,4580,24.4
2024-04-01,Richards Bay,Gopalpur,Panamax,4430,21.05
2024-04-01,Maputo,Paradip,Panamax,4250,19.56
2024-04-01,Maputo,Visakhapatnam (Outer),Panamax,4210,19.47
2024-04-01,Maputo,Visakhapatnam (Inner),Supramax,4210,22.11
2024-04-01,Maputo,Dhamra,Panamax,4280,19.76
2024-04-01,Maputo,Gangavaram,Panamax,4200,19.6
2024-04-01,Maputo,Haldia,Handysize,4380,26.96
2024-04-01,Maputo,Gopalpur,Supramax,4230,22.57
2024-04-01,Norfolk,Paradip,Capesize,9150,31.0
2024-04-01,Norfolk,Visakhapatnam (Outer),Capesize,9110,31.17
2024-04-01,Norfolk,Visakhapatnam (Inner),Panamax,9110,37.27
2024-04-01,Norfolk,Dhamra,Capesize,9180,32.0
2024-04-01,Norfolk,Gangavaram,Capesize,9100,31.77
2024-04-01,Norfolk,Haldia,Supramax,9280,43.46
2024-04-01,Norfolk,Gopalpur,Panamax,9130,37.73
2024-04-08,Newcastle,Paradip,Panamax,4820,22.52
2024-04-08,Newcastle,Visakhapatnam (Outer),Capesize,4870,18.85
2024-04-08,Newcastle,Visakhapatnam (Inner),Panamax,4870,22.31
2024-04-08,Newcastle,Dhamra,Capesize,4800,18.36
2024-04-08,Newcastle,Gangavaram,Capesize,4880,18.35
2024-04-08,Newcastle,Haldia,Supramax,4950,26.9
2024-04-08,Newcastle,Gopalpur,Panamax,4840,22.46
2024-04-08,Samarinda,Paradip,Panamax,2150,11.63
2024-04-08,Samarinda,Visakhapatnam (Outer),Panamax,2190,11.61
2024-04-08,Samarinda,Visakhapatnam (Inner),Supramax,2190,13.09
2024-04-08,Samarinda,Dhamra,Panamax,2130,11.17
2024-04-08,Samarinda,Gangavaram,Panamax,2200,11.47
2024-04-08,Samarinda,Haldia,Handysize,2280,15.26
2024-04-08,Samarinda,Gopalpur,Supramax,2160,12.87
2024-04-08,Richards Bay,Paradip,Capesize,4450,17.59
2024-04-08,Richards Bay,Visakhapatnam (Outer),Capesize,4410,17.23
2024-04-08,Richards Bay,Visakhapatnam (Inner),Panamax,4410,20.67
2024-04-08,Richards Bay,Dhamra,Capesize,4480,17.17
2024-04-08,Richards Bay,Gangavaram,Capesize,4400,17.34
2024-04-08,Richards Bay,Haldia,Supramax,4580,24.46
2024-04-08,Richards Bay,Gopalpur,Panamax,4430,20.88
2024-04-08,Maputo,Paradip,Panamax,4250,20.79
2024-04-08,Maputo,Visakhapatnam (Outer),Panamax,4210,19.87
2024-04-08,Maputo,Visakhapatnam (Inner),Supramax,4210,22.56
2024-04-08,Maputo,Dhamra,Panamax,4280,20.69
2024-04-08,Maputo,Gangavaram,Panamax,4200,20.35
2024-04-08,Maputo,Haldia,Handysize,4380,27.22
2024-04-08,Maputo,Gopalpur,Supramax,4230,22.64
2024-04-08,Norfolk,Paradip,Capesize,9150,31.32
2024-04-08,Norfolk,Visakhapatnam (Outer),Capesize,9110,31.24
2024-04-08,Norfolk,Visakhapatnam (Inner),Panamax,9110,39.03
2024-04-08,Norfolk,Dhamra,Capesize,9180,32.1
2024-04-08,Norfolk,Gangavaram,Capesize,9100,31.55
2024-04-08,Norfolk,Haldia,Supramax,9280,45.08
2024-04-08,Norfolk,Gopalpur,Panamax,9130,39.0
2024-04-15,Newcastle,Paradip,Panamax,4820,23.31
2024-04-15,Newcastle,Visakhapatnam (Outer),Capesize,4870,19.47
2024-04-15,Newcastle,Visakhapatnam (Inner),Panamax,4870,22.73
2024-04-15,Newcastle,Dhamra,Capesize,4800,18.89
2024-04-15,Newcastle,Gangavaram,Capesize,4880,19.54
2024-04-15,Newcastle,Haldia,Supramax,4950,27.31
2024-04-15,Newcastle,Gopalpur,Panamax,4840,22.83
2024-04-15,Samarinda,Paradip,Panamax,2150,11.88
2024-04-15,Samarinda,Visakhapatnam (Outer),Panamax,2190,11.79
2024-04-15,Samarinda,Visakhapatnam (Inner),Supramax,2190,13.55
2024-04-15,Samarinda,Dhamra,Panamax,2130,11.38
2024-04-15,Samarinda,Gangavaram,Panamax,2200,11.7
2024-04-15,Samarinda,Haldia,Handysize,2280,15.64
2024-04-15,Samarinda,Gopalpur,Supramax,2160,13.09
2024-04-15,Richards Bay,Paradip,Capesize,4450,17.6
2024-04-15,Richards Bay,Visakhapatnam (Outer),Capesize,4410,17.66
2024-04-15,Richards Bay,Visakhapatnam (Inner),Panamax,4410,21.36
2024-04-15,Richards Bay,Dhamra,Capesize,4480,17.72
2024-04-15,Richards Bay,Gangavaram,Capesize,4400,17.16
2024-04-15,Richards Bay,Haldia,Supramax,4580,25.86
2024-04-15,Richards Bay,Gopalpur,Panamax,4430,21.36
2024-04-15,Maputo,Paradip,Panamax,4250,20.22
2024-04-15,Maputo,Visakhapatnam (Outer),Panamax,4210,21.01
2024-04-15,Maputo,Visakhapatnam (Inner),Supramax,4210,23.84
2024-04-15,Maputo,Dhamra,Panamax,4280,20.87
2024-04-15,Maputo,Gangavaram,Panamax,4200,20.08
2024-04-15,Maputo,Haldia,Handysize,4380,27.15
2024-04-15,Maputo,Gopalpur,Supramax,4230,23.88
2024-04-15,Norfolk,Paradip,Capesize,9150,32.27
2024-04-15,Norfolk,Visakhapatnam (Outer),Capesize,9110,32.51
2024-04-15,Norfolk,Visakhapatnam (Inner),Panamax,9110,40.01
2024-04-15,Norfolk,Dhamra,Capesize,9180,32.6
2024-04-15,Norfolk,Gangavaram,Capesize,9100,32.27
2024-04-15,Norfolk,Haldia,Supramax,9280,46.22
2024-04-15,Norfolk,Gopalpur,Panamax,9130,40.4
2024-04-22,Newcastle,Paradip,Panamax,4820,22.97
2024-04-22,Newcastle,Visakhapatnam (Outer),Capesize,4870,19.23
2024-04-22,Newcastle,Visakhapatnam (Inner),Panamax,4870,23.76
2024-04-22,Newcastle,Dhamra,Capesize,4800,19.08
2024-04-22,Newcastle,Gangavaram,Capesize,4880,19.66
2024-04-22,Newcastle,Haldia,Supramax,4950,27.03
2024-04-22,Newcastle,Gopalpur,Panamax,4840,23.52
2024-04-22,Samarinda,Paradip,Panamax,2150,11.71
2024-04-22,Samarinda,Visakhapatnam (Outer),Panamax,2190,11.86
2024-04-22,Samarinda,Visakhapatnam (Inner),Supramax,2190,13.39
2024-04-22,Samarinda,Dhamra,Panamax,2130,11.41
2024-04-22,Samarinda,Gangavaram,Panamax,2200,11.93
2024-04-22,Samarinda,Haldia,Handysize,2280,15.72
2024-04-22,Samarinda,Gopalpur,Supramax,2160,13.69
2024-04-22,Richards Bay,Paradip,Capesize,4450,17.87
2024-04-22,Richards Bay,Visakhapatnam (Outer),Capesize,4410,17.43
2024-04-22,Richards Bay,Visakhapatnam (Inner),Panamax,4410,22.04
2024-04-22,Richards Bay,Dhamra,Capesize,4480,17.81
2024-04-22,Richards Bay,Gangavaram,Capesize,4400,17.34
2024-04-22,Richards Bay,Haldia,Supramax,4580,26.02
2024-04-22,Richards Bay,Gopalpur,Panamax,4430,21.29
2024-04-22,Maputo,Paradip,Panamax,4250,20.92
2024-04-22,Maputo,Visakhapatnam (Outer),Panamax,4210,20.25
2024-04-22,Maputo,Visakhapatnam (Inner),Supramax,4210,23.66
2024-04-22,Maputo,Dhamra,Panamax,4280,20.61
2024-04-22,Maputo,Gangavaram,Panamax,4200,20.61
2024-04-22,Maputo,Haldia,Handysize,4380,28.13
2024-04-22,Maputo,Gopalpur,Supramax,4230,23.48
2024-04-22,Norfolk,Paradip,Capesize,9150,33.47
2024-04-22,Norfolk,Visakhapatnam (Outer),Capesize,9110,32.24
2024-04-22,Norfolk,Visakhapatnam (Inner),Panamax,9110,40.27
2024-04-22,Norfolk,Dhamra,Capesize,9180,32.99
2024-04-22,Norfolk,Gangavaram,Capesize,9100,32.87
2024-04-22,Norfolk,Haldia,Supramax,9280,47.47
2024-04-22,Norfolk,Gopalpur,Panamax,9130,40.57
2024-04-29,Newcastle,Paradip,Panamax,4820,23.01
2024-04-29,Newcastle,Visakhapatnam (Outer),Capesize,4870,19.82
2024-04-29,Newcastle,Visakhapatnam (Inner),Panamax,4870,24.07
2024-04-29,Newcastle,Dhamra,Capesize,4800,18.94
2024-04-29,Newcastle,Gangavaram,Capesize,4880,19.45
2024-04-29,Newcastle,Haldia,Supramax,4950,28.29
2024-04-29,Newcastle,Gopalpur,Panamax,4840,23.1
2024-04-29,Samarinda,Paradip,Panamax,2150,11.63
2024-04-29,Samarinda,Visakhapatnam (Outer),Panamax,2190,11.9
2024-04-29,Samarinda,Visakhapatnam (Inner),Supramax,2190,14.0
2024-04-29,Samarinda,Dhamra,Panamax,2130,11.73
2024-04-29,Samarinda,Gangavaram,Panamax,2200,11.89
2024-04-29,Samarinda,Haldia,Handysize,2280,16.38
2024-04-29,Samarinda,Gopalpur,Supramax,2160,13.91
2024-04-29,Richards Bay,Paradip,Capesize,4450,18.05
2024-04-29,Richards Bay,Visakhapatnam (Outer),Capesize,4410,18.34
2024-04-29,Richards Bay,Visakhapatnam (Inner),Panamax,4410,21.36
2024-04-29,Richards Bay,Dhamra,Capesize,4480,18.28
2024-04-29,Richards Bay,Gangavaram,Capesize,4400,17.91
2024-04-29,Richards Bay,Haldia,Supramax,4580,26.33
2024-04-29,Richards Bay,Gopalpur,Panamax,4430,21.44
2024-04-29,Maputo,Paradip,Panamax,4250,21.29
2024-04-29,Maputo,Visakhapatnam (Outer),Panamax,4210,21.16
2024-04-29,Maputo,Visakhapatnam (Inner),Supramax,4210,24.27
2024-04-29,Maputo,Dhamra,Panamax,4280,21.22
2024-04-29,Maputo,Gangavaram,Panamax,4200,21.13
2024-04-29,Maputo,Haldia,Handysize,4380,28.46
2024-04-29,Maputo,Gopalpur,Supramax,4230,24.06
2024-04-29,Norfolk,Paradip,Capesize,9150,33.29
2024-04-29,Norfolk,Visakhapatnam (Outer),Capesize,9110,33.28
2024-04-29,Norfolk,Visakhapatnam (Inner),Panamax,9110,39.59
2024-04-29,Norfolk,Dhamra,Capesize,9180,33.96
2024-04-29,Norfolk,Gangavaram,Capesize,9100,33.66
2024-04-29,Norfolk,Haldia,Supramax,9280,47.3
2024-04-29,Norfolk,Gopalpur,Panamax,9130,39.64
2024-05-06,Newcastle,Paradip,Panamax,4820,22.96
2024-05-06,Newcastle,Visakhapatnam (Outer),Capesize,4870,19.15
2024-05-06,Newcastle,Visakhapatnam (Inner),Panamax,4870,23.02
2024-05-06,Newcastle,Dhamra,Capesize,4800,18.61
2024-05-06,Newcastle,Gangavaram,Capesize,4880,18.96
2024-05-06,Newcastle,Haldia,Supramax,4950,27.1
2024-05-06,Newcastle,Gopalpur,Panamax,4840,22.85
2024-05-06,Samarinda,Paradip,Panamax,2150,11.66
2024-05-06,Samarinda,Visakhapatnam (Outer),Panamax,2190,11.46
2024-05-06,Samarinda,Visakhapatnam (Inner),Supramax,2190,13.19
2024-05-06,Samarinda,Dhamra,Panamax,2130,11.18
2024-05-06,Samarinda,Gangavaram,Panamax,2200,11.72
2024-05-06,Samarinda,Haldia,Handysize,2280,15.9
2024-05-06,Samarinda,Gopalpur,Supramax,2160,13.29
2024-05-06,Richards Bay,Paradip,Capesize,4450,17.8
2024-05-06,Richards Bay,Visakhapatnam (Outer),Capesize,4410,17.33
2024-05-06,Richards Bay,Visakhapatnam (Inner),Panamax,4410,20.75
2024-05-06,Richards Bay,Dhamra,Capesize,4480,18.06
2024-05-06,Richards Bay,Gangavaram,Capesize,4400,17.22
2024-05-06,Richards Bay,Haldia,Supramax,4580,25.19
2024-05-06,Richards Bay,Gopalpur,Panamax,4430,21.64
2024-05-06,Maputo,Paradip,Panamax,4250,20.39
2024-05-06,Maputo,Visakhapatnam (Outer),Panamax,4210,20.14
2024-05-06,Maputo,Visakhapatnam (Inner),Supramax,4210,22.87
2024-05-06,Maputo,Dhamra,Panamax,4280,20.38
2024-05-06,Maputo,Gangavaram,Panamax,4200,20.03
2024-05-06,Maputo,Haldia,Handysize,4380,27.54
2024-05-06,Maputo,Gopalpur,Supramax,4230,23.24
2024-05-06,Norfolk,Paradip,Capesize,9150,32.28
2024-05-06,Norfolk,Visakhapatnam (Outer),Capesize,9110,32.31
2024-05-06,Norfolk,Visakhapatnam (Inner),Panamax,9110,40.07
2024-05-06,Norfolk,Dhamra,Capesize,9180,33.22
2024-05-06,Norfolk,Gangavaram,Capesize,9100,33.05
2024-05-06,Norfolk,Haldia,Supramax,9280,46.37
2024-05-06,Norfolk,Gopalpur,Panamax,9130,39.78
2024-05-13,Newcastle,Paradip,Panamax,4820,22.95
2024-05-13,Newcastle,Visakhapatnam (Outer),Capesize,4870,18.95
2024-05-13,Newcastle,Visakhapatnam (Inner),Panamax,4870,22.74
2024-05-13,Newcastle,Dhamra,Capesize,4800,18.59
2024-05-13,Newcastle,Gangavaram,Capesize,4880,18.68
2024-05-13,Newcastle,Haldia,Supramax,4950,26.27
2024-05-13,Newcastle,Gopalpur,Panamax,4840,22.43
2024-05-13,Samarinda,Paradip,Panamax,2150,11.08
2024-05-13,Samarinda,Visakhapatnam (Outer),Panamax,2190,11.27
2024-05-13,Samarinda,Visakhapatnam (Inner),Supramax,2190,13.16
2024-05-13,Samarinda,Dhamra,Panamax,2130,11.34
2024-05-13,Samarinda,Gangavaram,Panamax,2200,11.57
2024-05-13,Samarinda,Haldia,Handysize,2280,15.13
2024-05-13,Samarinda,Gopalpur,Supramax,2160,13.13
2024-05-13,Richards Bay,Paradip,Capesize,4450,17.42
2024-05-13,Richards Bay,Visakhapatnam (Outer),Capesize,4410,17.48
2024-05-13,Richards Bay,Visakhapatnam (Inner),Panamax,4410,21.19
2024-05-13,Richards Bay,Dhamra,Capesize,4480,17.36
2024-05-13,Richards Bay,Gangavaram,Capesize,4400,17.12
2024-05-13,Richards Bay,Haldia,Supramax,4580,24.26
2024-05-13,Richards Bay,Gopalpur,Panamax,4430,20.65
2024-05-13,Maputo,Paradip,Panamax,4250,20.44
2024-05-13,Maputo,Visakhapatnam (Outer),Panamax,4210,19.68
2024-05-13,Maputo,Visakhapatnam (Inner),Supramax,4210,23.24
2024-05-13,Maputo,Dhamra,Panamax,4280,20.05
2024-05-13,Maputo,Gangavaram,Panamax,4200,20.04
2024-05-13,Maputo,Haldia,Handysize,4380,26.18
2024-05-13,Maputo,Gopalpur,Supramax,4230,23.65
2024-05-13,Norfolk,Paradip,Capesize,9150,31.57
2024-05-13,Norfolk,Visakhapatnam (Outer),Capesize,9110,31.48
2024-05-13,Norfolk,Visakhapatnam (Inner),Panamax,9110,39.04
2024-05-13,Norfolk,Dhamra,Capesize,9180,31.68
2024-05-13,Norfolk,Gangavaram,Capesize,9100,32.28
2024-05-13,Norfolk,Haldia,Supramax,9280,44.15
2024-05-13,Norfolk,Gopalpur,Panamax,9130,39.0
2024-05-20,Newcastle,Paradip,Panamax,4820,22.08
2024-05-20,Newcastle,Visakhapatnam (Outer),Capesize,4870,18.38
2024-05-20,Newcastle,Visakhapatnam (Inner),Panamax,4870,22.07
2024-05-20,Newcastle,Dhamra,Capesize,4800,18.09
2024-05-20,Newcastle,Gangavaram,Capesize,4880,18.52
2024-05-20,Newcastle,Haldia,Supramax,4950,26.14
2024-05-20,Newcastle,Gopalpur,Panamax,4840,22.92
2024-05-20,Samarinda,Paradip,Panamax,2150,11.36
2024-05-20,Samarinda,Visakhapatnam (Outer),Panamax,2190,11.58
2024-05-20,Samarinda,Visakhapatnam (Inner),Supramax,2190,12.84
2024-05-20,Samarinda,Dhamra,Panamax,2130,11.22
2024-05-20,Samarinda,Gangavaram,Panamax,2200,11.44
2024-05-20,Samarinda,Haldia,Handysize,2280,15.28
2024-05-20,Samarinda,Gopalpur,Supramax,2160,13.12
2024-05-20,Richards Bay,Paradip,Capesize,4450,17.16
2024-05-20,Richards Bay,Visakhapatnam (Outer),Capesize,4410,17.28
2024-05-20,Richards Bay,Visakhapatnam (Inner),Panamax,4410,21.22
2024-05-20,Richards Bay,Dhamra,Capesize,4480,17.64
2024-05-20,Richards Bay,Gangavaram,Capesize,4400,16.67
2024-05-20,Richards Bay,Haldia,Supramax,4580,24.48
2024-05-20,Richards Bay,Gopalpur,Panamax,4430,21.05
2024-05-20,Maputo,Paradip,Panamax,4250,19.71
2024-05-20,Maputo,Visakhapatnam (Outer),Panamax,4210,19.65
2024-05-20,Maputo,Visakhapatnam (Inner),Supramax,4210,23.16
2024-05-20,Maputo,Dhamra,Panamax,4280,20.56
2024-05-20,Maputo,Gangavaram,Panamax,4200,19.54
2024-05-20,Maputo,Haldia,Handysize,4380,26.5
2024-05-20,Maputo,Gopalpur,Supramax,4230,22.91
2024-05-20,Norfolk,Paradip,Capesize,9150,31.6
2024-05-20,Norfolk,Visakhapatnam (Outer),Capesize,9110,30.99
2024-05-20,Norfolk,Visakhapatnam (Inner),Panamax,9110,39.24
2024-05-20,Norfolk,Dhamra,Capesize,9180,31.82
2024-05-20,Norfolk,Gangavaram,Capesize,9100,32.26
2024-05-20,Norfolk,Haldia,Supramax,9280,45.24
2024-05-20,Norfolk,Gopalpur,Panamax,9130,37.82
2024-05-27,Newcastle,Paradip,Panamax,4820,22.41
2024-05-27,Newcastle,Visakhapatnam (Outer),Capesize,4870,18.73
2024-05-27,Newcastle,Visakhapatnam (Inner),Panamax,4870,22.91
2024-05-27,Newcastle,Dhamra,Capesize,4800,18.66
2024-05-27,Newcastle,Gangavaram,Capesize,4880,18.78
2024-05-27,Newcastle,Haldia,Supramax,4950,26.88
2024-05-27,Newcastle,Gopalpur,Panamax,4840,22.23
2024-05-27,Samarinda,Paradip,Panamax,2150,11.61
2024-05-27,Samarinda,Visakhapatnam (Outer),Panamax,2190,11.55
2024-05-27,Samarinda,Visakhapatnam (Inner),Supramax,2190,13.39
2024-05-27,Samarinda,Dhamra,Panamax,2130,11.0
2024-05-27,Samarinda,Gangavaram,Panamax,2200,11.56
2024-05-27,Samarinda,Haldia,Handysize,2280,15.13
2024-05-27,Samarinda,Gopalpur,Supramax,2160,13.2
2024-05-27,Richards Bay,Paradip,Capesize,4450,17.04
2024-05-27,Richards Bay,Visakhapatnam (Outer),Capesize,4410,16.9
2024-05-27,Richards Bay,Visakhapatnam (Inner),Panamax,4410,21.0
2024-05-27,Richards Bay,Dhamra,Capesize,4480,17.83
2024-05-27,Richards Bay,Gangavaram,Capesize,4400,16.86
2024-05-27,Richards Bay,Haldia,Supramax,4580,24.14
2024-05-27,Richards Bay,Gopalpur,Panamax,4430,20.73
2024-05-27,Maputo,Paradip,Panamax,4250,20.31
2024-05-27,Maputo,Visakhapatnam (Outer),Panamax,4210,20.17
2024-05-27,Maputo,Visakhapatnam (Inner),Supramax,4210,23.11
2024-05-27,Maputo,Dhamra,Panamax,4280,19.91
2024-05-27,Maputo,Gangavaram,Panamax,4200,20.08
2024-05-27,Maputo,Haldia,Handysize,4380,27.2
2024-05-27,Maputo,Gopalpur,Supramax,4230,22.72
2024-05-27,Norfolk,Paradip,Capesize,9150,32.46
2024-05-27,Norfolk,Visakhapatnam (Outer),Capesize,9110,32.47
2024-05-27,Norfolk,Visakhapatnam (Inner),Panamax,9110,38.54
2024-05-27,Norfolk,Dhamra,Capesize,9180,32.01
2024-05-27,Norfolk,Gangavaram,Capesize,9100,32.32
2024-05-27,Norfolk,Haldia,Supramax,9280,44.4
2024-05-27,Norfolk,Gopalpur,Panamax,9130,37.97
2024-06-03,Newcastle,Paradip,Panamax,4820,24.31
2024-06-03,Newcastle,Visakhapatnam (Outer),Capesize,4870,19.93
2024-06-03,Newcastle,Visakhapatnam (Inner),Panamax,4870,23.94
2024-06-03,Newcastle,Dhamra,Capesize,4800,19.52
2024-06-03,Newcastle,Gangavaram,Capesize,4880,20.22
2024-06-03,Newcastle,Haldia,Supramax,4950,27.5
2024-06-03,Newcastle,Gopalpur,Panamax,4840,24.49
2024-06-03,Samarinda,Paradip,Panamax,2150,12.02
2024-06-03,Samarinda,Visakhapatnam (Outer),Panamax,2190,12.4
2024-06-03,Samarinda,Visakhapatnam (Inner),Supramax,2190,14.27
2024-06-03,Samarinda,Dhamra,Panamax,2130,12.19
2024-06-03,Samarinda,Gangavaram,Panamax,2200,12.28
2024-06-03,Samarinda,Haldia,Handysize,2280,16.27
2024-06-03,Samarinda,Gopalpur,Supramax,2160,13.58
2024-06-03,Richards Bay,Paradip,Capesize,4450,18.29
2024-06-03,Richards Bay,Visakhapatnam (Outer),Capesize,4410,17.9
2024-06-03,Richards Bay,Visakhapatnam (Inner),Panamax,4410,22.21
2024-06-03,Richards Bay,Dhamra,Capesize,4480,18.28
2024-06-03,Richards Bay,Gangavaram,Capesize,4400,17.98
2024-06-03,Richards Bay,Haldia,Supramax,4580,25.55
2024-06-03,Richards Bay,Gopalpur,Panamax,4430,21.95
2024-06-03,Maputo,Paradip,Panamax,4250,21.7
2024-06-03,Maputo,Visakhapatnam (Outer),Panamax,4210,21.23
2024-06-03,Maputo,Visakhapatnam (Inner),Supramax,4210,24.04
2024-06-03,Maputo,Dhamra,Panamax,4280,21.69
2024-06-03,Maputo,Gangavaram,Panamax,4200,21.56
2024-06-03,Maputo,Haldia,Handysize,4380,28.01
2024-06-03,Maputo,Gopalpur,Supramax,4230,24.49
2024-06-03,Norfolk,Paradip,Capesize,9150,34.14
2024-06-03,Norfolk,Visakhapatnam (Outer),Capesize,9110,34.27
2024-06-03,Norfolk,Visakhapatnam (Inner),Panamax,9110,40.77
2024-06-03,Norfolk,Dhamra,Capesize,9180,34.03
2024-06-03,Norfolk,Gangavaram,Capesize,9100,34.5
2024-06-03,Norfolk,Haldia,Supramax,9280,46.65
2024-06-03,Norfolk,Gopalpur,Panamax,9130,40.43
2024-06-10,Newcastle,Paradip,Panamax,4820,24.1
2024-06-10,Newcastle,Visakhapatnam (Outer),Capesize,4870,19.77
2024-06-10,Newcastle,Visakhapatnam (Inner),Panamax,4870,24.23
2024-06-10,Newcastle,Dhamra,Capesize,4800,20.36
2024-06-10,Newcastle,Gangavaram,Capesize,4880,19.75
2024-06-10,Newcastle,Haldia,Supramax,4950,28.48
2024-06-10,Newcastle,Gopalpur,Panamax,4840,24.75
2024-06-10,Samarinda,Paradip,Panamax,2150,12.48
2024-06-10,Samarinda,Visakhapatnam (Outer),Panamax,2190,12.63
2024-06-10,Samarinda,Visakhapatnam (Inner),Supramax,2190,14.07
2024-06-10,Samarinda,Dhamra,Panamax,2130,11.85
2024-06-10,Samarinda,Gangavaram,Panamax,2200,12.47
2024-06-10,Samarinda,Haldia,Handysize,2280,16.91
2024-06-10,Samarinda,Gopalpur,Supramax,2160,14.12
2024-06-10,Richards Bay,Paradip,Capesize,4450,18.33
2024-06-10,Richards Bay,Visakhapatnam (Outer),Capesize,4410,18.88
2024-06-10,Richards Bay,Visakhapatnam (Inner),Panamax,4410,22.64
2024-06-10,Richards Bay,Dhamra,Capesize,4480,18.63
2024-06-10,Richards Bay,Gangavaram,Capesize,4400,18.19
2024-06-10,Richards Bay,Haldia,Supramax,4580,26.52
2024-06-10,Richards Bay,Gopalpur,Panamax,4430,22.15
2024-06-10,Maputo,Paradip,Panamax,4250,22.26
2024-06-10,Maputo,Visakhapatnam (Outer),Panamax,4210,21.17
2024-06-10,Maputo,Visakhapatnam (Inner),Supramax,4210,24.46
2024-06-10,Maputo,Dhamra,Panamax,4280,22.2
2024-06-10,Maputo,Gangavaram,Panamax,4200,21.63
2024-06-10,Maputo,Haldia,Handysize,4380,29.02
2024-06-10,Maputo,Gopalpur,Supramax,4230,25.07
2024-06-10,Norfolk,Paradip,Capesize,9150,33.71
2024-06-10,Norfolk,Visakhapatnam (Outer),Capesize,9110,33.57
2024-06-10,Norfolk,Visakhapatnam (Inner),Panamax,9110,41.07
2024-06-10,Norfolk,Dhamra,Capesize,9180,34.34
2024-06-10,Norfolk,Gangavaram,Capesize,9100,34.52
2024-06-10,Norfolk,Haldia,Supramax,9280,48.67
2024-06-10,Norfolk,Gopalpur,Panamax,9130,42.62
2024-06-17,Newcastle,Paradip,Panamax,4820,24.65
2024-06-17,Newcastle,Visakhapatnam (Outer),Capesize,4870,20.19
2024-06-17,Newcastle,Visakhapatnam (Inner),Panamax,4870,24.05
2024-06-17,Newcastle,Dhamra,Capesize,4800,20.13
2024-06-17,Newcastle,Gangavaram,Capesize,4880,20.27
2024-06-17,Newcastle,Haldia,Supramax,4950,28.73
2024-06-17,Newcastle,Gopalpur,Panamax,4840,24.65
2024-06-17,Samarinda,Paradip,Panamax,2150,12.26
2024-06-17,Samarinda,Visakhapatnam (Outer),Panamax,2190,12.2
2024-06-17,Samarinda,Visakhapatnam (Inner),Supramax,2190,14.47
2024-06-17,Samarinda,Dhamra,Panamax,2130,12.01
2024-06-17,Samarinda,Gangavaram,Panamax,2200,12.2
2024-06-17,Samarinda,Haldia,Handysize,2280,16.73
2024-06-17,Samarinda,Gopalpur,Supramax,2160,13.85
2024-06-17,Richards Bay,Paradip,Capesize,4450,18.26
2024-06-17,Richards Bay,Visakhapatnam (Outer),Capesize,4410,18.64
2024-06-17,Richards Bay,Visakhapatnam (Inner),Panamax,4410,22.61
2024-06-17,Richards Bay,Dhamra,Capesize,4480,18.81
2024-06-17,Richards Bay,Gangavaram,Capesize,4400,18.27
2024-06-17,Richards Bay,Haldia,Supramax,4580,26.02
2024-06-17,Richards Bay,Gopalpur,Panamax,4430,22.78
2024-06-17,Maputo,Paradip,Panamax,4250,21.29
2024-06-17,Maputo,Visakhapatnam (Outer),Panamax,4210,21.61
2024-06-17,Maputo,Visakhapatnam (Inner),Supramax,4210,24.34
2024-06-17,Maputo,Dhamra,Panamax,4280,21.65
2024-06-17,Maputo,Gangavaram,Panamax,4200,21.03
2024-06-17,Maputo,Haldia,Handysize,4380,28.79
2024-06-17,Maputo,Gopalpur,Supramax,4230,25.46
2024-06-17,Norfolk,Paradip,Capesize,9150,35.09
2024-06-17,Norfolk,Visakhapatnam (Outer),Capesize,9110,33.83
2024-06-17,Norfolk,Visakhapatnam (Inner),Panamax,9110,40.8
2024-06-17,Norfolk,Dhamra,Capesize,9180,35.32
2024-06-17,Norfolk,Gangavaram,Capesize,9100,34.47
2024-06-17,Norfolk,Haldia,Supramax,9280,47.74
2024-06-17,Norfolk,Gopalpur,Panamax,9130,41.54
2024-06-24,Newcastle,Paradip,Panamax,4820,24.0
2024-06-24,Newcastle,Visakhapatnam (Outer),Capesize,4870,20.02
2024-06-24,Newcastle,Visakhapatnam (Inner),Panamax,4870,24.99
2024-06-24,Newcastle,Dhamra,Capesize,4800,19.64
2024-06-24,Newcastle,Gangavaram,Capesize,4880,20.6
2024-06-24,Newcastle,Haldia,Supramax,4950,28.02
2024-06-24,Newcastle,Gopalpur,Panamax,4840,24.74
2024-06-24,Samarinda,Paradip,Panamax,2150,11.97
2024-06-24,Samarinda,Visakhapatnam (Outer),Panamax,2190,12.34
2024-06-24,Samarinda,Visakhapatnam (Inner),Supramax,2190,14.21
2024-06-24,Samarinda,Dhamra,Panamax,2130,12.46
2024-06-24,Samarinda,Gangavaram,Panamax,2200,12.27
2024-06-24,Samarinda,Haldia,Handysize,2280,16.58
2024-06-24,Samarinda,Gopalpur,Supramax,2160,14.17
2024-06-24,Richards Bay,Paradip,Capesize,4450,18.93
2024-06-24,Richards Bay,Visakhapatnam (Outer),Capesize,4410,18.76
2024-06-24,Richards Bay,Visakhapatnam (Inner),Panamax,4410,22.33
2024-06-24,Richards Bay,Dhamra,Capesize,4480,19.27
2024-06-24,Richards Bay,Gangavaram,Capesize,4400,18.12
2024-06-24,Richards Bay,Haldia,Supramax,4580,27.37
2024-06-24,Richards Bay,Gopalpur,Panamax,4430,22.67
2024-06-24,Maputo,Paradip,Panamax,4250,21.33
2024-06-24,Maputo,Visakhapatnam (Outer),Panamax,4210,21.6
2024-06-24,Maputo,Visakhapatnam (Inner),Supramax,4210,24.51
2024-06-24,Maputo,Dhamra,Panamax,4280,22.32
2024-06-24,Maputo,Gangavaram,Panamax,4200,22.12
2024-06-24,Maputo,Haldia,Handysize,4380,29.33
2024-06-24,Maputo,Gopalpur,Supramax,4230,24.6
2024-06-24,Norfolk,Paradip,Capesize,9150,34.69
2024-06-24,Norfolk,Visakhapatnam (Outer),Capesize,9110,34.12
2024-06-24,Norfolk,Visakhapatnam (Inner),Panamax,9110,42.29
2024-06-24,Norfolk,Dhamra,Capesize,9180,35.48
2024-06-24,Norfolk,Gangavaram,Capesize,9100,34.14
2024-06-24,Norfolk,Haldia,Supramax,9280,47.59
2024-06-24,Norfolk,Gopalpur,Panamax,9130,42.28
2024-07-01,Newcastle,Paradip,Panamax,4820,24.25
2024-07-01,Newcastle,Visakhapatnam (Outer),Capesize,4870,20.38
2024-07-01,Newcastle,Visakhapatnam (Inner),Panamax,4870,24.19
2024-07-01,Newcastle,Dhamra,Capesize,4800,19.32
2024-07-01,Newcastle,Gangavaram,Capesize,4880,20.23
2024-07-01,Newcastle,Haldia,Supramax,4950,28.35
2024-07-01,Newcastle,Gopalpur,Panamax,4840,24.46
2024-07-01,Samarinda,Paradip,Panamax,2150,12.32
2024-07-01,Samarinda,Visakhapatnam (Outer),Panamax,2190,12.58
2024-07-01,Samarinda,Visakhapatnam (Inner),Supramax,2190,14.15
2024-07-01,Samarinda,Dhamra,Panamax,2130,12.19
2024-07-01,Samarinda,Gangavaram,Panamax,2200,12.24
2024-07-01,Samarinda,Haldia,Handysize,2280,16.26
2024-07-01,Samarinda,Gopalpur,Supramax,2160,13.98
2024-07-01,Richards Bay,Paradip,Capesize,4450,18.46
2024-07-01,Richards Bay,Visakhapatnam (Outer),Capesize,4410,18.49
2024-07-01,Richards Bay,Visakhapatnam (Inner),Panamax,4410,22.41
2024-07-01,Richards Bay,Dhamra,Capesize,4480,18.94
2024-07-01,Richards Bay,Gangavaram,Capesize,4400,18.79
2024-07-01,Richards Bay,Haldia,Supramax,4580,25.85
2024-07-01,Richards Bay,Gopalpur,Panamax,4430,22.11
2024-07-01,Maputo,Paradip,Panamax,4250,21.51
2024-07-01,Maputo,Visakhapatnam (Outer),Panamax,4210,21.09
2024-07-01,Maputo,Visakhapatnam (Inner),Supramax,4210,24.38
2024-07-01,Maputo,Dhamra,Panamax,4280,22.24
2024-07-01,Maputo,Gangavaram,Panamax,4200,21.5
2024-07-01,Maputo,Haldia,Handysize,4380,28.74
2024-07-01,Maputo,Gopalpur,Supramax,4230,25.05
2024-07-01,Norfolk,Paradip,Capesize,9150,33.81
2024-07-01,Norfolk,Visakhapatnam (Outer),Capesize,9110,33.28
2024-07-01,Norfolk,Visakhapatnam (Inner),Panamax,9110,41.69
2024-07-01,Norfolk,Dhamra,Capesize,9180,33.47
2024-07-01,Norfolk,Gangavaram,Capesize,9100,34.3
2024-07-01,Norfolk,Haldia,Supramax,9280,47.54
2024-07-01,Norfolk,Gopalpur,Panamax,9130,42.18
2024-07-08,Newcastle,Paradip,Panamax,4820,23.8
2024-07-08,Newcastle,Visakhapatnam (Outer),Capesize,4870,19.84
2024-07-08,Newcastle,Visakhapatnam (Inner),Panamax,4870,24.03
2024-07-08,Newcastle,Dhamra,Capesize,4800,20.09
2024-07-08,Newcastle,Gangavaram,Capesize,4880,19.63
2024-07-08,Newcastle,Haldia,Supramax,4950,27.71
2024-07-08,Newcastle,Gopalpur,Panamax,4840,24.3
2024-07-08,Samarinda,Paradip,Panamax,2150,12.28
2024-07-08,Samarinda,Visakhapatnam (Outer),Panamax,2190,12.17
2024-07-08,Samarinda,Visakhapatnam (Inner),Supramax,2190,13.89
2024-07-08,Samarinda,Dhamra,Panamax,2130,12.1
2024-07-08,Samarinda,Gangavaram,Panamax,2200,12.01
2024-07-08,Samarinda,Haldia,Handysize,2280,16.7
2024-07-08,Samarinda,Gopalpur,Supramax,2160,14.23
2024-07-08,Richards Bay,Paradip,Capesize,4450,18.09
2024-07-08,Richards Bay,Visakhapatnam (Outer),Capesize,4410,18.06
2024-07-08,Richards Bay,Visakhapatnam (Inner),Panamax,4410,22.45
2024-07-08,Richards Bay,Dhamra,Capesize,4480,18.28
2024-07-08,Richards Bay,Gangavaram,Capesize,4400,18.13
2024-07-08,Richards Bay,Haldia,Supramax,4580,26.21
2024-07-08,Richards Bay,Gopalpur,Panamax,4430,22.2
2024-07-08,Maputo,Paradip,Panamax,4250,21.07
2024-07-08,Maputo,Visakhapatnam (Outer),Panamax,4210,21.04
2024-07-08,Maputo,Visakhapatnam (Inner),Supramax,4210,24.19
2024-07-08,Maputo,Dhamra,Panamax,4280,21.77
2024-07-08,Maputo,Gangavaram,Panamax,4200,21.02
2024-07-08,Maputo,Haldia,Handysize,4380,28.43
2024-07-08,Maputo,Gopalpur,Supramax,4230,24.79
2024-07-08,Norfolk,Paradip,Capesize,9150,33.6
2024-07-08,Norfolk,Visakhapatnam (Outer),Capesize,9110,34.03
2024-07-08,Norfolk,Visakhapatnam (Inner),Panamax,9110,41.2
2024-07-08,Norfolk,Dhamra,Capesize,9180,34.87
2024-07-08,Norfolk,Gangavaram,Capesize,9100,33.06
2024-07-08,Norfolk,Haldia,Supramax,9280,47.34
2024-07-08,Norfolk,Gopalpur,Panamax,9130,40.23
2024-07-15,Newcastle,Paradip,Panamax,4820,23.82
2024-07-15,Newcastle,Visakhapatnam (Outer),Capesize,4870,19.96
2024-07-15,Newcastle,Visakhapatnam (Inner),Panamax,4870,25.02
2024-07-15,Newcastle,Dhamra,Capesize,4800,19.69
2024-07-15,Newcastle,Gangavaram,Capesize,4880,19.99
2024-07-15,Newcastle,Haldia,Supramax,4950,28.4
2024-07-15,Newcastle,Gopalpur,Panamax,4840,24.8
2024-07-15,Samarinda,Paradip,Panamax,2150,12.45
2024-07-15,Samarinda,Visakhapatnam (Outer),Panamax,2190,12.22
2024-07-15,Samarinda,Visakhapatnam (Inner),Supramax,2190,14.15
2024-07-15,Samarinda,Dhamra,Panamax,2130,12.19
2024-07-15,Samarinda,Gangavaram,Panamax,2200,12.5
2024-07-15,Samarinda,Haldia,Handysize,2280,16.2
2024-07-15,Samarinda,Gopalpur,Supramax,2160,13.82
2024-07-15,Richards Bay,Paradip,Capesize,4450,18.34
2024-07-15,Richards Bay,Visakhapatnam (Outer),Capesize,4410,18.14
2024-07-15,Richards Bay,Visakhapatnam (Inner),Panamax,4410,22.97
2024-07-15,Richards Bay,Dhamra,Capesize,4480,18.51
2024-07-15,Richards Bay,Gangavaram,Capesize,4400,18.6
2024-07-15,Richards Bay,Haldia,Supramax,4580,26.01
2024-07-15,Richards Bay,Gopalpur,Panamax,4430,22.07
2024-07-15,Maputo,Paradip,Panamax,4250,21.8
2024-07-15,Maputo,Visakhapatnam (Outer),Panamax,4210,22.08
2024-07-15,Maputo,Visakhapatnam (Inner),Supramax,4210,24.77
2024-07-15,Maputo,Dhamra,Panamax,4280,22.09
2024-07-15,Maputo,Gangavaram,Panamax,4200,21.76
2024-07-15,Maputo,Haldia,Handysize,4380,29.44
2024-07-15,Maputo,Gopalpur,Supramax,4230,25.29
2024-07-15,Norfolk,Paradip,Capesize,9150,34.42
2024-07-15,Norfolk,Visakhapatnam (Outer),Capesize,9110,34.63
2024-07-15,Norfolk,Visakhapatnam (Inner),Panamax,9110,41.62
2024-07-15,Norfolk,Dhamra,Capesize,9180,34.17
2024-07-15,Norfolk,Gangavaram,Capesize,9100,35.05
2024-07-15,Norfolk,Haldia,Supramax,9280,49.29
2024-07-15,Norfolk,Gopalpur,Panamax,9130,41.57
2024-07-22,Newcastle,Paradip,Panamax,4820,23.69
2024-07-22,Newcastle,Visakhapatnam (Outer),Capesize,4870,20.15
2024-07-22,Newcastle,Visakhapatnam (Inner),Panamax,4870,24.75
2024-07-22,Newcastle,Dhamra,Capesize,4800,19.75
2024-07-22,Newcastle,Gangavaram,Capesize,4880,20.45
2024-07-22,Newcastle,Haldia,Supramax,4950,29.01
2024-07-22,Newcastle,Gopalpur,Panamax,4840,24.2
2024-07-22,Samarinda,Paradip,Panamax,2150,12.05
2024-07-22,Samarinda,Visakhapatnam (Outer),Panamax,2190,12.36
2024-07-22,Samarinda,Visakhapatnam (Inner),Supramax,2190,14.12
2024-07-22,Samarinda,Dhamra,Panamax,2130,11.82
2024-07-22,Samarinda,Gangavaram,Panamax,2200,12.7
2024-07-22,Samarinda,Haldia,Handysize,2280,16.3
2024-07-22,Samarinda,Gopalpur,Supramax,2160,13.85
2024-07-22,Richards Bay,Paradip,Capesize,4450,18.3
2024-07-22,Richards Bay,Visakhapatnam (Outer),Capesize,4410,18.89
2024-07-22,Richards Bay,Visakhapatnam (Inner),Panamax,4410,21.97
2024-07-22,Richards Bay,Dhamra,Capesize,4480,18.37
2024-07-22,Richards Bay,Gangavaram,Capesize,4400,18.28
2024-07-22,Richards Bay,Haldia,Supramax,4580,26.87
2024-07-22,Richards Bay,Gopalpur,Panamax,4430,22.27
2024-07-22,Maputo,Paradip,Panamax,4250,21.26
2024-07-22,Maputo,Visakhapatnam (Outer),Panamax,4210,21.07
2024-07-22,Maputo,Visakhapatnam (Inner),Supramax,4210,24.42
2024-07-22,Maputo,Dhamra,Panamax,4280,21.72
2024-07-22,Maputo,Gangavaram,Panamax,4200,21.08
2024-07-22,Maputo,Haldia,Handysize,4380,28.64
2024-07-22,Maputo,Gopalpur,Supramax,4230,24.67
2024-07-22,Norfolk,Paradip,Capesize,9150,34.42
2024-07-22,Norfolk,Visakhapatnam (Outer),Capesize,9110,34.51
2024-07-22,Norfolk,Visakhapatnam (Inner),Panamax,9110,42.11
2024-07-22,Norfolk,Dhamra,Capesize,9180,35.27
2024-07-22,Norfolk,Gangavaram,Capesize,9100,34.43
2024-07-22,Norfolk,Haldia,Supramax,9280,49.33
2024-07-22,Norfolk,Gopalpur,Panamax,9130,41.94
2024-07-29,Newcastle,Paradip,Panamax,4820,24.75
2024-07-29,Newcastle,Visakhapatnam (Outer),Capesize,4870,20.42
2024-07-29,Newcastle,Visakhapatnam (Inner),Panamax,4870,24.56
2024-07-29,Newcastle,Dhamra,Capesize,4800,19.96
2024-07-29,Newcastle,Gangavaram,Capesize,4880,19.75
2024-07-29,Newcastle,Haldia,Supramax,4950,28.73
2024-07-29,Newcastle,Gopalpur,Panamax,4840,24.1
2024-07-29,Samarinda,Paradip,Panamax,2150,12.19
2024-07-29,Samarinda,Visakhapatnam (Outer),Panamax,2190,12.34
2024-07-29,Samarinda,Visakhapatnam (Inner),Supramax,2190,14.13
2024-07-29,Samarinda,Dhamra,Panamax,2130,11.82
2024-07-29,Samarinda,Gangavaram,Panamax,2200,12.35
2024-07-29,Samarinda,Haldia,Handysize,2280,16.63
2024-07-29,Samarinda,Gopalpur,Supramax,2160,13.7
2024-07-29,Richards Bay,Paradip,Capesize,4450,18.72
2024-07-29,Richards Bay,Visakhapatnam (Outer),Capesize,4410,18.05
2024-07-29,Richards Bay,Visakhapatnam (Inner),Panamax,4410,21.97
2024-07-29,Richards Bay,Dhamra,Capesize,4480,18.31
2024-07-29,Richards Bay,Gangavaram,Capesize,4400,18.23
2024-07-29,Richards Bay,Haldia,Supramax,4580,26.33
2024-07-29,Richards Bay,Gopalpur,Panamax,4430,22.6
2024-07-29,Maputo,Paradip,Panamax,4250,22.1
2024-07-29,Maputo,Visakhapatnam (Outer),Panamax,4210,21.81
2024-07-29,Maputo,Visakhapatnam (Inner),Supramax,4210,24.54
2024-07-29,Maputo,Dhamra,Panamax,4280,21.87
2024-07-29,Maputo,Gangavaram,Panamax,4200,21.06
2024-07-29,Maputo,Haldia,Handysize,4380,28.87
2024-07-29,Maputo,Gopalpur,Supramax,4230,24.36
2024-07-29,Norfolk,Paradip,Capesize,9150,33.88
2024-07-29,Norfolk,Visakhapatnam (Outer),Capesize,9110,34.53
2024-07-29,Norfolk,Visakhapatnam (Inner),Panamax,9110,42.04
2024-07-29,Norfolk,Dhamra,Capesize,9180,34.74
2024-07-29,Norfolk,Gangavaram,Capesize,9100,34.01
2024-07-29,Norfolk,Haldia,Supramax,9280,47.88
2024-07-29,Norfolk,Gopalpur,Panamax,9130,41.79
2024-08-05,Newcastle,Paradip,Panamax,4820,24.22
2024-08-05,Newcastle,Visakhapatnam (Outer),Capesize,4870,19.59
2024-08-05,Newcastle,Visakhapatnam (Inner),Panamax,4870,24.65
2024-08-05,Newcastle,Dhamra,Capesize,4800,19.43
2024-08-05,Newcastle,Gangavaram,Capesize,4880,20.1
2024-08-05,Newcastle,Haldia,Supramax,4950,27.5
2024-08-05,Newcastle,Gopalpur,Panamax,4840,23.97
2024-08-05,Samarinda,Paradip,Panamax,2150,12.06
2024-08-05,Samarinda,Visakhapatnam (Outer),Panamax,2190,12.43
2024-08-05,Samarinda,Visakhapatnam (Inner),Supramax,2190,14.18
2024-08-05,Samarinda,Dhamra,Panamax,2130,12.21
2024-08-05,Samarinda,Gangavaram,Panamax,2200,12.04
2024-08-05,Samarinda,Haldia,Handysize,2280,16.65
2024-08-05,Samarinda,Gopalpur,Supramax,2160,13.98
2024-08-05,Richards Bay,Paradip,Capesize,4450,18.57
2024-08-05,Richards Bay,Visakhapatnam (Outer),Capesize,4410,17.93
2024-08-05,Richards Bay,Visakhapatnam (Inner),Panamax,4410,21.72
2024-08-05,Richards Bay,Dhamra,Capesize,4480,18.8
2024-08-05,Richards Bay,Gangavaram,Capesize,4400,18.41
2024-08-05,Richards Bay,Haldia,Supramax,4580,26.24
2024-08-05,Richards Bay,Gopalpur,Panamax,4430,22.45
2024-08-05,Maputo,Paradip,Panamax,4250,21.1
2024-08-05,Maputo,Visakhapatnam (Outer),Panamax,4210,21.31
2024-08-05,Maputo,Visakhapatnam (Inner),Supramax,4210,24.13
2024-08-05,Maputo,Dhamra,Panamax,4280,21.86
2024-08-05,Maputo,Gangavaram,Panamax,4200,21.0
2024-08-05,Maputo,Haldia,Handysize,4380,28.35
2024-08-05,Maputo,Gopalpur,Supramax,4230,24.99
2024-08-05,Norfolk,Paradip,Capesize,9150,34.06
2024-08-05,Norfolk,Visakhapatnam (Outer),Capesize,9110,34.23
2024-08-05,Norfolk,Visakhapatnam (Inner),Panamax,9110,41.58
2024-08-05,Norfolk,Dhamra,Capesize,9180,33.77
2024-08-05,Norfolk,Gangavaram,Capesize,9100,34.54
2024-08-05,Norfolk,Haldia,Supramax,9280,47.97
2024-08-05,Norfolk,Gopalpur,Panamax,9130,41.78
2024-08-12,Newcastle,Paradip,Panamax,4820,23.95
2024-08-12,Newcastle,Visakhapatnam (Outer),Capesize,4870,20.01
2024-08-12,Newcastle,Visakhapatnam (Inner),Panamax,4870,24.81
2024-08-12,Newcastle,Dhamra,Capesize,4800,19.82
2024-08-12,Newcastle,Gangavaram,Capesize,4880,19.91
2024-08-12,Newcastle,Haldia,Supramax,4950,27.72
2024-08-12,Newcastle,Gopalpur,Panamax,4840,23.68
2024-08-12,Samarinda,Paradip,Panamax,2150,11.98
2024-08-12,Samarinda,Visakhapatnam (Outer),Panamax,2190,12.37
2024-08-12,Samarinda,Visakhapatnam (Inner),Supramax,2190,14.4
2024-08-12,Samarinda,Dhamra,Panamax,2130,11.86
2024-08-12,Samarinda,Gangavaram,Panamax,2200,12.54
2024-08-12,Samarinda,Haldia,Handysize,2280,16.88
2024-08-12,Samarinda,Gopalpur,Supramax,2160,14.19
2024-08-12,Richards Bay,Paradip,Capesize,4450,18.63
2024-08-12,Richards Bay,Visakhapatnam (Outer),Capesize,4410,18.7
2024-08-12,Richards Bay,Visakhapatnam (Inner),Panamax,4410,22.25
2024-08-12,Richards Bay,Dhamra,Capesize,4480,18.24
2024-08-12,Richards Bay,Gangavaram,Capesize,4400,18.71
2024-08-12,Richards Bay,Haldia,Supramax,4580,26.48
2024-08-12,Richards Bay,Gopalpur,Panamax,4430,22.01
2024-08-12,Maputo,Paradip,Panamax,4250,21.35
2024-08-12,Maputo,Visakhapatnam (Outer),Panamax,4210,22.02
2024-08-12,Maputo,Visakhapatnam (Inner),Supramax,4210,24.51
2024-08-12,Maputo,Dhamra,Panamax,4280,21.51
2024-08-12,Maputo,Gangavaram,Panamax,4200,21.53
2024-08-12,Maputo,Haldia,Handysize,4380,29.0
2024-08-12,Maputo,Gopalpur,Supramax,4230,24.45
2024-08-12,Norfolk,Paradip,Capesize,9150,33.68
2024-08-12,Norfolk,Visakhapatnam (Outer),Capesize,9110,33.93
2024-08-12,Norfolk,Visakhapatnam (Inner),Panamax,9110,41.58
2024-08-12,Norfolk,Dhamra,Capesize,9180,34.77
2024-08-12,Norfolk,Gangavaram,Capesize,9100,34.26
2024-08-12,Norfolk,Haldia,Supramax,9280,48.64
2024-08-12,Norfolk,Gopalpur,Panamax,9130,41.76
2024-08-19,Newcastle,Paradip,Panamax,4820,24.6
2024-08-19,Newcastle,Visakhapatnam (Outer),Capesize,4870,20.4
2024-08-19,Newcastle,Visakhapatnam (Inner),Panamax,4870,24.3
2024-08-19,Newcastle,Dhamra,Capesize,4800,19.91
2024-08-19,Newcastle,Gangavaram,Capesize,4880,19.88
2024-08-19,Newcastle,Haldia,Supramax,4950,27.92
2024-08-19,Newcastle,Gopalpur,Panamax,4840,23.77
2024-08-19,Samarinda,Paradip,Panamax,2150,11.94
2024-08-19,Samarinda,Visakhapatnam (Outer),Panamax,2190,12.29
2024-08-19,Samarinda,Visakhapatnam (Inner),Supramax,2190,13.94
2024-08-19,Samarinda,Dhamra,Panamax,2130,12.25
2024-08-19,Samarinda,Gangavaram,Panamax,2200,12.16
2024-08-19,Samarinda,Haldia,Handysize,2280,16.06
2024-08-19,Samarinda,Gopalpur,Supramax,2160,13.67
2024-08-19,Richards Bay,Paradip,Capesize,4450,18.19
2024-08-19,Richards Bay,Visakhapatnam (Outer),Capesize,4410,18.77
2024-08-19,Richards Bay,Visakhapatnam (Inner),Panamax,4410,22.09
2024-08-19,Richards Bay,Dhamra,Capesize,4480,18.67
2024-08-19,Richards Bay,Gangavaram,Capesize,4400,18.22
2024-08-19,Richards Bay,Haldia,Supramax,4580,26.38
2024-08-19,Richards Bay,Gopalpur,Panamax,4430,22.77
2024-08-19,Maputo,Paradip,Panamax,4250,21.75
2024-08-19,Maputo,Visakhapatnam (Outer),Panamax,4210,21.71
2024-08-19,Maputo,Visakhapatnam (Inner),Supramax,4210,24.9
2024-08-19,Maputo,Dhamra,Panamax,4280,21.79
2024-08-19,Maputo,Gangavaram,Panamax,4200,21.25
2024-08-19,Maputo,Haldia,Handysize,4380,28.47
2024-08-19,Maputo,Gopalpur,Supramax,4230,25.02
2024-08-19,Norfolk,Paradip,Capesize,9150,33.86
2024-08-19,Norfolk,Visakhapatnam (Outer),Capesize,9110,34.02
2024-08-19,Norfolk,Visakhapatnam (Inner),Panamax,9110,41.45
2024-08-19,Norfolk,Dhamra,Capesize,9180,33.57
2024-08-19,Norfolk,Gangavaram,Capesize,9100,34.63
2024-08-19,Norfolk,Haldia,Supramax,9280,48.21
2024-08-19,Norfolk,Gopalpur,Panamax,9130,40.35
2024-08-26,Newcastle,Paradip,Panamax,4820,23.74
2024-08-26,Newcastle,Visakhapatnam (Outer),Capesize,4870,20.22
2024-08-26,Newcastle,Visakhapatnam (Inner),Panamax,4870,23.69
2024-08-26,Newcastle,Dhamra,Capesize,4800,19.91
2024-08-26,Newcastle,Gangavaram,Capesize,4880,20.44
2024-08-26,Newcastle,Haldia,Supramax,4950,28.53
2024-08-26,Newcastle,Gopalpur,Panamax,4840,24.07
2024-08-26,Samarinda,Paradip,Panamax,2150,12.06
2024-08-26,Samarinda,Visakhapatnam (Outer),Panamax,2190,12.43
2024-08-26,Samarinda,Visakhapatnam (Inner),Supramax,2190,13.77
2024-08-26,Samarinda,Dhamra,Panamax,2130,11.97
2024-08-26,Samarinda,Gangavaram,Panamax,2200,12.21
2024-08-26,Samarinda,Haldia,Handysize,2280,16.35
2024-08-26,Samarinda,Gopalpur,Supramax,2160,13.76
2024-08-26,Richards Bay,Paradip,Capesize,4450,18.22
2024-08-26,Richards Bay,Visakhapatnam (Outer),Capesize,4410,18.07
2024-08-26,Richards Bay,Visakhapatnam (Inner),Panamax,4410,21.99
2024-08-26,Richards Bay,Dhamra,Capesize,4480,18.86
2024-08-26,Richards Bay,Gangavaram,Capesize,4400,18.05
2024-08-26,Richards Bay,Haldia,Supramax,4580,26.93
2024-08-26,Richards Bay,Gopalpur,Panamax,4430,22.34
2024-08-26,Maputo,Paradip,Panamax,4250,21.71
2024-08-26,Maputo,Visakhapatnam (Outer),Panamax,4210,21.69
2024-08-26,Maputo,Visakhapatnam (Inner),Supramax,4210,25.08
2024-08-26,Maputo,Dhamra,Panamax,4280,21.62
2024-08-26,Maputo,Gangavaram,Panamax,4200,20.87
2024-08-26,Maputo,Haldia,Handysize,4380,29.24
2024-08-26,Maputo,Gopalpur,Supramax,4230,25.22
2024-08-26,Norfolk,Paradip,Capesize,9150,34.28
2024-08-26,Norfolk,Visakhapatnam (Outer),Capesize,9110,34.35
2024-08-26,Norfolk,Visakhapatnam (Inner),Panamax,9110,42.01
2024-08-26,Norfolk,Dhamra,Capesize,9180,34.53
2024-08-26,Norfolk,Gangavaram,Capesize,9100,33.77
2024-08-26,Norfolk,Haldia,Supramax,9280,46.87
2024-08-26,Norfolk,Gopalpur,Panamax,9130,41.73
2024-09-02,Newcastle,Paradip,Panamax,4820,23.86
2024-09-02,Newcastle,Visakhapatnam (Outer),Capesize,4870,19.59
2024-09-02,Newcastle,Visakhapatnam (Inner),Panamax,4870,24.73
2024-09-02,Newcastle,Dhamra,Capesize,4800,20.19
2024-09-02,Newcastle,Gangavaram,Capesize,4880,20.56
2024-09-02,Newcastle,Haldia,Supramax,4950,27.97
2024-09-02,Newcastle,Gopalpur,Panamax,4840,24.3
2024-09-02,Samarinda,Paradip,Panamax,2150,11.9
2024-09-02,Samarinda,Visakhapatnam (Outer),Panamax,2190,12.52
2024-09-02,Samarinda,Visakhapatnam (Inner),Supramax,2190,14.38
2024-09-02,Samarinda,Dhamra,Panamax,2130,12.16
2024-09-02,Samarinda,Gangavaram,Panamax,2200,12.63
2024-09-02,Samarinda,Haldia,Handysize,2280,16.82
2024-09-02,Samarinda,Gopalpur,Supramax,2160,14.33
2024-09-02,Richards Bay,Paradip,Capesize,4450,18.73
2024-09-02,Richards Bay,Visakhapatnam (Outer),Capesize,4410,18.81
2024-09-02,Richards Bay,Visakhapatnam (Inner),Panamax,4410,22.44
2024-09-02,Richards Bay,Dhamra,Capesize,4480,18.34
2024-09-02,Richards Bay,Gangavaram,Capesize,4400,18.68
2024-09-02,Richards Bay,Haldia,Supramax,4580,26.3
2024-09-02,Richards Bay,Gopalpur,Panamax,4430,22.62
2024-09-02,Maputo,Paradip,Panamax,4250,22.23
2024-09-02,Maputo,Visakhapatnam (Outer),Panamax,4210,21.77
2024-09-02,Maputo,Visakhapatnam (Inner),Supramax,4210,24.13
2024-09-02,Maputo,Dhamra,Panamax,4280,21.98
2024-09-02,Maputo,Gangavaram,Panamax,4200,21.75
2024-09-02,Maputo,Haldia,Handysize,4380,28.89
2024-09-02,Maputo,Gopalpur,Supramax,4230,25.11
2024-09-02,Norfolk,Paradip,Capesize,9150,34.26
2024-09-02,Norfolk,Visakhapatnam (Outer),Capesize,9110,34.17
2024-09-02,Norfolk,Visakhapatnam (Inner),Panamax,9110,42.12
2024-09-02,Norfolk,Dhamra,Capesize,9180,33.8
2024-09-02,Norfolk,Gangavaram,Capesize,9100,33.67
2024-09-02,Norfolk,Haldia,Supramax,9280,47.45
2024-09-02,Norfolk,Gopalpur,Panamax,9130,41.53
2024-09-09,Newcastle,Paradip,Panamax,4820,25.58
2024-09-09,Newcastle,Visakhapatnam (Outer),Capesize,4870,21.26
2024-09-09,Newcastle,Visakhapatnam (Inner),Panamax,4870,24.88
2024-09-09,Newcastle,Dhamra,Capesize,4800,20.75
2024-09-09,Newcastle,Gangavaram,Capesize,4880,20.41
2024-09-09,Newcastle,Haldia,Supramax,4950,29.15
2024-09-09,Newcastle,Gopalpur,Panamax,4840,24.94
2024-09-09,Samarinda,Paradip,Panamax,2150,12.49
2024-09-09,Samarinda,Visakhapatnam (Outer),Panamax,2190,12.8
2024-09-09,Samarinda,Visakhapatnam (Inner),Supramax,2190,14.32
2024-09-09,Samarinda,Dhamra,Panamax,2130,12.5
2024-09-09,Samarinda,Gangavaram,Panamax,2200,12.55
2024-09-09,Samarinda,Haldia,Handysize,2280,17.16
2024-09-09,Samarinda,Gopalpur,Supramax,2160,14.34
2024-09-09,Richards Bay,Paradip,Capesize,4450,19.34
2024-09-09,Richards Bay,Visakhapatnam (Outer),Capesize,4410,19.09
2024-09-09,Richards Bay,Visakhapatnam (Inner),Panamax,4410,23.32
2024-09-09,Richards Bay,Dhamra,Capesize,4480,18.9
2024-09-09,Richards Bay,Gangavaram,Capesize,4400,19.33
2024-09-09,Richards Bay,Haldia,Supramax,4580,27.04
2024-09-09,Richards Bay,Gopalpur,Panamax,4430,23.83
2024-09-09,Maputo,Paradip,Panamax,4250,22.07
2024-09-09,Maputo,Visakhapatnam (Outer),Panamax,4210,22.43
2024-09-09,Maputo,Visakhapatnam (Inner),Supramax,4210,25.45
2024-09-09,Maputo,Dhamra,Panamax,4280,22.09
2024-09-09,Maputo,Gangavaram,Panamax,4200,22.77
2024-09-09,Maputo,Haldia,Handysize,4380,29.59
2024-09-09,Maputo,Gopalpur,Supramax,4230,25.91
2024-09-09,Norfolk,Paradip,Capesize,9150,36.16
2024-09-09,Norfolk,Visakhapatnam (Outer),Capesize,9110,35.51
2024-09-09,Norfolk,Visakhapatnam (Inner),Panamax,9110,43.81
2024-09-09,Norfolk,Dhamra,Capesize,9180,36.45
2024-09-09,Norfolk,Gangavaram,Capesize,9100,35.95
2024-09-09,Norfolk,Haldia,Supramax,9280,49.67
2024-09-09,Norfolk,Gopalpur,Panamax,9130,42.9
2024-09-16,Newcastle,Paradip,Panamax,4820,24.77
2024-09-16,Newcastle,Visakhapatnam (Outer),Capesize,4870,20.69
2024-09-16,Newcastle,Visakhapatnam (Inner),Panamax,4870,25.57
2024-09-16,Newcastle,Dhamra,Capesize,4800,19.96
2024-09-16,Newcastle,Gangavaram,Capesize,4880,20.56
2024-09-16,Newcastle,Haldia,Supramax,4950,28.87
2024-09-16,Newcastle,Gopalpur,Panamax,4840,24.69
2024-09-16,Samarinda,Paradip,Panamax,2150,12.23
2024-09-16,Samarinda,Visakhapatnam (Outer),Panamax,2190,12.61
2024-09-16,Samarinda,Visakhapatnam (Inner),Supramax,2190,14.56
2024-09-16,Samarinda,Dhamra,Panamax,2130,12.54
2024-09-16,Samarinda,Gangavaram,Panamax,2200,13.05
2024-09-16,Samarinda,Haldia,Handysize,2280,17.06
2024-09-16,Samarinda,Gopalpur,Supramax,2160,14.51
2024-09-16,Richards Bay,Paradip,Capesize,4450,19.31
2024-09-16,Richards Bay,Visakhapatnam (Outer),Capesize,4410,18.79
2024-09-16,Richards Bay,Visakhapatnam (Inner),Panamax,4410,22.72
2024-09-16,Richards Bay,Dhamra,Capesize,4480,19.31
2024-09-16,Richards Bay,Gangavaram,Capesize,4400,19.06
2024-09-16,Richards Bay,Haldia,Supramax,4580,27.38
2024-09-16,Richards Bay,Gopalpur,Panamax,4430,23.57
2024-09-16,Maputo,Paradip,Panamax,4250,22.54
2024-09-16,Maputo,Visakhapatnam (Outer),Panamax,4210,21.84
2024-09-16,Maputo,Visakhapatnam (Inner),Supramax,4210,25.95
2024-09-16,Maputo,Dhamra,Panamax,4280,22.97
2024-09-16,Maputo,Gangavaram,Panamax,4200,22.21
2024-09-16,Maputo,Haldia,Handysize,4380,29.17
2024-09-16,Maputo,Gopalpur,Supramax,4230,25.6
2024-09-16,Norfolk,Paradip,Capesize,9150,35.39
2024-09-16,Norfolk,Visakhapatnam (Outer),Capesize,9110,35.48
2024-09-16,Norfolk,Visakhapatnam (Inner),Panamax,9110,43.23
2024-09-16,Norfolk,Dhamra,Capesize,9180,35.7
2024-09-16,Norfolk,Gangavaram,Capesize,9100,35.37
2024-09-16,Norfolk,Haldia,Supramax,9280,50.44
2024-09-16,Norfolk,Gopalpur,Panamax,9130,41.88
2024-09-23,Newcastle,Paradip,Panamax,4820,25.14
2024-09-23,Newcastle,Visakhapatnam (Outer),Capesize,4870,21.29
2024-09-23,Newcastle,Visakhapatnam (Inner),Panamax,4870,25.83
2024-09-23,Newcastle,Dhamra,Capesize,4800,20.65
2024-09-23,Newcastle,Gangavaram,Capesize,4880,20.59
2024-09-23,Newcastle,Haldia,Supramax,4950,30.42
2024-09-23,Newcastle,Gopalpur,Panamax,4840,25.7
2024-09-23,Samarinda,Paradip,Panamax,2150,12.6
2024-09-23,Samarinda,Visakhapatnam (Outer),Panamax,2190,13.28
2024-09-23,Samarinda,Visakhapatnam (Inner),Supramax,2190,14.84
2024-09-23,Samarinda,Dhamra,Panamax,2130,12.51
2024-09-23,Samarinda,Gangavaram,Panamax,2200,13.19
2024-09-23,Samarinda,Haldia,Handysize,2280,17.6
2024-09-23,Samarinda,Gopalpur,Supramax,2160,14.85
2024-09-23,Richards Bay,Paradip,Capesize,4450,19.37
2024-09-23,Richards Bay,Visakhapatnam (Outer),Capesize,4410,19.11
2024-09-23,Richards Bay,Visakhapatnam (Inner),Panamax,4410,23.23
2024-09-23,Richards Bay,Dhamra,Capesize,4480,19.65
2024-09-23,Richards Bay,Gangavaram,Capesize,4400,19.78
2024-09-23,Richards Bay,Haldia,Supramax,4580,27.77
2024-09-23,Richards Bay,Gopalpur,Panamax,4430,23.9
2024-09-23,Maputo,Paradip,Panamax,4250,22.62
2024-09-23,Maputo,Visakhapatnam (Outer),Panamax,4210,22.64
2024-09-23,Maputo,Visakhapatnam (Inner),Supramax,4210,25.33
2024-09-23,Maputo,Dhamra,Panamax,4280,22.88
2024-09-23,Maputo,Gangavaram,Panamax,4200,22.15
2024-09-23,Maputo,Haldia,Handysize,4380,30.85
2024-09-23,Maputo,Gopalpur,Supramax,4230,26.66
2024-09-23,Norfolk,Paradip,Capesize,9150,35.25
2024-09-23,Norfolk,Visakhapatnam (Outer),Capesize,9110,35.57
2024-09-23,Norfolk,Visakhapatnam (Inner),Panamax,9110,43.41
2024-09-23,Norfolk,Dhamra,Capesize,9180,36.23
2024-09-23,Norfolk,Gangavaram,Capesize,9100,35.8
2024-09-23,Norfolk,Haldia,Supramax,9280,49.91
2024-09-23,Norfolk,Gopalpur,Panamax,9130,43.11
2024-09-30,Newcastle,Paradip,Panamax,4820,25.73
2024-09-30,Newcastle,Visakhapatnam (Outer),Capesize,4870,21.78
2024-09-30,Newcastle,Visakhapatnam (Inner),Panamax,4870,26.27
2024-09-30,Newcastle,Dhamra,Capesize,4800,21.65
2024-09-30,Newcastle,Gangavaram,Capesize,4880,22.01
2024-09-30,Newcastle,Haldia,Supramax,4950,29.82
2024-09-30,Newcastle,Gopalpur,Panamax,4840,26.57
2024-09-30,Samarinda,Paradip,Panamax,2150,13.25
2024-09-30,Samarinda,Visakhapatnam (Outer),Panamax,2190,13.51
2024-09-30,Samarinda,Visakhapatnam (Inner),Supramax,2190,15.15
2024-09-30,Samarinda,Dhamra,Panamax,2130,12.76
2024-09-30,Samarinda,Gangavaram,Panamax,2200,13.3
2024-09-30,Samarinda,Haldia,Handysize,2280,18.06
2024-09-30,Samarinda,Gopalpur,Supramax,2160,15.06
2024-09-30,Richards Bay,Paradip,Capesize,4450,20.42
2024-09-30,Richards Bay,Visakhapatnam (Outer),Capesize,4410,20.11
2024-09-30,Richards Bay,Visakhapatnam (Inner),Panamax,4410,24.33
2024-09-30,Richards Bay,Dhamra,Capesize,4480,20.06
2024-09-30,Richards Bay,Gangavaram,Capesize,4400,19.82
2024-09-30,Richards Bay,Haldia,Supramax,4580,28.34
2024-09-30,Richards Bay,Gopalpur,Panamax,4430,23.6
2024-09-30,Maputo,Paradip,Panamax,4250,23.13
2024-09-30,Maputo,Visakhapatnam (Outer),Panamax,4210,22.97
2024-09-30,Maputo,Visakhapatnam (Inner),Supramax,4210,26.77
2024-09-30,Maputo,Dhamra,Panamax,4280,23.72
2024-09-30,Maputo,Gangavaram,Panamax,4200,23.33
2024-09-30,Maputo,Haldia,Handysize,4380,30.87
2024-09-30,Maputo,Gopalpur,Supramax,4230,26.38
2024-09-30,Norfolk,Paradip,Capesize,9150,37.56
2024-09-30,Norfolk,Visakhapatnam (Outer),Capesize,9110,37.06
2024-09-30,Norfolk,Visakhapatnam (Inner),Panamax,9110,43.99
2024-09-30,Norfolk,Dhamra,Capesize,9180,37.76
2024-09-30,Norfolk,Gangavaram,Capesize,9100,36.82
2024-09-30,Norfolk,Haldia,Supramax,9280,51.03
2024-09-30,Norfolk,Gopalpur,Panamax,9130,45.33
2024-10-07,Newcastle,Paradip,Panamax,4820,23.6
2024-10-07,Newcastle,Visakhapatnam (Outer),Capesize,4870,20.14
2024-10-07,Newcastle,Visakhapatnam (Inner),Panamax,4870,24.04
2024-10-07,Newcastle,Dhamra,Capesize,4800,19.59
2024-10-07,Newcastle,Gangavaram,Capesize,4880,19.48
2024-10-07,Newcastle,Haldia,Supramax,4950,28.12
2024-10-07,Newcastle,Gopalpur,Panamax,4840,23.72
2024-10-07,Samarinda,Paradip,Panamax,2150,11.88
2024-10-07,Samarinda,Visakhapatnam (Outer),Panamax,2190,12.22
2024-10-07,Samarinda,Visakhapatnam (Inner),Supramax,2190,14.27
2024-10-07,Samarinda,Dhamra,Panamax,2130,11.99
2024-10-07,Samarinda,Gangavaram,Panamax,2200,12.32
2024-10-07,Samarinda,Haldia,Handysize,2280,15.91
2024-10-07,Samarinda,Gopalpur,Supramax,2160,13.6
2024-10-07,Richards Bay,Paradip,Capesize,4450,17.91
2024-10-07,Richards Bay,Visakhapatnam (Outer),Capesize,4410,18.36
2024-10-07,Richards Bay,Visakhapatnam (Inner),Panamax,4410,22.44
2024-10-07,Richards Bay,Dhamra,Capesize,4480,18.55
2024-10-07,Richards Bay,Gangavaram,Capesize,4400,17.75
2024-10-07,Richards Bay,Haldia,Supramax,4580,26.21
2024-10-07,Richards Bay,Gopalpur,Panamax,4430,21.66
2024-10-07,Maputo,Paradip,Panamax,4250,21.32
2024-10-07,Maputo,Visakhapatnam (Outer),Panamax,4210,21.62
2024-10-07,Maputo,Visakhapatnam (Inner),Supramax,4210,24.49
2024-10-07,Maputo,Dhamra,Panamax,4280,21.34
2024-10-07,Maputo,Gangavaram,Panamax,4200,21.17
2024-10-07,Maputo,Haldia,Handysize,4380,28.47
2024-10-07,Maputo,Gopalpur,Supramax,4230,24.35
2024-10-07,Norfolk,Paradip,Capesize,9150,34.34
2024-10-07,Norfolk,Visakhapatnam (Outer),Capesize,9110,32.85
2024-10-07,Norfolk,Visakhapatnam (Inner),Panamax,9110,41.23
2024-10-07,Norfolk,Dhamra,Capesize,9180,34.61
2024-10-07,Norfolk,Gangavaram,Capesize,9100,33.91
2024-10-07,Norfolk,Haldia,Supramax,9280,47.17
2024-10-07,Norfolk,Gopalpur,Panamax,9130,40.67
2024-10-14,Newcastle,Paradip,Panamax,4820,24.01
2024-10-14,Newcastle,Visakhapatnam (Outer),Capesize,4870,19.58
2024-10-14,Newcastle,Visakhapatnam (Inner),Panamax,4870,23.72
2024-10-14,Newcastle,Dhamra,Capesize,4800,19.95
2024-10-14,Newcastle,Gangavaram,Capesize,4880,19.45
2024-10-14,Newcastle,Haldia,Supramax,4950,27.91
2024-10-14,Newcastle,Gopalpur,Panamax,4840,23.52
2024-10-14,Samarinda,Paradip,Panamax,2150,12.16
2024-10-14,Samarinda,Visakhapatnam (Outer),Panamax,2190,11.9
2024-10-14,Samarinda,Visakhapatnam (Inner),Supramax,2190,13.8
2024-10-14,Samarinda,Dhamra,Panamax,2130,12.0
2024-10-14,Samarinda,Gangavaram,Panamax,2200,11.94
2024-10-14,Samarinda,Haldia,Handysize,2280,16.27
2024-10-14,Samarinda,Gopalpur,Supramax,2160,13.9
2024-10-14,Richards Bay,Paradip,Capesize,4450,18.4
2024-10-14,Richards Bay,Visakhapatnam (Outer),Capesize,4410,17.67
2024-10-14,Richards Bay,Visakhapatnam (Inner),Panamax,4410,22.51
2024-10-14,Richards Bay,Dhamra,Capesize,4480,18.49
2024-10-14,Richards Bay,Gangavaram,Capesize,4400,18.38
2024-10-14,Richards Bay,Haldia,Supramax,4580,25.72
2024-10-14,Richards Bay,Gopalpur,Panamax,4430,21.94
2024-10-14,Maputo,Paradip,Panamax,4250,21.24
2024-10-14,Maputo,Visakhapatnam (Outer),Panamax,4210,21.48
2024-10-14,Maputo,Visakhapatnam (Inner),Supramax,4210,24.54
2024-10-14,Maputo,Dhamra,Panamax,4280,20.99
2024-10-14,Maputo,Gangavaram,Panamax,4200,21.23
2024-10-14,Maputo,Haldia,Handysize,4380,28.25
2024-10-14,Maputo,Gopalpur,Supramax,4230,23.78
2024-10-14,Norfolk,Paradip,Capesize,9150,33.19
2024-10-14,Norfolk,Visakhapatnam (Outer),Capesize,9110,32.88
2024-10-14,Norfolk,Visakhapatnam (Inner),Panamax,9110,40.62
2024-10-14,Norfolk,Dhamra,Capesize,9180,34.2
2024-10-14,Norfolk,Gangavaram,Capesize,9100,33.89
2024-10-14,Norfolk,Haldia,Supramax,9280,46.79
2024-10-14,Norfolk,Gopalpur,Panamax,9130,40.86
2024-10-21,Newcastle,Paradip,Panamax,4820,24.23
2024-10-21,Newcastle,Visakhapatnam (Outer),Capesize,4870,19.86
2024-10-21,Newcastle,Visakhapatnam (Inner),Panamax,4870,24.22
2024-10-21,Newcastle,Dhamra,Capesize,4800,19.82
2024-10-21,Newcastle,Gangavaram,Capesize,4880,20.54
2024-10-21,Newcastle,Haldia,Supramax,4950,29.4
2024-10-21,Newcastle,Gopalpur,Panamax,4840,24.8
2024-10-21,Samarinda,Paradip,Panamax,2150,12.2
2024-10-21,Samarinda,Visakhapatnam (Outer),Panamax,2190,12.57
2024-10-21,Samarinda,Visakhapatnam (Inner),Supramax,2190,14.17
2024-10-21,Samarinda,Dhamra,Panamax,2130,12.24
2024-10-21,Samarinda,Gangavaram,Panamax,2200,12.57
2024-10-21,Samarinda,Haldia,Handysize,2280,16.47
2024-10-21,Samarinda,Gopalpur,Supramax,2160,13.96
2024-10-21,Richards Bay,Paradip,Capesize,4450,18.64
2024-10-21,Richards Bay,Visakhapatnam (Outer),Capesize,4410,19.14
2024-10-21,Richards Bay,Visakhapatnam (Inner),Panamax,4410,22.36
2024-10-21,Richards Bay,Dhamra,Capesize,4480,18.94
2024-10-21,Richards Bay,Gangavaram,Capesize,4400,18.39
2024-10-21,Richards Bay,Haldia,Supramax,4580,26.88
2024-10-21,Richards Bay,Gopalpur,Panamax,4430,22.36
2024-10-21,Maputo,Paradip,Panamax,4250,22.49
2024-10-21,Maputo,Visakhapatnam (Outer),Panamax,4210,21.59
2024-10-21,Maputo,Visakhapatnam (Inner),Supramax,4210,25.27
2024-10-21,Maputo,Dhamra,Panamax,4280,22.41
2024-10-21,Maputo,Gangavaram,Panamax,4200,21.7
2024-10-21,Maputo,Haldia,Handysize,4380,28.93
2024-10-21,Maputo,Gopalpur,Supramax,4230,25.45
2024-10-21,Norfolk,Paradip,Capesize,9150,34.33
2024-10-21,Norfolk,Visakhapatnam (Outer),Capesize,9110,33.92
2024-10-21,Norfolk,Visakhapatnam (Inner),Panamax,9110,41.13
2024-10-21,Norfolk,Dhamra,Capesize,9180,35.71
2024-10-21,Norfolk,Gangavaram,Capesize,9100,34.33
2024-10-21,Norfolk,Haldia,Supramax,9280,49.48
2024-10-21,Norfolk,Gopalpur,Panamax,9130,42.63
2024-10-28,Newcastle,Paradip,Panamax,4820,24.74
2024-10-28,Newcastle,Visakhapatnam (Outer),Capesize,4870,21.32
2024-10-28,Newcastle,Visakhapatnam (Inner),Panamax,4870,24.99
2024-10-28,Newcastle,Dhamra,Capesize,4800,20.69
2024-10-28,Newcastle,Gangavaram,Capesize,4880,21.35
2024-10-28,Newcastle,Haldia,Supramax,4950,29.0
2024-10-28,Newcastle,Gopalpur,Panamax,4840,25.67
2024-10-28,Samarinda,Paradip,Panamax,2150,12.62
2024-10-28,Samarinda,Visakhapatnam (Outer),Panamax,2190,12.82
2024-10-28,Samarinda,Visakhapatnam (Inner),Supramax,2190,14.42
2024-10-28,Samarinda,Dhamra,Panamax,2130,12.52
2024-10-28,Samarinda,Gangavaram,Panamax,2200,12.65
2024-10-28,Samarinda,Haldia,Handysize,2280,17.15
2024-10-28,Samarinda,Gopalpur,Supramax,2160,14.37
2024-10-28,Richards Bay,Paradip,Capesize,4450,18.84
2024-10-28,Richards Bay,Visakhapatnam (Outer),Capesize,4410,19.56
2024-10-28,Richards Bay,Visakhapatnam (Inner),Panamax,4410,22.92
2024-10-28,Richards Bay,Dhamra,Capesize,4480,19.35
2024-10-28,Richards Bay,Gangavaram,Capesize,4400,18.72
2024-10-28,Richards Bay,Haldia,Supramax,4580,27.36
2024-10-28,Richards Bay,Gopalpur,Panamax,4430,23.31
2024-10-28,Maputo,Paradip,Panamax,4250,22.06
2024-10-28,Maputo,Visakhapatnam (Outer),Panamax,4210,21.81
2024-10-28,Maputo,Visakhapatnam (Inner),Supramax,4210,25.04
2024-10-28,Maputo,Dhamra,Panamax,4280,22.31
2024-10-28,Maputo,Gangavaram,Panamax,4200,22.35
2024-10-28,Maputo,Haldia,Handysize,4380,30.4
2024-10-28,Maputo,Gopalpur,Supramax,4230,25.48
2024-10-28,Norfolk,Paradip,Capesize,9150,36.17
2024-10-28,Norfolk,Visakhapatnam (Outer),Capesize,9110,34.84
2024-10-28,Norfolk,Visakhapatnam (Inner),Panamax,9110,43.16
2024-10-28,Norfolk,Dhamra,Capesize,9180,35.79
2024-10-28,Norfolk,Gangavaram,Capesize,9100,35.09
2024-10-28,Norfolk,Haldia,Supramax,9280,51.13
2024-10-28,Norfolk,Gopalpur,Panamax,9130,44.14
2024-11-04,Newcastle,Paradip,Panamax,4820,25.02
2024-11-04,Newcastle,Visakhapatnam (Outer),Capesize,4870,20.34
2024-11-04,Newcastle,Visakhapatnam (Inner),Panamax,4870,25.29
2024-11-04,Newcastle,Dhamra,Capesize,4800,20.51
2024-11-04,Newcastle,Gangavaram,Capesize,4880,20.89
2024-11-04,Newcastle,Haldia,Supramax,4950,28.64
2024-11-04,Newcastle,Gopalpur,Panamax,4840,25.07
2024-11-04,Samarinda,Paradip,Panamax,2150,12.65
2024-11-04,Samarinda,Visakhapatnam (Outer),Panamax,2190,12.56
2024-11-04,Samarinda,Visakhapatnam (Inner),Supramax,2190,14.29
2024-11-04,Samarinda,Dhamra,Panamax,2130,12.4
2024-11-04,Samarinda,Gangavaram,Panamax,2200,13.09
2024-11-04,Samarinda,Haldia,Handysize,2280,17.31
2024-11-04,Samarinda,Gopalpur,Supramax,2160,14.28
2024-11-04,Richards Bay,Paradip,Capesize,4450,19.26
2024-11-04,Richards Bay,Visakhapatnam (Outer),Capesize,4410,18.85
2024-11-04,Richards Bay,Visakhapatnam (Inner),Panamax,4410,22.5
2024-11-04,Richards Bay,Dhamra,Capesize,4480,19.25
2024-11-04,Richards Bay,Gangavaram,Capesize,4400,19.22
2024-11-04,Richards Bay,Haldia,Supramax,4580,27.81
2024-11-04,Richards Bay,Gopalpur,Panamax,4430,22.93
2024-11-04,Maputo,Paradip,Panamax,4250,22.27
2024-11-04,Maputo,Visakhapatnam (Outer),Panamax,4210,22.61
2024-11-04,Maputo,Visakhapatnam (Inner),Supramax,4210,25.19
2024-11-04,Maputo,Dhamra,Panamax,4280,21.95
2024-11-04,Maputo,Gangavaram,Panamax,4200,22.67
2024-11-04,Maputo,Haldia,Handysize,4380,30.41
2024-11-04,Maputo,Gopalpur,Supramax,4230,26.07
2024-11-04,Norfolk,Paradip,Capesize,9150,36.19
2024-11-04,Norfolk,Visakhapatnam (Outer),Capesize,9110,35.29
2024-11-04,Norfolk,Visakhapatnam (Inner),Panamax,9110,43.13
2024-11-04,Norfolk,Dhamra,Capesize,9180,35.38
2024-11-04,Norfolk,Gangavaram,Capesize,9100,35.78
2024-11-04,Norfolk,Haldia,Supramax,9280,50.44
2024-11-04,Norfolk,Gopalpur,Panamax,9130,43.43
2024-11-11,Newcastle,Paradip,Panamax,4820,25.17
2024-11-11,Newcastle,Visakhapatnam (Outer),Capesize,4870,20.72
2024-11-11,Newcastle,Visakhapatnam (Inner),Panamax,4870,25.31
2024-11-11,Newcastle,Dhamra,Capesize,4800,20.62
2024-11-11,Newcastle,Gangavaram,Capesize,4880,21.43
2024-11-11,Newcastle,Haldia,Supramax,4950,29.81
2024-11-11,Newcastle,Gopalpur,Panamax,4840,24.98
2024-11-11,Samarinda,Paradip,Panamax,2150,12.89
2024-11-11,Samarinda,Visakhapatnam (Outer),Panamax,2190,12.97
2024-11-11,Samarinda,Visakhapatnam (Inner),Supramax,2190,14.47
2024-11-11,Samarinda,Dhamra,Panamax,2130,12.87
2024-11-11,Samarinda,Gangavaram,Panamax,2200,13.23
2024-11-11,Samarinda,Haldia,Handysize,2280,17.05
2024-11-11,Samarinda,Gopalpur,Supramax,2160,14.9
2024-11-11,Richards Bay,Paradip,Capesize,4450,19.21
2024-11-11,Richards Bay,Visakhapatnam (Outer),Capesize,4410,18.89
2024-11-11,Richards Bay,Visakhapatnam (Inner),Panamax,4410,22.88
2024-11-11,Richards Bay,Dhamra,Capesize,4480,19.87
2024-11-11,Richards Bay,Gangavaram,Capesize,4400,18.8
2024-11-11,Richards Bay,Haldia,Supramax,4580,27.71
2024-11-11,Richards Bay,Gopalpur,Panamax,4430,23.25
2024-11-11,Maputo,Paradip,Panamax,4250,22.52
2024-11-11,Maputo,Visakhapatnam (Outer),Panamax,4210,22.02
2024-11-11,Maputo,Visakhapatnam (Inner),Supramax,4210,25.5
2024-11-11,Maputo,Dhamra,Panamax,4280,22.75
2024-11-11,Maputo,Gangavaram,Panamax,4200,21.84
2024-11-11,Maputo,Haldia,Handysize,4380,30.63
2024-11-11,Maputo,Gopalpur,Supramax,4230,26.08
2024-11-11,Norfolk,Paradip,Capesize,9150,35.32
2024-11-11,Norfolk,Visakhapatnam (Outer),Capesize,9110,35.56
2024-11-11,Norfolk,Visakhapatnam (Inner),Panamax,9110,42.32
2024-11-11,Norfolk,Dhamra,Capesize,9180,36.5
2024-11-11,Norfolk,Gangavaram,Capesize,9100,36.21
2024-11-11,Norfolk,Haldia,Supramax,9280,49.23
2024-11-11,Norfolk,Gopalpur,Panamax,9130,42.59
2024-11-18,Newcastle,Paradip,Panamax,4820,25.71
2024-11-18,Newcastle,Visakhapatnam (Outer),Capesize,4870,21.57
2024-11-18,Newcastle,Visakhapatnam (Inner),Panamax,4870,26.43
2024-11-18,Newcastle,Dhamra,Capesize,4800,21.44
2024-11-18,Newcastle,Gangavaram,Capesize,4880,22.12
2024-11-18,Newcastle,Haldia,Supramax,4950,29.98
2024-11-18,Newcastle,Gopalpur,Panamax,4840,26.53
2024-11-18,Samarinda,Paradip,Panamax,2150,13.4
2024-11-18,Samarinda,Visakhapatnam (Outer),Panamax,2190,13.32
2024-11-18,Samarinda,Visakhapatnam (Inner),Supramax,2190,15.13
2024-11-18,Samarinda,Dhamra,Panamax,2130,12.99
2024-11-18,Samarinda,Gangavaram,Panamax,2200,13.57
2024-11-18,Samarinda,Haldia,Handysize,2280,17.42
2024-11-18,Samarinda,Gopalpur,Supramax,2160,15.13
2024-11-18,Richards Bay,Paradip,Capesize,4450,20.49
2024-11-18,Richards Bay,Visakhapatnam (Outer),Capesize,4410,19.76
2024-11-18,Richards Bay,Visakhapatnam (Inner),Panamax,4410,24.03
2024-11-18,Richards Bay,Dhamra,Capesize,4480,19.84
2024-11-18,Richards Bay,Gangavaram,Capesize,4400,19.77
2024-11-18,Richards Bay,Haldia,Supramax,4580,27.87
2024-11-18,Richards Bay,Gopalpur,Panamax,4430,24.3
2024-11-18,Maputo,Paradip,Panamax,4250,23.27
2024-11-18,Maputo,Visakhapatnam (Outer),Panamax,4210,23.0
2024-11-18,Maputo,Visakhapatnam (Inner),Supramax,4210,25.93
2024-11-18,Maputo,Dhamra,Panamax,4280,23.15
2024-11-18,Maputo,Gangavaram,Panamax,4200,22.72
2024-11-18,Maputo,Haldia,Handysize,4380,30.37
2024-11-18,Maputo,Gopalpur,Supramax,4230,26.26
2024-11-18,Norfolk,Paradip,Capesize,9150,36.44
2024-11-18,Norfolk,Visakhapatnam (Outer),Capesize,9110,36.21
2024-11-18,Norfolk,Visakhapatnam (Inner),Panamax,9110,44.03
2024-11-18,Norfolk,Dhamra,Capesize,9180,36.24
2024-11-18,Norfolk,Gangavaram,Capesize,9100,37.4
2024-11-18,Norfolk,Haldia,Supramax,9280,50.84
2024-11-18,Norfolk,Gopalpur,Panamax,9130,44.85
2024-11-25,Newcastle,Paradip,Panamax,4820,25.54
2024-11-25,Newcastle,Visakhapatnam (Outer),Capesize,4870,21.33
2024-11-25,Newcastle,Visakhapatnam (Inner),Panamax,4870,26.58
2024-11-25,Newcastle,Dhamra,Capesize,4800,21.05
2024-11-25,Newcastle,Gangavaram,Capesize,4880,21.19
2024-11-25,Newcastle,Haldia,Supramax,4950,29.97
2024-11-25,Newcastle,Gopalpur,Panamax,4840,26.33
2024-11-25,Samarinda,Paradip,Panamax,2150,12.87
2024-11-25,Samarinda,Visakhapatnam (Outer),Panamax,2190,13.3
2024-11-25,Samarinda,Visakhapatnam (Inner),Supramax,2190,14.8
2024-11-25,Samarinda,Dhamra,Panamax,2130,13.17
2024-11-25,Samarinda,Gangavaram,Panamax,2200,13.45
2024-11-25,Samarinda,Haldia,Handysize,2280,18.03
2024-11-25,Samarinda,Gopalpur,Supramax,2160,15.05
2024-11-25,Richards Bay,Paradip,Capesize,4450,19.63
2024-11-25,Richards Bay,Visakhapatnam (Outer),Capesize,4410,19.45
2024-11-25,Richards Bay,Visakhapatnam (Inner),Panamax,4410,24.02
2024-11-25,Richards Bay,Dhamra,Capesize,4480,19.95
2024-11-25,Richards Bay,Gangavaram,Capesize,4400,19.4
2024-11-25,Richards Bay,Haldia,Supramax,4580,28.98
2024-11-25,Richards Bay,Gopalpur,Panamax,4430,23.71
2024-11-25,Maputo,Paradip,Panamax,4250,23.51
2024-11-25,Maputo,Visakhapatnam (Outer),Panamax,4210,23.45
2024-11-25,Maputo,Visakhapatnam (Inner),Supramax,4210,25.73
2024-11-25,Maputo,Dhamra,Panamax,4280,23.27
2024-11-25,Maputo,Gangavaram,Panamax,4200,22.43
2024-11-25,Maputo,Haldia,Handysize,4380,30.76
2024-11-25,Maputo,Gopalpur,Supramax,4230,26.44
2024-11-25,Norfolk,Paradip,Capesize,9150,36.53
2024-11-25,Norfolk,Visakhapatnam (Outer),Capesize,9110,35.59
2024-11-25,Norfolk,Visakhapatnam (Inner),Panamax,9110,43.17
2024-11-25,Norfolk,Dhamra,Capesize,9180,37.25
2024-11-25,Norfolk,Gangavaram,Capesize,9100,36.28
2024-11-25,Norfolk,Haldia,Supramax,9280,51.41
2024-11-25,Norfolk,Gopalpur,Panamax,9130,43.91
2024-12-02,Newcastle,Paradip,Panamax,4820,25.69
2024-12-02,Newcastle,Visakhapatnam (Outer),Capesize,4870,20.73
2024-12-02,Newcastle,Visakhapatnam (Inner),Panamax,4870,26.33
2024-12-02,Newcastle,Dhamra,Capesize,4800,21.49
2024-12-02,Newcastle,Gangavaram,Capesize,4880,20.76
2024-12-02,Newcastle,Haldia,Supramax,4950,30.28
2024-12-02,Newcastle,Gopalpur,Panamax,4840,25.03
2024-12-02,Samarinda,Paradip,Panamax,2150,12.61
2024-12-02,Samarinda,Visakhapatnam (Outer),Panamax,2190,12.88
2024-12-02,Samarinda,Visakhapatnam (Inner),Supramax,2190,15.04
2024-12-02,Samarinda,Dhamra,Panamax,2130,12.49
2024-12-02,Samarinda,Gangavaram,Panamax,2200,12.98
2024-12-02,Samarinda,Haldia,Handysize,2280,17.19
2024-12-02,Samarinda,Gopalpur,Supramax,2160,14.47
2024-12-02,Richards Bay,Paradip,Capesize,4450,19.88
2024-12-02,Richards Bay,Visakhapatnam (Outer),Capesize,4410,19.88
2024-12-02,Richards Bay,Visakhapatnam (Inner),Panamax,4410,24.27
2024-12-02,Richards Bay,Dhamra,Capesize,4480,19.51
2024-12-02,Richards Bay,Gangavaram,Capesize,4400,19.78
2024-12-02,Richards Bay,Haldia,Supramax,4580,27.99
2024-12-02,Richards Bay,Gopalpur,Panamax,4430,24.02
2024-12-02,Maputo,Paradip,Panamax,4250,22.86
2024-12-02,Maputo,Visakhapatnam (Outer),Panamax,4210,22.57
2024-12-02,Maputo,Visakhapatnam (Inner),Supramax,4210,26.29
2024-12-02,Maputo,Dhamra,Panamax,4280,23.35
2024-12-02,Maputo,Gangavaram,Panamax,4200,22.89
2024-12-02,Maputo,Haldia,Handysize,4380,31.04
2024-12-02,Maputo,Gopalpur,Supramax,4230,25.74
2024-12-02,Norfolk,Paradip,Capesize,9150,35.95
2024-12-02,Norfolk,Visakhapatnam (Outer),Capesize,9110,36.75
2024-12-02,Norfolk,Visakhapatnam (Inner),Panamax,9110,42.88
2024-12-02,Norfolk,Dhamra,Capesize,9180,37.12
2024-12-02,Norfolk,Gangavaram,Capesize,9100,36.79
2024-12-02,Norfolk,Haldia,Supramax,9280,51.28
2024-12-02,Norfolk,Gopalpur,Panamax,9130,43.42
2024-12-09,Newcastle,Paradip,Panamax,4820,24.72
2024-12-09,Newcastle,Visakhapatnam (Outer),Capesize,4870,21.04
2024-12-09,Newcastle,Visakhapatnam (Inner),Panamax,4870,24.65
2024-12-09,Newcastle,Dhamra,Capesize,4800,20.63
2024-12-09,Newcastle,Gangavaram,Capesize,4880,20.29
2024-12-09,Newcastle,Haldia,Supramax,4950,28.95
2024-12-09,Newcastle,Gopalpur,Panamax,4840,25.03
2024-12-09,Samarinda,Paradip,Panamax,2150,12.81
2024-12-09,Samarinda,Visakhapatnam (Outer),Panamax,2190,12.5
2024-12-09,Samarinda,Visakhapatnam (Inner),Supramax,2190,14.53
2024-12-09,Samarinda,Dhamra,Panamax,2130,12.61
2024-12-09,Samarinda,Gangavaram,Panamax,2200,12.95
2024-12-09,Samarinda,Haldia,Handysize,2280,16.81
2024-12-09,Samarinda,Gopalpur,Supramax,2160,14.09
2024-12-09,Richards Bay,Paradip,Capesize,4450,19.09
2024-12-09,Richards Bay,Visakhapatnam (Outer),Capesize,4410,18.82
2024-12-09,Richards Bay,Visakhapatnam (Inner),Panamax,4410,23.37
2024-12-09,Richards Bay,Dhamra,Capesize,4480,19.36
2024-12-09,Richards Bay,Gangavaram,Capesize,4400,19.45
2024-12-09,Richards Bay,Haldia,Supramax,4580,27.71
2024-12-09,Richards Bay,Gopalpur,Panamax,4430,22.64
2024-12-09,Maputo,Paradip,Panamax,4250,21.96
2024-12-09,Maputo,Visakhapatnam (Outer),Panamax,4210,22.51
2024-12-09,Maputo,Visakhapatnam (Inner),Supramax,4210,25.05
2024-12-09,Maputo,Dhamra,Panamax,4280,22.04
2024-12-09,Maputo,Gangavaram,Panamax,4200,22.19
2024-12-09,Maputo,Haldia,Handysize,4380,29.32
2024-12-09,Maputo,Gopalpur,Supramax,4230,25.09
2024-12-09,Norfolk,Paradip,Capesize,9150,35.6
2024-12-09,Norfolk,Visakhapatnam (Outer),Capesize,9110,35.17
2024-12-09,Norfolk,Visakhapatnam (Inner),Panamax,9110,42.13
2024-12-09,Norfolk,Dhamra,Capesize,9180,35.23
2024-12-09,Norfolk,Gangavaram,Capesize,9100,35.57
2024-12-09,Norfolk,Haldia,Supramax,9280,48.65
2024-12-09,Norfolk,Gopalpur,Panamax,9130,43.6
2024-12-16,Newcastle,Paradip,Panamax,4820,25.8
2024-12-16,Newcastle,Visakhapatnam (Outer),Capesize,4870,22.03
2024-12-16,Newcastle,Visakhapatnam (Inner),Panamax,4870,26.12
2024-12-16,Newcastle,Dhamra,Capesize,4800,21.61
2024-12-16,Newcastle,Gangavaram,Capesize,4880,21.24
2024-12-16,Newcastle,Haldia,Supramax,4950,31.14
2024-12-16,Newcastle,Gopalpur,Panamax,4840,26.08
2024-12-16,Samarinda,Paradip,Panamax,2150,12.84
2024-12-16,Samarinda,Visakhapatnam (Outer),Panamax,2190,12.99
2024-12-16,Samarinda,Visakhapatnam (Inner),Supramax,2190,15.49
2024-12-16,Samarinda,Dhamra,Panamax,2130,12.89
2024-12-16,Samarinda,Gangavaram,Panamax,2200,13.5
2024-12-16,Samarinda,Haldia,Handysize,2280,17.93
2024-12-16,Samarinda,Gopalpur,Supramax,2160,15.29
2024-12-16,Richards Bay,Paradip,Capesize,4450,20.4
2024-12-16,Richards Bay,Visakhapatnam (Outer),Capesize,4410,20.15
2024-12-16,Richards Bay,Visakhapatnam (Inner),Panamax,4410,23.46
2024-12-16,Richards Bay,Dhamra,Capesize,4480,20.17
2024-12-16,Richards Bay,Gangavaram,Capesize,4400,19.29
2024-12-16,Richards Bay,Haldia,Supramax,4580,28.02
2024-12-16,Richards Bay,Gopalpur,Panamax,4430,24.02
2024-12-16,Maputo,Paradip,Panamax,4250,23.09
2024-12-16,Maputo,Visakhapatnam (Outer),Panamax,4210,23.61
2024-12-16,Maputo,Visakhapatnam (Inner),Supramax,4210,26.51
2024-12-16,Maputo,Dhamra,Panamax,4280,23.2
2024-12-16,Maputo,Gangavaram,Panamax,4200,23.47
2024-12-16,Maputo,Haldia,Handysize,4380,30.49
2024-12-16,Maputo,Gopalpur,Supramax,4230,26.86
2024-12-16,Norfolk,Paradip,Capesize,9150,36.55
2024-12-16,Norfolk,Visakhapatnam (Outer),Capesize,9110,35.75
2024-12-16,Norfolk,Visakhapatnam (Inner),Panamax,9110,43.58
2024-12-16,Norfolk,Dhamra,Capesize,9180,37.18
2024-12-16,Norfolk,Gangavaram,Capesize,9100,35.88
2024-12-16,Norfolk,Haldia,Supramax,9280,52.3
2024-12-16,Norfolk,Gopalpur,Panamax,9130,44.24
2024-12-23,Newcastle,Paradip,Panamax,4820,26.58
2024-12-23,Newcastle,Visakhapatnam (Outer),Capesize,4870,21.59
2024-12-23,Newcastle,Visakhapatnam (Inner),Panamax,4870,25.64
2024-12-23,Newcastle,Dhamra,Capesize,4800,21.18
2024-12-23,Newcastle,Gangavaram,Capesize,4880,21.93
2024-12-23,Newcastle,Haldia,Supramax,4950,31.31
2024-12-23,Newcastle,Gopalpur,Panamax,4840,26.38
2024-12-23,Samarinda,Paradip,Panamax,2150,13.18
2024-12-23,Samarinda,Visakhapatnam (Outer),Panamax,2190,13.31
2024-12-23,Samarinda,Visakhapatnam (Inner),Supramax,2190,15.5
2024-12-23,Samarinda,Dhamra,Panamax,2130,12.74
2024-12-23,Samarinda,Gangavaram,Panamax,2200,13.52
2024-12-23,Samarinda,Haldia,Handysize,2280,17.74
2024-12-23,Samarinda,Gopalpur,Supramax,2160,15.46
2024-12-23,Richards Bay,Paradip,Capesize,4450,20.15
2024-12-23,Richards Bay,Visakhapatnam (Outer),Capesize,4410,19.61
2024-12-23,Richards Bay,Visakhapatnam (Inner),Panamax,4410,23.58
2024-12-23,Richards Bay,Dhamra,Capesize,4480,20.58
2024-12-23,Richards Bay,Gangavaram,Capesize,4400,19.8
2024-12-23,Richards Bay,Haldia,Supramax,4580,28.69
2024-12-23,Richards Bay,Gopalpur,Panamax,4430,24.53
2024-12-23,Maputo,Paradip,Panamax,4250,23.12
2024-12-23,Maputo,Visakhapatnam (Outer),Panamax,4210,23.52
2024-12-23,Maputo,Visakhapatnam (Inner),Supramax,4210,26.23
2024-12-23,Maputo,Dhamra,Panamax,4280,23.57
2024-12-23,Maputo,Gangavaram,Panamax,4200,23.51
2024-12-23,Maputo,Haldia,Handysize,4380,31.38
2024-12-23,Maputo,Gopalpur,Supramax,4230,27.39
2024-12-23,Norfolk,Paradip,Capesize,9150,36.31
2024-12-23,Norfolk,Visakhapatnam (Outer),Capesize,9110,36.31
2024-12-23,Norfolk,Visakhapatnam (Inner),Panamax,9110,45.02
2024-12-23,Norfolk,Dhamra,Capesize,9180,36.73
2024-12-23,Norfolk,Gangavaram,Capesize,9100,35.94
2024-12-23,Norfolk,Haldia,Supramax,9280,51.24
2024-12-23,Norfolk,Gopalpur,Panamax,9130,45.3
2024-12-30,Newcastle,Paradip,Panamax,4820,26.06
2024-12-30,Newcastle,Visakhapatnam (Outer),Capesize,4870,21.36
2024-12-30,Newcastle,Visakhapatnam (Inner),Panamax,4870,25.65
2024-12-30,Newcastle,Dhamra,Capesize,4800,21.17
2024-12-30,Newcastle,Gangavaram,Capesize,4880,21.37
2024-12-30,Newcastle,Haldia,Supramax,4950,30.27
2024-12-30,Newcastle,Gopalpur,Panamax,4840,25.96
2024-12-30,Samarinda,Paradip,Panamax,2150,12.86
2024-12-30,Samarinda,Visakhapatnam (Outer),Panamax,2190,13.28
2024-12-30,Samarinda,Visakhapatnam (Inner),Supramax,2190,15.36
2024-12-30,Samarinda,Dhamra,Panamax,2130,12.95
2024-12-30,Samarinda,Gangavaram,Panamax,2200,12.82
2024-12-30,Samarinda,Haldia,Handysize,2280,17.85
2024-12-30,Samarinda,Gopalpur,Supramax,2160,14.75
2024-12-30,Richards Bay,Paradip,Capesize,4450,19.32
2024-12-30,Richards Bay,Visakhapatnam (Outer),Capesize,4410,19.99
2024-12-30,Richards Bay,Visakhapatnam (Inner),Panamax,4410,23.25
2024-12-30,Richards Bay,Dhamra,Capesize,4480,19.75
2024-12-30,Richards Bay,Gangavaram,Capesize,4400,19.28
2024-12-30,Richards Bay,Haldia,Supramax,4580,27.85
2024-12-30,Richards Bay,Gopalpur,Panamax,4430,23.92
2024-12-30,Maputo,Paradip,Panamax,4250,22.73
2024-12-30,Maputo,Visakhapatnam (Outer),Panamax,4210,22.5
2024-12-30,Maputo,Visakhapatnam (Inner),Supramax,4210,26.49
2024-12-30,Maputo,Dhamra,Panamax,4280,22.56
2024-12-30,Maputo,Gangavaram,Panamax,4200,22.39
2024-12-30,Maputo,Haldia,Handysize,4380,30.32
2024-12-30,Maputo,Gopalpur,Supramax,4230,25.74
2024-12-30,Norfolk,Paradip,Capesize,9150,37.11
2024-12-30,Norfolk,Visakhapatnam (Outer),Capesize,9110,36.15
2024-12-30,Norfolk,Visakhapatnam (Inner),Panamax,9110,43.86
2024-12-30,Norfolk,Dhamra,Capesize,9180,35.92
2024-12-30,Norfolk,Gangavaram,Capesize,9100,36.24
2024-12-30,Norfolk,Haldia,Supramax,9280,52.15
2024-12-30,Norfolk,Gopalpur,Panamax,9130,43.59
2025-01-06,Newcastle,Paradip,Panamax,4820,26.14
2025-01-06,Newcastle,Visakhapatnam (Outer),Capesize,4870,21.19
2025-01-06,Newcastle,Visakhapatnam (Inner),Panamax,4870,25.69
2025-01-06,Newcastle,Dhamra,Capesize,4800,21.44
2025-01-06,Newcastle,Gangavaram,Capesize,4880,20.84
2025-01-06,Newcastle,Haldia,Supramax,4950,29.84
2025-01-06,Newcastle,Gopalpur,Panamax,4840,25.17
2025-01-06,Samarinda,Paradip,Panamax,2150,13.02
2025-01-06,Samarinda,Visakhapatnam (Outer),Panamax,2190,13.34
2025-01-06,Samarinda,Visakhapatnam (Inner),Supramax,2190,15.32
2025-01-06,Samarinda,Dhamra,Panamax,2130,13.07
2025-01-06,Samarinda,Gangavaram,Panamax,2200,13.29
2025-01-06,Samarinda,Haldia,Handysize,2280,17.23
2025-01-06,Samarinda,Gopalpur,Supramax,2160,15.09
2025-01-06,Richards Bay,Paradip,Capesize,4450,19.83
2025-01-06,Richards Bay,Visakhapatnam (Outer),Capesize,4410,19.84
2025-01-06,Richards Bay,Visakhapatnam (Inner),Panamax,4410,24.23
2025-01-06,Richards Bay,Dhamra,Capesize,4480,19.72
2025-01-06,Richards Bay,Gangavaram,Capesize,4400,19.67
2025-01-06,Richards Bay,Haldia,Supramax,4580,27.93
2025-01-06,Richards Bay,Gopalpur,Panamax,4430,23.37
2025-01-06,Maputo,Paradip,Panamax,4250,23.02
2025-01-06,Maputo,Visakhapatnam (Outer),Panamax,4210,22.37
2025-01-06,Maputo,Visakhapatnam (Inner),Supramax,4210,26.12
2025-01-06,Maputo,Dhamra,Panamax,4280,23.6
2025-01-06,Maputo,Gangavaram,Panamax,4200,23.18
2025-01-06,Maputo,Haldia,Handysize,4380,29.88
2025-01-06,Maputo,Gopalpur,Supramax,4230,25.97
2025-01-06,Norfolk,Paradip,Capesize,9150,36.92
2025-01-06,Norfolk,Visakhapatnam (Outer),Capesize,9110,35.61
2025-01-06,Norfolk,Visakhapatnam (Inner),Panamax,9110,44.75
2025-01-06,Norfolk,Dhamra,Capesize,9180,37.24
2025-01-06,Norfolk,Gangavaram,Capesize,9100,35.27
2025-01-06,Norfolk,Haldia,Supramax,9280,50.66
2025-01-06,Norfolk,Gopalpur,Panamax,9130,43.3
2025-01-13,Newcastle,Paradip,Panamax,4820,25.91
2025-01-13,Newcastle,Visakhapatnam (Outer),Capesize,4870,21.05
2025-01-13,Newcastle,Visakhapatnam (Inner),Panamax,4870,25.68
2025-01-13,Newcastle,Dhamra,Capesize,4800,21.24
2025-01-13,Newcastle,Gangavaram,Capesize,4880,21.02
2025-01-13,Newcastle,Haldia,Supramax,4950,29.24
2025-01-13,Newcastle,Gopalpur,Panamax,4840,25.06
2025-01-13,Samarinda,Paradip,Panamax,2150,12.82
2025-01-13,Samarinda,Visakhapatnam (Outer),Panamax,2190,12.66
2025-01-13,Samarinda,Visakhapatnam (Inner),Supramax,2190,14.58
2025-01-13,Samarinda,Dhamra,Panamax,2130,12.86
2025-01-13,Samarinda,Gangavaram,Panamax,2200,13.23
2025-01-13,Samarinda,Haldia,Handysize,2280,17.18
2025-01-13,Samarinda,Gopalpur,Supramax,2160,15.06
2025-01-13,Richards Bay,Paradip,Capesize,4450,19.87
2025-01-13,Richards Bay,Visakhapatnam (Outer),Capesize,4410,18.89
2025-01-13,Richards Bay,Visakhapatnam (Inner),Panamax,4410,23.38
2025-01-13,Richards Bay,Dhamra,Capesize,4480,19.76
2025-01-13,Richards Bay,Gangavaram,Capesize,4400,19.79
2025-01-13,Richards Bay,Haldia,Supramax,4580,27.91
2025-01-13,Richards Bay,Gopalpur,Panamax,4430,23.59
2025-01-13,Maputo,Paradip,Panamax,4250,22.78
2025-01-13,Maputo,Visakhapatnam (Outer),Panamax,4210,22.97
2025-01-13,Maputo,Visakhapatnam (Inner),Supramax,4210,25.68
2025-01-13,Maputo,Dhamra,Panamax,4280,22.46
2025-01-13,Maputo,Gangavaram,Panamax,4200,22.68
2025-01-13,Maputo,Haldia,Handysize,4380,30.38
2025-01-13,Maputo,Gopalpur,Supramax,4230,26.1
2025-01-13,Norfolk,Paradip,Capesize,9150,35.65
2025-01-13,Norfolk,Visakhapatnam (Outer),Capesize,9110,36.04
2025-01-13,Norfolk,Visakhapatnam (Inner),Panamax,9110,43.4
2025-01-13,Norfolk,Dhamra,Capesize,9180,35.23
2025-01-13,Norfolk,Gangavaram,Capesize,9100,36.49
2025-01-13,Norfolk,Haldia,Supramax,9280,49.53
2025-01-13,Norfolk,Gopalpur,Panamax,9130,42.87
2025-01-20,Newcastle,Paradip,Panamax,4820,24.37
2025-01-20,Newcastle,Visakhapatnam (Outer),Capesize,4870,21.06
2025-01-20,Newcastle,Visakhapatnam (Inner),Panamax,4870,25.74
2025-01-20,Newcastle,Dhamra,Capesize,4800,20.76
2025-01-20,Newcastle,Gangavaram,Capesize,4880,20.28
2025-01-20,Newcastle,Haldia,Supramax,4950,29.57
2025-01-20,Newcastle,Gopalpur,Panamax,4840,25.25
2025-01-20,Samarinda,Paradip,Panamax,2150,12.28
2025-01-20,Samarinda,Visakhapatnam (Outer),Panamax,2190,12.72
2025-01-20,Samarinda,Visakhapatnam (Inner),Supramax,2190,14.53
2025-01-20,Samarinda,Dhamra,Panamax,2130,12.59
2025-01-20,Samarinda,Gangavaram,Panamax,2200,12.63
2025-01-20,Samarinda,Haldia,Handysize,2280,16.77
2025-01-20,Samarinda,Gopalpur,Supramax,2160,14.26
2025-01-20,Richards Bay,Paradip,Capesize,4450,19.29
2025-01-20,Richards Bay,Visakhapatnam (Outer),Capesize,4410,19.01
2025-01-20,Richards Bay,Visakhapatnam (Inner),Panamax,4410,23.05
2025-01-20,Richards Bay,Dhamra,Capesize,4480,19.5
2025-01-20,Richards Bay,Gangavaram,Capesize,4400,18.9
2025-01-20,Richards Bay,Haldia,Supramax,4580,27.11
2025-01-20,Richards Bay,Gopalpur,Panamax,4430,23.8
2025-01-20,Maputo,Paradip,Panamax,4250,22.52
2025-01-20,Maputo,Visakhapatnam (Outer),Panamax,4210,22.13
2025-01-20,Maputo,Visakhapatnam (Inner),Supramax,4210,25.94
2025-01-20,Maputo,Dhamra,Panamax,4280,22.23
2025-01-20,Maputo,Gangavaram,Panamax,4200,22.65
2025-01-20,Maputo,Haldia,Handysize,4380,30.15
2025-01-20,Maputo,Gopalpur,Supramax,4230,25.12
2025-01-20,Norfolk,Paradip,Capesize,9150,35.92
2025-01-20,Norfolk,Visakhapatnam (Outer),Capesize,9110,35.63
2025-01-20,Norfolk,Visakhapatnam (Inner),Panamax,9110,43.87
2025-01-20,Norfolk,Dhamra,Capesize,9180,34.78
2025-01-20,Norfolk,Gangavaram,Capesize,9100,35.75
2025-01-20,Norfolk,Haldia,Supramax,9280,49.86
2025-01-20,Norfolk,Gopalpur,Panamax,9130,42.58
2025-01-27,Newcastle,Paradip,Panamax,4820,24.07
2025-01-27,Newcastle,Visakhapatnam (Outer),Capesize,4870,20.73
2025-01-27,Newcastle,Visakhapatnam (Inner),Panamax,4870,24.85
2025-01-27,Newcastle,Dhamra,Capesize,4800,20.24
2025-01-27,Newcastle,Gangavaram,Capesize,4880,20.26
2025-01-27,Newcastle,Haldia,Supramax,4950,28.75
2025-01-27,Newcastle,Gopalpur,Panamax,4840,24.72
2025-01-27,Samarinda,Paradip,Panamax,2150,12.1
2025-01-27,Samarinda,Visakhapatnam (Outer),Panamax,2190,12.7
2025-01-27,Samarinda,Visakhapatnam (Inner),Supramax,2190,14.61
2025-01-27,Samarinda,Dhamra,Panamax,2130,12.12
2025-01-27,Samarinda,Gangavaram,Panamax,2200,12.59
2025-01-27,Samarinda,Haldia,Handysize,2280,17.12
2025-01-27,Samarinda,Gopalpur,Supramax,2160,14.14
2025-01-27,Richards Bay,Paradip,Capesize,4450,18.37
2025-01-27,Richards Bay,Visakhapatnam (Outer),Capesize,4410,18.57
2025-01-27,Richards Bay,Visakhapatnam (Inner),Panamax,4410,22.55
2025-01-27,Richards Bay,Dhamra,Capesize,4480,19.13
2025-01-27,Richards Bay,Gangavaram,Capesize,4400,18.57
2025-01-27,Richards Bay,Haldia,Supramax,4580,26.69
2025-01-27,Richards Bay,Gopalpur,Panamax,4430,22.51
2025-01-27,Maputo,Paradip,Panamax,4250,21.77
2025-01-27,Maputo,Visakhapatnam (Outer),Panamax,4210,21.93
2025-01-27,Maputo,Visakhapatnam (Inner),Supramax,4210,24.66
2025-01-27,Maputo,Dhamra,Panamax,4280,22.42
2025-01-27,Maputo,Gangavaram,Panamax,4200,21.72
2025-01-27,Maputo,Haldia,Handysize,4380,29.02
2025-01-27,Maputo,Gopalpur,Supramax,4230,24.7
2025-01-27,Norfolk,Paradip,Capesize,9150,34.14
2025-01-27,Norfolk,Visakhapatnam (Outer),Capesize,9110,34.19
2025-01-27,Norfolk,Visakhapatnam (Inner),Panamax,9110,41.25
2025-01-27,Norfolk,Dhamra,Capesize,9180,34.01
2025-01-27,Norfolk,Gangavaram,Capesize,9100,34.75
2025-01-27,Norfolk,Haldia,Supramax,9280,49.26
2025-01-27,Norfolk,Gopalpur,Panamax,9130,41.34
2025-02-03,Newcastle,Paradip,Panamax,4820,24.66
2025-02-03,Newcastle,Visakhapatnam (Outer),Capesize,4870,20.57
2025-02-03,Newcastle,Visakhapatnam (Inner),Panamax,4870,24.58
2025-02-03,Newcastle,Dhamra,Capesize,4800,20.77
2025-02-03,Newcastle,Gangavaram,Capesize,4880,20.49
2025-02-03,Newcastle,Haldia,Supramax,4950,29.19
2025-02-03,Newcastle,Gopalpur,Panamax,4840,24.98
2025-02-03,Samarinda,Paradip,Panamax,2150,12.68
2025-02-03,Samarinda,Visakhapatnam (Outer),Panamax,2190,12.46
2025-02-03,Samarinda,Visakhapatnam (Inner),Supramax,2190,14.88
2025-02-03,Samarinda,Dhamra,Panamax,2130,12.35
2025-02-03,Samarinda,Gangavaram,Panamax,2200,12.87
2025-02-03,Samarinda,Haldia,Handysize,2280,17.4
2025-02-03,Samarinda,Gopalpur,Supramax,2160,14.75
2025-02-03,Richards Bay,Paradip,Capesize,4450,19.4
2025-02-03,Richards Bay,Visakhapatnam (Outer),Capesize,4410,19.17
2025-02-03,Richards Bay,Visakhapatnam (Inner),Panamax,4410,23.11
2025-02-03,Richards Bay,Dhamra,Capesize,4480,19.02
2025-02-03,Richards Bay,Gangavaram,Capesize,4400,19.29
2025-02-03,Richards Bay,Haldia,Supramax,4580,26.67
2025-02-03,Richards Bay,Gopalpur,Panamax,4430,22.78
2025-02-03,Maputo,Paradip,Panamax,4250,21.92
2025-02-03,Maputo,Visakhapatnam (Outer),Panamax,4210,22.25
2025-02-03,Maputo,Visakhapatnam (Inner),Supramax,4210,25.01
2025-02-03,Maputo,Dhamra,Panamax,4280,22.51
2025-02-03,Maputo,Gangavaram,Panamax,4200,22.5
2025-02-03,Maputo,Haldia,Handysize,4380,29.6
2025-02-03,Maputo,Gopalpur,Supramax,4230,25.59
2025-02-03,Norfolk,Paradip,Capesize,9150,34.68
2025-02-03,Norfolk,Visakhapatnam (Outer),Capesize,9110,35.93
2025-02-03,Norfolk,Visakhapatnam (Inner),Panamax,9110,42.19
2025-02-03,Norfolk,Dhamra,Capesize,9180,35.73
2025-02-03,Norfolk,Gangavaram,Capesize,9100,35.07
2025-02-03,Norfolk,Haldia,Supramax,9280,49.44
2025-02-03,Norfolk,Gopalpur,Panamax,9130,43.23
2025-02-10,Newcastle,Paradip,Panamax,4820,24.75
2025-02-10,Newcastle,Visakhapatnam (Outer),Capesize,4870,20.63
2025-02-10,Newcastle,Visakhapatnam (Inner),Panamax,4870,25.63
2025-02-10,Newcastle,Dhamra,Capesize,4800,21.22
2025-02-10,Newcastle,Gangavaram,Capesize,4880,21.26
2025-02-10,Newcastle,Haldia,Supramax,4950,30.42
2025-02-10,Newcastle,Gopalpur,Panamax,4840,25.99
2025-02-10,Samarinda,Paradip,Panamax,2150,13.0
2025-02-10,Samarinda,Visakhapatnam (Outer),Panamax,2190,13.26
2025-02-10,Samarinda,Visakhapatnam (Inner),Supramax,2190,15.12
2025-02-10,Samarinda,Dhamra,Panamax,2130,12.37
2025-02-10,Samarinda,Gangavaram,Panamax,2200,12.99
2025-02-10,Samarinda,Haldia,Handysize,2280,16.97
2025-02-10,Samarinda,Gopalpur,Supramax,2160,14.72
2025-02-10,Richards Bay,Paradip,Capesize,4450,19.9
2025-02-10,Richards Bay,Visakhapatnam (Outer),Capesize,4410,18.89
2025-02-10,Richards Bay,Visakhapatnam (Inner),Panamax,4410,23.46
2025-02-10,Richards Bay,Dhamra,Capesize,4480,19.62
2025-02-10,Richards Bay,Gangavaram,Capesize,4400,19.28
2025-02-10,Richards Bay,Haldia,Supramax,4580,27.88
2025-02-10,Richards Bay,Gopalpur,Panamax,4430,23.81
2025-02-10,Maputo,Paradip,Panamax,4250,23.02
2025-02-10,Maputo,Visakhapatnam (Outer),Panamax,4210,22.25
2025-02-10,Maputo,Visakhapatnam (Inner),Supramax,4210,26.51
2025-02-10,Maputo,Dhamra,Panamax,4280,22.69
2025-02-10,Maputo,Gangavaram,Panamax,4200,22.37
2025-02-10,Maputo,Haldia,Handysize,4380,29.83
2025-02-10,Maputo,Gopalpur,Supramax,4230,26.03
2025-02-10,Norfolk,Paradip,Capesize,9150,35.55
2025-02-10,Norfolk,Visakhapatnam (Outer),Capesize,9110,36.3
2025-02-10,Norfolk,Visakhapatnam (Inner),Panamax,9110,43.17
2025-02-10,Norfolk,Dhamra,Capesize,9180,35.8
2025-02-10,Norfolk,Gangavaram,Capesize,9100,35.92
2025-02-10,Norfolk,Haldia,Supramax,9280,49.68
2025-02-10,Norfolk,Gopalpur,Panamax,9130,43.67
2025-02-17,Newcastle,Paradip,Panamax,4820,26.33
2025-02-17,Newcastle,Visakhapatnam (Outer),Capesize,4870,21.89
2025-02-17,Newcastle,Visakhapatnam (Inner),Panamax,4870,26.2
2025-02-17,Newcastle,Dhamra,Capesize,4800,21.29
2025-02-17,Newcastle,Gangavaram,Capesize,4880,21.63
2025-02-17,Newcastle,Haldia,Supramax,4950,31.54
2025-02-17,Newcastle,Gopalpur,Panamax,4840,26.29
2025-02-17,Samarinda,Paradip,Panamax,2150,13.64
2025-02-17,Samarinda,Visakhapatnam (Outer),Panamax,2190,13.65
2025-02-17,Samarinda,Visakhapatnam (Inner),Supramax,2190,15.37
2025-02-17,Samarinda,Dhamra,Panamax,2130,13.15
2025-02-17,Samarinda,Gangavaram,Panamax,2200,13.49
2025-02-17,Samarinda,Haldia,Handysize,2280,18.05
2025-02-17,Samarinda,Gopalpur,Supramax,2160,15.2
2025-02-17,Richards Bay,Paradip,Capesize,4450,20.04
2025-02-17,Richards Bay,Visakhapatnam (Outer),Capesize,4410,20.35
2025-02-17,Richards Bay,Visakhapatnam (Inner),Panamax,4410,25.09
2025-02-17,Richards Bay,Dhamra,Capesize,4480,20.82
2025-02-17,Richards Bay,Gangavaram,Capesize,4400,20.58
2025-02-17,Richards Bay,Haldia,Supramax,4580,28.83
2025-02-17,Richards Bay,Gopalpur,Panamax,4430,24.68
2025-02-17,Maputo,Paradip,Panamax,4250,24.32
2025-02-17,Maputo,Visakhapatnam (Outer),Panamax,4210,24.06
2025-02-17,Maputo,Visakhapatnam (Inner),Supramax,4210,27.28
2025-02-17,Maputo,Dhamra,Panamax,4280,23.74
2025-02-17,Maputo,Gangavaram,Panamax,4200,24.1
2025-02-17,Maputo,Haldia,Handysize,4380,31.04
2025-02-17,Maputo,Gopalpur,Supramax,4230,27.62
2025-02-17,Norfolk,Paradip,Capesize,9150,37.92
2025-02-17,Norfolk,Visakhapatnam (Outer),Capesize,9110,36.78
2025-02-17,Norfolk,Visakhapatnam (Inner),Panamax,9110,44.47
2025-02-17,Norfolk,Dhamra,Capesize,9180,38.26
2025-02-17,Norfolk,Gangavaram,Capesize,9100,37.48
2025-02-17,Norfolk,Haldia,Supramax,9280,52.69
2025-02-17,Norfolk,Gopalpur,Panamax,9130,45.48
2025-02-24,Newcastle,Paradip,Panamax,4820,25.59
2025-02-24,Newcastle,Visakhapatnam (Outer),Capesize,4870,21.36
2025-02-24,Newcastle,Visakhapatnam (Inner),Panamax,4870,26.35
2025-02-24,Newcastle,Dhamra,Capesize,4800,21.52
2025-02-24,Newcastle,Gangavaram,Capesize,4880,22.09
2025-02-24,Newcastle,Haldia,Supramax,4950,30.36
2025-02-24,Newcastle,Gopalpur,Panamax,4840,26.83
2025-02-24,Samarinda,Paradip,Panamax,2150,13.03
2025-02-24,Samarinda,Visakhapatnam (Outer),Panamax,2190,13.45
2025-02-24,Samarinda,Visakhapatnam (Inner),Supramax,2190,15.37
2025-02-24,Samarinda,Dhamra,Panamax,2130,12.97
2025-02-24,Samarinda,Gangavaram,Panamax,2200,13.49
2025-02-24,Samarinda,Haldia,Handysize,2280,17.6
2025-02-24,Samarinda,Gopalpur,Supramax,2160,15.17
2025-02-24,Richards Bay,Paradip,Capesize,4450,19.79
2025-02-24,Richards Bay,Visakhapatnam (Outer),Capesize,4410,19.96
2025-02-24,Richards Bay,Visakhapatnam (Inner),Panamax,4410,23.71
2025-02-24,Richards Bay,Dhamra,Capesize,4480,19.75
2025-02-24,Richards Bay,Gangavaram,Capesize,4400,19.43
2025-02-24,Richards Bay,Haldia,Supramax,4580,28.94
2025-02-24,Richards Bay,Gopalpur,Panamax,4430,24.07
2025-02-24,Maputo,Paradip,Panamax,4250,23.25
2025-02-24,Maputo,Visakhapatnam (Outer),Panamax,4210,23.18
2025-02-24,Maputo,Visakhapatnam (Inner),Supramax,4210,26.88
2025-02-24,Maputo,Dhamra,Panamax,4280,23.54
2025-02-24,Maputo,Gangavaram,Panamax,4200,22.67
2025-02-24,Maputo,Haldia,Handysize,4380,30.69
2025-02-24,Maputo,Gopalpur,Supramax,4230,27.06
2025-02-24,Norfolk,Paradip,Capesize,9150,36.92
2025-02-24,Norfolk,Visakhapatnam (Outer),Capesize,9110,36.69
2025-02-24,Norfolk,Visakhapatnam (Inner),Panamax,9110,44.85
2025-02-24,Norfolk,Dhamra,Capesize,9180,37.2
2025-02-24,Norfolk,Gangavaram,Capesize,9100,36.3
2025-02-24,Norfolk,Haldia,Supramax,9280,52.87
2025-02-24,Norfolk,Gopalpur,Panamax,9130,44.52
2025-03-03,Newcastle,Paradip,Panamax,4820,26.12
2025-03-03,Newcastle,Visakhapatnam (Outer),Capesize,4870,21.91
2025-03-03,Newcastle,Visakhapatnam (Inner),Panamax,4870,26.95
2025-03-03,Newcastle,Dhamra,Capesize,4800,21.2
2025-03-03,Newcastle,Gangavaram,Capesize,4880,21.92
2025-03-03,Newcastle,Haldia,Supramax,4950,31.58
2025-03-03,Newcastle,Gopalpur,Panamax,4840,26.67
2025-03-03,Samarinda,Paradip,Panamax,2150,13.31
2025-03-03,Samarinda,Visakhapatnam (Outer),Panamax,2190,13.34
2025-03-03,Samarinda,Visakhapatnam (Inner),Supramax,2190,15.35
2025-03-03,Samarinda,Dhamra,Panamax,2130,12.96
2025-03-03,Samarinda,Gangavaram,Panamax,2200,13.32
2025-03-03,Samarinda,Haldia,Handysize,2280,18.19
2025-03-03,Samarinda,Gopalpur,Supramax,2160,15.36
2025-03-03,Richards Bay,Paradip,Capesize,4450,20.17
2025-03-03,Richards Bay,Visakhapatnam (Outer),Capesize,4410,19.97
2025-03-03,Richards Bay,Visakhapatnam (Inner),Panamax,4410,23.94
2025-03-03,Richards Bay,Dhamra,Capesize,4480,20.25
2025-03-03,Richards Bay,Gangavaram,Capesize,4400,20.04
2025-03-03,Richards Bay,Haldia,Supramax,4580,29.6
2025-03-03,Richards Bay,Gopalpur,Panamax,4430,24.67
2025-03-03,Maputo,Paradip,Panamax,4250,23.97
2025-03-03,Maputo,Visakhapatnam (Outer),Panamax,4210,23.31
2025-03-03,Maputo,Visakhapatnam (Inner),Supramax,4210,27.61
2025-03-03,Maputo,Dhamra,Panamax,4280,23.45
2025-03-03,Maputo,Gangavaram,Panamax,4200,23.8
2025-03-03,Maputo,Haldia,Handysize,4380,31.06
2025-03-03,Maputo,Gopalpur,Supramax,4230,26.57
2025-03-03,Norfolk,Paradip,Capesize,9150,37.01
2025-03-03,Norfolk,Visakhapatnam (Outer),Capesize,9110,37.07
2025-03-03,Norfolk,Visakhapatnam (Inner),Panamax,9110,45.7
2025-03-03,Norfolk,Dhamra,Capesize,9180,37.51
2025-03-03,Norfolk,Gangavaram,Capesize,9100,37.53
2025-03-03,Norfolk,Haldia,Supramax,9280,52.19
2025-03-03,Norfolk,Gopalpur,Panamax,9130,46.4
2025-03-10,Newcastle,Paradip,Panamax,4820,25.94
2025-03-10,Newcastle,Visakhapatnam (Outer),Capesize,4870,21.5
2025-03-10,Newcastle,Visakhapatnam (Inner),Panamax,4870,26.75
2025-03-10,Newcastle,Dhamra,Capesize,4800,21.33
2025-03-10,Newcastle,Gangavaram,Capesize,4880,21.82
2025-03-10,Newcastle,Haldia,Supramax,4950,31.65
2025-03-10,Newcastle,Gopalpur,Panamax,4840,25.96
2025-03-10,Samarinda,Paradip,Panamax,2150,13.25
2025-03-10,Samarinda,Visakhapatnam (Outer),Panamax,2190,13.45
2025-03-10,Samarinda,Visakhapatnam (Inner),Supramax,2190,15.21
2025-03-10,Samarinda,Dhamra,Panamax,2130,13.41
2025-03-10,Samarinda,Gangavaram,Panamax,2200,13.67
2025-03-10,Samarinda,Haldia,Handysize,2280,18.34
2025-03-10,Samarinda,Gopalpur,Supramax,2160,15.18
2025-03-10,Richards Bay,Paradip,Capesize,4450,19.95
2025-03-10,Richards Bay,Visakhapatnam (Outer),Capesize,4410,20.68
2025-03-10,Richards Bay,Visakhapatnam (Inner),Panamax,4410,24.49
2025-03-10,Richards Bay,Dhamra,Capesize,4480,20.11
2025-03-10,Richards Bay,Gangavaram,Capesize,4400,20.41
2025-03-10,Richards Bay,Haldia,Supramax,4580,28.4
2025-03-10,Richards Bay,Gopalpur,Panamax,4430,24.79
2025-03-10,Maputo,Paradip,Panamax,4250,23.66
2025-03-10,Maputo,Visakhapatnam (Outer),Panamax,4210,24.05
2025-03-10,Maputo,Visakhapatnam (Inner),Supramax,4210,27.42
2025-03-10,Maputo,Dhamra,Panamax,4280,24.2
2025-03-10,Maputo,Gangavaram,Panamax,4200,23.14
2025-03-10,Maputo,Haldia,Handysize,4380,32.32
2025-03-10,Maputo,Gopalpur,Supramax,4230,26.61
2025-03-10,Norfolk,Paradip,Capesize,9150,36.99
2025-03-10,Norfolk,Visakhapatnam (Outer),Capesize,9110,36.76
2025-03-10,Norfolk,Visakhapatnam (Inner),Panamax,9110,44.64
2025-03-10,Norfolk,Dhamra,Capesize,9180,37.59
2025-03-10,Norfolk,Gangavaram,Capesize,9100,38.06
2025-03-10,Norfolk,Haldia,Supramax,9280,52.79
2025-03-10,Norfolk,Gopalpur,Panamax,9130,45.35
2025-03-17,Newcastle,Paradip,Panamax,4820,26.65
2025-03-17,Newcastle,Visakhapatnam (Outer),Capesize,4870,22.41
2025-03-17,Newcastle,Visakhapatnam (Inner),Panamax,4870,27.4
2025-03-17,Newcastle,Dhamra,Capesize,4800,21.93
2025-03-17,Newcastle,Gangavaram,Capesize,4880,22.25
2025-03-17,Newcastle,Haldia,Supramax,4950,31.56
2025-03-17,Newcastle,Gopalpur,Panamax,4840,26.26
2025-03-17,Samarinda,Paradip,Panamax,2150,13.46
2025-03-17,Samarinda,Visakhapatnam (Outer),Panamax,2190,13.42
2025-03-17,Samarinda,Visakhapatnam (Inner),Supramax,2190,15.44
2025-03-17,Samarinda,Dhamra,Panamax,2130,13.04
2025-03-17,Samarinda,Gangavaram,Panamax,2200,13.31
2025-03-17,Samarinda,Haldia,Handysize,2280,18.32
2025-03-17,Samarinda,Gopalpur,Supramax,2160,15.74
2025-03-17,Richards Bay,Paradip,Capesize,4450,20.67
2025-03-17,Richards Bay,Visakhapatnam (Outer),Capesize,4410,20.11
2025-03-17,Richards Bay,Visakhapatnam (Inner),Panamax,4410,24.69
2025-03-17,Richards Bay,Dhamra,Capesize,4480,20.57
2025-03-17,Richards Bay,Gangavaram,Capesize,4400,20.48
2025-03-17,Richards Bay,Haldia,Supramax,4580,29.33
2025-03-17,Richards Bay,Gopalpur,Panamax,4430,24.33
2025-03-17,Maputo,Paradip,Panamax,4250,23.47
2025-03-17,Maputo,Visakhapatnam (Outer),Panamax,4210,23.16
2025-03-17,Maputo,Visakhapatnam (Inner),Supramax,4210,27.6
2025-03-17,Maputo,Dhamra,Panamax,4280,24.19
2025-03-17,Maputo,Gangavaram,Panamax,4200,23.22
2025-03-17,Maputo,Haldia,Handysize,4380,32.06
2025-03-17,Maputo,Gopalpur,Supramax,4230,27.53
2025-03-17,Norfolk,Paradip,Capesize,9150,38.11
2025-03-17,Norfolk,Visakhapatnam (Outer),Capesize,9110,36.79
2025-03-17,Norfolk,Visakhapatnam (Inner),Panamax,9110,45.32
2025-03-17,Norfolk,Dhamra,Capesize,9180,37.78
2025-03-17,Norfolk,Gangavaram,Capesize,9100,36.93
2025-03-17,Norfolk,Haldia,Supramax,9280,53.24
2025-03-17,Norfolk,Gopalpur,Panamax,9130,45.35
2025-03-24,Newcastle,Paradip,Panamax,4820,26.93
2025-03-24,Newcastle,Visakhapatnam (Outer),Capesize,4870,21.85
2025-03-24,Newcastle,Visakhapatnam (Inner),Panamax,4870,26.7
2025-03-24,Newcastle,Dhamra,Capesize,4800,22.43
2025-03-24,Newcastle,Gangavaram,Capesize,4880,22.75
2025-03-24,Newcastle,Haldia,Supramax,4950,31.02
2025-03-24,Newcastle,Gopalpur,Panamax,4840,26.73
2025-03-24,Samarinda,Paradip,Panamax,2150,13.6
2025-03-24,Samarinda,Visakhapatnam (Outer),Panamax,2190,13.47
2025-03-24,Samarinda,Visakhapatnam (Inner),Supramax,2190,15.34
2025-03-24,Samarinda,Dhamra,Panamax,2130,13.02
2025-03-24,Samarinda,Gangavaram,Panamax,2200,13.38
2025-03-24,Samarinda,Haldia,Handysize,2280,17.89
2025-03-24,Samarinda,Gopalpur,Supramax,2160,15.13
2025-03-24,Richards Bay,Paradip,Capesize,4450,20.97
2025-03-24,Richards Bay,Visakhapatnam (Outer),Capesize,4410,19.88
2025-03-24,Richards Bay,Visakhapatnam (Inner),Panamax,4410,24.85
2025-03-24,Richards Bay,Dhamra,Capesize,4480,20.83
2025-03-24,Richards Bay,Gangavaram,Capesize,4400,20.14
2025-03-24,Richards Bay,Haldia,Supramax,4580,29.89
2025-03-24,Richards Bay,Gopalpur,Panamax,4430,25.26
2025-03-24,Maputo,Paradip,Panamax,4250,23.7
2025-03-24,Maputo,Visakhapatnam (Outer),Panamax,4210,24.36
2025-03-24,Maputo,Visakhapatnam (Inner),Supramax,4210,26.9
2025-03-24,Maputo,Dhamra,Panamax,4280,23.68
2025-03-24,Maputo,Gangavaram,Panamax,4200,23.25
2025-03-24,Maputo,Haldia,Handysize,4380,31.16
2025-03-24,Maputo,Gopalpur,Supramax,4230,27.07
2025-03-24,Norfolk,Paradip,Capesize,9150,37.12
2025-03-24,Norfolk,Visakhapatnam (Outer),Capesize,9110,38.53
2025-03-24,Norfolk,Visakhapatnam (Inner),Panamax,9110,46.67
2025-03-24,Norfolk,Dhamra,Capesize,9180,38.31
2025-03-24,Norfolk,Gangavaram,Capesize,9100,36.83
2025-03-24,Norfolk,Haldia,Supramax,9280,54.44
2025-03-24,Norfolk,Gopalpur,Panamax,9130,46.94
2025-03-31,Newcastle,Paradip,Panamax,4820,26.28
2025-03-31,Newcastle,Visakhapatnam (Outer),Capesize,4870,22.52
2025-03-31,Newcastle,Visakhapatnam (Inner),Panamax,4870,26.23
2025-03-31,Newcastle,Dhamra,Capesize,4800,22.1
2025-03-31,Newcastle,Gangavaram,Capesize,4880,22.31
2025-03-31,Newcastle,Haldia,Supramax,4950,31.16
2025-03-31,Newcastle,Gopalpur,Panamax,4840,26.1
2025-03-31,Samarinda,Paradip,Panamax,2150,13.73
2025-03-31,Samarinda,Visakhapatnam (Outer),Panamax,2190,13.94
2025-03-31,Samarinda,Visakhapatnam (Inner),Supramax,2190,15.79
2025-03-31,Samarinda,Dhamra,Panamax,2130,13.61
2025-03-31,Samarinda,Gangavaram,Panamax,2200,13.53
2025-03-31,Samarinda,Haldia,Handysize,2280,18.03
2025-03-31,Samarinda,Gopalpur,Supramax,2160,15.06
2025-03-31,Richards Bay,Paradip,Capesize,4450,20.02
2025-03-31,Richards Bay,Visakhapatnam (Outer),Capesize,4410,20.79
2025-03-31,Richards Bay,Visakhapatnam (Inner),Panamax,4410,24.59
2025-03-31,Richards Bay,Dhamra,Capesize,4480,20.7
2025-03-31,Richards Bay,Gangavaram,Capesize,4400,19.81
2025-03-31,Richards Bay,Haldia,Supramax,4580,29.36
2025-03-31,Richards Bay,Gopalpur,Panamax,4430,24.7
2025-03-31,Maputo,Paradip,Panamax,4250,23.65
2025-03-31,Maputo,Visakhapatnam (Outer),Panamax,4210,24.11
2025-03-31,Maputo,Visakhapatnam (Inner),Supramax,4210,26.95
2025-03-31,Maputo,Dhamra,Panamax,4280,24.34
2025-03-31,Maputo,Gangavaram,Panamax,4200,23.82
2025-03-31,Maputo,Haldia,Handysize,4380,32.18
2025-03-31,Maputo,Gopalpur,Supramax,4230,27.26
2025-03-31,Norfolk,Paradip,Capesize,9150,37.99
2025-03-31,Norfolk,Visakhapatnam (Outer),Capesize,9110,37.69
2025-03-31,Norfolk,Visakhapatnam (Inner),Panamax,9110,44.77
2025-03-31,Norfolk,Dhamra,Capesize,9180,38.42
2025-03-31,Norfolk,Gangavaram,Capesize,9100,36.83
2025-03-31,Norfolk,Haldia,Supramax,9280,54.08
2025-03-31,Norfolk,Gopalpur,Panamax,9130,44.87
2025-04-07,Newcastle,Paradip,Panamax,4820,25.75
2025-04-07,Newcastle,Visakhapatnam (Outer),Capesize,4870,21.92
2025-04-07,Newcastle,Visakhapatnam (Inner),Panamax,4870,25.62
2025-04-07,Newcastle,Dhamra,Capesize,4800,21.61
2025-04-07,Newcastle,Gangavaram,Capesize,4880,21.12
2025-04-07,Newcastle,Haldia,Supramax,4950,30.24
2025-04-07,Newcastle,Gopalpur,Panamax,4840,26.07
2025-04-07,Samarinda,Paradip,Panamax,2150,12.95
2025-04-07,Samarinda,Visakhapatnam (Outer),Panamax,2190,13.33
2025-04-07,Samarinda,Visakhapatnam (Inner),Supramax,2190,15.41
2025-04-07,Samarinda,Dhamra,Panamax,2130,12.75
2025-04-07,Samarinda,Gangavaram,Panamax,2200,13.32
2025-04-07,Samarinda,Haldia,Handysize,2280,17.55
2025-04-07,Samarinda,Gopalpur,Supramax,2160,15.31
2025-04-07,Richards Bay,Paradip,Capesize,4450,19.68
2025-04-07,Richards Bay,Visakhapatnam (Outer),Capesize,4410,19.87
2025-04-07,Richards Bay,Visakhapatnam (Inner),Panamax,4410,24.11
2025-04-07,Richards Bay,Dhamra,Capesize,4480,20.23
2025-04-07,Richards Bay,Gangavaram,Capesize,4400,19.46
2025-04-07,Richards Bay,Haldia,Supramax,4580,28.36
2025-04-07,Richards Bay,Gopalpur,Panamax,4430,24.48
2025-04-07,Maputo,Paradip,Panamax,4250,23.01
2025-04-07,Maputo,Visakhapatnam (Outer),Panamax,4210,22.95
2025-04-07,Maputo,Visakhapatnam (Inner),Supramax,4210,26.84
2025-04-07,Maputo,Dhamra,Panamax,4280,23.25
2025-04-07,Maputo,Gangavaram,Panamax,4200,23.41
2025-04-07,Maputo,Haldia,Handysize,4380,30.74
2025-04-07,Maputo,Gopalpur,Supramax,4230,26.89
2025-04-07,Norfolk,Paradip,Capesize,9150,36.44
2025-04-07,Norfolk,Visakhapatnam (Outer),Capesize,9110,36.77
2025-04-07,Norfolk,Visakhapatnam (Inner),Panamax,9110,44.55
2025-04-07,Norfolk,Dhamra,Capesize,9180,37.0
2025-04-07,Norfolk,Gangavaram,Capesize,9100,37.3
2025-04-07,Norfolk,Haldia,Supramax,9280,50.69
2025-04-07,Norfolk,Gopalpur,Panamax,9130,45.5
2025-04-14,Newcastle,Paradip,Panamax,4820,25.61
2025-04-14,Newcastle,Visakhapatnam (Outer),Capesize,4870,21.19
2025-04-14,Newcastle,Visakhapatnam (Inner),Panamax,4870,26.62
2025-04-14,Newcastle,Dhamra,Capesize,4800,21.5
2025-04-14,Newcastle,Gangavaram,Capesize,4880,21.69
2025-04-14,Newcastle,Haldia,Supramax,4950,30.15
2025-04-14,Newcastle,Gopalpur,Panamax,4840,25.74
2025-04-14,Samarinda,Paradip,Panamax,2150,13.18
2025-04-14,Samarinda,Visakhapatnam (Outer),Panamax,2190,13.29
2025-04-14,Samarinda,Visakhapatnam (Inner),Supramax,2190,15.33
2025-04-14,Samarinda,Dhamra,Panamax,2130,13.07
2025-04-14,Samarinda,Gangavaram,Panamax,2200,13.15
2025-04-14,Samarinda,Haldia,Handysize,2280,18.15
2025-04-14,Samarinda,Gopalpur,Supramax,2160,14.76
2025-04-14,Richards Bay,Paradip,Capesize,4450,20.03
2025-04-14,Richards Bay,Visakhapatnam (Outer),Capesize,4410,19.92
2025-04-14,Richards Bay,Visakhapatnam (Inner),Panamax,4410,24.07
2025-04-14,Richards Bay,Dhamra,Capesize,4480,19.67
2025-04-14,Richards Bay,Gangavaram,Capesize,4400,19.41
2025-04-14,Richards Bay,Haldia,Supramax,4580,28.31
2025-04-14,Richards Bay,Gopalpur,Panamax,4430,23.62
2025-04-14,Maputo,Paradip,Panamax,4250,23.66
2025-04-14,Maputo,Visakhapatnam (Outer),Panamax,4210,23.44
2025-04-14,Maputo,Visakhapatnam (Inner),Supramax,4210,26.22
2025-04-14,Maputo,Dhamra,Panamax,4280,23.46
2025-04-14,Maputo,Gangavaram,Panamax,4200,22.94
2025-04-14,Maputo,Haldia,Handysize,4380,31.43
2025-04-14,Maputo,Gopalpur,Supramax,4230,26.21
2025-04-14,Norfolk,Paradip,Capesize,9150,36.6
2025-04-14,Norfolk,Visakhapatnam (Outer),Capesize,9110,35.9
2025-04-14,Norfolk,Visakhapatnam (Inner),Panamax,9110,45.28
2025-04-14,Norfolk,Dhamra,Capesize,9180,37.08
2025-04-14,Norfolk,Gangavaram,Capesize,9100,36.08
2025-04-14,Norfolk,Haldia,Supramax,9280,51.23
2025-04-14,Norfolk,Gopalpur,Panamax,9130,44.4
2025-04-21,Newcastle,Paradip,Panamax,4820,25.76
2025-04-21,Newcastle,Visakhapatnam (Outer),Capesize,4870,21.4
2025-04-21,Newcastle,Visakhapatnam (Inner),Panamax,4870,24.97
2025-04-21,Newcastle,Dhamra,Capesize,4800,20.89
2025-04-21,Newcastle,Gangavaram,Capesize,4880,20.98
2025-04-21,Newcastle,Haldia,Supramax,4950,29.53
2025-04-21,Newcastle,Gopalpur,Panamax,4840,25.44
2025-04-21,Samarinda,Paradip,Panamax,2150,12.49
2025-04-21,Samarinda,Visakhapatnam (Outer),Panamax,2190,12.71
2025-04-21,Samarinda,Visakhapatnam (Inner),Supramax,2190,14.6
2025-04-21,Samarinda,Dhamra,Panamax,2130,12.85
2025-04-21,Samarinda,Gangavaram,Panamax,2200,12.84
2025-04-21,Samarinda,Haldia,Handysize,2280,16.85
2025-04-21,Samarinda,Gopalpur,Supramax,2160,14.81
2025-04-21,Richards Bay,Paradip,Capesize,4450,19.17
2025-04-21,Richards Bay,Visakhapatnam (Outer),Capesize,4410,19.57
2025-04-21,Richards Bay,Visakhapatnam (Inner),Panamax,4410,23.72
2025-04-21,Richards Bay,Dhamra,Capesize,4480,19.72
2025-04-21,Richards Bay,Gangavaram,Capesize,4400,18.97
2025-04-21,Richards Bay,Haldia,Supramax,4580,27.4
2025-04-21,Richards Bay,Gopalpur,Panamax,4430,23.79
2025-04-21,Maputo,Paradip,Panamax,4250,22.17
2025-04-21,Maputo,Visakhapatnam (Outer),Panamax,4210,22.61
2025-04-21,Maputo,Visakhapatnam (Inner),Supramax,4210,25.52
2025-04-21,Maputo,Dhamra,Panamax,4280,22.8
2025-04-21,Maputo,Gangavaram,Panamax,4200,22.4
2025-04-21,Maputo,Haldia,Handysize,4380,30.03
2025-04-21,Maputo,Gopalpur,Supramax,4230,25.39
2025-04-21,Norfolk,Paradip,Capesize,9150,36.6
2025-04-21,Norfolk,Visakhapatnam (Outer),Capesize,9110,35.08
2025-04-21,Norfolk,Visakhapatnam (Inner),Panamax,9110,43.6
2025-04-21,Norfolk,Dhamra,Capesize,9180,35.79
2025-04-21,Norfolk,Gangavaram,Capesize,9100,35.16
2025-04-21,Norfolk,Haldia,Supramax,9280,50.01
2025-04-21,Norfolk,Gopalpur,Panamax,9130,42.7
2025-04-28,Newcastle,Paradip,Panamax,4820,25.43
2025-04-28,Newcastle,Visakhapatnam (Outer),Capesize,4870,20.56
2025-04-28,Newcastle,Visakhapatnam (Inner),Panamax,4870,25.0
2025-04-28,Newcastle,Dhamra,Capesize,4800,20.95
2025-04-28,Newcastle,Gangavaram,Capesize,4880,20.87
2025-04-28,Newcastle,Haldia,Supramax,4950,29.55
2025-04-28,Newcastle,Gopalpur,Panamax,4840,25.35
2025-04-28,Samarinda,Paradip,Panamax,2150,12.59
2025-04-28,Samarinda,Visakhapatnam (Outer),Panamax,2190,12.85
2025-04-28,Samarinda,Visakhapatnam (Inner),Supramax,2190,15.09
2025-04-28,Samarinda,Dhamra,Panamax,2130,12.78
2025-04-28,Samarinda,Gangavaram,Panamax,2200,12.99
2025-04-28,Samarinda,Haldia,Handysize,2280,17.1
2025-04-28,Samarinda,Gopalpur,Supramax,2160,14.38
2025-04-28,Richards Bay,Paradip,Capesize,4450,19.02
2025-04-28,Richards Bay,Visakhapatnam (Outer),Capesize,4410,19.65
2025-04-28,Richards Bay,Visakhapatnam (Inner),Panamax,4410,23.13
2025-04-28,Richards Bay,Dhamra,Capesize,4480,19.32
2025-04-28,Richards Bay,Gangavaram,Capesize,4400,19.54
2025-04-28,Richards Bay,Haldia,Supramax,4580,27.31
2025-04-28,Richards Bay,Gopalpur,Panamax,4430,23.18
2025-04-28,Maputo,Paradip,Panamax,4250,22.22
2025-04-28,Maputo,Visakhapatnam (Outer),Panamax,4210,22.68
2025-04-28,Maputo,Visakhapatnam (Inner),Supramax,4210,25.61
2025-04-28,Maputo,Dhamra,Panamax,4280,22.43
2025-04-28,Maputo,Gangavaram,Panamax,4200,22.21
2025-04-28,Maputo,Haldia,Handysize,4380,30.67
2025-04-28,Maputo,Gopalpur,Supramax,4230,25.84
2025-04-28,Norfolk,Paradip,Capesize,9150,36.51
2025-04-28,Norfolk,Visakhapatnam (Outer),Capesize,9110,36.37
2025-04-28,Norfolk,Visakhapatnam (Inner),Panamax,9110,44.48
2025-04-28,Norfolk,Dhamra,Capesize,9180,36.66
2025-04-28,Norfolk,Gangavaram,Capesize,9100,35.76
2025-04-28,Norfolk,Haldia,Supramax,9280,51.24
2025-04-28,Norfolk,Gopalpur,Panamax,9130,43.53
2025-05-05,Newcastle,Paradip,Panamax,4820,24.8
2025-05-05,Newcastle,Visakhapatnam (Outer),Capesize,4870,20.93
2025-05-05,Newcastle,Visakhapatnam (Inner),Panamax,4870,25.65
2025-05-05,Newcastle,Dhamra,Capesize,4800,20.3
2025-05-05,Newcastle,Gangavaram,Capesize,4880,20.49
2025-05-05,Newcastle,Haldia,Supramax,4950,29.2
2025-05-05,Newcastle,Gopalpur,Panamax,4840,24.86
2025-05-05,Samarinda,Paradip,Panamax,2150,12.42
2025-05-05,Samarinda,Visakhapatnam (Outer),Panamax,2190,13.01
2025-05-05,Samarinda,Visakhapatnam (Inner),Supramax,2190,14.35
2025-05-05,Samarinda,Dhamra,Panamax,2130,12.37
2025-05-05,Samarinda,Gangavaram,Panamax,2200,12.73
2025-05-05,Samarinda,Haldia,Handysize,2280,17.3
2025-05-05,Samarinda,Gopalpur,Supramax,2160,14.49
2025-05-05,Richards Bay,Paradip,Capesize,4450,19.02
2025-05-05,Richards Bay,Visakhapatnam (Outer),Capesize,4410,19.07
2025-05-05,Richards Bay,Visakhapatnam (Inner),Panamax,4410,23.42
2025-05-05,Richards Bay,Dhamra,Capesize,4480,19.52
2025-05-05,Richards Bay,Gangavaram,Capesize,4400,19.22
2025-05-05,Richards Bay,Haldia,Supramax,4580,27.11
2025-05-05,Richards Bay,Gopalpur,Panamax,4430,22.68
2025-05-05,Maputo,Paradip,Panamax,4250,22.31
2025-05-05,Maputo,Visakhapatnam (Outer),Panamax,4210,21.83
2025-05-05,Maputo,Visakhapatnam (Inner),Supramax,4210,24.99
2025-05-05,Maputo,Dhamra,Panamax,4280,22.16
2025-05-05,Maputo,Gangavaram,Panamax,4200,22.54
2025-05-05,Maputo,Haldia,Handysize,4380,29.87
2025-05-05,Maputo,Gopalpur,Supramax,4230,26.09
2025-05-05,Norfolk,Paradip,Capesize,9150,35.48
2025-05-05,Norfolk,Visakhapatnam (Outer),Capesize,9110,35.67
2025-05-05,Norfolk,Visakhapatnam (Inner),Panamax,9110,41.86
2025-05-05,Norfolk,Dhamra,Capesize,9180,35.42
2025-05-05,Norfolk,Gangavaram,Capesize,9100,34.69
2025-05-05,Norfolk,Haldia,Supramax,9280,51.14
2025-05-05,Norfolk,Gopalpur,Panamax,9130,42.12
2025-05-12,Newcastle,Paradip,Panamax,4820,25.98
2025-05-12,Newcastle,Visakhapatnam (Outer),Capesize,4870,21.69
2025-05-12,Newcastle,Visakhapatnam (Inner),Panamax,4870,26.63
2025-05-12,Newcastle,Dhamra,Capesize,4800,22.07
2025-05-12,Newcastle,Gangavaram,Capesize,4880,21.99
2025-05-12,Newcastle,Haldia,Supramax,4950,31.34
2025-05-12,Newcastle,Gopalpur,Panamax,4840,26.36
2025-05-12,Samarinda,Paradip,Panamax,2150,12.92
2025-05-12,Samarinda,Visakhapatnam (Outer),Panamax,2190,13.15
2025-05-12,Samarinda,Visakhapatnam (Inner),Supramax,2190,15.39
2025-05-12,Samarinda,Dhamra,Panamax,2130,13.15
2025-05-12,Samarinda,Gangavaram,Panamax,2200,13.62
2025-05-12,Samarinda,Haldia,Handysize,2280,17.76
2025-05-12,Samarinda,Gopalpur,Supramax,2160,15.52
2025-05-12,Richards Bay,Paradip,Capesize,4450,20.56
2025-05-12,Richards Bay,Visakhapatnam (Outer),Capesize,4410,19.57
2025-05-12,Richards Bay,Visakhapatnam (Inner),Panamax,4410,24.67
2025-05-12,Richards Bay,Dhamra,Capesize,4480,20.76
2025-05-12,Richards Bay,Gangavaram,Capesize,4400,20.43
2025-05-12,Richards Bay,Haldia,Supramax,4580,29.07
2025-05-12,Richards Bay,Gopalpur,Panamax,4430,24.06
2025-05-12,Maputo,Paradip,Panamax,4250,24.04
2025-05-12,Maputo,Visakhapatnam (Outer),Panamax,4210,23.07
2025-05-12,Maputo,Visakhapatnam (Inner),Supramax,4210,26.67
2025-05-12,Maputo,Dhamra,Panamax,4280,23.76
2025-05-12,Maputo,Gangavaram,Panamax,4200,23.85
2025-05-12,Maputo,Haldia,Handysize,4380,31.39
2025-05-12,Maputo,Gopalpur,Supramax,4230,26.45
2025-05-12,Norfolk,Paradip,Capesize,9150,37.04
2025-05-12,Norfolk,Visakhapatnam (Outer),Capesize,9110,37.85
2025-05-12,Norfolk,Visakhapatnam (Inner),Panamax,9110,46.15
2025-05-12,Norfolk,Dhamra,Capesize,9180,36.91
2025-05-12,Norfolk,Gangavaram,Capesize,9100,37.48
2025-05-12,Norfolk,Haldia,Supramax,9280,53.36
2025-05-12,Norfolk,Gopalpur,Panamax,9130,46.26
2025-05-19,Newcastle,Paradip,Panamax,4820,25.47
2025-05-19,Newcastle,Visakhapatnam (Outer),Capesize,4870,21.83
2025-05-19,Newcastle,Visakhapatnam (Inner),Panamax,4870,25.71
2025-05-19,Newcastle,Dhamra,Capesize,4800,21.38
2025-05-19,Newcastle,Gangavaram,Capesize,4880,21.98
2025-05-19,Newcastle,Haldia,Supramax,4950,30.07
2025-05-19,Newcastle,Gopalpur,Panamax,4840,26.04
2025-05-19,Samarinda,Paradip,Panamax,2150,13.0
2025-05-19,Samarinda,Visakhapatnam (Outer),Panamax,2190,12.94
2025-05-19,Samarinda,Visakhapatnam (Inner),Supramax,2190,14.86
2025-05-19,Samarinda,Dhamra,Panamax,2130,12.71
2025-05-19,Samarinda,Gangavaram,Panamax,2200,13.62
2025-05-19,Samarinda,Haldia,Handysize,2280,17.67
2025-05-19,Samarinda,Gopalpur,Supramax,2160,15.3
2025-05-19,Richards Bay,Paradip,Capesize,4450,20.02
2025-05-19,Richards Bay,Visakhapatnam (Outer),Capesize,4410,20.14
2025-05-19,Richards Bay,Visakhapatnam (Inner),Panamax,4410,23.94
2025-05-19,Richards Bay,Dhamra,Capesize,4480,20.46
2025-05-19,Richards Bay,Gangavaram,Capesize,4400,19.68
2025-05-19,Richards Bay,Haldia,Supramax,4580,28.84
2025-05-19,Richards Bay,Gopalpur,Panamax,4430,23.99
2025-05-19,Maputo,Paradip,Panamax,4250,22.92
2025-05-19,Maputo,Visakhapatnam (Outer),Panamax,4210,22.76
2025-05-19,Maputo,Visakhapatnam (Inner),Supramax,4210,26.23
2025-05-19,Maputo,Dhamra,Panamax,4280,23.0
2025-05-19,Maputo,Gangavaram,Panamax,4200,23.43
2025-05-19,Maputo,Haldia,Handysize,4380,30.98
2025-05-19,Maputo,Gopalpur,Supramax,4230,27.08
2025-05-19,Norfolk,Paradip,Capesize,9150,37.37
2025-05-19,Norfolk,Visakhapatnam (Outer),Capesize,9110,37.58
2025-05-19,Norfolk,Visakhapatnam (Inner),Panamax,9110,43.56
2025-05-19,Norfolk,Dhamra,Capesize,9180,37.28
2025-05-19,Norfolk,Gangavaram,Capesize,9100,36.21
2025-05-19,Norfolk,Haldia,Supramax,9280,51.79
2025-05-19,Norfolk,Gopalpur,Panamax,9130,44.62
2025-05-26,Newcastle,Paradip,Panamax,4820,25.26
2025-05-26,Newcastle,Visakhapatnam (Outer),Capesize,4870,20.89
2025-05-26,Newcastle,Visakhapatnam (Inner),Panamax,4870,25.34
2025-05-26,Newcastle,Dhamra,Capesize,4800,20.64
2025-05-26,Newcastle,Gangavaram,Capesize,4880,20.58
2025-05-26,Newcastle,Haldia,Supramax,4950,30.27
2025-05-26,Newcastle,Gopalpur,Panamax,4840,24.8
2025-05-26,Samarinda,Paradip,Panamax,2150,12.81
2025-05-26,Samarinda,Visakhapatnam (Outer),Panamax,2190,12.65
2025-05-26,Samarinda,Visakhapatnam (Inner),Supramax,2190,14.93
2025-05-26,Samarinda,Dhamra,Panamax,2130,12.77
2025-05-26,Samarinda,Gangavaram,Panamax,2200,13.15
2025-05-26,Samarinda,Haldia,Handysize,2280,17.67
2025-05-26,Samarinda,Gopalpur,Supramax,2160,15.04
2025-05-26,Richards Bay,Paradip,Capesize,4450,19.0
2025-05-26,Richards Bay,Visakhapatnam (Outer),Capesize,4410,19.05
2025-05-26,Richards Bay,Visakhapatnam (Inner),Panamax,4410,23.26
2025-05-26,Richards Bay,Dhamra,Capesize,4480,19.72
2025-05-26,Richards Bay,Gangavaram,Capesize,4400,19.43
2025-05-26,Richards Bay,Haldia,Supramax,4580,28.04
2025-05-26,Richards Bay,Gopalpur,Panamax,4430,23.06
2025-05-26,Maputo,Paradip,Panamax,4250,22.96
2025-05-26,Maputo,Visakhapatnam (Outer),Panamax,4210,22.08
2025-05-26,Maputo,Visakhapatnam (Inner),Supramax,4210,25.48
2025-05-26,Maputo,Dhamra,Panamax,4280,23.1
2025-05-26,Maputo,Gangavaram,Panamax,4200,22.29
2025-05-26,Maputo,Haldia,Handysize,4380,30.44
2025-05-26,Maputo,Gopalpur,Supramax,4230,25.78
2025-05-26,Norfolk,Paradip,Capesize,9150,35.19
2025-05-26,Norfolk,Visakhapatnam (Outer),Capesize,9110,35.78
2025-05-26,Norfolk,Visakhapatnam (Inner),Panamax,9110,44.5
2025-05-26,Norfolk,Dhamra,Capesize,9180,35.52
2025-05-26,Norfolk,Gangavaram,Capesize,9100,35.83
2025-05-26,Norfolk,Haldia,Supramax,9280,51.46
2025-05-26,Norfolk,Gopalpur,Panamax,9130,43.74
2025-06-02,Newcastle,Paradip,Panamax,4820,26.94
2025-06-02,Newcastle,Visakhapatnam (Outer),Capesize,4870,22.83
2025-06-02,Newcastle,Visakhapatnam (Inner),Panamax,4870,26.79
2025-06-02,Newcastle,Dhamra,Capesize,4800,22.69
2025-06-02,Newcastle,Gangavaram,Capesize,4880,21.98
2025-06-02,Newcastle,Haldia,Supramax,4950,31.42
2025-06-02,Newcastle,Gopalpur,Panamax,4840,26.86
2025-06-02,Samarinda,Paradip,Panamax,2150,13.32
2025-06-02,Samarinda,Visakhapatnam (Outer),Panamax,2190,13.8
2025-06-02,Samarinda,Visakhapatnam (Inner),Supramax,2190,15.51
2025-06-02,Samarinda,Dhamra,Panamax,2130,13.68
2025-06-02,Samarinda,Gangavaram,Panamax,2200,13.61
2025-06-02,Samarinda,Haldia,Handysize,2280,18.23
2025-06-02,Samarinda,Gopalpur,Supramax,2160,15.96
2025-06-02,Richards Bay,Paradip,Capesize,4450,20.93
2025-06-02,Richards Bay,Visakhapatnam (Outer),Capesize,4410,20.86
2025-06-02,Richards Bay,Visakhapatnam (Inner),Panamax,4410,25.12
2025-06-02,Richards Bay,Dhamra,Capesize,4480,20.66
2025-06-02,Richards Bay,Gangavaram,Capesize,4400,21.03
2025-06-02,Richards Bay,Haldia,Supramax,4580,29.12
2025-06-02,Richards Bay,Gopalpur,Panamax,4430,25.1
2025-06-02,Maputo,Paradip,Panamax,4250,24.12
2025-06-02,Maputo,Visakhapatnam (Outer),Panamax,4210,23.73
2025-06-02,Maputo,Visakhapatnam (Inner),Supramax,4210,28.08
2025-06-02,Maputo,Dhamra,Panamax,4280,24.78
2025-06-02,Maputo,Gangavaram,Panamax,4200,24.42
2025-06-02,Maputo,Haldia,Handysize,4380,32.13
2025-06-02,Maputo,Gopalpur,Supramax,4230,27.93
2025-06-02,Norfolk,Paradip,Capesize,9150,38.99
2025-06-02,Norfolk,Visakhapatnam (Outer),Capesize,9110,37.93
2025-06-02,Norfolk,Visakhapatnam (Inner),Panamax,9110,45.32
2025-06-02,Norfolk,Dhamra,Capesize,9180,38.93
2025-06-02,Norfolk,Gangavaram,Capesize,9100,39.01
2025-06-02,Norfolk,Haldia,Supramax,9280,54.8
2025-06-02,Norfolk,Gopalpur,Panamax,9130,47.14
2025-06-09,Newcastle,Paradip,Panamax,4820,27.17
2025-06-09,Newcastle,Visakhapatnam (Outer),Capesize,4870,22.87
2025-06-09,Newcastle,Visakhapatnam (Inner),Panamax,4870,26.6
2025-06-09,Newcastle,Dhamra,Capesize,4800,21.82
2025-06-09,Newcastle,Gangavaram,Capesize,4880,22.1
2025-06-09,Newcastle,Haldia,Supramax,4950,31.93
2025-06-09,Newcastle,Gopalpur,Panamax,4840,27.43
2025-06-09,Samarinda,Paradip,Panamax,2150,13.35
2025-06-09,Samarinda,Visakhapatnam (Outer),Panamax,2190,13.73
2025-06-09,Samarinda,Visakhapatnam (Inner),Supramax,2190,15.68
2025-06-09,Samarinda,Dhamra,Panamax,2130,13.82
2025-06-09,Samarinda,Gangavaram,Panamax,2200,14.1
2025-06-09,Samarinda,Haldia,Handysize,2280,18.84
2025-06-09,Samarinda,Gopalpur,Supramax,2160,15.63
2025-06-09,Richards Bay,Paradip,Capesize,4450,20.57
2025-06-09,Richards Bay,Visakhapatnam (Outer),Capesize,4410,20.59
2025-06-09,Richards Bay,Visakhapatnam (Inner),Panamax,4410,25.19
2025-06-09,Richards Bay,Dhamra,Capesize,4480,20.54
2025-06-09,Richards Bay,Gangavaram,Capesize,4400,20.8
2025-06-09,Richards Bay,Haldia,Supramax,4580,29.62
2025-06-09,Richards Bay,Gopalpur,Panamax,4430,25.34
2025-06-09,Maputo,Paradip,Panamax,4250,23.75
2025-06-09,Maputo,Visakhapatnam (Outer),Panamax,4210,24.44
2025-06-09,Maputo,Visakhapatnam (Inner),Supramax,4210,28.04
2025-06-09,Maputo,Dhamra,Panamax,4280,24.1
2025-06-09,Maputo,Gangavaram,Panamax,4200,23.48
2025-06-09,Maputo,Haldia,Handysize,4380,31.89
2025-06-09,Maputo,Gopalpur,Supramax,4230,27.21
2025-06-09,Norfolk,Paradip,Capesize,9150,37.64
2025-06-09,Norfolk,Visakhapatnam (Outer),Capesize,9110,38.59
2025-06-09,Norfolk,Visakhapatnam (Inner),Panamax,9110,45.74
2025-06-09,Norfolk,Dhamra,Capesize,9180,38.42
2025-06-09,Norfolk,Gangavaram,Capesize,9100,38.6
2025-06-09,Norfolk,Haldia,Supramax,9280,53.62
2025-06-09,Norfolk,Gopalpur,Panamax,9130,46.05
2025-06-16,Newcastle,Paradip,Panamax,4820,26.56
2025-06-16,Newcastle,Visakhapatnam (Outer),Capesize,4870,21.62
2025-06-16,Newcastle,Visakhapatnam (Inner),Panamax,4870,26.36
2025-06-16,Newcastle,Dhamra,Capesize,4800,21.87
2025-06-16,Newcastle,Gangavaram,Capesize,4880,21.79
2025-06-16,Newcastle,Haldia,Supramax,4950,30.98
2025-06-16,Newcastle,Gopalpur,Panamax,4840,26.71
2025-06-16,Samarinda,Paradip,Panamax,2150,13.35
2025-06-16,Samarinda,Visakhapatnam (Outer),Panamax,2190,13.79
2025-06-16,Samarinda,Visakhapatnam (Inner),Supramax,2190,15.27
2025-06-16,Samarinda,Dhamra,Panamax,2130,12.91
2025-06-16,Samarinda,Gangavaram,Panamax,2200,13.87
2025-06-16,Samarinda,Haldia,Handysize,2280,17.79
2025-06-16,Samarinda,Gopalpur,Supramax,2160,15.01
2025-06-16,Richards Bay,Paradip,Capesize,4450,20.03
2025-06-16,Richards Bay,Visakhapatnam (Outer),Capesize,4410,19.82
2025-06-16,Richards Bay,Visakhapatnam (Inner),Panamax,4410,24.56
2025-06-16,Richards Bay,Dhamra,Capesize,4480,20.1
2025-06-16,Richards Bay,Gangavaram,Capesize,4400,19.87
2025-06-16,Richards Bay,Haldia,Supramax,4580,29.66
2025-06-16,Richards Bay,Gopalpur,Panamax,4430,24.7
2025-06-16,Maputo,Paradip,Panamax,4250,23.79
2025-06-16,Maputo,Visakhapatnam (Outer),Panamax,4210,23.05
2025-06-16,Maputo,Visakhapatnam (Inner),Supramax,4210,27.26
2025-06-16,Maputo,Dhamra,Panamax,4280,24.18
2025-06-16,Maputo,Gangavaram,Panamax,4200,24.07
2025-06-16,Maputo,Haldia,Handysize,4380,31.61
2025-06-16,Maputo,Gopalpur,Supramax,4230,26.59
2025-06-16,Norfolk,Paradip,Capesize,9150,37.13
2025-06-16,Norfolk,Visakhapatnam (Outer),Capesize,9110,36.76
2025-06-16,Norfolk,Visakhapatnam (Inner),Panamax,9110,45.3
2025-06-16,Norfolk,Dhamra,Capesize,9180,37.55
2025-06-16,Norfolk,Gangavaram,Capesize,9100,37.72
2025-06-16,Norfolk,Haldia,Supramax,9280,53.07
2025-06-16,Norfolk,Gopalpur,Panamax,9130,45.45
2025-06-23,Newcastle,Paradip,Panamax,4820,25.88
2025-06-23,Newcastle,Visakhapatnam (Outer),Capesize,4870,22.44
2025-06-23,Newcastle,Visakhapatnam (Inner),Panamax,4870,27.09
2025-06-23,Newcastle,Dhamra,Capesize,4800,21.68
2025-06-23,Newcastle,Gangavaram,Capesize,4880,22.07
2025-06-23,Newcastle,Haldia,Supramax,4950,30.86
2025-06-23,Newcastle,Gopalpur,Panamax,4840,26.73
2025-06-23,Samarinda,Paradip,Panamax,2150,13.61
2025-06-23,Samarinda,Visakhapatnam (Outer),Panamax,2190,13.65
2025-06-23,Samarinda,Visakhapatnam (Inner),Supramax,2190,15.3
2025-06-23,Samarinda,Dhamra,Panamax,2130,13.09
2025-06-23,Samarinda,Gangavaram,Panamax,2200,13.41
2025-06-23,Samarinda,Haldia,Handysize,2280,17.94
2025-06-23,Samarinda,Gopalpur,Supramax,2160,14.98
2025-06-23,Richards Bay,Paradip,Capesize,4450,20.06
2025-06-23,Richards Bay,Visakhapatnam (Outer),Capesize,4410,20.0
2025-06-23,Richards Bay,Visakhapatnam (Inner),Panamax,4410,25.06
2025-06-23,Richards Bay,Dhamra,Capesize,4480,20.59
2025-06-23,Richards Bay,Gangavaram,Capesize,4400,19.7
2025-06-23,Richards Bay,Haldia,Supramax,4580,28.76
2025-06-23,Richards Bay,Gopalpur,Panamax,4430,24.88
2025-06-23,Maputo,Paradip,Panamax,4250,23.79
2025-06-23,Maputo,Visakhapatnam (Outer),Panamax,4210,23.46
2025-06-23,Maputo,Visakhapatnam (Inner),Supramax,4210,27.12
2025-06-23,Maputo,Dhamra,Panamax,4280,23.69
2025-06-23,Maputo,Gangavaram,Panamax,4200,23.44
2025-06-23,Maputo,Haldia,Handysize,4380,32.01
2025-06-23,Maputo,Gopalpur,Supramax,4230,27.17
2025-06-23,Norfolk,Paradip,Capesize,9150,38.4
2025-06-23,Norfolk,Visakhapatnam (Outer),Capesize,9110,36.57
2025-06-23,Norfolk,Visakhapatnam (Inner),Panamax,9110,45.44
2025-06-23,Norfolk,Dhamra,Capesize,9180,36.79
2025-06-23,Norfolk,Gangavaram,Capesize,9100,37.87
2025-06-23,Norfolk,Haldia,Supramax,9280,51.95
2025-06-23,Norfolk,Gopalpur,Panamax,9130,45.02
2025-06-30,Newcastle,Paradip,Panamax,4820,25.71
2025-06-30,Newcastle,Visakhapatnam (Outer),Capesize,4870,20.61
2025-06-30,Newcastle,Visakhapatnam (Inner),Panamax,4870,26.03
2025-06-30,Newcastle,Dhamra,Capesize,4800,20.78
2025-06-30,Newcastle,Gangavaram,Capesize,4880,20.56
2025-06-30,Newcastle,Haldia,Supramax,4950,29.94
2025-06-30,Newcastle,Gopalpur,Panamax,4840,25.16
2025-06-30,Samarinda,Paradip,Panamax,2150,12.62
2025-06-30,Samarinda,Visakhapatnam (Outer),Panamax,2190,12.84
2025-06-30,Samarinda,Visakhapatnam (Inner),Supramax,2190,14.7
2025-06-30,Samarinda,Dhamra,Panamax,2130,12.57
2025-06-30,Samarinda,Gangavaram,Panamax,2200,12.67
2025-06-30,Samarinda,Haldia,Handysize,2280,16.88
2025-06-30,Samarinda,Gopalpur,Supramax,2160,14.58
2025-06-30,Richards Bay,Paradip,Capesize,4450,19.03
2025-06-30,Richards Bay,Visakhapatnam (Outer),Capesize,4410,19.18
2025-06-30,Richards Bay,Visakhapatnam (Inner),Panamax,4410,22.95
2025-06-30,Richards Bay,Dhamra,Capesize,4480,19.26
2025-06-30,Richards Bay,Gangavaram,Capesize,4400,19.17
2025-06-30,Richards Bay,Haldia,Supramax,4580,28.02
2025-06-30,Richards Bay,Gopalpur,Panamax,4430,23.64
2025-06-30,Maputo,Paradip,Panamax,4250,22.2
2025-06-30,Maputo,Visakhapatnam (Outer),Panamax,4210,22.64
2025-06-30,Maputo,Visakhapatnam (Inner),Supramax,4210,26.11
2025-06-30,Maputo,Dhamra,Panamax,4280,22.49
2025-06-30,Maputo,Gangavaram,Panamax,4200,22.17
2025-06-30,Maputo,Haldia,Handysize,4380,30.25
2025-06-30,Maputo,Gopalpur,Supramax,4230,26.47
2025-06-30,Norfolk,Paradip,Capesize,9150,35.56
2025-06-30,Norfolk,Visakhapatnam (Outer),Capesize,9110,36.22
2025-06-30,Norfolk,Visakhapatnam (Inner),Panamax,9110,42.74
2025-06-30,Norfolk,Dhamra,Capesize,9180,35.92
2025-06-30,Norfolk,Gangavaram,Capesize,9100,36.18
2025-06-30,Norfolk,Haldia,Supramax,9280,49.42
2025-06-30,Norfolk,Gopalpur,Panamax,9130,42.83
2025-07-07,Newcastle,Paradip,Panamax,4820,26.35
2025-07-07,Newcastle,Visakhapatnam (Outer),Capesize,4870,21.65
2025-07-07,Newcastle,Visakhapatnam (Inner),Panamax,4870,26.35
2025-07-07,Newcastle,Dhamra,Capesize,4800,21.24
2025-07-07,Newcastle,Gangavaram,Capesize,4880,22.09
2025-07-07,Newcastle,Haldia,Supramax,4950,31.19
2025-07-07,Newcastle,Gopalpur,Panamax,4840,26.23
2025-07-07,Samarinda,Paradip,Panamax,2150,13.44
2025-07-07,Samarinda,Visakhapatnam (Outer),Panamax,2190,13.12
2025-07-07,Samarinda,Visakhapatnam (Inner),Supramax,2190,15.45
2025-07-07,Samarinda,Dhamra,Panamax,2130,13.04
2025-07-07,Samarinda,Gangavaram,Panamax,2200,13.69
2025-07-07,Samarinda,Haldia,Handysize,2280,18.36
2025-07-07,Samarinda,Gopalpur,Supramax,2160,15.45
2025-07-07,Richards Bay,Paradip,Capesize,4450,20.24
2025-07-07,Richards Bay,Visakhapatnam (Outer),Capesize,4410,20.06
2025-07-07,Richards Bay,Visakhapatnam (Inner),Panamax,4410,24.61
2025-07-07,Richards Bay,Dhamra,Capesize,4480,20.78
2025-07-07,Richards Bay,Gangavaram,Capesize,4400,19.74
2025-07-07,Richards Bay,Haldia,Supramax,4580,28.18
2025-07-07,Richards Bay,Gopalpur,Panamax,4430,23.97
2025-07-07,Maputo,Paradip,Panamax,4250,23.28
2025-07-07,Maputo,Visakhapatnam (Outer),Panamax,4210,23.27
2025-07-07,Maputo,Visakhapatnam (Inner),Supramax,4210,26.72
2025-07-07,Maputo,Dhamra,Panamax,4280,23.99
2025-07-07,Maputo,Gangavaram,Panamax,4200,22.85
2025-07-07,Maputo,Haldia,Handysize,4380,31.32
2025-07-07,Maputo,Gopalpur,Supramax,4230,26.5
2025-07-07,Norfolk,Paradip,Capesize,9150,37.61
2025-07-07,Norfolk,Visakhapatnam (Outer),Capesize,9110,37.53
2025-07-07,Norfolk,Visakhapatnam (Inner),Panamax,9110,45.83
2025-07-07,Norfolk,Dhamra,Capesize,9180,37.55
2025-07-07,Norfolk,Gangavaram,Capesize,9100,37.42
2025-07-07,Norfolk,Haldia,Supramax,9280,53.54
2025-07-07,Norfolk,Gopalpur,Panamax,9130,44.92
2025-07-14,Newcastle,Paradip,Panamax,4820,26.04
2025-07-14,Newcastle,Visakhapatnam (Outer),Capesize,4870,22.6
2025-07-14,Newcastle,Visakhapatnam (Inner),Panamax,4870,26.33
2025-07-14,Newcastle,Dhamra,Capesize,4800,21.88
2025-07-14,Newcastle,Gangavaram,Capesize,4880,22.55
2025-07-14,Newcastle,Haldia,Supramax,4950,30.7
2025-07-14,Newcastle,Gopalpur,Panamax,4840,27.08
2025-07-14,Samarinda,Paradip,Panamax,2150,13.18
2025-07-14,Samarinda,Visakhapatnam (Outer),Panamax,2190,13.84
2025-07-14,Samarinda,Visakhapatnam (Inner),Supramax,2190,15.55
2025-07-14,Samarinda,Dhamra,Panamax,2130,13.61
2025-07-14,Samarinda,Gangavaram,Panamax,2200,13.8
2025-07-14,Samarinda,Haldia,Handysize,2280,17.9
2025-07-14,Samarinda,Gopalpur,Supramax,2160,15.51
2025-07-14,Richards Bay,Paradip,Capesize,4450,20.23
2025-07-14,Richards Bay,Visakhapatnam (Outer),Capesize,4410,20.07
2025-07-14,Richards Bay,Visakhapatnam (Inner),Panamax,4410,24.9
2025-07-14,Richards Bay,Dhamra,Capesize,4480,20.48
2025-07-14,Richards Bay,Gangavaram,Capesize,4400,19.81
2025-07-14,Richards Bay,Haldia,Supramax,4580,29.54
2025-07-14,Richards Bay,Gopalpur,Panamax,4430,24.49
2025-07-14,Maputo,Paradip,Panamax,4250,23.8
2025-07-14,Maputo,Visakhapatnam (Outer),Panamax,4210,23.28
2025-07-14,Maputo,Visakhapatnam (Inner),Supramax,4210,26.56
2025-07-14,Maputo,Dhamra,Panamax,4280,23.62
2025-07-14,Maputo,Gangavaram,Panamax,4200,23.35
2025-07-14,Maputo,Haldia,Handysize,4380,31.4
2025-07-14,Maputo,Gopalpur,Supramax,4230,27.77
2025-07-14,Norfolk,Paradip,Capesize,9150,37.76
2025-07-14,Norfolk,Visakhapatnam (Outer),Capesize,9110,38.28
2025-07-14,Norfolk,Visakhapatnam (Inner),Panamax,9110,46.28
2025-07-14,Norfolk,Dhamra,Capesize,9180,38.38
2025-07-14,Norfolk,Gangavaram,Capesize,9100,36.72
2025-07-14,Norfolk,Haldia,Supramax,9280,54.43
2025-07-14,Norfolk,Gopalpur,Panamax,9130,45.1
2025-07-21,Newcastle,Paradip,Panamax,4820,26.35
2025-07-21,Newcastle,Visakhapatnam (Outer),Capesize,4870,20.88
2025-07-21,Newcastle,Visakhapatnam (Inner),Panamax,4870,26.28
2025-07-21,Newcastle,Dhamra,Capesize,4800,20.75
2025-07-21,Newcastle,Gangavaram,Capesize,4880,21.46
2025-07-21,Newcastle,Haldia,Supramax,4950,30.29
2025-07-21,Newcastle,Gopalpur,Panamax,4840,26.41
2025-07-21,Samarinda,Paradip,Panamax,2150,12.91
2025-07-21,Samarinda,Visakhapatnam (Outer),Panamax,2190,13.08
2025-07-21,Samarinda,Visakhapatnam (Inner),Supramax,2190,15.03
2025-07-21,Samarinda,Dhamra,Panamax,2130,12.84
2025-07-21,Samarinda,Gangavaram,Panamax,2200,13.03
2025-07-21,Samarinda,Haldia,Handysize,2280,17.61
2025-07-21,Samarinda,Gopalpur,Supramax,2160,14.74
2025-07-21,Richards Bay,Paradip,Capesize,4450,19.36
2025-07-21,Richards Bay,Visakhapatnam (Outer),Capesize,4410,20.07
2025-07-21,Richards Bay,Visakhapatnam (Inner),Panamax,4410,23.71
2025-07-21,Richards Bay,Dhamra,Capesize,4480,20.32
2025-07-21,Richards Bay,Gangavaram,Capesize,4400,19.16
2025-07-21,Richards Bay,Haldia,Supramax,4580,27.9
2025-07-21,Richards Bay,Gopalpur,Panamax,4430,24.04
2025-07-21,Maputo,Paradip,Panamax,4250,22.58
2025-07-21,Maputo,Visakhapatnam (Outer),Panamax,4210,22.74
2025-07-21,Maputo,Visakhapatnam (Inner),Supramax,4210,26.89
2025-07-21,Maputo,Dhamra,Panamax,4280,23.05
2025-07-21,Maputo,Gangavaram,Panamax,4200,23.4
2025-07-21,Maputo,Haldia,Handysize,4380,30.11
2025-07-21,Maputo,Gopalpur,Supramax,4230,26.59
2025-07-21,Norfolk,Paradip,Capesize,9150,35.8
2025-07-21,Norfolk,Visakhapatnam (Outer),Capesize,9110,36.58
2025-07-21,Norfolk,Visakhapatnam (Inner),Panamax,9110,43.13
2025-07-21,Norfolk,Dhamra,Capesize,9180,35.81
2025-07-21,Norfolk,Gangavaram,Capesize,9100,36.67
2025-07-21,Norfolk,Haldia,Supramax,9280,50.86
2025-07-21,Norfolk,Gopalpur,Panamax,9130,43.3
2025-07-28,Newcastle,Paradip,Panamax,4820,26.81
2025-07-28,Newcastle,Visakhapatnam (Outer),Capesize,4870,21.93
2025-07-28,Newcastle,Visakhapatnam (Inner),Panamax,4870,27.09
2025-07-28,Newcastle,Dhamra,Capesize,4800,21.59
2025-07-28,Newcastle,Gangavaram,Capesize,4880,22.67
2025-07-28,Newcastle,Haldia,Supramax,4950,31.02
2025-07-28,Newcastle,Gopalpur,Panamax,4840,27.07
2025-07-28,Samarinda,Paradip,Panamax,2150,13.49
2025-07-28,Samarinda,Visakhapatnam (Outer),Panamax,2190,13.52
2025-07-28,Samarinda,Visakhapatnam (Inner),Supramax,2190,15.71
2025-07-28,Samarinda,Dhamra,Panamax,2130,13.57
2025-07-28,Samarinda,Gangavaram,Panamax,2200,13.81
2025-07-28,Samarinda,Haldia,Handysize,2280,17.96
2025-07-28,Samarinda,Gopalpur,Supramax,2160,15.6
2025-07-28,Richards Bay,Paradip,Capesize,4450,20.78
2025-07-28,Richards Bay,Visakhapatnam (Outer),Capesize,4410,20.77
2025-07-28,Richards Bay,Visakhapatnam (Inner),Panamax,4410,25.29
2025-07-28,Richards Bay,Dhamra,Capesize,4480,20.56
2025-07-28,Richards Bay,Gangavaram,Capesize,4400,20.75
2025-07-28,Richards Bay,Haldia,Supramax,4580,29.33
2025-07-28,Richards Bay,Gopalpur,Panamax,4430,24.37
2025-07-28,Maputo,Paradip,Panamax,4250,24.03
2025-07-28,Maputo,Visakhapatnam (Outer),Panamax,4210,23.25
2025-07-28,Maputo,Visakhapatnam (Inner),Supramax,4210,27.09
2025-07-28,Maputo,Dhamra,Panamax,4280,24.66
2025-07-28,Maputo,Gangavaram,Panamax,4200,23.98
2025-07-28,Maputo,Haldia,Handysize,4380,32.11
2025-07-28,Maputo,Gopalpur,Supramax,4230,27.54
2025-07-28,Norfolk,Paradip,Capesize,9150,37.43
2025-07-28,Norfolk,Visakhapatnam (Outer),Capesize,9110,38.39
2025-07-28,Norfolk,Visakhapatnam (Inner),Panamax,9110,46.87
2025-07-28,Norfolk,Dhamra,Capesize,9180,38.78
2025-07-28,Norfolk,Gangavaram,Capesize,9100,37.03
2025-07-28,Norfolk,Haldia,Supramax,9280,52.76
2025-07-28,Norfolk,Gopalpur,Panamax,9130,46.16
2025-08-04,Newcastle,Paradip,Panamax,4820,26.24
2025-08-04,Newcastle,Visakhapatnam (Outer),Capesize,4870,22.18
2025-08-04,Newcastle,Visakhapatnam (Inner),Panamax,4870,26.9
2025-08-04,Newcastle,Dhamra,Capesize,4800,21.53
2025-08-04,Newcastle,Gangavaram,Capesize,4880,21.67
2025-08-04,Newcastle,Haldia,Supramax,4950,30.62
2025-08-04,Newcastle,Gopalpur,Panamax,4840,26.58
2025-08-04,Samarinda,Paradip,Panamax,2150,13.13
2025-08-04,Samarinda,Visakhapatnam (Outer),Panamax,2190,13.26
2025-08-04,Samarinda,Visakhapatnam (Inner),Supramax,2190,15.55
2025-08-04,Samarinda,Dhamra,Panamax,2130,12.88
2025-08-04,Samarinda,Gangavaram,Panamax,2200,13.26
2025-08-04,Samarinda,Haldia,Handysize,2280,17.6
2025-08-04,Samarinda,Gopalpur,Supramax,2160,15.09
2025-08-04,Richards Bay,Paradip,Capesize,4450,20.15
2025-08-04,Richards Bay,Visakhapatnam (Outer),Capesize,4410,19.81
2025-08-04,Richards Bay,Visakhapatnam (Inner),Panamax,4410,23.88
2025-08-04,Richards Bay,Dhamra,Capesize,4480,20.63
2025-08-04,Richards Bay,Gangavaram,Capesize,4400,20.02
2025-08-04,Richards Bay,Haldia,Supramax,4580,29.16
2025-08-04,Richards Bay,Gopalpur,Panamax,4430,24.05
2025-08-04,Maputo,Paradip,Panamax,4250,24.06
2025-08-04,Maputo,Visakhapatnam (Outer),Panamax,4210,23.23
2025-08-04,Maputo,Visakhapatnam (Inner),Supramax,4210,26.82
2025-08-04,Maputo,Dhamra,Panamax,4280,23.73
2025-08-04,Maputo,Gangavaram,Panamax,4200,23.2
2025-08-04,Maputo,Haldia,Handysize,4380,32.17
2025-08-04,Maputo,Gopalpur,Supramax,4230,27.4
2025-08-04,Norfolk,Paradip,Capesize,9150,37.95
2025-08-04,Norfolk,Visakhapatnam (Outer),Capesize,9110,36.84
2025-08-04,Norfolk,Visakhapatnam (Inner),Panamax,9110,44.8
2025-08-04,Norfolk,Dhamra,Capesize,9180,37.53
2025-08-04,Norfolk,Gangavaram,Capesize,9100,37.6
2025-08-04,Norfolk,Haldia,Supramax,9280,53.27
2025-08-04,Norfolk,Gopalpur,Panamax,9130,44.25
2025-08-11,Newcastle,Paradip,Panamax,4820,26.51
2025-08-11,Newcastle,Visakhapatnam (Outer),Capesize,4870,22.7
2025-08-11,Newcastle,Visakhapatnam (Inner),Panamax,4870,26.34
2025-08-11,Newcastle,Dhamra,Capesize,4800,21.65
2025-08-11,Newcastle,Gangavaram,Capesize,4880,21.8
2025-08-11,Newcastle,Haldia,Supramax,4950,30.87
2025-08-11,Newcastle,Gopalpur,Panamax,4840,27.11
2025-08-11,Samarinda,Paradip,Panamax,2150,13.3
2025-08-11,Samarinda,Visakhapatnam (Outer),Panamax,2190,13.72
2025-08-11,Samarinda,Visakhapatnam (Inner),Supramax,2190,15.57
2025-08-11,Samarinda,Dhamra,Panamax,2130,13.26
2025-08-11,Samarinda,Gangavaram,Panamax,2200,13.43
2025-08-11,Samarinda,Haldia,Handysize,2280,17.96
2025-08-11,Samarinda,Gopalpur,Supramax,2160,15.86
2025-08-11,Richards Bay,Paradip,Capesize,4450,20.81
2025-08-11,Richards Bay,Visakhapatnam (Outer),Capesize,4410,20.31
2025-08-11,Richards Bay,Visakhapatnam (Inner),Panamax,4410,24.57
2025-08-11,Richards Bay,Dhamra,Capesize,4480,20.61
2025-08-11,Richards Bay,Gangavaram,Capesize,4400,20.68
2025-08-11,Richards Bay,Haldia,Supramax,4580,29.92
2025-08-11,Richards Bay,Gopalpur,Panamax,4430,24.6
2025-08-11,Maputo,Paradip,Panamax,4250,24.35
2025-08-11,Maputo,Visakhapatnam (Outer),Panamax,4210,24.26
2025-08-11,Maputo,Visakhapatnam (Inner),Supramax,4210,27.36
2025-08-11,Maputo,Dhamra,Panamax,4280,24.21
2025-08-11,Maputo,Gangavaram,Panamax,4200,23.83
2025-08-11,Maputo,Haldia,Handysize,4380,32.18
2025-08-11,Maputo,Gopalpur,Supramax,4230,26.86
2025-08-11,Norfolk,Paradip,Capesize,9150,37.32
2025-08-11,Norfolk,Visakhapatnam (Outer),Capesize,9110,38.34
2025-08-11,Norfolk,Visakhapatnam (Inner),Panamax,9110,46.57
2025-08-11,Norfolk,Dhamra,Capesize,9180,37.53
2025-08-11,Norfolk,Gangavaram,Capesize,9100,37.98
2025-08-11,Norfolk,Haldia,Supramax,9280,53.39
2025-08-11,Norfolk,Gopalpur,Panamax,9130,47.13
2025-08-18,Newcastle,Paradip,Panamax,4820,27.43
2025-08-18,Newcastle,Visakhapatnam (Outer),Capesize,4870,22.42
2025-08-18,Newcastle,Visakhapatnam (Inner),Panamax,4870,27.9
2025-08-18,Newcastle,Dhamra,Capesize,4800,22.57
2025-08-18,Newcastle,Gangavaram,Capesize,4880,22.13
2025-08-18,Newcastle,Haldia,Supramax,4950,31.24
2025-08-18,Newcastle,Gopalpur,Panamax,4840,26.95
2025-08-18,Samarinda,Paradip,Panamax,2150,13.54
2025-08-18,Samarinda,Visakhapatnam (Outer),Panamax,2190,13.62
2025-08-18,Samarinda,Visakhapatnam (Inner),Supramax,2190,15.98
2025-08-18,Samarinda,Dhamra,Panamax,2130,13.74
2025-08-18,Samarinda,Gangavaram,Panamax,2200,14.17
2025-08-18,Samarinda,Haldia,Handysize,2280,18.6
2025-08-18,Samarinda,Gopalpur,Supramax,2160,15.55
2025-08-18,Richards Bay,Paradip,Capesize,4450,20.85
2025-08-18,Richards Bay,Visakhapatnam (Outer),Capesize,4410,21.0
2025-08-18,Richards Bay,Visakhapatnam (Inner),Panamax,4410,25.63
2025-08-18,Richards Bay,Dhamra,Capesize,4480,21.49
2025-08-18,Richards Bay,Gangavaram,Capesize,4400,20.61
2025-08-18,Richards Bay,Haldia,Supramax,4580,29.49
2025-08-18,Richards Bay,Gopalpur,Panamax,4430,24.98
2025-08-18,Maputo,Paradip,Panamax,4250,24.26
2025-08-18,Maputo,Visakhapatnam (Outer),Panamax,4210,24.25
2025-08-18,Maputo,Visakhapatnam (Inner),Supramax,4210,27.01
2025-08-18,Maputo,Dhamra,Panamax,4280,24.86
2025-08-18,Maputo,Gangavaram,Panamax,4200,23.9
2025-08-18,Maputo,Haldia,Handysize,4380,32.82
2025-08-18,Maputo,Gopalpur,Supramax,4230,28.31
2025-08-18,Norfolk,Paradip,Capesize,9150,38.08
2025-08-18,Norfolk,Visakhapatnam (Outer),Capesize,9110,37.43
2025-08-18,Norfolk,Visakhapatnam (Inner),Panamax,9110,47.7
2025-08-18,Norfolk,Dhamra,Capesize,9180,37.87
2025-08-18,Norfolk,Gangavaram,Capesize,9100,39.16
2025-08-18,Norfolk,Haldia,Supramax,9280,55.19
2025-08-18,Norfolk,Gopalpur,Panamax,9130,46.12
2025-08-25,Newcastle,Paradip,Panamax,4820,27.22
2025-08-25,Newcastle,Visakhapatnam (Outer),Capesize,4870,23.22
2025-08-25,Newcastle,Visakhapatnam (Inner),Panamax,4870,27.07
2025-08-25,Newcastle,Dhamra,Capesize,4800,22.93
2025-08-25,Newcastle,Gangavaram,Capesize,4880,22.82
2025-08-25,Newcastle,Haldia,Supramax,4950,32.02
2025-08-25,Newcastle,Gopalpur,Panamax,4840,27.7
2025-08-25,Samarinda,Paradip,Panamax,2150,14.03
2025-08-25,Samarinda,Visakhapatnam (Outer),Panamax,2190,14.0
2025-08-25,Samarinda,Visakhapatnam (Inner),Supramax,2190,15.79
2025-08-25,Samarinda,Dhamra,Panamax,2130,13.75
2025-08-25,Samarinda,Gangavaram,Panamax,2200,13.92
2025-08-25,Samarinda,Haldia,Handysize,2280,18.63
2025-08-25,Samarinda,Gopalpur,Supramax,2160,15.56
2025-08-25,Richards Bay,Paradip,Capesize,4450,20.94
2025-08-25,Richards Bay,Visakhapatnam (Outer),Capesize,4410,20.37
2025-08-25,Richards Bay,Visakhapatnam (Inner),Panamax,4410,25.38
2025-08-25,Richards Bay,Dhamra,Capesize,4480,21.36
2025-08-25,Richards Bay,Gangavaram,Capesize,4400,20.93
2025-08-25,Richards Bay,Haldia,Supramax,4580,29.4
2025-08-25,Richards Bay,Gopalpur,Panamax,4430,25.87
2025-08-25,Maputo,Paradip,Panamax,4250,24.03
2025-08-25,Maputo,Visakhapatnam (Outer),Panamax,4210,24.21
2025-08-25,Maputo,Visakhapatnam (Inner),Supramax,4210,27.54
2025-08-25,Maputo,Dhamra,Panamax,4280,24.13
2025-08-25,Maputo,Gangavaram,Panamax,4200,23.79
2025-08-25,Maputo,Haldia,Handysize,4380,33.16
2025-08-25,Maputo,Gopalpur,Supramax,4230,28.46
2025-08-25,Norfolk,Paradip,Capesize,9150,39.25
2025-08-25,Norfolk,Visakhapatnam (Outer),Capesize,9110,38.37
2025-08-25,Norfolk,Visakhapatnam (Inner),Panamax,9110,47.89
2025-08-25,Norfolk,Dhamra,Capesize,9180,39.03
2025-08-25,Norfolk,Gangavaram,Capesize,9100,38.54
2025-08-25,Norfolk,Haldia,Supramax,9280,55.2
2025-08-25,Norfolk,Gopalpur,Panamax,9130,46.37
2025-09-01,Newcastle,Paradip,Panamax,4820,27.94
2025-09-01,Newcastle,Visakhapatnam (Outer),Capesize,4870,23.16
2025-09-01,Newcastle,Visakhapatnam (Inner),Panamax,4870,29.19
2025-09-01,Newcastle,Dhamra,Capesize,4800,23.06
2025-09-01,Newcastle,Gangavaram,Capesize,4880,23.78
2025-09-01,Newcastle,Haldia,Supramax,4950,32.9
2025-09-01,Newcastle,Gopalpur,Panamax,4840,28.51
2025-09-01,Samarinda,Paradip,Panamax,2150,14.02
2025-09-01,Samarinda,Visakhapatnam (Outer),Panamax,2190,14.6
2025-09-01,Samarinda,Visakhapatnam (Inner),Supramax,2190,16.83
2025-09-01,Samarinda,Dhamra,Panamax,2130,14.49
2025-09-01,Samarinda,Gangavaram,Panamax,2200,14.29
2025-09-01,Samarinda,Haldia,Handysize,2280,19.2
2025-09-01,Samarinda,Gopalpur,Supramax,2160,16.84
2025-09-01,Richards Bay,Paradip,Capesize,4450,21.56
2025-09-01,Richards Bay,Visakhapatnam (Outer),Capesize,4410,22.26
2025-09-01,Richards Bay,Visakhapatnam (Inner),Panamax,4410,26.21
2025-09-01,Richards Bay,Dhamra,Capesize,4480,22.09
2025-09-01,Richards Bay,Gangavaram,Capesize,4400,21.5
2025-09-01,Richards Bay,Haldia,Supramax,4580,31.77
2025-09-01,Richards Bay,Gopalpur,Panamax,4430,25.89
2025-09-01,Maputo,Paradip,Panamax,4250,25.88
2025-09-01,Maputo,Visakhapatnam (Outer),Panamax,4210,24.88
2025-09-01,Maputo,Visakhapatnam (Inner),Supramax,4210,29.47
2025-09-01,Maputo,Dhamra,Panamax,4280,25.8
2025-09-01,Maputo,Gangavaram,Panamax,4200,25.61
2025-09-01,Maputo,Haldia,Handysize,4380,33.59
2025-09-01,Maputo,Gopalpur,Supramax,4230,28.94
2025-09-01,Norfolk,Paradip,Capesize,9150,40.1
2025-09-01,Norfolk,Visakhapatnam (Outer),Capesize,9110,39.47
2025-09-01,Norfolk,Visakhapatnam (Inner),Panamax,9110,49.73
2025-09-01,Norfolk,Dhamra,Capesize,9180,40.72
2025-09-01,Norfolk,Gangavaram,Capesize,9100,40.22
2025-09-01,Norfolk,Haldia,Supramax,9280,56.55
2025-09-01,Norfolk,Gopalpur,Panamax,9130,49.82
2025-09-08,Newcastle,Paradip,Panamax,4820,29.5
2025-09-08,Newcastle,Visakhapatnam (Outer),Capesize,4870,24.43
2025-09-08,Newcastle,Visakhapatnam (Inner),Panamax,4870,30.89
2025-09-08,Newcastle,Dhamra,Capesize,4800,24.49
2025-09-08,Newcastle,Gangavaram,Capesize,4880,24.58
2025-09-08,Newcastle,Haldia,Supramax,4950,34.59
2025-09-08,Newcastle,Gopalpur,Panamax,4840,30.26
2025-09-08,Samarinda,Paradip,Panamax,2150,15.28
2025-09-08,Samarinda,Visakhapatnam (Outer),Panamax,2190,15.17
2025-09-08,Samarinda,Visakhapatnam (Inner),Supramax,2190,17.52
2025-09-08,Samarinda,Dhamra,Panamax,2130,14.87
2025-09-08,Samarinda,Gangavaram,Panamax,2200,15.58
2025-09-08,Samarinda,Haldia,Handysize,2280,20.99
2025-09-08,Samarinda,Gopalpur,Supramax,2160,17.74
2025-09-08,Richards Bay,Paradip,Capesize,4450,22.85
2025-09-08,Richards Bay,Visakhapatnam (Outer),Capesize,4410,22.93
2025-09-08,Richards Bay,Visakhapatnam (Inner),Panamax,4410,28.16
2025-09-08,Richards Bay,Dhamra,Capesize,4480,22.98
2025-09-08,Richards Bay,Gangavaram,Capesize,4400,23.07
2025-09-08,Richards Bay,Haldia,Supramax,4580,32.81
2025-09-08,Richards Bay,Gopalpur,Panamax,4430,28.32
2025-09-08,Maputo,Paradip,Panamax,4250,27.43
2025-09-08,Maputo,Visakhapatnam (Outer),Panamax,4210,26.72
2025-09-08,Maputo,Visakhapatnam (Inner),Supramax,4210,30.72
2025-09-08,Maputo,Dhamra,Panamax,4280,26.95
2025-09-08,Maputo,Gangavaram,Panamax,4200,27.05
2025-09-08,Maputo,Haldia,Handysize,4380,35.1
2025-09-08,Maputo,Gopalpur,Supramax,4230,30.82
2025-09-08,Norfolk,Paradip,Capesize,9150,43.37
2025-09-08,Norfolk,Visakhapatnam (Outer),Capesize,9110,41.54
2025-09-08,Norfolk,Visakhapatnam (Inner),Panamax,9110,51.65
2025-09-08,Norfolk,Dhamra,Capesize,9180,42.48
2025-09-08,Norfolk,Gangavaram,Capesize,9100,42.19
2025-09-08,Norfolk,Haldia,Supramax,9280,59.86
2025-09-08,Norfolk,Gopalpur,Panamax,9130,52.17
2025-09-15,Newcastle,Paradip,Panamax,4820,29.5
2025-09-15,Newcastle,Visakhapatnam (Outer),Capesize,4870,24.94
2025-09-15,Newcastle,Visakhapatnam (Inner),Panamax,4870,30.2
2025-09-15,Newcastle,Dhamra,Capesize,4800,25.13
2025-09-15,Newcastle,Gangavaram,Capesize,4880,24.41
2025-09-15,Newcastle,Haldia,Supramax,4950,35.57
2025-09-15,Newcastle,Gopalpur,Panamax,4840,30.62
2025-09-15,Samarinda,Paradip,Panamax,2150,15.36
2025-09-15,Samarinda,Visakhapatnam (Outer),Panamax,2190,14.93
2025-09-15,Samarinda,Visakhapatnam (Inner),Supramax,2190,17.12
2025-09-15,Samarinda,Dhamra,Panamax,2130,14.64
2025-09-15,Samarinda,Gangavaram,Panamax,2200,15.04
2025-09-15,Samarinda,Haldia,Handysize,2280,20.48
2025-09-15,Samarinda,Gopalpur,Supramax,2160,16.99
2025-09-15,Richards Bay,Paradip,Capesize,4450,22.72
2025-09-15,Richards Bay,Visakhapatnam (Outer),Capesize,4410,22.97
2025-09-15,Richards Bay,Visakhapatnam (Inner),Panamax,4410,27.49
2025-09-15,Richards Bay,Dhamra,Capesize,4480,23.11
2025-09-15,Richards Bay,Gangavaram,Capesize,4400,22.97
2025-09-15,Richards Bay,Haldia,Supramax,4580,33.02
2025-09-15,Richards Bay,Gopalpur,Panamax,4430,27.85
2025-09-15,Maputo,Paradip,Panamax,4250,26.57
2025-09-15,Maputo,Visakhapatnam (Outer),Panamax,4210,26.21
2025-09-15,Maputo,Visakhapatnam (Inner),Supramax,4210,31.03
2025-09-15,Maputo,Dhamra,Panamax,4280,27.52
2025-09-15,Maputo,Gangavaram,Panamax,4200,26.5
2025-09-15,Maputo,Haldia,Handysize,4380,35.66
2025-09-15,Maputo,Gopalpur,Supramax,4230,31.15
2025-09-15,Norfolk,Paradip,Capesize,9150,42.41
2025-09-15,Norfolk,Visakhapatnam (Outer),Capesize,9110,42.81
2025-09-15,Norfolk,Visakhapatnam (Inner),Panamax,9110,50.49
2025-09-15,Norfolk,Dhamra,Capesize,9180,42.96
2025-09-15,Norfolk,Gangavaram,Capesize,9100,42.78
2025-09-15,Norfolk,Haldia,Supramax,9280,60.73
2025-09-15,Norfolk,Gopalpur,Panamax,9130,51.95
2025-09-22,Newcastle,Paradip,Panamax,4820,29.66
2025-09-22,Newcastle,Visakhapatnam (Outer),Capesize,4870,25.02
2025-09-22,Newcastle,Visakhapatnam (Inner),Panamax,4870,29.13
2025-09-22,Newcastle,Dhamra,Capesize,4800,24.3
2025-09-22,Newcastle,Gangavaram,Capesize,4880,24.33
2025-09-22,Newcastle,Haldia,Supramax,4950,35.43
2025-09-22,Newcastle,Gopalpur,Panamax,4840,30.06
2025-09-22,Samarinda,Paradip,Panamax,2150,14.63
2025-09-22,Samarinda,Visakhapatnam (Outer),Panamax,2190,15.43
2025-09-22,Samarinda,Visakhapatnam (Inner),Supramax,2190,16.93
2025-09-22,Samarinda,Dhamra,Panamax,2130,14.8
2025-09-22,Samarinda,Gangavaram,Panamax,2200,15.14
2025-09-22,Samarinda,Haldia,Handysize,2280,20.52
2025-09-22,Samarinda,Gopalpur,Supramax,2160,17.44
2025-09-22,Richards Bay,Paradip,Capesize,4450,22.44
2025-09-22,Richards Bay,Visakhapatnam (Outer),Capesize,4410,22.67
2025-09-22,Richards Bay,Visakhapatnam (Inner),Panamax,4410,27.5
2025-09-22,Richards Bay,Dhamra,Capesize,4480,23.04
2025-09-22,Richards Bay,Gangavaram,Capesize,4400,22.58
2025-09-22,Richards Bay,Haldia,Supramax,4580,32.28
2025-09-22,Richards Bay,Gopalpur,Panamax,4430,27.92
2025-09-22,Maputo,Paradip,Panamax,4250,26.44
2025-09-22,Maputo,Visakhapatnam (Outer),Panamax,4210,26.93
2025-09-22,Maputo,Visakhapatnam (Inner),Supramax,4210,29.59
2025-09-22,Maputo,Dhamra,Panamax,4280,26.98
2025-09-22,Maputo,Gangavaram,Panamax,4200,26.85
2025-09-22,Maputo,Haldia,Handysize,4380,35.7
2025-09-22,Maputo,Gopalpur,Supramax,4230,30.68
2025-09-22,Norfolk,Paradip,Capesize,9150,42.33
2025-09-22,Norfolk,Visakhapatnam (Outer),Capesize,9110,41.86
2025-09-22,Norfolk,Visakhapatnam (Inner),Panamax,9110,51.37
2025-09-22,Norfolk,Dhamra,Capesize,9180,41.55
2025-09-22,Norfolk,Gangavaram,Capesize,9100,42.45
2025-09-22,Norfolk,Haldia,Supramax,9280,58.19
2025-09-22,Norfolk,Gopalpur,Panamax,9130,50.08
2025-09-29,Newcastle,Paradip,Panamax,4820,29.32
2025-09-29,Newcastle,Visakhapatnam (Outer),Capesize,4870,23.47
2025-09-29,Newcastle,Visakhapatnam (Inner),Panamax,4870,29.71
2025-09-29,Newcastle,Dhamra,Capesize,4800,23.24
2025-09-29,Newcastle,Gangavaram,Capesize,4880,24.1
2025-09-29,Newcastle,Haldia,Supramax,4950,33.32
2025-09-29,Newcastle,Gopalpur,Panamax,4840,28.92
2025-09-29,Samarinda,Paradip,Panamax,2150,14.72
2025-09-29,Samarinda,Visakhapatnam (Outer),Panamax,2190,14.68
2025-09-29,Samarinda,Visakhapatnam (Inner),Supramax,2190,16.68
2025-09-29,Samarinda,Dhamra,Panamax,2130,14.52
2025-09-29,Samarinda,Gangavaram,Panamax,2200,15.1
2025-09-29,Samarinda,Haldia,Handysize,2280,19.92
2025-09-29,Samarinda,Gopalpur,Supramax,2160,16.72
2025-09-29,Richards Bay,Paradip,Capesize,4450,22.03
2025-09-29,Richards Bay,Visakhapatnam (Outer),Capesize,4410,22.2
2025-09-29,Richards Bay,Visakhapatnam (Inner),Panamax,4410,26.39
2025-09-29,Richards Bay,Dhamra,Capesize,4480,21.89
2025-09-29,Richards Bay,Gangavaram,Capesize,4400,22.09
2025-09-29,Richards Bay,Haldia,Supramax,4580,31.4
2025-09-29,Richards Bay,Gopalpur,Panamax,4430,26.33
2025-09-29,Maputo,Paradip,Panamax,4250,25.88
2025-09-29,Maputo,Visakhapatnam (Outer),Panamax,4210,25.14
2025-09-29,Maputo,Visakhapatnam (Inner),Supramax,4210,29.27
2025-09-29,Maputo,Dhamra,Panamax,4280,26.74
2025-09-29,Maputo,Gangavaram,Panamax,4200,25.35
2025-09-29,Maputo,Haldia,Handysize,4380,33.98
2025-09-29,Maputo,Gopalpur,Supramax,4230,29.16
2025-09-29,Norfolk,Paradip,Capesize,9150,41.67
2025-09-29,Norfolk,Visakhapatnam (Outer),Capesize,9110,41.82
2025-09-29,Norfolk,Visakhapatnam (Inner),Panamax,9110,49.29
2025-09-29,Norfolk,Dhamra,Capesize,9180,40.96
2025-09-29,Norfolk,Gangavaram,Capesize,9100,39.89
2025-09-29,Norfolk,Haldia,Supramax,9280,57.69
2025-09-29,Norfolk,Gopalpur,Panamax,9130,49.93
2025-10-06,Newcastle,Paradip,Panamax,4820,27.28
2025-10-06,Newcastle,Visakhapatnam (Outer),Capesize,4870,22.8
2025-10-06,Newcastle,Visakhapatnam (Inner),Panamax,4870,27.03
2025-10-06,Newcastle,Dhamra,Capesize,4800,21.96
2025-10-06,Newcastle,Gangavaram,Capesize,4880,22.19
2025-10-06,Newcastle,Haldia,Supramax,4950,31.71
2025-10-06,Newcastle,Gopalpur,Panamax,4840,26.46
2025-10-06,Samarinda,Paradip,Panamax,2150,13.6
2025-10-06,Samarinda,Visakhapatnam (Outer),Panamax,2190,13.55
2025-10-06,Samarinda,Visakhapatnam (Inner),Supramax,2190,15.75
2025-10-06,Samarinda,Dhamra,Panamax,2130,13.4
2025-10-06,Samarinda,Gangavaram,Panamax,2200,13.93
2025-10-06,Samarinda,Haldia,Handysize,2280,18.23
2025-10-06,Samarinda,Gopalpur,Supramax,2160,15.79
2025-10-06,Richards Bay,Paradip,Capesize,4450,21.11
2025-10-06,Richards Bay,Visakhapatnam (Outer),Capesize,4410,20.16
2025-10-06,Richards Bay,Visakhapatnam (Inner),Panamax,4410,24.53
2025-10-06,Richards Bay,Dhamra,Capesize,4480,21.12
2025-10-06,Richards Bay,Gangavaram,Capesize,4400,20.96
2025-10-06,Richards Bay,Haldia,Supramax,4580,29.14
2025-10-06,Richards Bay,Gopalpur,Panamax,4430,25.35
2025-10-06,Maputo,Paradip,Panamax,4250,24.44
2025-10-06,Maputo,Visakhapatnam (Outer),Panamax,4210,23.73
2025-10-06,Maputo,Visakhapatnam (Inner),Supramax,4210,27.9
2025-10-06,Maputo,Dhamra,Panamax,4280,24.4
2025-10-06,Maputo,Gangavaram,Panamax,4200,24.06
2025-10-06,Maputo,Haldia,Handysize,4380,32.62
2025-10-06,Maputo,Gopalpur,Supramax,4230,27.42
2025-10-06,Norfolk,Paradip,Capesize,9150,37.45
2025-10-06,Norfolk,Visakhapatnam (Outer),Capesize,9110,37.04
2025-10-06,Norfolk,Visakhapatnam (Inner),Panamax,9110,45.0
2025-10-06,Norfolk,Dhamra,Capesize,9180,38.5
2025-10-06,Norfolk,Gangavaram,Capesize,9100,37.61
2025-10-06,Norfolk,Haldia,Supramax,9280,54.87
2025-10-06,Norfolk,Gopalpur,Panamax,9130,46.02
2025-10-13,Newcastle,Paradip,Panamax,4820,26.71
2025-10-13,Newcastle,Visakhapatnam (Outer),Capesize,4870,22.57
2025-10-13,Newcastle,Visakhapatnam (Inner),Panamax,4870,27.42
2025-10-13,Newcastle,Dhamra,Capesize,4800,21.98
2025-10-13,Newcastle,Gangavaram,Capesize,4880,22.47
2025-10-13,Newcastle,Haldia,Supramax,4950,31.24
2025-10-13,Newcastle,Gopalpur,Panamax,4840,27.39
2025-10-13,Samarinda,Paradip,Panamax,2150,13.79
2025-10-13,Samarinda,Visakhapatnam (Outer),Panamax,2190,14.06
2025-10-13,Samarinda,Visakhapatnam (Inner),Supramax,2190,16.11
2025-10-13,Samarinda,Dhamra,Panamax,2130,13.43
2025-10-13,Samarinda,Gangavaram,Panamax,2200,14.11
2025-10-13,Samarinda,Haldia,Handysize,2280,18.47
2025-10-13,Samarinda,Gopalpur,Supramax,2160,16.01
2025-10-13,Richards Bay,Paradip,Capesize,4450,20.9
2025-10-13,Richards Bay,Visakhapatnam (Outer),Capesize,4410,20.9
2025-10-13,Richards Bay,Visakhapatnam (Inner),Panamax,4410,24.64
2025-10-13,Richards Bay,Dhamra,Capesize,4480,20.69
2025-10-13,Richards Bay,Gangavaram,Capesize,4400,20.6
2025-10-13,Richards Bay,Haldia,Supramax,4580,29.82
2025-10-13,Richards Bay,Gopalpur,Panamax,4430,25.3
2025-10-13,Maputo,Paradip,Panamax,4250,23.66
2025-10-13,Maputo,Visakhapatnam (Outer),Panamax,4210,23.81
2025-10-13,Maputo,Visakhapatnam (Inner),Supramax,4210,27.83
2025-10-13,Maputo,Dhamra,Panamax,4280,24.04
2025-10-13,Maputo,Gangavaram,Panamax,4200,24.25
2025-10-13,Maputo,Haldia,Handysize,4380,31.64
2025-10-13,Maputo,Gopalpur,Supramax,4230,27.36
2025-10-13,Norfolk,Paradip,Capesize,9150,38.86
2025-10-13,Norfolk,Visakhapatnam (Outer),Capesize,9110,37.49
2025-10-13,Norfolk,Visakhapatnam (Inner),Panamax,9110,46.59
2025-10-13,Norfolk,Dhamra,Capesize,9180,37.94
2025-10-13,Norfolk,Gangavaram,Capesize,9100,37.5
2025-10-13,Norfolk,Haldia,Supramax,9280,55.17
2025-10-13,Norfolk,Gopalpur,Panamax,9130,46.54
2025-10-20,Newcastle,Paradip,Panamax,4820,26.53
2025-10-20,Newcastle,Visakhapatnam (Outer),Capesize,4870,22.69
2025-10-20,Newcastle,Visakhapatnam (Inner),Panamax,4870,27.02
2025-10-20,Newcastle,Dhamra,Capesize,4800,21.52
2025-10-20,Newcastle,Gangavaram,Capesize,4880,22.38
2025-10-20,Newcastle,Haldia,Supramax,4950,31.4
2025-10-20,Newcastle,Gopalpur,Panamax,4840,27.34
2025-10-20,Samarinda,Paradip,Panamax,2150,13.33
2025-10-20,Samarinda,Visakhapatnam (Outer),Panamax,2190,13.53
2025-10-20,Samarinda,Visakhapatnam (Inner),Supramax,2190,15.35
2025-10-20,Samarinda,Dhamra,Panamax,2130,13.33
2025-10-20,Samarinda,Gangavaram,Panamax,2200,13.5
2025-10-20,Samarinda,Haldia,Handysize,2280,18.26
2025-10-20,Samarinda,Gopalpur,Supramax,2160,15.67
2025-10-20,Richards Bay,Paradip,Capesize,4450,20.7
2025-10-20,Richards Bay,Visakhapatnam (Outer),Capesize,4410,19.96
2025-10-20,Richards Bay,Visakhapatnam (Inner),Panamax,4410,25.13
2025-10-20,Richards Bay,Dhamra,Capesize,4480,20.54
2025-10-20,Richards Bay,Gangavaram,Capesize,4400,20.41
2025-10-20,Richards Bay,Haldia,Supramax,4580,28.8
2025-10-20,Richards Bay,Gopalpur,Panamax,4430,25.19
2025-10-20,Maputo,Paradip,Panamax,4250,24.57
2025-10-20,Maputo,Visakhapatnam (Outer),Panamax,4210,24.05
2025-10-20,Maputo,Visakhapatnam (Inner),Supramax,4210,26.78
2025-10-20,Maputo,Dhamra,Panamax,4280,24.49
2025-10-20,Maputo,Gangavaram,Panamax,4200,23.6
2025-10-20,Maputo,Haldia,Handysize,4380,31.63
2025-10-20,Maputo,Gopalpur,Supramax,4230,27.65
2025-10-20,Norfolk,Paradip,Capesize,9150,38.14
2025-10-20,Norfolk,Visakhapatnam (Outer),Capesize,9110,37.32
2025-10-20,Norfolk,Visakhapatnam (Inner),Panamax,9110,46.96
2025-10-20,Norfolk,Dhamra,Capesize,9180,37.35
2025-10-20,Norfolk,Gangavaram,Capesize,9100,38.37
2025-10-20,Norfolk,Haldia,Supramax,9280,53.49
2025-10-20,Norfolk,Gopalpur,Panamax,9130,45.05
2025-10-27,Newcastle,Paradip,Panamax,4820,27.21
2025-10-27,Newcastle,Visakhapatnam (Outer),Capesize,4870,22.95
2025-10-27,Newcastle,Visakhapatnam (Inner),Panamax,4870,28.11
2025-10-27,Newcastle,Dhamra,Capesize,4800,21.83
2025-10-27,Newcastle,Gangavaram,Capesize,4880,22.31
2025-10-27,Newcastle,Haldia,Supramax,4950,32.13
2025-10-27,Newcastle,Gopalpur,Panamax,4840,27.18
2025-10-27,Samarinda,Paradip,Panamax,2150,13.68
2025-10-27,Samarinda,Visakhapatnam (Outer),Panamax,2190,13.62
2025-10-27,Samarinda,Visakhapatnam (Inner),Supramax,2190,16.22
2025-10-27,Samarinda,Dhamra,Panamax,2130,13.53
2025-10-27,Samarinda,Gangavaram,Panamax,2200,13.73
2025-10-27,Samarinda,Haldia,Handysize,2280,18.53
2025-10-27,Samarinda,Gopalpur,Supramax,2160,16.14
2025-10-27,Richards Bay,Paradip,Capesize,4450,21.27
2025-10-27,Richards Bay,Visakhapatnam (Outer),Capesize,4410,20.44
2025-10-27,Richards Bay,Visakhapatnam (Inner),Panamax,4410,25.13
2025-10-27,Richards Bay,Dhamra,Capesize,4480,20.53
2025-10-27,Richards Bay,Gangavaram,Capesize,4400,20.33
2025-10-27,Richards Bay,Haldia,Supramax,4580,30.41
2025-10-27,Richards Bay,Gopalpur,Panamax,4430,25.23
2025-10-27,Maputo,Paradip,Panamax,4250,24.96
2025-10-27,Maputo,Visakhapatnam (Outer),Panamax,4210,24.78
2025-10-27,Maputo,Visakhapatnam (Inner),Supramax,4210,27.4
2025-10-27,Maputo,Dhamra,Panamax,4280,24.3
2025-10-27,Maputo,Gangavaram,Panamax,4200,24.54
2025-10-27,Maputo,Haldia,Handysize,4380,32.59
2025-10-27,Maputo,Gopalpur,Supramax,4230,28.38
2025-10-27,Norfolk,Paradip,Capesize,9150,37.68
2025-10-27,Norfolk,Visakhapatnam (Outer),Capesize,9110,38.48
2025-10-27,Norfolk,Visakhapatnam (Inner),Panamax,9110,46.77
2025-10-27,Norfolk,Dhamra,Capesize,9180,39.54
2025-10-27,Norfolk,Gangavaram,Capesize,9100,39.23
2025-10-27,Norfolk,Haldia,Supramax,9280,53.4
2025-10-27,Norfolk,Gopalpur,Panamax,9130,46.18
2025-11-03,Newcastle,Paradip,Panamax,4820,26.57
2025-11-03,Newcastle,Visakhapatnam (Outer),Capesize,4870,22.14
2025-11-03,Newcastle,Visakhapatnam (Inner),Panamax,4870,27.13
2025-11-03,Newcastle,Dhamra,Capesize,4800,22.31
2025-11-03,Newcastle,Gangavaram,Capesize,4880,22.78
2025-11-03,Newcastle,Haldia,Supramax,4950,31.45
2025-11-03,Newcastle,Gopalpur,Panamax,4840,26.96
2025-11-03,Samarinda,Paradip,Panamax,2150,13.89
2025-11-03,Samarinda,Visakhapatnam (Outer),Panamax,2190,14.08
2025-11-03,Samarinda,Visakhapatnam (Inner),Supramax,2190,15.93
2025-11-03,Samarinda,Dhamra,Panamax,2130,13.43
2025-11-03,Samarinda,Gangavaram,Panamax,2200,13.81
2025-11-03,Samarinda,Haldia,Handysize,2280,18.4
2025-11-03,Samarinda,Gopalpur,Supramax,2160,15.46
2025-11-03,Richards Bay,Paradip,Capesize,4450,20.38
2025-11-03,Richards Bay,Visakhapatnam (Outer),Capesize,4410,20.25
2025-11-03,Richards Bay,Visakhapatnam (Inner),Panamax,4410,24.87
2025-11-03,Richards Bay,Dhamra,Capesize,4480,21.34
2025-11-03,Richards Bay,Gangavaram,Capesize,4400,20.39
2025-11-03,Richards Bay,Haldia,Supramax,4580,29.07
2025-11-03,Richards Bay,Gopalpur,Panamax,4430,25.43
2025-11-03,Maputo,Paradip,Panamax,4250,24.16
2025-11-03,Maputo,Visakhapatnam (Outer),Panamax,4210,24.59
2025-11-03,Maputo,Visakhapatnam (Inner),Supramax,4210,27.06
2025-11-03,Maputo,Dhamra,Panamax,4280,24.04
2025-11-03,Maputo,Gangavaram,Panamax,4200,23.55
2025-11-03,Maputo,Haldia,Handysize,4380,32.32
2025-11-03,Maputo,Gopalpur,Supramax,4230,28.21
2025-11-03,Norfolk,Paradip,Capesize,9150,39.07
2025-11-03,Norfolk,Visakhapatnam (Outer),Capesize,9110,38.73
2025-11-03,Norfolk,Visakhapatnam (Inner),Panamax,9110,45.54
2025-11-03,Norfolk,Dhamra,Capesize,9180,37.8
2025-11-03,Norfolk,Gangavaram,Capesize,9100,38.59
2025-11-03,Norfolk,Haldia,Supramax,9280,54.62
2025-11-03,Norfolk,Gopalpur,Panamax,9130,47.67
2025-11-10,Newcastle,Paradip,Panamax,4820,26.75
2025-11-10,Newcastle,Visakhapatnam (Outer),Capesize,4870,22.28
2025-11-10,Newcastle,Visakhapatnam (Inner),Panamax,4870,27.02
2025-11-10,Newcastle,Dhamra,Capesize,4800,21.43
2025-11-10,Newcastle,Gangavaram,Capesize,4880,22.31
2025-11-10,Newcastle,Haldia,Supramax,4950,31.2
2025-11-10,Newcastle,Gopalpur,Panamax,4840,26.9
2025-11-10,Samarinda,Paradip,Panamax,2150,13.12
2025-11-10,Samarinda,Visakhapatnam (Outer),Panamax,2190,13.43
2025-11-10,Samarinda,Visakhapatnam (Inner),Supramax,2190,15.57
2025-11-10,Samarinda,Dhamra,Panamax,2130,12.88
2025-11-10,Samarinda,Gangavaram,Panamax,2200,13.45
2025-11-10,Samarinda,Haldia,Handysize,2280,18.29
2025-11-10,Samarinda,Gopalpur,Supramax,2160,14.97
2025-11-10,Richards Bay,Paradip,Capesize,4450,19.75
2025-11-10,Richards Bay,Visakhapatnam (Outer),Capesize,4410,19.72
2025-11-10,Richards Bay,Visakhapatnam (Inner),Panamax,4410,24.22
2025-11-10,Richards Bay,Dhamra,Capesize,4480,20.84
2025-11-10,Richards Bay,Gangavaram,Capesize,4400,20.14
2025-11-10,Richards Bay,Haldia,Supramax,4580,28.83
2025-11-10,Richards Bay,Gopalpur,Panamax,4430,24.7
2025-11-10,Maputo,Paradip,Panamax,4250,23.17
2025-11-10,Maputo,Visakhapatnam (Outer),Panamax,4210,23.6
2025-11-10,Maputo,Visakhapatnam (Inner),Supramax,4210,26.61
2025-11-10,Maputo,Dhamra,Panamax,4280,24.04
2025-11-10,Maputo,Gangavaram,Panamax,4200,23.73
2025-11-10,Maputo,Haldia,Handysize,4380,31.42
2025-11-10,Maputo,Gopalpur,Supramax,4230,26.56
2025-11-10,Norfolk,Paradip,Capesize,9150,38.23
2025-11-10,Norfolk,Visakhapatnam (Outer),Capesize,9110,38.04
2025-11-10,Norfolk,Visakhapatnam (Inner),Panamax,9110,44.74
2025-11-10,Norfolk,Dhamra,Capesize,9180,38.13
2025-11-10,Norfolk,Gangavaram,Capesize,9100,37.97
2025-11-10,Norfolk,Haldia,Supramax,9280,51.72
2025-11-10,Norfolk,Gopalpur,Panamax,9130,45.85
2025-11-17,Newcastle,Paradip,Panamax,4820,25.5
2025-11-17,Newcastle,Visakhapatnam (Outer),Capesize,4870,21.41
2025-11-17,Newcastle,Visakhapatnam (Inner),Panamax,4870,25.97
2025-11-17,Newcastle,Dhamra,Capesize,4800,21.19
2025-11-17,Newcastle,Gangavaram,Capesize,4880,21.17
2025-11-17,Newcastle,Haldia,Supramax,4950,30.74
2025-11-17,Newcastle,Gopalpur,Panamax,4840,26.39
2025-11-17,Samarinda,Paradip,Panamax,2150,13.15
2025-11-17,Samarinda,Visakhapatnam (Outer),Panamax,2190,13.24
2025-11-17,Samarinda,Visakhapatnam (Inner),Supramax,2190,14.96
2025-11-17,Samarinda,Dhamra,Panamax,2130,13.21
2025-11-17,Samarinda,Gangavaram,Panamax,2200,13.63
2025-11-17,Samarinda,Haldia,Handysize,2280,17.83
2025-11-17,Samarinda,Gopalpur,Supramax,2160,15.36
2025-11-17,Richards Bay,Paradip,Capesize,4450,20.36
2025-11-17,Richards Bay,Visakhapatnam (Outer),Capesize,4410,19.87
2025-11-17,Richards Bay,Visakhapatnam (Inner),Panamax,4410,24.07
2025-11-17,Richards Bay,Dhamra,Capesize,4480,19.8
2025-11-17,Richards Bay,Gangavaram,Capesize,4400,20.07
2025-11-17,Richards Bay,Haldia,Supramax,4580,28.65
2025-11-17,Richards Bay,Gopalpur,Panamax,4430,24.78
2025-11-17,Maputo,Paradip,Panamax,4250,23.35
2025-11-17,Maputo,Visakhapatnam (Outer),Panamax,4210,22.63
2025-11-17,Maputo,Visakhapatnam (Inner),Supramax,4210,27.0
2025-11-17,Maputo,Dhamra,Panamax,4280,23.41
2025-11-17,Maputo,Gangavaram,Panamax,4200,23.55
2025-11-17,Maputo,Haldia,Handysize,4380,30.67
2025-11-17,Maputo,Gopalpur,Supramax,4230,26.9
2025-11-17,Norfolk,Paradip,Capesize,9150,36.3
2025-11-17,Norfolk,Visakhapatnam (Outer),Capesize,9110,36.18
2025-11-17,Norfolk,Visakhapatnam (Inner),Panamax,9110,45.15
2025-11-17,Norfolk,Dhamra,Capesize,9180,36.24
2025-11-17,Norfolk,Gangavaram,Capesize,9100,37.48
2025-11-17,Norfolk,Haldia,Supramax,9280,53.09
2025-11-17,Norfolk,Gopalpur,Panamax,9130,44.27
2025-11-24,Newcastle,Paradip,Panamax,4820,25.91
2025-11-24,Newcastle,Visakhapatnam (Outer),Capesize,4870,21.32
2025-11-24,Newcastle,Visakhapatnam (Inner),Panamax,4870,25.65
2025-11-24,Newcastle,Dhamra,Capesize,4800,21.02
2025-11-24,Newcastle,Gangavaram,Capesize,4880,21.36
2025-11-24,Newcastle,Haldia,Supramax,4950,30.72
2025-11-24,Newcastle,Gopalpur,Panamax,4840,25.38
2025-11-24,Samarinda,Paradip,Panamax,2150,13.09
2025-11-24,Samarinda,Visakhapatnam (Outer),Panamax,2190,13.29
2025-11-24,Samarinda,Visakhapatnam (Inner),Supramax,2190,15.38
2025-11-24,Samarinda,Dhamra,Panamax,2130,12.5
2025-11-24,Samarinda,Gangavaram,Panamax,2200,13.19
2025-11-24,Samarinda,Haldia,Handysize,2280,17.28
2025-11-24,Samarinda,Gopalpur,Supramax,2160,14.7
2025-11-24,Richards Bay,Paradip,Capesize,4450,19.5
2025-11-24,Richards Bay,Visakhapatnam (Outer),Capesize,4410,19.72
2025-11-24,Richards Bay,Visakhapatnam (Inner),Panamax,4410,24.12
2025-11-24,Richards Bay,Dhamra,Capesize,4480,19.59
2025-11-24,Richards Bay,Gangavaram,Capesize,4400,19.34
2025-11-24,Richards Bay,Haldia,Supramax,4580,28.76
2025-11-24,Richards Bay,Gopalpur,Panamax,4430,23.79
2025-11-24,Maputo,Paradip,Panamax,4250,22.54
2025-11-24,Maputo,Visakhapatnam (Outer),Panamax,4210,23.34
2025-11-24,Maputo,Visakhapatnam (Inner),Supramax,4210,26.39
2025-11-24,Maputo,Dhamra,Panamax,4280,23.61
2025-11-24,Maputo,Gangavaram,Panamax,4200,23.26
2025-11-24,Maputo,Haldia,Handysize,4380,30.54
2025-11-24,Maputo,Gopalpur,Supramax,4230,25.95
2025-11-24,Norfolk,Paradip,Capesize,9150,36.95
2025-11-24,Norfolk,Visakhapatnam (Outer),Capesize,9110,35.85
2025-11-24,Norfolk,Visakhapatnam (Inner),Panamax,9110,43.6
2025-11-24,Norfolk,Dhamra,Capesize,9180,37.19
2025-11-24,Norfolk,Gangavaram,Capesize,9100,36.28
2025-11-24,Norfolk,Haldia,Supramax,9280,50.88
2025-11-24,Norfolk,Gopalpur,Panamax,9130,43.48
2025-12-01,Newcastle,Paradip,Panamax,4820,25.52
2025-12-01,Newcastle,Visakhapatnam (Outer),Capesize,4870,21.25
2025-12-01,Newcastle,Visakhapatnam (Inner),Panamax,4870,26.68
2025-12-01,Newcastle,Dhamra,Capesize,4800,21.61
2025-12-01,Newcastle,Gangavaram,Capesize,4880,22.04
2025-12-01,Newcastle,Haldia,Supramax,4950,29.57
2025-12-01,Newcastle,Gopalpur,Panamax,4840,25.71
2025-12-01,Samarinda,Paradip,Panamax,2150,13.17
2025-12-01,Samarinda,Visakhapatnam (Outer),Panamax,2190,13.37
2025-12-01,Samarinda,Visakhapatnam (Inner),Supramax,2190,15.31
2025-12-01,Samarinda,Dhamra,Panamax,2130,13.09
2025-12-01,Samarinda,Gangavaram,Panamax,2200,13.45
2025-12-01,Samarinda,Haldia,Handysize,2280,17.44
2025-12-01,Samarinda,Gopalpur,Supramax,2160,15.11
2025-12-01,Richards Bay,Paradip,Capesize,4450,20.24
2025-12-01,Richards Bay,Visakhapatnam (Outer),Capesize,4410,19.7
2025-12-01,Richards Bay,Visakhapatnam (Inner),Panamax,4410,23.8
2025-12-01,Richards Bay,Dhamra,Capesize,4480,20.0
2025-12-01,Richards Bay,Gangavaram,Capesize,4400,19.64
2025-12-01,Richards Bay,Haldia,Supramax,4580,27.84
2025-12-01,Richards Bay,Gopalpur,Panamax,4430,24.21
2025-12-01,Maputo,Paradip,Panamax,4250,23.64
2025-12-01,Maputo,Visakhapatnam (Outer),Panamax,4210,22.71
2025-12-01,Maputo,Visakhapatnam (Inner),Supramax,4210,26.85
2025-12-01,Maputo,Dhamra,Panamax,4280,23.21
2025-12-01,Maputo,Gangavaram,Panamax,4200,22.47
2025-12-01,Maputo,Haldia,Handysize,4380,30.81
2025-12-01,Maputo,Gopalpur,Supramax,4230,26.44
2025-12-01,Norfolk,Paradip,Capesize,9150,37.26
2025-12-01,Norfolk,Visakhapatnam (Outer),Capesize,9110,36.18
2025-12-01,Norfolk,Visakhapatnam (Inner),Panamax,9110,45.03
2025-12-01,Norfolk,Dhamra,Capesize,9180,37.2
2025-12-01,Norfolk,Gangavaram,Capesize,9100,37.17
2025-12-01,Norfolk,Haldia,Supramax,9280,51.87
2025-12-01,Norfolk,Gopalpur,Panamax,9130,44.45
2025-12-08,Newcastle,Paradip,Panamax,4820,25.54
2025-12-08,Newcastle,Visakhapatnam (Outer),Capesize,4870,20.92
2025-12-08,Newcastle,Visakhapatnam (Inner),Panamax,4870,25.14
2025-12-08,Newcastle,Dhamra,Capesize,4800,20.48
2025-12-08,Newcastle,Gangavaram,Capesize,4880,21.53
2025-12-08,Newcastle,Haldia,Supramax,4950,29.7
2025-12-08,Newcastle,Gopalpur,Panamax,4840,25.12
2025-12-08,Samarinda,Paradip,Panamax,2150,12.55
2025-12-08,Samarinda,Visakhapatnam (Outer),Panamax,2190,13.28
2025-12-08,Samarinda,Visakhapatnam (Inner),Supramax,2190,15.08
2025-12-08,Samarinda,Dhamra,Panamax,2130,12.7
2025-12-08,Samarinda,Gangavaram,Panamax,2200,13.4
2025-12-08,Samarinda,Haldia,Handysize,2280,17.58
2025-12-08,Samarinda,Gopalpur,Supramax,2160,14.52
2025-12-08,Richards Bay,Paradip,Capesize,4450,19.73
2025-12-08,Richards Bay,Visakhapatnam (Outer),Capesize,4410,19.22
2025-12-08,Richards Bay,Visakhapatnam (Inner),Panamax,4410,23.75
2025-12-08,Richards Bay,Dhamra,Capesize,4480,19.32
2025-12-08,Richards Bay,Gangavaram,Capesize,4400,19.79
2025-12-08,Richards Bay,Haldia,Supramax,4580,28.08
2025-12-08,Richards Bay,Gopalpur,Panamax,4430,23.18
2025-12-08,Maputo,Paradip,Panamax,4250,22.94
2025-12-08,Maputo,Visakhapatnam (Outer),Panamax,4210,23.2
2025-12-08,Maputo,Visakhapatnam (Inner),Supramax,4210,26.45
2025-12-08,Maputo,Dhamra,Panamax,4280,23.58
2025-12-08,Maputo,Gangavaram,Panamax,4200,22.44
2025-12-08,Maputo,Haldia,Handysize,4380,30.17
2025-12-08,Maputo,Gopalpur,Supramax,4230,26.3
2025-12-08,Norfolk,Paradip,Capesize,9150,35.62
2025-12-08,Norfolk,Visakhapatnam (Outer),Capesize,9110,35.44
2025-12-08,Norfolk,Visakhapatnam (Inner),Panamax,9110,42.96
2025-12-08,Norfolk,Dhamra,Capesize,9180,36.2
2025-12-08,Norfolk,Gangavaram,Capesize,9100,36.4
2025-12-08,Norfolk,Haldia,Supramax,9280,50.75
2025-12-08,Norfolk,Gopalpur,Panamax,9130,42.81
2025-12-15,Newcastle,Paradip,Panamax,4820,25.06
2025-12-15,Newcastle,Visakhapatnam (Outer),Capesize,4870,21.02
2025-12-15,Newcastle,Visakhapatnam (Inner),Panamax,4870,25.01
2025-12-15,Newcastle,Dhamra,Capesize,4800,20.1
2025-12-15,Newcastle,Gangavaram,Capesize,4880,20.4
2025-12-15,Newcastle,Haldia,Supramax,4950,28.91
2025-12-15,Newcastle,Gopalpur,Panamax,4840,25.35
2025-12-15,Samarinda,Paradip,Panamax,2150,12.51
2025-12-15,Samarinda,Visakhapatnam (Outer),Panamax,2190,12.64
2025-12-15,Samarinda,Visakhapatnam (Inner),Supramax,2190,14.95
2025-12-15,Samarinda,Dhamra,Panamax,2130,12.3
2025-12-15,Samarinda,Gangavaram,Panamax,2200,12.71
2025-12-15,Samarinda,Haldia,Handysize,2280,17.39
2025-12-15,Samarinda,Gopalpur,Supramax,2160,14.44
2025-12-15,Richards Bay,Paradip,Capesize,4450,19.59
2025-12-15,Richards Bay,Visakhapatnam (Outer),Capesize,4410,19.14
2025-12-15,Richards Bay,Visakhapatnam (Inner),Panamax,4410,23.51
2025-12-15,Richards Bay,Dhamra,Capesize,4480,19.49
2025-12-15,Richards Bay,Gangavaram,Capesize,4400,18.97
2025-12-15,Richards Bay,Haldia,Supramax,4580,27.37
2025-12-15,Richards Bay,Gopalpur,Panamax,4430,23.9
2025-12-15,Maputo,Paradip,Panamax,4250,22.49
2025-12-15,Maputo,Visakhapatnam (Outer),Panamax,4210,22.22
2025-12-15,Maputo,Visakhapatnam (Inner),Supramax,4210,25.71
2025-12-15,Maputo,Dhamra,Panamax,4280,22.71
2025-12-15,Maputo,Gangavaram,Panamax,4200,22.31
2025-12-15,Maputo,Haldia,Handysize,4380,29.37
2025-12-15,Maputo,Gopalpur,Supramax,4230,26.04
2025-12-15,Norfolk,Paradip,Capesize,9150,35.36
2025-12-15,Norfolk,Visakhapatnam (Outer),Capesize,9110,34.63
2025-12-15,Norfolk,Visakhapatnam (Inner),Panamax,9110,43.63
2025-12-15,Norfolk,Dhamra,Capesize,9180,36.41
2025-12-15,Norfolk,Gangavaram,Capesize,9100,35.84
2025-12-15,Norfolk,Haldia,Supramax,9280,50.4
2025-12-15,Norfolk,Gopalpur,Panamax,9130,43.36
2025-12-22,Newcastle,Paradip,Panamax,4820,24.95
2025-12-22,Newcastle,Visakhapatnam (Outer),Capesize,4870,21.4
2025-12-22,Newcastle,Visakhapatnam (Inner),Panamax,4870,25.27
2025-12-22,Newcastle,Dhamra,Capesize,4800,21.35
2025-12-22,Newcastle,Gangavaram,Capesize,4880,21.54
2025-12-22,Newcastle,Haldia,Supramax,4950,30.06
2025-12-22,Newcastle,Gopalpur,Panamax,4840,26.01
2025-12-22,Samarinda,Paradip,Panamax,2150,12.96
2025-12-22,Samarinda,Visakhapatnam (Outer),Panamax,2190,13.02
2025-12-22,Samarinda,Visakhapatnam (Inner),Supramax,2190,15.08
2025-12-22,Samarinda,Dhamra,Panamax,2130,12.97
2025-12-22,Samarinda,Gangavaram,Panamax,2200,13.06
2025-12-22,Samarinda,Haldia,Handysize,2280,17.84
2025-12-22,Samarinda,Gopalpur,Supramax,2160,15.04
2025-12-22,Richards Bay,Paradip,Capesize,4450,19.48
2025-12-22,Richards Bay,Visakhapatnam (Outer),Capesize,4410,19.16
2025-12-22,Richards Bay,Visakhapatnam (Inner),Panamax,4410,23.25
2025-12-22,Richards Bay,Dhamra,Capesize,4480,20.16
2025-12-22,Richards Bay,Gangavaram,Capesize,4400,19.03
2025-12-22,Richards Bay,Haldia,Supramax,4580,28.35
2025-12-22,Richards Bay,Gopalpur,Panamax,4430,23.7
2025-12-22,Maputo,Paradip,Panamax,4250,23.43
2025-12-22,Maputo,Visakhapatnam (Outer),Panamax,4210,22.39
2025-12-22,Maputo,Visakhapatnam (Inner),Supramax,4210,26.04
2025-12-22,Maputo,Dhamra,Panamax,4280,23.04
2025-12-22,Maputo,Gangavaram,Panamax,4200,22.39
2025-12-22,Maputo,Haldia,Handysize,4380,30.73
2025-12-22,Maputo,Gopalpur,Supramax,4230,26.14
2025-12-22,Norfolk,Paradip,Capesize,9150,35.81
2025-12-22,Norfolk,Visakhapatnam (Outer),Capesize,9110,36.86
2025-12-22,Norfolk,Visakhapatnam (Inner),Panamax,9110,44.54
2025-12-22,Norfolk,Dhamra,Capesize,9180,36.8
2025-12-22,Norfolk,Gangavaram,Capesize,9100,36.6
2025-12-22,Norfolk,Haldia,Supramax,9280,50.39
2025-12-22,Norfolk,Gopalpur,Panamax,9130,42.84
2025-12-29,Newcastle,Paradip,Panamax,4820,25.81
2025-12-29,Newcastle,Visakhapatnam (Outer),Capesize,4870,21.04
2025-12-29,Newcastle,Visakhapatnam (Inner),Panamax,4870,25.68
2025-12-29,Newcastle,Dhamra,Capesize,4800,20.74
2025-12-29,Newcastle,Gangavaram,Capesize,4880,20.51
2025-12-29,Newcastle,Haldia,Supramax,4950,30.26
2025-12-29,Newcastle,Gopalpur,Panamax,4840,24.97
2025-12-29,Samarinda,Paradip,Panamax,2150,12.79
2025-12-29,Samarinda,Visakhapatnam (Outer),Panamax,2190,13.17
2025-12-29,Samarinda,Visakhapatnam (Inner),Supramax,2190,14.9
2025-12-29,Samarinda,Dhamra,Panamax,2130,12.87
2025-12-29,Samarinda,Gangavaram,Panamax,2200,12.81
2025-12-29,Samarinda,Haldia,Handysize,2280,17.56
2025-12-29,Samarinda,Gopalpur,Supramax,2160,14.35
2025-12-29,Richards Bay,Paradip,Capesize,4450,19.86
2025-12-29,Richards Bay,Visakhapatnam (Outer),Capesize,4410,19.69
2025-12-29,Richards Bay,Visakhapatnam (Inner),Panamax,4410,23.83
2025-12-29,Richards Bay,Dhamra,Capesize,4480,19.64
2025-12-29,Richards Bay,Gangavaram,Capesize,4400,19.08
2025-12-29,Richards Bay,Haldia,Supramax,4580,27.88
2025-12-29,Richards Bay,Gopalpur,Panamax,4430,23.52
2025-12-29,Maputo,Paradip,Panamax,4250,22.77
2025-12-29,Maputo,Visakhapatnam (Outer),Panamax,4210,22.37
2025-12-29,Maputo,Visakhapatnam (Inner),Supramax,4210,25.53
2025-12-29,Maputo,Dhamra,Panamax,4280,23.05
2025-12-29,Maputo,Gangavaram,Panamax,4200,22.48
2025-12-29,Maputo,Haldia,Handysize,4380,29.64
2025-12-29,Maputo,Gopalpur,Supramax,4230,25.99
2025-12-29,Norfolk,Paradip,Capesize,9150,35.75
2025-12-29,Norfolk,Visakhapatnam (Outer),Capesize,9110,35.18
2025-12-29,Norfolk,Visakhapatnam (Inner),Panamax,9110,42.43
2025-12-29,Norfolk,Dhamra,Capesize,9180,35.94
2025-12-29,Norfolk,Gangavaram,Capesize,9100,35.52
2025-12-29,Norfolk,Haldia,Supramax,9280,51.55
2025-12-29,Norfolk,Gopalpur,Panamax,9130,43.68
2026-01-05,Newcastle,Paradip,Panamax,4820,25.41
2026-01-05,Newcastle,Visakhapatnam (Outer),Capesize,4870,21.3
2026-01-05,Newcastle,Visakhapatnam (Inner),Panamax,4870,25.61
2026-01-05,Newcastle,Dhamra,Capesize,4800,20.7
2026-01-05,Newcastle,Gangavaram,Capesize,4880,21.47
2026-01-05,Newcastle,Haldia,Supramax,4950,30.33
2026-01-05,Newcastle,Gopalpur,Panamax,4840,25.32
2026-01-05,Samarinda,Paradip,Panamax,2150,12.86
2026-01-05,Samarinda,Visakhapatnam (Outer),Panamax,2190,13.12
2026-01-05,Samarinda,Visakhapatnam (Inner),Supramax,2190,15.0
2026-01-05,Samarinda,Dhamra,Panamax,2130,12.55
2026-01-05,Samarinda,Gangavaram,Panamax,2200,12.85
2026-01-05,Samarinda,Haldia,Handysize,2280,17.28
2026-01-05,Samarinda,Gopalpur,Supramax,2160,14.93
2026-01-05,Richards Bay,Paradip,Capesize,4450,19.63
2026-01-05,Richards Bay,Visakhapatnam (Outer),Capesize,4410,19.45
2026-01-05,Richards Bay,Visakhapatnam (Inner),Panamax,4410,23.16
2026-01-05,Richards Bay,Dhamra,Capesize,4480,19.3
2026-01-05,Richards Bay,Gangavaram,Capesize,4400,19.4
2026-01-05,Richards Bay,Haldia,Supramax,4580,27.58
2026-01-05,Richards Bay,Gopalpur,Panamax,4430,23.14
2026-01-05,Maputo,Paradip,Panamax,4250,22.76
2026-01-05,Maputo,Visakhapatnam (Outer),Panamax,4210,22.1
2026-01-05,Maputo,Visakhapatnam (Inner),Supramax,4210,26.0
2026-01-05,Maputo,Dhamra,Panamax,4280,23.41
2026-01-05,Maputo,Gangavaram,Panamax,4200,22.89
2026-01-05,Maputo,Haldia,Handysize,4380,29.63
2026-01-05,Maputo,Gopalpur,Supramax,4230,25.96
2026-01-05,Norfolk,Paradip,Capesize,9150,35.84
2026-01-05,Norfolk,Visakhapatnam (Outer),Capesize,9110,35.35
2026-01-05,Norfolk,Visakhapatnam (Inner),Panamax,9110,42.7
2026-01-05,Norfolk,Dhamra,Capesize,9180,36.26
2026-01-05,Norfolk,Gangavaram,Capesize,9100,36.61
2026-01-05,Norfolk,Haldia,Supramax,9280,51.72
2026-01-05,Norfolk,Gopalpur,Panamax,9130,43.13
2026-01-12,Newcastle,Paradip,Panamax,4820,26.15
2026-01-12,Newcastle,Visakhapatnam (Outer),Capesize,4870,21.73
2026-01-12,Newcastle,Visakhapatnam (Inner),Panamax,4870,26.04
2026-01-12,Newcastle,Dhamra,Capesize,4800,20.9
2026-01-12,Newcastle,Gangavaram,Capesize,4880,21.96
2026-01-12,Newcastle,Haldia,Supramax,4950,29.9
2026-01-12,Newcastle,Gopalpur,Panamax,4840,25.89
2026-01-12,Samarinda,Paradip,Panamax,2150,13.0
2026-01-12,Samarinda,Visakhapatnam (Outer),Panamax,2190,12.97
2026-01-12,Samarinda,Visakhapatnam (Inner),Supramax,2190,14.88
2026-01-12,Samarinda,Dhamra,Panamax,2130,13.15
2026-01-12,Samarinda,Gangavaram,Panamax,2200,13.22
2026-01-12,Samarinda,Haldia,Handysize,2280,17.41
2026-01-12,Samarinda,Gopalpur,Supramax,2160,14.67
2026-01-12,Richards Bay,Paradip,Capesize,4450,20.38
2026-01-12,Richards Bay,Visakhapatnam (Outer),Capesize,4410,19.95
2026-01-12,Richards Bay,Visakhapatnam (Inner),Panamax,4410,23.54
2026-01-12,Richards Bay,Dhamra,Capesize,4480,20.22
2026-01-12,Richards Bay,Gangavaram,Capesize,4400,20.17
2026-01-12,Richards Bay,Haldia,Supramax,4580,28.43
2026-01-12,Richards Bay,Gopalpur,Panamax,4430,24.24
2026-01-12,Maputo,Paradip,Panamax,4250,23.44
2026-01-12,Maputo,Visakhapatnam (Outer),Panamax,4210,23.18
2026-01-12,Maputo,Visakhapatnam (Inner),Supramax,4210,26.01
2026-01-12,Maputo,Dhamra,Panamax,4280,23.84
2026-01-12,Maputo,Gangavaram,Panamax,4200,23.43
2026-01-12,Maputo,Haldia,Handysize,4380,31.37
2026-01-12,Maputo,Gopalpur,Supramax,4230,26.71
2026-01-12,Norfolk,Paradip,Capesize,9150,37.07
2026-01-12,Norfolk,Visakhapatnam (Outer),Capesize,9110,37.21
2026-01-12,Norfolk,Visakhapatnam (Inner),Panamax,9110,43.93
2026-01-12,Norfolk,Dhamra,Capesize,9180,35.96
2026-01-12,Norfolk,Gangavaram,Capesize,9100,36.65
2026-01-12,Norfolk,Haldia,Supramax,9280,51.63
2026-01-12,Norfolk,Gopalpur,Panamax,9130,44.06
2026-01-19,Newcastle,Paradip,Panamax,4820,25.84
2026-01-19,Newcastle,Visakhapatnam (Outer),Capesize,4870,21.97
2026-01-19,Newcastle,Visakhapatnam (Inner),Panamax,4870,25.83
2026-01-19,Newcastle,Dhamra,Capesize,4800,21.19
2026-01-19,Newcastle,Gangavaram,Capesize,4880,21.34
2026-01-19,Newcastle,Haldia,Supramax,4950,30.32
2026-01-19,Newcastle,Gopalpur,Panamax,4840,26.37
2026-01-19,Samarinda,Paradip,Panamax,2150,13.07
2026-01-19,Samarinda,Visakhapatnam (Outer),Panamax,2190,13.31
2026-01-19,Samarinda,Visakhapatnam (Inner),Supramax,2190,15.61
2026-01-19,Samarinda,Dhamra,Panamax,2130,13.17
2026-01-19,Samarinda,Gangavaram,Panamax,2200,13.65
2026-01-19,Samarinda,Haldia,Handysize,2280,18.27
2026-01-19,Samarinda,Gopalpur,Supramax,2160,14.84
2026-01-19,Richards Bay,Paradip,Capesize,4450,19.95
2026-01-19,Richards Bay,Visakhapatnam (Outer),Capesize,4410,20.13
2026-01-19,Richards Bay,Visakhapatnam (Inner),Panamax,4410,24.28
2026-01-19,Richards Bay,Dhamra,Capesize,4480,19.84
2026-01-19,Richards Bay,Gangavaram,Capesize,4400,19.7
2026-01-19,Richards Bay,Haldia,Supramax,4580,29.15
2026-01-19,Richards Bay,Gopalpur,Panamax,4430,24.45
2026-01-19,Maputo,Paradip,Panamax,4250,24.05
2026-01-19,Maputo,Visakhapatnam (Outer),Panamax,4210,23.36
2026-01-19,Maputo,Visakhapatnam (Inner),Supramax,4210,26.55
2026-01-19,Maputo,Dhamra,Panamax,4280,23.64
2026-01-19,Maputo,Gangavaram,Panamax,4200,22.92
2026-01-19,Maputo,Haldia,Handysize,4380,31.53
2026-01-19,Maputo,Gopalpur,Supramax,4230,27.56
2026-01-19,Norfolk,Paradip,Capesize,9150,37.94
2026-01-19,Norfolk,Visakhapatnam (Outer),Capesize,9110,37.88
2026-01-19,Norfolk,Visakhapatnam (Inner),Panamax,9110,45.64
2026-01-19,Norfolk,Dhamra,Capesize,9180,37.21
2026-01-19,Norfolk,Gangavaram,Capesize,9100,36.71
2026-01-19,Norfolk,Haldia,Supramax,9280,51.94
2026-01-19,Norfolk,Gopalpur,Panamax,9130,45.03
2026-01-26,Newcastle,Paradip,Panamax,4820,26.27
2026-01-26,Newcastle,Visakhapatnam (Outer),Capesize,4870,21.37
2026-01-26,Newcastle,Visakhapatnam (Inner),Panamax,4870,25.97
2026-01-26,Newcastle,Dhamra,Capesize,4800,20.64
2026-01-26,Newcastle,Gangavaram,Capesize,4880,21.01
2026-01-26,Newcastle,Haldia,Supramax,4950,30.26
2026-01-26,Newcastle,Gopalpur,Panamax,4840,26.0
2026-01-26,Samarinda,Paradip,Panamax,2150,12.61
2026-01-26,Samarinda,Visakhapatnam (Outer),Panamax,2190,13.22
2026-01-26,Samarinda,Visakhapatnam (Inner),Supramax,2190,15.31
2026-01-26,Samarinda,Dhamra,Panamax,2130,12.75
2026-01-26,Samarinda,Gangavaram,Panamax,2200,13.45
2026-01-26,Samarinda,Haldia,Handysize,2280,17.91
2026-01-26,Samarinda,Gopalpur,Supramax,2160,14.68
2026-01-26,Richards Bay,Paradip,Capesize,4450,19.89
2026-01-26,Richards Bay,Visakhapatnam (Outer),Capesize,4410,19.38
2026-01-26,Richards Bay,Visakhapatnam (Inner),Panamax,4410,23.68
2026-01-26,Richards Bay,Dhamra,Capesize,4480,19.43
2026-01-26,Richards Bay,Gangavaram,Capesize,4400,19.71
2026-01-26,Richards Bay,Haldia,Supramax,4580,27.64
2026-01-26,Richards Bay,Gopalpur,Panamax,4430,24.47
2026-01-26,Maputo,Paradip,Panamax,4250,22.79
2026-01-26,Maputo,Visakhapatnam (Outer),Panamax,4210,23.08
2026-01-26,Maputo,Visakhapatnam (Inner),Supramax,4210,26.85
2026-01-26,Maputo,Dhamra,Panamax,4280,23.24
2026-01-26,Maputo,Gangavaram,Panamax,4200,22.4
2026-01-26,Maputo,Haldia,Handysize,4380,30.74
2026-01-26,Maputo,Gopalpur,Supramax,4230,26.26
2026-01-26,Norfolk,Paradip,Capesize,9150,37.31
2026-01-26,Norfolk,Visakhapatnam (Outer),Capesize,9110,36.93
2026-01-26,Norfolk,Visakhapatnam (Inner),Panamax,9110,44.48
2026-01-26,Norfolk,Dhamra,Capesize,9180,37.44
2026-01-26,Norfolk,Gangavaram,Capesize,9100,36.39
2026-01-26,Norfolk,Haldia,Supramax,9280,51.83
2026-01-26,Norfolk,Gopalpur,Panamax,9130,44.41
2026-02-02,Newcastle,Paradip,Panamax,4820,25.75
2026-02-02,Newcastle,Visakhapatnam (Outer),Capesize,4870,21.24
2026-02-02,Newcastle,Visakhapatnam (Inner),Panamax,4870,26.41
2026-02-02,Newcastle,Dhamra,Capesize,4800,20.95
2026-02-02,Newcastle,Gangavaram,Capesize,4880,21.15
2026-02-02,Newcastle,Haldia,Supramax,4950,31.07
2026-02-02,Newcastle,Gopalpur,Panamax,4840,26.5
2026-02-02,Samarinda,Paradip,Panamax,2150,13.3
2026-02-02,Samarinda,Visakhapatnam (Outer),Panamax,2190,13.43
2026-02-02,Samarinda,Visakhapatnam (Inner),Supramax,2190,15.36
2026-02-02,Samarinda,Dhamra,Panamax,2130,13.06
2026-02-02,Samarinda,Gangavaram,Panamax,2200,12.97
2026-02-02,Samarinda,Haldia,Handysize,2280,17.46
2026-02-02,Samarinda,Gopalpur,Supramax,2160,15.1
2026-02-02,Richards Bay,Paradip,Capesize,4450,19.96
2026-02-02,Richards Bay,Visakhapatnam (Outer),Capesize,4410,19.55
2026-02-02,Richards Bay,Visakhapatnam (Inner),Panamax,4410,24.17
2026-02-02,Richards Bay,Dhamra,Capesize,4480,20.19
2026-02-02,Richards Bay,Gangavaram,Capesize,4400,19.89
2026-02-02,Richards Bay,Haldia,Supramax,4580,29.1
2026-02-02,Richards Bay,Gopalpur,Panamax,4430,24.34
2026-02-02,Maputo,Paradip,Panamax,4250,23.52
2026-02-02,Maputo,Visakhapatnam (Outer),Panamax,4210,23.66
2026-02-02,Maputo,Visakhapatnam (Inner),Supramax,4210,26.37
2026-02-02,Maputo,Dhamra,Panamax,4280,22.93
2026-02-02,Maputo,Gangavaram,Panamax,4200,23.01
2026-02-02,Maputo,Haldia,Handysize,4380,31.25
2026-02-02,Maputo,Gopalpur,Supramax,4230,27.03
2026-02-02,Norfolk,Paradip,Capesize,9150,37.1
2026-02-02,Norfolk,Visakhapatnam (Outer),Capesize,9110,36.73
2026-02-02,Norfolk,Visakhapatnam (Inner),Panamax,9110,45.4
2026-02-02,Norfolk,Dhamra,Capesize,9180,36.31
2026-02-02,Norfolk,Gangavaram,Capesize,9100,37.43
2026-02-02,Norfolk,Haldia,Supramax,9280,50.87
2026-02-02,Norfolk,Gopalpur,Panamax,9130,45.07
2026-02-09,Newcastle,Paradip,Panamax,4820,25.83
2026-02-09,Newcastle,Visakhapatnam (Outer),Capesize,4870,21.06
2026-02-09,Newcastle,Visakhapatnam (Inner),Panamax,4870,25.69
2026-02-09,Newcastle,Dhamra,Capesize,4800,21.58
2026-02-09,Newcastle,Gangavaram,Capesize,4880,20.98
2026-02-09,Newcastle,Haldia,Supramax,4950,30.26
2026-02-09,Newcastle,Gopalpur,Panamax,4840,26.07
2026-02-09,Samarinda,Paradip,Panamax,2150,12.83
2026-02-09,Samarinda,Visakhapatnam (Outer),Panamax,2190,13.44
2026-02-09,Samarinda,Visakhapatnam (Inner),Supramax,2190,15.23
2026-02-09,Samarinda,Dhamra,Panamax,2130,12.54
2026-02-09,Samarinda,Gangavaram,Panamax,2200,12.99
2026-02-09,Samarinda,Haldia,Handysize,2280,17.46
2026-02-09,Samarinda,Gopalpur,Supramax,2160,14.58
2026-02-09,Richards Bay,Paradip,Capesize,4450,19.9
2026-02-09,Richards Bay,Visakhapatnam (Outer),Capesize,4410,19.28
2026-02-09,Richards Bay,Visakhapatnam (Inner),Panamax,4410,23.91
2026-02-09,Richards Bay,Dhamra,Capesize,4480,20.3
2026-02-09,Richards Bay,Gangavaram,Capesize,4400,20.08
2026-02-09,Richards Bay,Haldia,Supramax,4580,28.01
2026-02-09,Richards Bay,Gopalpur,Panamax,4430,23.92
2026-02-09,Maputo,Paradip,Panamax,4250,22.63
2026-02-09,Maputo,Visakhapatnam (Outer),Panamax,4210,22.69
2026-02-09,Maputo,Visakhapatnam (Inner),Supramax,4210,26.81
2026-02-09,Maputo,Dhamra,Panamax,4280,22.9
2026-02-09,Maputo,Gangavaram,Panamax,4200,22.61
2026-02-09,Maputo,Haldia,Handysize,4380,30.13
2026-02-09,Maputo,Gopalpur,Supramax,4230,26.62
2026-02-09,Norfolk,Paradip,Capesize,9150,37.12
2026-02-09,Norfolk,Visakhapatnam (Outer),Capesize,9110,35.67
2026-02-09,Norfolk,Visakhapatnam (Inner),Panamax,9110,44.71
2026-02-09,Norfolk,Dhamra,Capesize,9180,35.83
2026-02-09,Norfolk,Gangavaram,Capesize,9100,36.23
2026-02-09,Norfolk,Haldia,Supramax,9280,51.05
2026-02-09,Norfolk,Gopalpur,Panamax,9130,43.98
2026-02-16,Newcastle,Paradip,Panamax,4820,25.74
2026-02-16,Newcastle,Visakhapatnam (Outer),Capesize,4870,21.14
2026-02-16,Newcastle,Visakhapatnam (Inner),Panamax,4870,25.94
2026-02-16,Newcastle,Dhamra,Capesize,4800,20.65
2026-02-16,Newcastle,Gangavaram,Capesize,4880,21.15
2026-02-16,Newcastle,Haldia,Supramax,4950,29.55
2026-02-16,Newcastle,Gopalpur,Panamax,4840,25.12
2026-02-16,Samarinda,Paradip,Panamax,2150,12.76
2026-02-16,Samarinda,Visakhapatnam (Outer),Panamax,2190,12.88
2026-02-16,Samarinda,Visakhapatnam (Inner),Supramax,2190,14.74
2026-02-16,Samarinda,Dhamra,Panamax,2130,12.63
2026-02-16,Samarinda,Gangavaram,Panamax,2200,12.74
2026-02-16,Samarinda,Haldia,Handysize,2280,16.97
2026-02-16,Samarinda,Gopalpur,Supramax,2160,14.78
2026-02-16,Richards Bay,Paradip,Capesize,4450,19.09
2026-02-16,Richards Bay,Visakhapatnam (Outer),Capesize,4410,19.75
2026-02-16,Richards Bay,Visakhapatnam (Inner),Panamax,4410,23.61
2026-02-16,Richards Bay,Dhamra,Capesize,4480,19.64
2026-02-16,Richards Bay,Gangavaram,Capesize,4400,19.77
2026-02-16,Richards Bay,Haldia,Supramax,4580,28.37
2026-02-16,Richards Bay,Gopalpur,Panamax,4430,24.09
2026-02-16,Maputo,Paradip,Panamax,4250,22.76
2026-02-16,Maputo,Visakhapatnam (Outer),Panamax,4210,22.43
2026-02-16,Maputo,Visakhapatnam (Inner),Supramax,4210,26.14
2026-02-16,Maputo,Dhamra,Panamax,4280,22.79
2026-02-16,Maputo,Gangavaram,Panamax,4200,22.69
2026-02-16,Maputo,Haldia,Handysize,4380,30.62
2026-02-16,Maputo,Gopalpur,Supramax,4230,26.11
2026-02-16,Norfolk,Paradip,Capesize,9150,36.39
2026-02-16,Norfolk,Visakhapatnam (Outer),Capesize,9110,34.99
2026-02-16,Norfolk,Visakhapatnam (Inner),Panamax,9110,44.42
2026-02-16,Norfolk,Dhamra,Capesize,9180,36.55
2026-02-16,Norfolk,Gangavaram,Capesize,9100,36.12
2026-02-16,Norfolk,Haldia,Supramax,9280,50.21
2026-02-16,Norfolk,Gopalpur,Panamax,9130,42.87
2026-02-23,Newcastle,Paradip,Panamax,4820,24.35
2026-02-23,Newcastle,Visakhapatnam (Outer),Capesize,4870,20.7
2026-02-23,Newcastle,Visakhapatnam (Inner),Panamax,4870,24.48
2026-02-23,Newcastle,Dhamra,Capesize,4800,20.09
2026-02-23,Newcastle,Gangavaram,Capesize,4880,20.35
2026-02-23,Newcastle,Haldia,Supramax,4950,28.43
2026-02-23,Newcastle,Gopalpur,Panamax,4840,24.09
2026-02-23,Samarinda,Paradip,Panamax,2150,12.35
2026-02-23,Samarinda,Visakhapatnam (Outer),Panamax,2190,12.5
2026-02-23,Samarinda,Visakhapatnam (Inner),Supramax,2190,14.61
2026-02-23,Samarinda,Dhamra,Panamax,2130,12.2
2026-02-23,Samarinda,Gangavaram,Panamax,2200,12.32
2026-02-23,Samarinda,Haldia,Handysize,2280,16.85
2026-02-23,Samarinda,Gopalpur,Supramax,2160,14.26
2026-02-23,Richards Bay,Paradip,Capesize,4450,18.92
2026-02-23,Richards Bay,Visakhapatnam (Outer),Capesize,4410,18.62
2026-02-23,Richards Bay,Visakhapatnam (Inner),Panamax,4410,22.44
2026-02-23,Richards Bay,Dhamra,Capesize,4480,18.81
2026-02-23,Richards Bay,Gangavaram,Capesize,4400,18.42
2026-02-23,Richards Bay,Haldia,Supramax,4580,26.78
2026-02-23,Richards Bay,Gopalpur,Panamax,4430,22.47
2026-02-23,Maputo,Paradip,Panamax,4250,21.61
2026-02-23,Maputo,Visakhapatnam (Outer),Panamax,4210,22.33
2026-02-23,Maputo,Visakhapatnam (Inner),Supramax,4210,25.07
2026-02-23,Maputo,Dhamra,Panamax,4280,22.36
2026-02-23,Maputo,Gangavaram,Panamax,4200,21.74
2026-02-23,Maputo,Haldia,Handysize,4380,29.93
2026-02-23,Maputo,Gopalpur,Supramax,4230,25.05
2026-02-23,Norfolk,Paradip,Capesize,9150,35.7
2026-02-23,Norfolk,Visakhapatnam (Outer),Capesize,9110,35.06
2026-02-23,Norfolk,Visakhapatnam (Inner),Panamax,9110,42.24
2026-02-23,Norfolk,Dhamra,Capesize,9180,34.34
2026-02-23,Norfolk,Gangavaram,Capesize,9100,34.46
2026-02-23,Norfolk,Haldia,Supramax,9280,49.31
2026-02-23,Norfolk,Gopalpur,Panamax,9130,42.78
2026-03-02,Newcastle,Paradip,Panamax,4820,23.96
2026-03-02,Newcastle,Visakhapatnam (Outer),Capesize,4870,19.92
2026-03-02,Newcastle,Visakhapatnam (Inner),Panamax,4870,24.13
2026-03-02,Newcastle,Dhamra,Capesize,4800,19.43
2026-03-02,Newcastle,Gangavaram,Capesize,4880,20.13
2026-03-02,Newcastle,Haldia,Supramax,4950,27.8
2026-03-02,Newcastle,Gopalpur,Panamax,4840,24.82
2026-03-02,Samarinda,Paradip,Panamax,2150,12.11
2026-03-02,Samarinda,Visakhapatnam (Outer),Panamax,2190,12.58
2026-03-02,Samarinda,Visakhapatnam (Inner),Supramax,2190,14.29
2026-03-02,Samarinda,Dhamra,Panamax,2130,12.01
2026-03-02,Samarinda,Gangavaram,Panamax,2200,12.38
2026-03-02,Samarinda,Haldia,Handysize,2280,16.56
2026-03-02,Samarinda,Gopalpur,Supramax,2160,14.34
2026-03-02,Richards Bay,Paradip,Capesize,4450,18.86
2026-03-02,Richards Bay,Visakhapatnam (Outer),Capesize,4410,18.53
2026-03-02,Richards Bay,Visakhapatnam (Inner),Panamax,4410,21.85
2026-03-02,Richards Bay,Dhamra,Capesize,4480,18.3
2026-03-02,Richards Bay,Gangavaram,Capesize,4400,18.63
2026-03-02,Richards Bay,Haldia,Supramax,4580,26.98
2026-03-02,Richards Bay,Gopalpur,Panamax,4430,22.43
2026-03-02,Maputo,Paradip,Panamax,4250,21.23
2026-03-02,Maputo,Visakhapatnam (Outer),Panamax,4210,21.58
2026-03-02,Maputo,Visakhapatnam (Inner),Supramax,4210,25.22
2026-03-02,Maputo,Dhamra,Panamax,4280,22.21
2026-03-02,Maputo,Gangavaram,Panamax,4200,22.0
2026-03-02,Maputo,Haldia,Handysize,4380,28.11
2026-03-02,Maputo,Gopalpur,Supramax,4230,24.86
2026-03-02,Norfolk,Paradip,Capesize,9150,34.85
2026-03-02,Norfolk,Visakhapatnam (Outer),Capesize,9110,34.89
2026-03-02,Norfolk,Visakhapatnam (Inner),Panamax,9110,41.12
2026-03-02,Norfolk,Dhamra,Capesize,9180,33.75
2026-03-02,Norfolk,Gangavaram,Capesize,9100,34.15
2026-03-02,Norfolk,Haldia,Supramax,9280,49.19
2026-03-02,Norfolk,Gopalpur,Panamax,9130,42.37
2026-03-09,Newcastle,Paradip,Panamax,4820,23.21
2026-03-09,Newcastle,Visakhapatnam (Outer),Capesize,4870,18.64
2026-03-09,Newcastle,Visakhapatnam (Inner),Panamax,4870,22.58
2026-03-09,Newcastle,Dhamra,Capesize,4800,18.97
2026-03-09,Newcastle,Gangavaram,Capesize,4880,18.66
2026-03-09,Newcastle,Haldia,Supramax,4950,26.71
2026-03-09,Newcastle,Gopalpur,Panamax,4840,23.04
2026-03-09,Samarinda,Paradip,Panamax,2150,11.42
2026-03-09,Samarinda,Visakhapatnam (Outer),Panamax,2190,11.71
2026-03-09,Samarinda,Visakhapatnam (Inner),Supramax,2190,13.22
2026-03-09,Samarinda,Dhamra,Panamax,2130,11.45
2026-03-09,Samarinda,Gangavaram,Panamax,2200,12.03
2026-03-09,Samarinda,Haldia,Handysize,2280,15.59
2026-03-09,Samarinda,Gopalpur,Supramax,2160,13.0
2026-03-09,Richards Bay,Paradip,Capesize,4450,17.37
2026-03-09,Richards Bay,Visakhapatnam (Outer),Capesize,4410,17.55
2026-03-09,Richards Bay,Visakhapatnam (Inner),Panamax,4410,21.28
2026-03-09,Richards Bay,Dhamra,Capesize,4480,18.01
2026-03-09,Richards Bay,Gangavaram,Capesize,4400,17.7
2026-03-09,Richards Bay,Haldia,Supramax,4580,25.09
2026-03-09,Richards Bay,Gopalpur,Panamax,4430,21.31
2026-03-09,Maputo,Paradip,Panamax,4250,20.92
2026-03-09,Maputo,Visakhapatnam (Outer),Panamax,4210,20.78
2026-03-09,Maputo,Visakhapatnam (Inner),Supramax,4210,23.04
2026-03-09,Maputo,Dhamra,Panamax,4280,20.61
2026-03-09,Maputo,Gangavaram,Panamax,4200,20.43
2026-03-09,Maputo,Haldia,Handysize,4380,26.73
2026-03-09,Maputo,Gopalpur,Supramax,4230,22.96
2026-03-09,Norfolk,Paradip,Capesize,9150,32.19
2026-03-09,Norfolk,Visakhapatnam (Outer),Capesize,9110,33.08
2026-03-09,Norfolk,Visakhapatnam (Inner),Panamax,9110,39.01
2026-03-09,Norfolk,Dhamra,Capesize,9180,32.72
2026-03-09,Norfolk,Gangavaram,Capesize,9100,31.77
2026-03-09,Norfolk,Haldia,Supramax,9280,46.73
2026-03-09,Norfolk,Gopalpur,Panamax,9130,40.42
2026-03-16,Newcastle,Paradip,Panamax,4820,22.39
2026-03-16,Newcastle,Visakhapatnam (Outer),Capesize,4870,18.18
2026-03-16,Newcastle,Visakhapatnam (Inner),Panamax,4870,22.19
2026-03-16,Newcastle,Dhamra,Capesize,4800,17.61
2026-03-16,Newcastle,Gangavaram,Capesize,4880,18.19
2026-03-16,Newcastle,Haldia,Supramax,4950,26.28
2026-03-16,Newcastle,Gopalpur,Panamax,4840,22.56
2026-03-16,Samarinda,Paradip,Panamax,2150,11.25
2026-03-16,Samarinda,Visakhapatnam (Outer),Panamax,2190,11.15
2026-03-16,Samarinda,Visakhapatnam (Inner),Supramax,2190,12.78
2026-03-16,Samarinda,Dhamra,Panamax,2130,11.18
2026-03-16,Samarinda,Gangavaram,Panamax,2200,11.47
2026-03-16,Samarinda,Haldia,Handysize,2280,14.77
2026-03-16,Samarinda,Gopalpur,Supramax,2160,12.48
2026-03-16,Richards Bay,Paradip,Capesize,4450,16.62
2026-03-16,Richards Bay,Visakhapatnam (Outer),Capesize,4410,16.95
2026-03-16,Richards Bay,Visakhapatnam (Inner),Panamax,4410,20.41
2026-03-16,Richards Bay,Dhamra,Capesize,4480,16.72
2026-03-16,Richards Bay,Gangavaram,Capesize,4400,16.93
2026-03-16,Richards Bay,Haldia,Supramax,4580,23.6
2026-03-16,Richards Bay,Gopalpur,Panamax,4430,20.79
2026-03-16,Maputo,Paradip,Panamax,4250,20.07
2026-03-16,Maputo,Visakhapatnam (Outer),Panamax,4210,19.78
2026-03-16,Maputo,Visakhapatnam (Inner),Supramax,4210,21.94
2026-03-16,Maputo,Dhamra,Panamax,4280,19.54
2026-03-16,Maputo,Gangavaram,Panamax,4200,19.42
2026-03-16,Maputo,Haldia,Handysize,4380,26.67
2026-03-16,Maputo,Gopalpur,Supramax,4230,22.95
2026-03-16,Norfolk,Paradip,Capesize,9150,30.74
2026-03-16,Norfolk,Visakhapatnam (Outer),Capesize,9110,31.42
2026-03-16,Norfolk,Visakhapatnam (Inner),Panamax,9110,38.07
2026-03-16,Norfolk,Dhamra,Capesize,9180,30.63
2026-03-16,Norfolk,Gangavaram,Capesize,9100,31.41
2026-03-16,Norfolk,Haldia,Supramax,9280,44.5
2026-03-16,Norfolk,Gopalpur,Panamax,9130,37.61
2026-03-23,Newcastle,Paradip,Panamax,4820,21.65
2026-03-23,Newcastle,Visakhapatnam (Outer),Capesize,4870,18.29
2026-03-23,Newcastle,Visakhapatnam (Inner),Panamax,4870,22.83
2026-03-23,Newcastle,Dhamra,Capesize,4800,17.96
2026-03-23,Newcastle,Gangavaram,Capesize,4880,17.98
2026-03-23,Newcastle,Haldia,Supramax,4950,25.62
2026-03-23,Newcastle,Gopalpur,Panamax,4840,22.49
2026-03-23,Samarinda,Paradip,Panamax,2150,11.23
2026-03-23,Samarinda,Visakhapatnam (Outer),Panamax,2190,11.13
2026-03-23,Samarinda,Visakhapatnam (Inner),Supramax,2190,13.02
2026-03-23,Samarinda,Dhamra,Panamax,2130,11.05
2026-03-23,Samarinda,Gangavaram,Panamax,2200,11.06
2026-03-23,Samarinda,Haldia,Handysize,2280,15.12
2026-03-23,Samarinda,Gopalpur,Supramax,2160,12.86
2026-03-23,Richards Bay,Paradip,Capesize,4450,16.57
2026-03-23,Richards Bay,Visakhapatnam (Outer),Capesize,4410,16.69
2026-03-23,Richards Bay,Visakhapatnam (Inner),Panamax,4410,20.08
2026-03-23,Richards Bay,Dhamra,Capesize,4480,16.89
2026-03-23,Richards Bay,Gangavaram,Capesize,4400,16.95
2026-03-23,Richards Bay,Haldia,Supramax,4580,24.26
2026-03-23,Richards Bay,Gopalpur,Panamax,4430,20.29
2026-03-23,Maputo,Paradip,Panamax,4250,19.53
2026-03-23,Maputo,Visakhapatnam (Outer),Panamax,4210,20.14
2026-03-23,Maputo,Visakhapatnam (Inner),Supramax,4210,22.18
2026-03-23,Maputo,Dhamra,Panamax,4280,20.28
2026-03-23,Maputo,Gangavaram,Panamax,4200,19.39
2026-03-23,Maputo,Haldia,Handysize,4380,26.79
2026-03-23,Maputo,Gopalpur,Supramax,4230,22.47
2026-03-23,Norfolk,Paradip,Capesize,9150,30.99
2026-03-23,Norfolk,Visakhapatnam (Outer),Capesize,9110,30.98
2026-03-23,Norfolk,Visakhapatnam (Inner),Panamax,9110,38.18
2026-03-23,Norfolk,Dhamra,Capesize,9180,31.63
2026-03-23,Norfolk,Gangavaram,Capesize,9100,30.76
2026-03-23,Norfolk,Haldia,Supramax,9280,44.09
2026-03-23,Norfolk,Gopalpur,Panamax,9130,37.47
2026-03-30,Newcastle,Paradip,Panamax,4820,22.26
2026-03-30,Newcastle,Visakhapatnam (Outer),Capesize,4870,18.58
2026-03-30,Newcastle,Visakhapatnam (Inner),Panamax,4870,22.77
2026-03-30,Newcastle,Dhamra,Capesize,4800,18.21
2026-03-30,Newcastle,Gangavaram,Capesize,4880,18.11
2026-03-30,Newcastle,Haldia,Supramax,4950,26.47
2026-03-30,Newcastle,Gopalpur,Panamax,4840,21.88
2026-03-30,Samarinda,Paradip,Panamax,2150,11.05
2026-03-30,Samarinda,Visakhapatnam (Outer),Panamax,2190,11.18
2026-03-30,Samarinda,Visakhapatnam (Inner),Supramax,2190,12.66
2026-03-30,Samarinda,Dhamra,Panamax,2130,10.89
2026-03-30,Samarinda,Gangavaram,Panamax,2200,11.13
2026-03-30,Samarinda,Haldia,Handysize,2280,15.24
2026-03-30,Samarinda,Gopalpur,Supramax,2160,12.86
2026-03-30,Richards Bay,Paradip,Capesize,4450,16.63
2026-03-30,Richards Bay,Visakhapatnam (Outer),Capesize,4410,16.59
2026-03-30,Richards Bay,Visakhapatnam (Inner),Panamax,4410,20.01
2026-03-30,Richards Bay,Dhamra,Capesize,4480,16.74
2026-03-30,Richards Bay,Gangavaram,Capesize,4400,17.0
2026-03-30,Richards Bay,Haldia,Supramax,4580,24.37
2026-03-30,Richards Bay,Gopalpur,Panamax,4430,20.73
2026-03-30,Maputo,Paradip,Panamax,4250,19.82
2026-03-30,Maputo,Visakhapatnam (Outer),Panamax,4210,20.19
2026-03-30,Maputo,Visakhapatnam (Inner),Supramax,4210,23.08
2026-03-30,Maputo,Dhamra,Panamax,4280,19.99
2026-03-30,Maputo,Gangavaram,Panamax,4200,19.29
2026-03-30,Maputo,Haldia,Handysize,4380,26.35
2026-03-30,Maputo,Gopalpur,Supramax,4230,22.19
2026-03-30,Norfolk,Paradip,Capesize,9150,31.59
2026-03-30,Norfolk,Visakhapatnam (Outer),Capesize,9110,31.74
2026-03-30,Norfolk,Visakhapatnam (Inner),Panamax,9110,38.08
2026-03-30,Norfolk,Dhamra,Capesize,9180,31.18
2026-03-30,Norfolk,Gangavaram,Capesize,9100,31.54
2026-03-30,Norfolk,Haldia,Supramax,9280,43.86
2026-03-30,Norfolk,Gopalpur,Panamax,9130,37.78
2026-04-06,Newcastle,Paradip,Panamax,4820,21.06
2026-04-06,Newcastle,Visakhapatnam (Outer),Capesize,4870,17.72
2026-04-06,Newcastle,Visakhapatnam (Inner),Panamax,4870,21.66
2026-04-06,Newcastle,Dhamra,Capesize,4800,17.42
2026-04-06,Newcastle,Gangavaram,Capesize,4880,18.1
2026-04-06,Newcastle,Haldia,Supramax,4950,25.39
2026-04-06,Newcastle,Gopalpur,Panamax,4840,21.15
2026-04-06,Samarinda,Paradip,Panamax,2150,10.73
2026-04-06,Samarinda,Visakhapatnam (Outer),Panamax,2190,10.93
2026-04-06,Samarinda,Visakhapatnam (Inner),Supramax,2190,12.42
2026-04-06,Samarinda,Dhamra,Panamax,2130,10.55
2026-04-06,Samarinda,Gangavaram,Panamax,2200,10.91
2026-04-06,Samarinda,Haldia,Handysize,2280,14.66
2026-04-06,Samarinda,Gopalpur,Supramax,2160,12.39
2026-04-06,Richards Bay,Paradip,Capesize,4450,16.98
2026-04-06,Richards Bay,Visakhapatnam (Outer),Capesize,4410,16.07
2026-04-06,Richards Bay,Visakhapatnam (Inner),Panamax,4410,20.44
2026-04-06,Richards Bay,Dhamra,Capesize,4480,16.45
2026-04-06,Richards Bay,Gangavaram,Capesize,4400,16.53
2026-04-06,Richards Bay,Haldia,Supramax,4580,23.6
2026-04-06,Richards Bay,Gopalpur,Panamax,4430,19.97
2026-04-06,Maputo,Paradip,Panamax,4250,19.81
2026-04-06,Maputo,Visakhapatnam (Outer),Panamax,4210,19.09
2026-04-06,Maputo,Visakhapatnam (Inner),Supramax,4210,22.09
2026-04-06,Maputo,Dhamra,Panamax,4280,19.9
2026-04-06,Maputo,Gangavaram,Panamax,4200,19.2
2026-04-06,Maputo,Haldia,Handysize,4380,25.27
2026-04-06,Maputo,Gopalpur,Supramax,4230,21.87
2026-04-06,Norfolk,Paradip,Capesize,9150,31.21
2026-04-06,Norfolk,Visakhapatnam (Outer),Capesize,9110,29.98
2026-04-06,Norfolk,Visakhapatnam (Inner),Panamax,9110,36.78
2026-04-06,Norfolk,Dhamra,Capesize,9180,30.71
2026-04-06,Norfolk,Gangavaram,Capesize,9100,30.17
2026-04-06,Norfolk,Haldia,Supramax,9280,42.92
2026-04-06,Norfolk,Gopalpur,Panamax,9130,37.88
2026-04-13,Newcastle,Paradip,Panamax,4820,22.43
2026-04-13,Newcastle,Visakhapatnam (Outer),Capesize,4870,17.94
2026-04-13,Newcastle,Visakhapatnam (Inner),Panamax,4870,21.79
2026-04-13,Newcastle,Dhamra,Capesize,4800,18.17
2026-04-13,Newcastle,Gangavaram,Capesize,4880,17.87
2026-04-13,Newcastle,Haldia,Supramax,4950,26.26
2026-04-13,Newcastle,Gopalpur,Panamax,4840,21.61
2026-04-13,Samarinda,Paradip,Panamax,2150,10.94
2026-04-13,Samarinda,Visakhapatnam (Outer),Panamax,2190,11.37
2026-04-13,Samarinda,Visakhapatnam (Inner),Supramax,2190,13.18
2026-04-13,Samarinda,Dhamra,Panamax,2130,11.09
2026-04-13,Samarinda,Gangavaram,Panamax,2200,11.52
2026-04-13,Samarinda,Haldia,Handysize,2280,14.82
2026-04-13,Samarinda,Gopalpur,Supramax,2160,12.91
2026-04-13,Richards Bay,Paradip,Capesize,4450,17.13
2026-04-13,Richards Bay,Visakhapatnam (Outer),Capesize,4410,17.02
2026-04-13,Richards Bay,Visakhapatnam (Inner),Panamax,4410,20.37
2026-04-13,Richards Bay,Dhamra,Capesize,4480,17.05
2026-04-13,Richards Bay,Gangavaram,Capesize,4400,16.45
2026-04-13,Richards Bay,Haldia,Supramax,4580,24.65
2026-04-13,Richards Bay,Gopalpur,Panamax,4430,20.09
2026-04-13,Maputo,Paradip,Panamax,4250,19.56
2026-04-13,Maputo,Visakhapatnam (Outer),Panamax,4210,20.06
2026-04-13,Maputo,Visakhapatnam (Inner),Supramax,4210,22.21
2026-04-13,Maputo,Dhamra,Panamax,4280,19.53
2026-04-13,Maputo,Gangavaram,Panamax,4200,19.61
2026-04-13,Maputo,Haldia,Handysize,4380,25.59
2026-04-13,Maputo,Gopalpur,Supramax,4230,22.49
2026-04-13,Norfolk,Paradip,Capesize,9150,30.94
2026-04-13,Norfolk,Visakhapatnam (Outer),Capesize,9110,31.23
2026-04-13,Norfolk,Visakhapatnam (Inner),Panamax,9110,37.26
2026-04-13,Norfolk,Dhamra,Capesize,9180,31.68
2026-04-13,Norfolk,Gangavaram,Capesize,9100,31.12
2026-04-13,Norfolk,Haldia,Supramax,9280,44.25
2026-04-13,Norfolk,Gopalpur,Panamax,9130,37.14
2026-04-20,Newcastle,Paradip,Panamax,4820,20.74
2026-04-20,Newcastle,Visakhapatnam (Outer),Capesize,4870,18.05
2026-04-20,Newcastle,Visakhapatnam (Inner),Panamax,4870,21.26
2026-04-20,Newcastle,Dhamra,Capesize,4800,17.41
2026-04-20,Newcastle,Gangavaram,Capesize,4880,17.53
2026-04-20,Newcastle,Haldia,Supramax,4950,25.33
2026-04-20,Newcastle,Gopalpur,Panamax,4840,21.37
2026-04-20,Samarinda,Paradip,Panamax,2150,10.85
2026-04-20,Samarinda,Visakhapatnam (Outer),Panamax,2190,10.79
2026-04-20,Samarinda,Visakhapatnam (Inner),Supramax,2190,12.57
2026-04-20,Samarinda,Dhamra,Panamax,2130,10.79
2026-04-20,Samarinda,Gangavaram,Panamax,2200,11.12
2026-04-20,Samarinda,Haldia,Handysize,2280,14.85
2026-04-20,Samarinda,Gopalpur,Supramax,2160,12.07
2026-04-20,Richards Bay,Paradip,Capesize,4450,16.3
2026-04-20,Richards Bay,Visakhapatnam (Outer),Capesize,4410,16.59
2026-04-20,Richards Bay,Visakhapatnam (Inner),Panamax,4410,19.41
2026-04-20,Richards Bay,Dhamra,Capesize,4480,16.79
2026-04-20,Richards Bay,Gangavaram,Capesize,4400,16.42
2026-04-20,Richards Bay,Haldia,Supramax,4580,23.52
2026-04-20,Richards Bay,Gopalpur,Panamax,4430,19.41
2026-04-20,Maputo,Paradip,Panamax,4250,19.44
2026-04-20,Maputo,Visakhapatnam (Outer),Panamax,4210,18.69
2026-04-20,Maputo,Visakhapatnam (Inner),Supramax,4210,21.38
2026-04-20,Maputo,Dhamra,Panamax,4280,19.24
2026-04-20,Maputo,Gangavaram,Panamax,4200,18.58
2026-04-20,Maputo,Haldia,Handysize,4380,25.16
2026-04-20,Maputo,Gopalpur,Supramax,4230,22.06
2026-04-20,Norfolk,Paradip,Capesize,9150,30.6
2026-04-20,Norfolk,Visakhapatnam (Outer),Capesize,9110,30.27
2026-04-20,Norfolk,Visakhapatnam (Inner),Panamax,9110,37.15
2026-04-20,Norfolk,Dhamra,Capesize,9180,30.28
2026-04-20,Norfolk,Gangavaram,Capesize,9100,29.97
2026-04-20,Norfolk,Haldia,Supramax,9280,42.65
2026-04-20,Norfolk,Gopalpur,Panamax,9130,36.09
2026-04-27,Newcastle,Paradip,Panamax,4820,21.63
2026-04-27,Newcastle,Visakhapatnam (Outer),Capesize,4870,17.75
2026-04-27,Newcastle,Visakhapatnam (Inner),Panamax,4870,21.88
2026-04-27,Newcastle,Dhamra,Capesize,4800,17.3
2026-04-27,Newcastle,Gangavaram,Capesize,4880,17.51
2026-04-27,Newcastle,Haldia,Supramax,4950,25.36
2026-04-27,Newcastle,Gopalpur,Panamax,4840,21.88
2026-04-27,Samarinda,Paradip,Panamax,2150,10.71
2026-04-27,Samarinda,Visakhapatnam (Outer),Panamax,2190,10.7
2026-04-27,Samarinda,Visakhapatnam (Inner),Supramax,2190,12.72
2026-04-27,Samarinda,Dhamra,Panamax,2130,10.86
2026-04-27,Samarinda,Gangavaram,Panamax,2200,10.88
2026-04-27,Samarinda,Haldia,Handysize,2280,14.79
2026-04-27,Samarinda,Gopalpur,Supramax,2160,12.67
2026-04-27,Richards Bay,Paradip,Capesize,4450,16.39
2026-04-27,Richards Bay,Visakhapatnam (Outer),Capesize,4410,16.58
2026-04-27,Richards Bay,Visakhapatnam (Inner),Panamax,4410,19.93
2026-04-27,Richards Bay,Dhamra,Capesize,4480,16.44
2026-04-27,Richards Bay,Gangavaram,Capesize,4400,16.53
2026-04-27,Richards Bay,Haldia,Supramax,4580,23.27
2026-04-27,Richards Bay,Gopalpur,Panamax,4430,20.19
2026-04-27,Maputo,Paradip,Panamax,4250,18.91
2026-04-27,Maputo,Visakhapatnam (Outer),Panamax,4210,19.11
2026-04-27,Maputo,Visakhapatnam (Inner),Supramax,4210,22.02
2026-04-27,Maputo,Dhamra,Panamax,4280,19.36
2026-04-27,Maputo,Gangavaram,Panamax,4200,18.84
2026-04-27,Maputo,Haldia,Handysize,4380,25.89
2026-04-27,Maputo,Gopalpur,Supramax,4230,21.47
2026-04-27,Norfolk,Paradip,Capesize,9150,30.69
2026-04-27,Norfolk,Visakhapatnam (Outer),Capesize,9110,29.76
2026-04-27,Norfolk,Visakhapatnam (Inner),Panamax,9110,36.0
2026-04-27,Norfolk,Dhamra,Capesize,9180,30.56
2026-04-27,Norfolk,Gangavaram,Capesize,9100,30.37
2026-04-27,Norfolk,Haldia,Supramax,9280,43.62
2026-04-27,Norfolk,Gopalpur,Panamax,9130,36.61
2026-05-04,Newcastle,Paradip,Panamax,4820,21.02
2026-05-04,Newcastle,Visakhapatnam (Outer),Capesize,4870,17.66
2026-05-04,Newcastle,Visakhapatnam (Inner),Panamax,4870,21.92
2026-05-04,Newcastle,Dhamra,Capesize,4800,17.45
2026-05-04,Newcastle,Gangavaram,Capesize,4880,18.0
2026-05-04,Newcastle,Haldia,Supramax,4950,25.58
2026-05-04,Newcastle,Gopalpur,Panamax,4840,21.21
2026-05-04,Samarinda,Paradip,Panamax,2150,10.72
2026-05-04,Samarinda,Visakhapatnam (Outer),Panamax,2190,10.91
2026-05-04,Samarinda,Visakhapatnam (Inner),Supramax,2190,12.46
2026-05-04,Samarinda,Dhamra,Panamax,2130,10.71
2026-05-04,Samarinda,Gangavaram,Panamax,2200,11.23
2026-05-04,Samarinda,Haldia,Handysize,2280,14.44
2026-05-04,Samarinda,Gopalpur,Supramax,2160,12.75
2026-05-04,Richards Bay,Paradip,Capesize,4450,16.65
2026-05-04,Richards Bay,Visakhapatnam (Outer),Capesize,4410,16.6
2026-05-04,Richards Bay,Visakhapatnam (Inner),Panamax,4410,20.42
2026-05-04,Richards Bay,Dhamra,Capesize,4480,16.47
2026-05-04,Richards Bay,Gangavaram,Capesize,4400,16.21
2026-05-04,Richards Bay,Haldia,Supramax,4580,23.73
2026-05-04,Richards Bay,Gopalpur,Panamax,4430,20.05
2026-05-04,Maputo,Paradip,Panamax,4250,19.66
2026-05-04,Maputo,Visakhapatnam (Outer),Panamax,4210,18.75
2026-05-04,Maputo,Visakhapatnam (Inner),Supramax,4210,22.36
2026-05-04,Maputo,Dhamra,Panamax,4280,19.61
2026-05-04,Maputo,Gangavaram,Panamax,4200,19.58
2026-05-04,Maputo,Haldia,Handysize,4380,25.22
2026-05-04,Maputo,Gopalpur,Supramax,4230,22.29
2026-05-04,Norfolk,Paradip,Capesize,9150,30.45
2026-05-04,Norfolk,Visakhapatnam (Outer),Capesize,9110,29.88
2026-05-04,Norfolk,Visakhapatnam (Inner),Panamax,9110,36.66
2026-05-04,Norfolk,Dhamra,Capesize,9180,30.42
2026-05-04,Norfolk,Gangavaram,Capesize,9100,30.63
2026-05-04,Norfolk,Haldia,Supramax,9280,42.14
2026-05-04,Norfolk,Gopalpur,Panamax,9130,36.79
2026-05-11,Newcastle,Paradip,Panamax,4820,21.07
2026-05-11,Newcastle,Visakhapatnam (Outer),Capesize,4870,17.87
2026-05-11,Newcastle,Visakhapatnam (Inner),Panamax,4870,21.52
2026-05-11,Newcastle,Dhamra,Capesize,4800,17.46
2026-05-11,Newcastle,Gangavaram,Capesize,4880,17.76
2026-05-11,Newcastle,Haldia,Supramax,4950,24.9
2026-05-11,Newcastle,Gopalpur,Panamax,4840,21.05
2026-05-11,Samarinda,Paradip,Panamax,2150,10.71
2026-05-11,Samarinda,Visakhapatnam (Outer),Panamax,2190,10.71
2026-05-11,Samarinda,Visakhapatnam (Inner),Supramax,2190,12.61
2026-05-11,Samarinda,Dhamra,Panamax,2130,10.31
2026-05-11,Samarinda,Gangavaram,Panamax,2200,10.93
2026-05-11,Samarinda,Haldia,Handysize,2280,14.48
2026-05-11,Samarinda,Gopalpur,Supramax,2160,12.16
2026-05-11,Richards Bay,Paradip,Capesize,4450,16.5
2026-05-11,Richards Bay,Visakhapatnam (Outer),Capesize,4410,16.25
2026-05-11,Richards Bay,Visakhapatnam (Inner),Panamax,4410,19.95
2026-05-11,Richards Bay,Dhamra,Capesize,4480,16.55
2026-05-11,Richards Bay,Gangavaram,Capesize,4400,16.24
2026-05-11,Richards Bay,Haldia,Supramax,4580,23.61
2026-05-11,Richards Bay,Gopalpur,Panamax,4430,19.64
2026-05-11,Maputo,Paradip,Panamax,4250,18.93
2026-05-11,Maputo,Visakhapatnam (Outer),Panamax,4210,19.09
2026-05-11,Maputo,Visakhapatnam (Inner),Supramax,4210,21.05
2026-05-11,Maputo,Dhamra,Panamax,4280,18.73
2026-05-11,Maputo,Gangavaram,Panamax,4200,18.34
2026-05-11,Maputo,Haldia,Handysize,4380,24.64
2026-05-11,Maputo,Gopalpur,Supramax,4230,21.71
2026-05-11,Norfolk,Paradip,Capesize,9150,30.61
2026-05-11,Norfolk,Visakhapatnam (Outer),Capesize,9110,30.03
2026-05-11,Norfolk,Visakhapatnam (Inner),Panamax,9110,36.69
2026-05-11,Norfolk,Dhamra,Capesize,9180,30.31
2026-05-11,Norfolk,Gangavaram,Capesize,9100,30.43
2026-05-11,Norfolk,Haldia,Supramax,9280,41.17
2026-05-11,Norfolk,Gopalpur,Panamax,9130,36.01
2026-05-18,Newcastle,Paradip,Panamax,4820,21.6
2026-05-18,Newcastle,Visakhapatnam (Outer),Capesize,4870,18.12
2026-05-18,Newcastle,Visakhapatnam (Inner),Panamax,4870,22.06
2026-05-18,Newcastle,Dhamra,Capesize,4800,17.81
2026-05-18,Newcastle,Gangavaram,Capesize,4880,18.05
2026-05-18,Newcastle,Haldia,Supramax,4950,25.58
2026-05-18,Newcastle,Gopalpur,Panamax,4840,21.38
2026-05-18,Samarinda,Paradip,Panamax,2150,10.69
2026-05-18,Samarinda,Visakhapatnam (Outer),Panamax,2190,10.95
2026-05-18,Samarinda,Visakhapatnam (Inner),Supramax,2190,12.41
2026-05-18,Samarinda,Dhamra,Panamax,2130,10.69
2026-05-18,Samarinda,Gangavaram,Panamax,2200,11.22
2026-05-18,Samarinda,Haldia,Handysize,2280,15.07
2026-05-18,Samarinda,Gopalpur,Supramax,2160,12.6
2026-05-18,Richards Bay,Paradip,Capesize,4450,16.99
2026-05-18,Richards Bay,Visakhapatnam (Outer),Capesize,4410,16.9
2026-05-18,Richards Bay,Visakhapatnam (Inner),Panamax,4410,20.0
2026-05-18,Richards Bay,Dhamra,Capesize,4480,16.87
2026-05-18,Richards Bay,Gangavaram,Capesize,4400,16.37
2026-05-18,Richards Bay,Haldia,Supramax,4580,24.33
2026-05-18,Richards Bay,Gopalpur,Panamax,4430,20.02
2026-05-18,Maputo,Paradip,Panamax,4250,19.25
2026-05-18,Maputo,Visakhapatnam (Outer),Panamax,4210,19.64
2026-05-18,Maputo,Visakhapatnam (Inner),Supramax,4210,21.71
2026-05-18,Maputo,Dhamra,Panamax,4280,19.68
2026-05-18,Maputo,Gangavaram,Panamax,4200,19.04
2026-05-18,Maputo,Haldia,Handysize,4380,25.37
2026-05-18,Maputo,Gopalpur,Supramax,4230,21.78
2026-05-18,Norfolk,Paradip,Capesize,9150,31.15
2026-05-18,Norfolk,Visakhapatnam (Outer),Capesize,9110,30.65
2026-05-18,Norfolk,Visakhapatnam (Inner),Panamax,9110,37.67
2026-05-18,Norfolk,Dhamra,Capesize,9180,31.38
2026-05-18,Norfolk,Gangavaram,Capesize,9100,30.76
2026-05-18,Norfolk,Haldia,Supramax,9280,43.97
2026-05-18,Norfolk,Gopalpur,Panamax,9130,36.39
2026-05-25,Newcastle,Paradip,Panamax,4820,22.43
2026-05-25,Newcastle,Visakhapatnam (Outer),Capesize,4870,18.12
2026-05-25,Newcastle,Visakhapatnam (Inner),Panamax,4870,22.43
2026-05-25,Newcastle,Dhamra,Capesize,4800,18.26
2026-05-25,Newcastle,Gangavaram,Capesize,4880,18.68
2026-05-25,Newcastle,Haldia,Supramax,4950,26.17
2026-05-25,Newcastle,Gopalpur,Panamax,4840,22.66
2026-05-25,Samarinda,Paradip,Panamax,2150,11.0
2026-05-25,Samarinda,Visakhapatnam (Outer),Panamax,2190,11.44
2026-05-25,Samarinda,Visakhapatnam (Inner),Supramax,2190,12.7
2026-05-25,Samarinda,Dhamra,Panamax,2130,10.93
2026-05-25,Samarinda,Gangavaram,Panamax,2200,11.37
2026-05-25,Samarinda,Haldia,Handysize,2280,15.14
2026-05-25,Samarinda,Gopalpur,Supramax,2160,12.67
2026-05-25,Richards Bay,Paradip,Capesize,4450,17.4
2026-05-25,Richards Bay,Visakhapatnam (Outer),Capesize,4410,16.65
2026-05-25,Richards Bay,Visakhapatnam (Inner),Panamax,4410,20.63
2026-05-25,Richards Bay,Dhamra,Capesize,4480,17.24
2026-05-25,Richards Bay,Gangavaram,Capesize,4400,16.53
2026-05-25,Richards Bay,Haldia,Supramax,4580,24.52
2026-05-25,Richards Bay,Gopalpur,Panamax,4430,21.06
2026-05-25,Maputo,Paradip,Panamax,4250,20.3
2026-05-25,Maputo,Visakhapatnam (Outer),Panamax,4210,19.66
2026-05-25,Maputo,Visakhapatnam (Inner),Supramax,4210,22.13
2026-05-25,Maputo,Dhamra,Panamax,4280,19.65
2026-05-25,Maputo,Gangavaram,Panamax,4200,19.16
2026-05-25,Maputo,Haldia,Handysize,4380,25.85
2026-05-25,Maputo,Gopalpur,Supramax,4230,23.06
2026-05-25,Norfolk,Paradip,Capesize,9150,31.81
2026-05-25,Norfolk,Visakhapatnam (Outer),Capesize,9110,31.26
2026-05-25,Norfolk,Visakhapatnam (Inner),Panamax,9110,37.81
2026-05-25,Norfolk,Dhamra,Capesize,9180,31.56
2026-05-25,Norfolk,Gangavaram,Capesize,9100,30.87
2026-05-25,Norfolk,Haldia,Supramax,9280,44.18
2026-05-25,Norfolk,Gopalpur,Panamax,9130,38.09
2026-06-01,Newcastle,Paradip,Panamax,4820,22.6
2026-06-01,Newcastle,Visakhapatnam (Outer),Capesize,4870,19.09
2026-06-01,Newcastle,Visakhapatnam (Inner),Panamax,4870,23.23
2026-06-01,Newcastle,Dhamra,Capesize,4800,18.48
2026-06-01,Newcastle,Gangavaram,Capesize,4880,19.18
2026-06-01,Newcastle,Haldia,Supramax,4950,27.22
2026-06-01,Newcastle,Gopalpur,Panamax,4840,22.87
2026-06-01,Samarinda,Paradip,Panamax,2150,11.61
2026-06-01,Samarinda,Visakhapatnam (Outer),Panamax,2190,12.04
2026-06-01,Samarinda,Visakhapatnam (Inner),Supramax,2190,13.39
2026-06-01,Samarinda,Dhamra,Panamax,2130,11.5
2026-06-01,Samarinda,Gangavaram,Panamax,2200,11.74
2026-06-01,Samarinda,Haldia,Handysize,2280,15.42
2026-06-01,Samarinda,Gopalpur,Supramax,2160,13.63
2026-06-01,Richards Bay,Paradip,Capesize,4450,17.73
2026-06-01,Richards Bay,Visakhapatnam (Outer),Capesize,4410,17.51
2026-06-01,Richards Bay,Visakhapatnam (Inner),Panamax,4410,21.43
2026-06-01,Richards Bay,Dhamra,Capesize,4480,17.99
2026-06-01,Richards Bay,Gangavaram,Capesize,4400,17.34
2026-06-01,Richards Bay,Haldia,Supramax,4580,25.63
2026-06-01,Richards Bay,Gopalpur,Panamax,4430,21.84
2026-06-01,Maputo,Paradip,Panamax,4250,20.24
2026-06-01,Maputo,Visakhapatnam (Outer),Panamax,4210,20.04
2026-06-01,Maputo,Visakhapatnam (Inner),Supramax,4210,23.37
2026-06-01,Maputo,Dhamra,Panamax,4280,21.27
2026-06-01,Maputo,Gangavaram,Panamax,4200,20.96
2026-06-01,Maputo,Haldia,Handysize,4380,27.46
2026-06-01,Maputo,Gopalpur,Supramax,4230,23.47
2026-06-01,Norfolk,Paradip,Capesize,9150,32.18
2026-06-01,Norfolk,Visakhapatnam (Outer),Capesize,9110,33.25
2026-06-01,Norfolk,Visakhapatnam (Inner),Panamax,9110,38.85
2026-06-01,Norfolk,Dhamra,Capesize,9180,32.81
2026-06-01,Norfolk,Gangavaram,Capesize,9100,32.85
2026-06-01,Norfolk,Haldia,Supramax,9280,46.73
2026-06-01,Norfolk,Gopalpur,Panamax,9130,39.37
2026-06-08,Newcastle,Paradip,Panamax,4820,23.14
2026-06-08,Newcastle,Visakhapatnam (Outer),Capesize,4870,19.29
2026-06-08,Newcastle,Visakhapatnam (Inner),Panamax,4870,23.42
2026-06-08,Newcastle,Dhamra,Capesize,4800,19.28
2026-06-08,Newcastle,Gangavaram,Capesize,4880,19.37
2026-06-08,Newcastle,Haldia,Supramax,4950,26.86
2026-06-08,Newcastle,Gopalpur,Panamax,4840,22.73
2026-06-08,Samarinda,Paradip,Panamax,2150,11.49
2026-06-08,Samarinda,Visakhapatnam (Outer),Panamax,2190,11.86
2026-06-08,Samarinda,Visakhapatnam (Inner),Supramax,2190,13.6
2026-06-08,Samarinda,Dhamra,Panamax,2130,11.51
2026-06-08,Samarinda,Gangavaram,Panamax,2200,11.62
2026-06-08,Samarinda,Haldia,Handysize,2280,15.72
2026-06-08,Samarinda,Gopalpur,Supramax,2160,13.08
2026-06-08,Richards Bay,Paradip,Capesize,4450,17.92
2026-06-08,Richards Bay,Visakhapatnam (Outer),Capesize,4410,17.35
2026-06-08,Richards Bay,Visakhapatnam (Inner),Panamax,4410,21.02
2026-06-08,Richards Bay,Dhamra,Capesize,4480,17.75
2026-06-08,Richards Bay,Gangavaram,Capesize,4400,17.51
2026-06-08,Richards Bay,Haldia,Supramax,4580,25.8
2026-06-08,Richards Bay,Gopalpur,Panamax,4430,21.17
2026-06-08,Maputo,Paradip,Panamax,4250,20.8
2026-06-08,Maputo,Visakhapatnam (Outer),Panamax,4210,20.14
2026-06-08,Maputo,Visakhapatnam (Inner),Supramax,4210,23.73
2026-06-08,Maputo,Dhamra,Panamax,4280,20.87
2026-06-08,Maputo,Gangavaram,Panamax,4200,21.05
2026-06-08,Maputo,Haldia,Handysize,4380,27.16
2026-06-08,Maputo,Gopalpur,Supramax,4230,23.64
2026-06-08,Norfolk,Paradip,Capesize,9150,33.11
2026-06-08,Norfolk,Visakhapatnam (Outer),Capesize,9110,32.99
2026-06-08,Norfolk,Visakhapatnam (Inner),Panamax,9110,38.96
2026-06-08,Norfolk,Dhamra,Capesize,9180,33.49
2026-06-08,Norfolk,Gangavaram,Capesize,9100,32.67
2026-06-08,Norfolk,Haldia,Supramax,9280,45.36
2026-06-08,Norfolk,Gopalpur,Panamax,9130,40.72
2026-06-15,Newcastle,Paradip,Panamax,4820,22.99
2026-06-15,Newcastle,Visakhapatnam (Outer),Capesize,4870,19.38
2026-06-15,Newcastle,Visakhapatnam (Inner),Panamax,4870,22.77
2026-06-15,Newcastle,Dhamra,Capesize,4800,18.66
2026-06-15,Newcastle,Gangavaram,Capesize,4880,19.18
2026-06-15,Newcastle,Haldia,Supramax,4950,27.27
2026-06-15,Newcastle,Gopalpur,Panamax,4840,23.58
2026-06-15,Samarinda,Paradip,Panamax,2150,11.32
2026-06-15,Samarinda,Visakhapatnam (Outer),Panamax,2190,11.66
2026-06-15,Samarinda,Visakhapatnam (Inner),Supramax,2190,13.69
2026-06-15,Samarinda,Dhamra,Panamax,2130,11.25
2026-06-15,Samarinda,Gangavaram,Panamax,2200,12.0
2026-06-15,Samarinda,Haldia,Handysize,2280,16.05
2026-06-15,Samarinda,Gopalpur,Supramax,2160,13.11
2026-06-15,Richards Bay,Paradip,Capesize,4450,17.54
2026-06-15,Richards Bay,Visakhapatnam (Outer),Capesize,4410,17.55
2026-06-15,Richards Bay,Visakhapatnam (Inner),Panamax,4410,21.59
2026-06-15,Richards Bay,Dhamra,Capesize,4480,18.03
2026-06-15,Richards Bay,Gangavaram,Capesize,4400,17.72
2026-06-15,Richards Bay,Haldia,Supramax,4580,24.78
2026-06-15,Richards Bay,Gopalpur,Panamax,4430,21.84
2026-06-15,Maputo,Paradip,Panamax,4250,20.59
2026-06-15,Maputo,Visakhapatnam (Outer),Panamax,4210,20.12
2026-06-15,Maputo,Visakhapatnam (Inner),Supramax,4210,23.53
2026-06-15,Maputo,Dhamra,Panamax,4280,20.89
2026-06-15,Maputo,Gangavaram,Panamax,4200,20.88
2026-06-15,Maputo,Haldia,Handysize,4380,26.98
2026-06-15,Maputo,Gopalpur,Supramax,4230,23.8
2026-06-15,Norfolk,Paradip,Capesize,9150,33.13
2026-06-15,Norfolk,Visakhapatnam (Outer),Capesize,9110,32.42
2026-06-15,Norfolk,Visakhapatnam (Inner),Panamax,9110,39.02
2026-06-15,Norfolk,Dhamra,Capesize,9180,33.58
2026-06-15,Norfolk,Gangavaram,Capesize,9100,32.01
2026-06-15,Norfolk,Haldia,Supramax,9280,45.81
2026-06-15,Norfolk,Gopalpur,Panamax,9130,39.19
2026-06-22,Newcastle,Paradip,Panamax,4820,22.79
2026-06-22,Newcastle,Visakhapatnam (Outer),Capesize,4870,18.63
2026-06-22,Newcastle,Visakhapatnam (Inner),Panamax,4870,22.23
2026-06-22,Newcastle,Dhamra,Capesize,4800,18.42
2026-06-22,Newcastle,Gangavaram,Capesize,4880,18.47
2026-06-22,Newcastle,Haldia,Supramax,4950,26.44
2026-06-22,Newcastle,Gopalpur,Panamax,4840,22.44
2026-06-22,Samarinda,Paradip,Panamax,2150,11.58
2026-06-22,Samarinda,Visakhapatnam (Outer),Panamax,2190,11.62
2026-06-22,Samarinda,Visakhapatnam (Inner),Supramax,2190,13.39
2026-06-22,Samarinda,Dhamra,Panamax,2130,11.06
2026-06-22,Samarinda,Gangavaram,Panamax,2200,11.58
2026-06-22,Samarinda,Haldia,Handysize,2280,15.03
2026-06-22,Samarinda,Gopalpur,Supramax,2160,12.86
2026-06-22,Richards Bay,Paradip,Capesize,4450,17.03
2026-06-22,Richards Bay,Visakhapatnam (Outer),Capesize,4410,17.1
2026-06-22,Richards Bay,Visakhapatnam (Inner),Panamax,4410,21.05
2026-06-22,Richards Bay,Dhamra,Capesize,4480,17.43
2026-06-22,Richards Bay,Gangavaram,Capesize,4400,17.14
2026-06-22,Richards Bay,Haldia,Supramax,4580,24.64
2026-06-22,Richards Bay,Gopalpur,Panamax,4430,21.29
2026-06-22,Maputo,Paradip,Panamax,4250,20.28
2026-06-22,Maputo,Visakhapatnam (Outer),Panamax,4210,19.96
2026-06-22,Maputo,Visakhapatnam (Inner),Supramax,4210,23.16
2026-06-22,Maputo,Dhamra,Panamax,4280,20.64
2026-06-22,Maputo,Gangavaram,Panamax,4200,20.31
2026-06-22,Maputo,Haldia,Handysize,4380,26.48
2026-06-22,Maputo,Gopalpur,Supramax,4230,23.34
2026-06-22,Norfolk,Paradip,Capesize,9150,32.62
2026-06-22,Norfolk,Visakhapatnam (Outer),Capesize,9110,32.06
2026-06-22,Norfolk,Visakhapatnam (Inner),Panamax,9110,38.09
2026-06-22,Norfolk,Dhamra,Capesize,9180,32.43
2026-06-22,Norfolk,Gangavaram,Capesize,9100,31.54
2026-06-22,Norfolk,Haldia,Supramax,9280,46.02
2026-06-22,Norfolk,Gopalpur,Panamax,9130,38.31
2026-06-29,Newcastle,Paradip,Panamax,4820,23.22
2026-06-29,Newcastle,Visakhapatnam (Outer),Capesize,4870,18.9
2026-06-29,Newcastle,Visakhapatnam (Inner),Panamax,4870,23.48
2026-06-29,Newcastle,Dhamra,Capesize,4800,19.12
2026-06-29,Newcastle,Gangavaram,Capesize,4880,19.27
2026-06-29,Newcastle,Haldia,Supramax,4950,27.12
2026-06-29,Newcastle,Gopalpur,Panamax,4840,22.73
2026-06-29,Samarinda,Paradip,Panamax,2150,11.51
2026-06-29,Samarinda,Visakhapatnam (Outer),Panamax,2190,11.41
2026-06-29,Samarinda,Visakhapatnam (Inner),Supramax,2190,13.62
2026-06-29,Samarinda,Dhamra,Panamax,2130,11.4
2026-06-29,Samarinda,Gangavaram,Panamax,2200,11.89
2026-06-29,Samarinda,Haldia,Handysize,2280,15.83
2026-06-29,Samarinda,Gopalpur,Supramax,2160,13.49
2026-06-29,Richards Bay,Paradip,Capesize,4450,17.3
2026-06-29,Richards Bay,Visakhapatnam (Outer),Capesize,4410,17.53
2026-06-29,Richards Bay,Visakhapatnam (Inner),Panamax,4410,20.95
2026-06-29,Richards Bay,Dhamra,Capesize,4480,17.33
2026-06-29,Richards Bay,Gangavaram,Capesize,4400,17.28
2026-06-29,Richards Bay,Haldia,Supramax,4580,24.47
2026-06-29,Richards Bay,Gopalpur,Panamax,4430,20.96
2026-06-29,Maputo,Paradip,Panamax,4250,20.19
2026-06-29,Maputo,Visakhapatnam (Outer),Panamax,4210,20.23
2026-06-29,Maputo,Visakhapatnam (Inner),Supramax,4210,23.05
2026-06-29,Maputo,Dhamra,Panamax,4280,20.32
2026-06-29,Maputo,Gangavaram,Panamax,4200,20.21
2026-06-29,Maputo,Haldia,Handysize,4380,27.51
2026-06-29,Maputo,Gopalpur,Supramax,4230,22.8
2026-06-29,Norfolk,Paradip,Capesize,9150,31.82
2026-06-29,Norfolk,Visakhapatnam (Outer),Capesize,9110,32.96
2026-06-29,Norfolk,Visakhapatnam (Inner),Panamax,9110,39.97
2026-06-29,Norfolk,Dhamra,Capesize,9180,31.71
2026-06-29,Norfolk,Gangavaram,Capesize,9100,32.27
2026-06-29,Norfolk,Haldia,Supramax,9280,45.22
2026-06-29,Norfolk,Gopalpur,Panamax,9130,38.43
2026-07-06,Newcastle,Paradip,Panamax,4820,22.33
2026-07-06,Newcastle,Visakhapatnam (Outer),Capesize,4870,18.63
2026-07-06,Newcastle,Visakhapatnam (Inner),Panamax,4870,22.15
2026-07-06,Newcastle,Dhamra,Capesize,4800,18.18
2026-07-06,Newcastle,Gangavaram,Capesize,4880,18.48
2026-07-06,Newcastle,Haldia,Supramax,4950,27.01
2026-07-06,Newcastle,Gopalpur,Panamax,4840,22.06
2026-07-06,Samarinda,Paradip,Panamax,2150,11.58
2026-07-06,Samarinda,Visakhapatnam (Outer),Panamax,2190,11.32
2026-07-06,Samarinda,Visakhapatnam (Inner),Supramax,2190,13.29
2026-07-06,Samarinda,Dhamra,Panamax,2130,10.99
2026-07-06,Samarinda,Gangavaram,Panamax,2200,11.71
2026-07-06,Samarinda,Haldia,Handysize,2280,15.65
2026-07-06,Samarinda,Gopalpur,Supramax,2160,12.89
2026-07-06,Richards Bay,Paradip,Capesize,4450,17.38
2026-07-06,Richards Bay,Visakhapatnam (Outer),Capesize,4410,17.29
2026-07-06,Richards Bay,Visakhapatnam (Inner),Panamax,4410,20.83
2026-07-06,Richards Bay,Dhamra,Capesize,4480,17.33
2026-07-06,Richards Bay,Gangavaram,Capesize,4400,17.32
2026-07-06,Richards Bay,Haldia,Supramax,4580,24.18
2026-07-06,Richards Bay,Gopalpur,Panamax,4430,21.19
2026-07-06,Maputo,Paradip,Panamax,4250,19.73
2026-07-06,Maputo,Visakhapatnam (Outer),Panamax,4210,20.27
2026-07-06,Maputo,Visakhapatnam (Inner),Supramax,4210,23.51
2026-07-06,Maputo,Dhamra,Panamax,4280,20.59
2026-07-06,Maputo,Gangavaram,Panamax,4200,20.2
2026-07-06,Maputo,Haldia,Handysize,4380,27.35
2026-07-06,Maputo,Gopalpur,Supramax,4230,23.67
2026-07-06,Norfolk,Paradip,Capesize,9150,32.37
2026-07-06,Norfolk,Visakhapatnam (Outer),Capesize,9110,31.99
2026-07-06,Norfolk,Visakhapatnam (Inner),Panamax,9110,38.13
2026-07-06,Norfolk,Dhamra,Capesize,9180,32.37
2026-07-06,Norfolk,Gangavaram,Capesize,9100,31.2
2026-07-06,Norfolk,Haldia,Supramax,9280,45.11
2026-07-06,Norfolk,Gopalpur,Panamax,9130,39.35
2026-07-13,Newcastle,Paradip,Panamax,4820,22.46
2026-07-13,Newcastle,Visakhapatnam (Outer),Capesize,4870,18.73
2026-07-13,Newcastle,Visakhapatnam (Inner),Panamax,4870,23.56
2026-07-13,Newcastle,Dhamra,Capesize,4800,18.69
2026-07-13,Newcastle,Gangavaram,Capesize,4880,19.17
2026-07-13,Newcastle,Haldia,Supramax,4950,26.21
2026-07-13,Newcastle,Gopalpur,Panamax,4840,22.58
2026-07-13,Samarinda,Paradip,Panamax,2150,11.39
2026-07-13,Samarinda,Visakhapatnam (Outer),Panamax,2190,11.9
2026-07-13,Samarinda,Visakhapatnam (Inner),Supramax,2190,13.41
2026-07-13,Samarinda,Dhamra,Panamax,2130,11.29
2026-07-13,Samarinda,Gangavaram,Panamax,2200,11.82
2026-07-13,Samarinda,Haldia,Handysize,2280,15.83
2026-07-13,Samarinda,Gopalpur,Supramax,2160,13.25
2026-07-13,Richards Bay,Paradip,Capesize,4450,17.12
2026-07-13,Richards Bay,Visakhapatnam (Outer),Capesize,4410,17.19
2026-07-13,Richards Bay,Visakhapatnam (Inner),Panamax,4410,20.73
2026-07-13,Richards Bay,Dhamra,Capesize,4480,17.95
2026-07-13,Richards Bay,Gangavaram,Capesize,4400,17.1
2026-07-13,Richards Bay,Haldia,Supramax,4580,24.86
2026-07-13,Richards Bay,Gopalpur,Panamax,4430,21.4
2026-07-13,Maputo,Paradip,Panamax,4250,20.54
2026-07-13,Maputo,Visakhapatnam (Outer),Panamax,4210,20.46
2026-07-13,Maputo,Visakhapatnam (Inner),Supramax,4210,23.52
2026-07-13,Maputo,Dhamra,Panamax,4280,20.3
2026-07-13,Maputo,Gangavaram,Panamax,4200,20.64
2026-07-13,Maputo,Haldia,Handysize,4380,27.11
2026-07-13,Maputo,Gopalpur,Supramax,4230,22.95
2026-07-13,Norfolk,Paradip,Capesize,9150,33.16
2026-07-13,Norfolk,Visakhapatnam (Outer),Capesize,9110,32.92
2026-07-13,Norfolk,Visakhapatnam (Inner),Panamax,9110,39.74
2026-07-13,Norfolk,Dhamra,Capesize,9180,32.91
2026-07-13,Norfolk,Gangavaram,Capesize,9100,32.98
2026-07-13,Norfolk,Haldia,Supramax,9280,45.15
2026-07-13,Norfolk,Gopalpur,Panamax,9130,39.92
2026-07-20,Newcastle,Paradip,Panamax,4820,23.73
2026-07-20,Newcastle,Visakhapatnam (Outer),Capesize,4870,19.54
2026-07-20,Newcastle,Visakhapatnam (Inner),Panamax,4870,24.14
2026-07-20,Newcastle,Dhamra,Capesize,4800,19.32
2026-07-20,Newcastle,Gangavaram,Capesize,4880,20.09
2026-07-20,Newcastle,Haldia,Supramax,4950,27.37
2026-07-20,Newcastle,Gopalpur,Panamax,4840,23.79
2026-07-20,Samarinda,Paradip,Panamax,2150,11.79
2026-07-20,Samarinda,Visakhapatnam (Outer),Panamax,2190,12.12
2026-07-20,Samarinda,Visakhapatnam (Inner),Supramax,2190,13.72
2026-07-20,Samarinda,Dhamra,Panamax,2130,12.06
2026-07-20,Samarinda,Gangavaram,Panamax,2200,12.51
2026-07-20,Samarinda,Haldia,Handysize,2280,16.19
2026-07-20,Samarinda,Gopalpur,Supramax,2160,13.66
2026-07-20,Richards Bay,Paradip,Capesize,4450,18.29
2026-07-20,Richards Bay,Visakhapatnam (Outer),Capesize,4410,18.02
2026-07-20,Richards Bay,Visakhapatnam (Inner),Panamax,4410,22.55
2026-07-20,Richards Bay,Dhamra,Capesize,4480,18.21
2026-07-20,Richards Bay,Gangavaram,Capesize,4400,18.31
2026-07-20,Richards Bay,Haldia,Supramax,4580,25.93
2026-07-20,Richards Bay,Gopalpur,Panamax,4430,21.74
2026-07-20,Maputo,Paradip,Panamax,4250,20.98
2026-07-20,Maputo,Visakhapatnam (Outer),Panamax,4210,21.72
2026-07-20,Maputo,Visakhapatnam (Inner),Supramax,4210,24.51
2026-07-20,Maputo,Dhamra,Panamax,4280,21.79
2026-07-20,Maputo,Gangavaram,Panamax,4200,21.11
2026-07-20,Maputo,Haldia,Handysize,4380,29.17
2026-07-20,Maputo,Gopalpur,Supramax,4230,24.24
2026-07-20,Norfolk,Paradip,Capesize,9150,33.91
2026-07-20,Norfolk,Visakhapatnam (Outer),Capesize,9110,33.69
2026-07-20,Norfolk,Visakhapatnam (Inner),Panamax,9110,40.2
2026-07-20,Norfolk,Dhamra,Capesize,9180,34.35
2026-07-20,Norfolk,Gangavaram,Capesize,9100,33.93
2026-07-20,Norfolk,Haldia,Supramax,9280,48.85
2026-07-20,Norfolk,Gopalpur,Panamax,9130,40.54
2026-07-27,Newcastle,Paradip,Panamax,4820,23.47
2026-07-27,Newcastle,Visakhapatnam (Outer),Capesize,4870,19.58
2026-07-27,Newcastle,Visakhapatnam (Inner),Panamax,4870,24.06
2026-07-27,Newcastle,Dhamra,Capesize,4800,19.66
2026-07-27,Newcastle,Gangavaram,Capesize,4880,19.63
2026-07-27,Newcastle,Haldia,Supramax,4950,28.63
2026-07-27,Newcastle,Gopalpur,Panamax,4840,24.41
2026-07-27,Samarinda,Paradip,Panamax,2150,12.03
2026-07-27,Samarinda,Visakhapatnam (Outer),Panamax,2190,12.22
2026-07-27,Samarinda,Visakhapatnam (Inner),Supramax,2190,14.39
2026-07-27,Samarinda,Dhamra,Panamax,2130,11.72
2026-07-27,Samarinda,Gangavaram,Panamax,2200,12.29
2026-07-27,Samarinda,Haldia,Handysize,2280,16.71
2026-07-27,Samarinda,Gopalpur,Supramax,2160,14.14
2026-07-27,Richards Bay,Paradip,Capesize,4450,18.19
2026-07-27,Richards Bay,Visakhapatnam (Outer),Capesize,4410,18.03
2026-07-27,Richards Bay,Visakhapatnam (Inner),Panamax,4410,22.09
2026-07-27,Richards Bay,Dhamra,Capesize,4480,18.67
2026-07-27,Richards Bay,Gangavaram,Capesize,4400,18.04
2026-07-27,Richards Bay,Haldia,Supramax,4580,26.13
2026-07-27,Richards Bay,Gopalpur,Panamax,4430,22.3
2026-07-27,Maputo,Paradip,Panamax,4250,21.09
2026-07-27,Maputo,Visakhapatnam (Outer),Panamax,4210,21.73
2026-07-27,Maputo,Visakhapatnam (Inner),Supramax,4210,24.8
2026-07-27,Maputo,Dhamra,Panamax,4280,21.8
2026-07-27,Maputo,Gangavaram,Panamax,4200,21.68
2026-07-27,Maputo,Haldia,Handysize,4380,28.09
2026-07-27,Maputo,Gopalpur,Supramax,4230,24.16
2026-07-27,Norfolk,Paradip,Capesize,9150,34.78
2026-07-27,Norfolk,Visakhapatnam (Outer),Capesize,9110,33.93
2026-07-27,Norfolk,Visakhapatnam (Inner),Panamax,9110,41.74
2026-07-27,Norfolk,Dhamra,Capesize,9180,33.53
2026-07-27,Norfolk,Gangavaram,Capesize,9100,34.71
2026-07-27,Norfolk,Haldia,Supramax,9280,49.2
2026-07-27,Norfolk,Gopalpur,Panamax,9130,41.32
2026-08-03,Newcastle,Paradip,Panamax,4820,24.99
2026-08-03,Newcastle,Visakhapatnam (Outer),Capesize,4870,20.17
2026-08-03,Newcastle,Visakhapatnam (Inner),Panamax,4870,24.35
2026-08-03,Newcastle,Dhamra,Capesize,4800,20.17
2026-08-03,Newcastle,Gangavaram,Capesize,4880,20.24
2026-08-03,Newcastle,Haldia,Supramax,4950,28.45
2026-08-03,Newcastle,Gopalpur,Panamax,4840,25.05
2026-08-03,Samarinda,Paradip,Panamax,2150,12.55
2026-08-03,Samarinda,Visakhapatnam (Outer),Panamax,2190,12.8
2026-08-03,Samarinda,Visakhapatnam (Inner),Supramax,2190,14.45
2026-08-03,Samarinda,Dhamra,Panamax,2130,12.27
2026-08-03,Samarinda,Gangavaram,Panamax,2200,12.51
2026-08-03,Samarinda,Haldia,Handysize,2280,16.55
2026-08-03,Samarinda,Gopalpur,Supramax,2160,14.01
2026-08-03,Richards Bay,Paradip,Capesize,4450,18.66
2026-08-03,Richards Bay,Visakhapatnam (Outer),Capesize,4410,18.98
2026-08-03,Richards Bay,Visakhapatnam (Inner),Panamax,4410,22.42
2026-08-03,Richards Bay,Dhamra,Capesize,4480,19.06
2026-08-03,Richards Bay,Gangavaram,Capesize,4400,19.05
2026-08-03,Richards Bay,Haldia,Supramax,4580,26.64
2026-08-03,Richards Bay,Gopalpur,Panamax,4430,22.7
2026-08-03,Maputo,Paradip,Panamax,4250,22.07
2026-08-03,Maputo,Visakhapatnam (Outer),Panamax,4210,21.23
2026-08-03,Maputo,Visakhapatnam (Inner),Supramax,4210,24.47
2026-08-03,Maputo,Dhamra,Panamax,4280,21.99
2026-08-03,Maputo,Gangavaram,Panamax,4200,21.37
2026-08-03,Maputo,Haldia,Handysize,4380,29.81
2026-08-03,Maputo,Gopalpur,Supramax,4230,25.25
2026-08-03,Norfolk,Paradip,Capesize,9150,34.04
2026-08-03,Norfolk,Visakhapatnam (Outer),Capesize,9110,35.13
2026-08-03,Norfolk,Visakhapatnam (Inner),Panamax,9110,42.09
2026-08-03,Norfolk,Dhamra,Capesize,9180,34.53
2026-08-03,Norfolk,Gangavaram,Capesize,9100,35.25
2026-08-03,Norfolk,Haldia,Supramax,9280,47.71
2026-08-03,Norfolk,Gopalpur,Panamax,9130,42.44
2026-08-10,Newcastle,Paradip,Panamax,4820,25.06
2026-08-10,Newcastle,Visakhapatnam (Outer),Capesize,4870,21.28
2026-08-10,Newcastle,Visakhapatnam (Inner),Panamax,4870,25.82
2026-08-10,Newcastle,Dhamra,Capesize,4800,20.51
2026-08-10,Newcastle,Gangavaram,Capesize,4880,20.56
2026-08-10,Newcastle,Haldia,Supramax,4950,30.23
2026-08-10,Newcastle,Gopalpur,Panamax,4840,25.66
2026-08-10,Samarinda,Paradip,Panamax,2150,12.86
2026-08-10,Samarinda,Visakhapatnam (Outer),Panamax,2190,13.17
2026-08-10,Samarinda,Visakhapatnam (Inner),Supramax,2190,15.16
2026-08-10,Samarinda,Dhamra,Panamax,2130,12.63
2026-08-10,Samarinda,Gangavaram,Panamax,2200,12.75
2026-08-10,Samarinda,Haldia,Handysize,2280,16.97
2026-08-10,Samarinda,Gopalpur,Supramax,2160,14.71
2026-08-10,Richards Bay,Paradip,Capesize,4450,19.06
2026-08-10,Richards Bay,Visakhapatnam (Outer),Capesize,4410,19.76
2026-08-10,Richards Bay,Visakhapatnam (Inner),Panamax,4410,23.37
2026-08-10,Richards Bay,Dhamra,Capesize,4480,19.79
2026-08-10,Richards Bay,Gangavaram,Capesize,4400,19.46
2026-08-10,Richards Bay,Haldia,Supramax,4580,28.37
2026-08-10,Richards Bay,Gopalpur,Panamax,4430,23.39
2026-08-10,Maputo,Paradip,Panamax,4250,22.25
2026-08-10,Maputo,Visakhapatnam (Outer),Panamax,4210,22.74
2026-08-10,Maputo,Visakhapatnam (Inner),Supramax,4210,25.97
2026-08-10,Maputo,Dhamra,Panamax,4280,22.67
2026-08-10,Maputo,Gangavaram,Panamax,4200,22.05
2026-08-10,Maputo,Haldia,Handysize,4380,30.0
2026-08-10,Maputo,Gopalpur,Supramax,4230,26.55
2026-08-10,Norfolk,Paradip,Capesize,9150,36.14
2026-08-10,Norfolk,Visakhapatnam (Outer),Capesize,9110,36.21
2026-08-10,Norfolk,Visakhapatnam (Inner),Panamax,9110,43.09
2026-08-10,Norfolk,Dhamra,Capesize,9180,35.23
2026-08-10,Norfolk,Gangavaram,Capesize,9100,35.97
2026-08-10,Norfolk,Haldia,Supramax,9280,51.63
2026-08-10,Norfolk,Gopalpur,Panamax,9130,43.85
2026-08-17,Newcastle,Paradip,Panamax,4820,25.96
2026-08-17,Newcastle,Visakhapatnam (Outer),Capesize,4870,21.9
2026-08-17,Newcastle,Visakhapatnam (Inner),Panamax,4870,26.79
2026-08-17,Newcastle,Dhamra,Capesize,4800,21.62
2026-08-17,Newcastle,Gangavaram,Capesize,4880,21.97
2026-08-17,Newcastle,Haldia,Supramax,4950,31.42
2026-08-17,Newcastle,Gopalpur,Panamax,4840,26.37
2026-08-17,Samarinda,Paradip,Panamax,2150,13.21
2026-08-17,Samarinda,Visakhapatnam (Outer),Panamax,2190,13.33
2026-08-17,Samarinda,Visakhapatnam (Inner),Supramax,2190,15.2
2026-08-17,Samarinda,Dhamra,Panamax,2130,13.38
2026-08-17,Samarinda,Gangavaram,Panamax,2200,13.4
2026-08-17,Samarinda,Haldia,Handysize,2280,17.86
2026-08-17,Samarinda,Gopalpur,Supramax,2160,15.21
2026-08-17,Richards Bay,Paradip,Capesize,4450,19.96
2026-08-17,Richards Bay,Visakhapatnam (Outer),Capesize,4410,20.32
2026-08-17,Richards Bay,Visakhapatnam (Inner),Panamax,4410,24.47
2026-08-17,Richards Bay,Dhamra,Capesize,4480,20.36
2026-08-17,Richards Bay,Gangavaram,Capesize,4400,20.64
2026-08-17,Richards Bay,Haldia,Supramax,4580,29.39
2026-08-17,Richards Bay,Gopalpur,Panamax,4430,24.59
2026-08-17,Maputo,Paradip,Panamax,4250,23.54
2026-08-17,Maputo,Visakhapatnam (Outer),Panamax,4210,23.87
2026-08-17,Maputo,Visakhapatnam (Inner),Supramax,4210,27.78
2026-08-17,Maputo,Dhamra,Panamax,4280,24.34
2026-08-17,Maputo,Gangavaram,Panamax,4200,23.62
2026-08-17,Maputo,Haldia,Handysize,4380,31.97
2026-08-17,Maputo,Gopalpur,Supramax,4230,27.02
2026-08-17,Norfolk,Paradip,Capesize,9150,37.77
2026-08-17,Norfolk,Visakhapatnam (Outer),Capesize,9110,38.42
2026-08-17,Norfolk,Visakhapatnam (Inner),Panamax,9110,44.72
2026-08-17,Norfolk,Dhamra,Capesize,9180,37.93
2026-08-17,Norfolk,Gangavaram,Capesize,9100,36.78
2026-08-17,Norfolk,Haldia,Supramax,9280,53.87
2026-08-17,Norfolk,Gopalpur,Panamax,9130,46.53
2026-08-24,Newcastle,Paradip,Panamax,4820,27.25
2026-08-24,Newcastle,Visakhapatnam (Outer),Capesize,4870,22.44
2026-08-24,Newcastle,Visakhapatnam (Inner),Panamax,4870,28.12
2026-08-24,Newcastle,Dhamra,Capesize,4800,22.12
2026-08-24,Newcastle,Gangavaram,Capesize,4880,23.22
2026-08-24,Newcastle,Haldia,Supramax,4950,31.76
2026-08-24,Newcastle,Gopalpur,Panamax,4840,27.64
2026-08-24,Samarinda,Paradip,Panamax,2150,13.91
2026-08-24,Samarinda,Visakhapatnam (Outer),Panamax,2190,14.0
2026-08-24,Samarinda,Visakhapatnam (Inner),Supramax,2190,16.16
2026-08-24,Samarinda,Dhamra,Panamax,2130,13.64
2026-08-24,Samarinda,Gangavaram,Panamax,2200,14.42
2026-08-24,Samarinda,Haldia,Handysize,2280,18.85
2026-08-24,Samarinda,Gopalpur,Supramax,2160,16.02
2026-08-24,Richards Bay,Paradip,Capesize,4450,20.72
2026-08-24,Richards Bay,Visakhapatnam (Outer),Capesize,4410,21.39
2026-08-24,Richards Bay,Visakhapatnam (Inner),Panamax,4410,25.25
2026-08-24,Richards Bay,Dhamra,Capesize,4480,21.61
2026-08-24,Richards Bay,Gangavaram,Capesize,4400,21.32
2026-08-24,Richards Bay,Haldia,Supramax,4580,30.4
2026-08-24,Richards Bay,Gopalpur,Panamax,4430,25.94
2026-08-24,Maputo,Paradip,Panamax,4250,24.19
2026-08-24,Maputo,Visakhapatnam (Outer),Panamax,4210,25.04
2026-08-24,Maputo,Visakhapatnam (Inner),Supramax,4210,28.57
2026-08-24,Maputo,Dhamra,Panamax,4280,24.9
2026-08-24,Maputo,Gangavaram,Panamax,4200,25.05
2026-08-24,Maputo,Haldia,Handysize,4380,32.31
2026-08-24,Maputo,Gopalpur,Supramax,4230,28.24
2026-08-24,Norfolk,Paradip,Capesize,9150,38.45
2026-08-24,Norfolk,Visakhapatnam (Outer),Capesize,9110,38.7
2026-08-24,Norfolk,Visakhapatnam (Inner),Panamax,9110,48.32
2026-08-24,Norfolk,Dhamra,Capesize,9180,39.42
2026-08-24,Norfolk,Gangavaram,Capesize,9100,38.07
2026-08-24,Norfolk,Haldia,Supramax,9280,55.88
2026-08-24,Norfolk,Gopalpur,Panamax,9130,47.34
2026-08-31,Newcastle,Paradip,Panamax,4820,28.4
2026-08-31,Newcastle,Visakhapatnam (Outer),Capesize,4870,23.61
2026-08-31,Newcastle,Visakhapatnam (Inner),Panamax,4870,29.02
2026-08-31,Newcastle,Dhamra,Capesize,4800,23.77
2026-08-31,Newcastle,Gangavaram,Capesize,4880,22.97
2026-08-31,Newcastle,Haldia,Supramax,4950,33.82
2026-08-31,Newcastle,Gopalpur,Panamax,4840,27.79
2026-08-31,Samarinda,Paradip,Panamax,2150,14.55
2026-08-31,Samarinda,Visakhapatnam (Outer),Panamax,2190,14.39
2026-08-31,Samarinda,Visakhapatnam (Inner),Supramax,2190,16.49
2026-08-31,Samarinda,Dhamra,Panamax,2130,14.33
2026-08-31,Samarinda,Gangavaram,Panamax,2200,14.76
2026-08-31,Samarinda,Haldia,Handysize,2280,19.85
2026-08-31,Samarinda,Gopalpur,Supramax,2160,16.69
2026-08-31,Richards Bay,Paradip,Capesize,4450,22.28
2026-08-31,Richards Bay,Visakhapatnam (Outer),Capesize,4410,21.33
2026-08-31,Richards Bay,Visakhapatnam (Inner),Panamax,4410,25.59
2026-08-31,Richards Bay,Dhamra,Capesize,4480,21.43
2026-08-31,Richards Bay,Gangavaram,Capesize,4400,21.59
2026-08-31,Richards Bay,Haldia,Supramax,4580,31.8
2026-08-31,Richards Bay,Gopalpur,Panamax,4430,26.14
2026-08-31,Maputo,Paradip,Panamax,4250,25.12
2026-08-31,Maputo,Visakhapatnam (Outer),Panamax,4210,25.34
2026-08-31,Maputo,Visakhapatnam (Inner),Supramax,4210,28.3
2026-08-31,Maputo,Dhamra,Panamax,4280,25.02
2026-08-31,Maputo,Gangavaram,Panamax,4200,25.65
2026-08-31,Maputo,Haldia,Handysize,4380,33.13
2026-08-31,Maputo,Gopalpur,Supramax,4230,28.65
2026-08-31,Norfolk,Paradip,Capesize,9150,41.15
2026-08-31,Norfolk,Visakhapatnam (Outer),Capesize,9110,39.77
2026-08-31,Norfolk,Visakhapatnam (Inner),Panamax,9110,48.15
2026-08-31,Norfolk,Dhamra,Capesize,9180,39.87
2026-08-31,Norfolk,Gangavaram,Capesize,9100,40.48
2026-08-31,Norfolk,Haldia,Supramax,9280,55.32
2026-08-31,Norfolk,Gopalpur,Panamax,9130,49.87
2026-09-07,Newcastle,Paradip,Panamax,4820,28.6
2026-09-07,Newcastle,Visakhapatnam (Outer),Capesize,4870,23.37
2026-09-07,Newcastle,Visakhapatnam (Inner),Panamax,4870,28.68
2026-09-07,Newcastle,Dhamra,Capesize,4800,23.32
2026-09-07,Newcastle,Gangavaram,Capesize,4880,23.53
2026-09-07,Newcastle,Haldia,Supramax,4950,34.43
2026-09-07,Newcastle,Gopalpur,Panamax,4840,28.66
2026-09-07,Samarinda,Paradip,Panamax,2150,14.1
2026-09-07,Samarinda,Visakhapatnam (Outer),Panamax,2190,14.72
2026-09-07,Samarinda,Visakhapatnam (Inner),Supramax,2190,16.88
2026-09-07,Samarinda,Dhamra,Panamax,2130,14.38
2026-09-07,Samarinda,Gangavaram,Panamax,2200,14.81
2026-09-07,Samarinda,Haldia,Handysize,2280,19.15
2026-09-07,Samarinda,Gopalpur,Supramax,2160,16.84
2026-09-07,Richards Bay,Paradip,Capesize,4450,22.25
2026-09-07,Richards Bay,Visakhapatnam (Outer),Capesize,4410,22.38
2026-09-07,Richards Bay,Visakhapatnam (Inner),Panamax,4410,26.74
2026-09-07,Richards Bay,Dhamra,Capesize,4480,22.29
2026-09-07,Richards Bay,Gangavaram,Capesize,4400,22.16
2026-09-07,Richards Bay,Haldia,Supramax,4580,31.94
2026-09-07,Richards Bay,Gopalpur,Panamax,4430,26.12
2026-09-07,Maputo,Paradip,Panamax,4250,25.99
2026-09-07,Maputo,Visakhapatnam (Outer),Panamax,4210,25.39
2026-09-07,Maputo,Visakhapatnam (Inner),Supramax,4210,30.05
2026-09-07,Maputo,Dhamra,Panamax,4280,25.33
2026-09-07,Maputo,Gangavaram,Panamax,4200,24.91
2026-09-07,Maputo,Haldia,Handysize,4380,34.06
2026-09-07,Maputo,Gopalpur,Supramax,4230,29.6
2026-09-07,Norfolk,Paradip,Capesize,9150,40.79
2026-09-07,Norfolk,Visakhapatnam (Outer),Capesize,9110,40.98
2026-09-07,Norfolk,Visakhapatnam (Inner),Panamax,9110,50.41
2026-09-07,Norfolk,Dhamra,Capesize,9180,41.09
2026-09-07,Norfolk,Gangavaram,Capesize,9100,41.14
2026-09-07,Norfolk,Haldia,Supramax,9280,57.27
2026-09-07,Norfolk,Gopalpur,Panamax,9130,48.53
