run_id,model_name,vessel_class,training_date,rmse,mape_percent,r2_score,top_feature,model_status
RUN-0001,SARIMAX_Bunker_Forecaster,Supramax,2026-05-06,2.46,7.4,0.872,baltic_dry_index,Archived
RUN-0002,SARIMAX_Bunker_Forecaster,Supramax,2025-10-02,1.53,6.06,0.861,baltic_dry_index,Archived
RUN-0003,RandomForest_Demurrage_Estimator,Panamax,2025-12-11,2.15,6.4,0.844,baltic_dry_index,Staging
RUN-0004,SARIMAX_Bunker_Forecaster,All_Classes,2024-09-06,1.92,9.28,0.885,bunker_price_vlsfo,Deployed
RUN-0005,XGBoost_Freight_Predictor,Capesize,2025-11-18,1.11,3.51,0.944,baltic_dry_index,Staging
RUN-0006,RandomForest_Demurrage_Estimator,Panamax,2026-04-08,2.14,8.78,0.857,distance_nm,Archived
RUN-0007,LightGBM_Congestion_Predictor,Supramax,2025-03-15,1.01,4.74,0.955,seasonal_monsoon_flag,Archived
RUN-0008,XGBoost_Freight_Predictor,Capesize,2025-10-26,1.36,3.22,0.892,seasonal_monsoon_flag,Deployed
RUN-0009,LightGBM_Congestion_Predictor,Capesize,2025-10-24,0.82,5.08,0.888,port_congestion_wait_days,Archived
RUN-0010,RandomForest_Demurrage_Estimator,All_Classes,2025-12-08,2.77,9.04,0.816,seasonal_monsoon_flag,Archived
RUN-0011,RandomForest_Demurrage_Estimator,All_Classes,2024-10-06,2.65,6.7,0.811,bunker_price_vlsfo,Archived
RUN-0012,SARIMAX_Bunker_Forecaster,Handysize,2024-06-03,2.31,8.56,0.882,seasonal_monsoon_flag,Archived
RUN-0013,SARIMAX_Bunker_Forecaster,Handysize,2024-05-21,2.15,5.08,0.843,distance_nm,Archived
RUN-0014,RandomForest_Demurrage_Estimator,All_Classes,2025-09-17,2.81,7.37,0.867,seasonal_monsoon_flag,Archived
RUN-0015,SARIMAX_Bunker_Forecaster,Capesize,2025-02-18,3.12,6.97,0.875,seasonal_monsoon_flag,Staging
RUN-0016,SARIMAX_Bunker_Forecaster,All_Classes,2026-01-06,2.98,6.34,0.843,trade_volume_monthly,Deployed
RUN-0017,XGBoost_Freight_Predictor,All_Classes,2025-09-20,1.15,5.13,0.923,distance_nm,Archived
RUN-0018,XGBoost_Freight_Predictor,Capesize,2025-06-20,1.74,4.62,0.9,distance_nm,Archived
RUN-0019,XGBoost_Freight_Predictor,Handysize,2025-11-18,1.04,3.99,0.925,trade_volume_monthly,Deployed
RUN-0020,XGBoost_Freight_Predictor,Capesize,2024-12-29,1.03,2.77,0.933,trade_volume_monthly,Archived
RUN-0021,XGBoost_Freight_Predictor,Panamax,2024-11-04,1.73,3.16,0.897,seasonal_monsoon_flag,Deployed
RUN-0022,RandomForest_Demurrage_Estimator,Capesize,2025-08-10,3.12,5.27,0.845,seasonal_monsoon_flag,Archived
RUN-0023,XGBoost_Freight_Predictor,Capesize,2025-11-08,1.21,5.13,0.932,port_congestion_wait_days,Archived
RUN-0024,LightGBM_Congestion_Predictor,Panamax,2024-10-05,1.05,3.05,0.944,distance_nm,Archived
RUN-0025,RandomForest_Demurrage_Estimator,Handysize,2025-10-04,2.43,7.3,0.788,distance_nm,Staging
RUN-0026,SARIMAX_Bunker_Forecaster,All_Classes,2024-07-19,1.99,7.76,0.866,seasonal_monsoon_flag,Staging
RUN-0027,RandomForest_Demurrage_Estimator,Supramax,2026-08-16,1.51,6.87,0.8,baltic_dry_index,Staging
RUN-0028,RandomForest_Demurrage_Estimator,Capesize,2026-08-05,2.7,7.15,0.884,trade_volume_monthly,Archived
RUN-0029,LightGBM_Congestion_Predictor,Handysize,2024-02-04,1.48,4.17,0.938,seasonal_monsoon_flag,Archived
RUN-0030,SARIMAX_Bunker_Forecaster,Supramax,2025-01-04,2.33,8.94,0.837,bunker_price_vlsfo,Deployed
RUN-0031,RandomForest_Demurrage_Estimator,Capesize,2026-05-20,2.7,9.41,0.788,baltic_dry_index,Deployed
RUN-0032,LightGBM_Congestion_Predictor,Handysize,2026-07-26,1.52,4.28,0.91,port_congestion_wait_days,Deployed
RUN-0033,SARIMAX_Bunker_Forecaster,Panamax,2025-02-24,3.08,8.26,0.816,port_congestion_wait_days,Deployed
RUN-0034,SARIMAX_Bunker_Forecaster,Panamax,2025-03-06,2.93,6.5,0.867,baltic_dry_index,Deployed
RUN-0035,RandomForest_Demurrage_Estimator,Supramax,2025-08-10,1.51,8.2,0.795,distance_nm,Staging
RUN-0036,LightGBM_Congestion_Predictor,All_Classes,2024-07-18,1.71,2.51,0.903,trade_volume_monthly,Deployed
RUN-0037,RandomForest_Demurrage_Estimator,Panamax,2024-06-11,3.12,9.0,0.787,seasonal_monsoon_flag,Archived
RUN-0038,XGBoost_Freight_Predictor,All_Classes,2026-01-06,1.17,2.51,0.883,seasonal_monsoon_flag,Deployed
RUN-0039,RandomForest_Demurrage_Estimator,Handysize,2026-03-05,1.6,8.49,0.818,trade_volume_monthly,Archived
RUN-0040,XGBoost_Freight_Predictor,Panamax,2025-06-19,1.38,3.87,0.908,bunker_price_vlsfo,Deployed
RUN-0041,XGBoost_Freight_Predictor,Supramax,2025-09-12,1.62,5.23,0.934,trade_volume_monthly,Archived
RUN-0042,SARIMAX_Bunker_Forecaster,Capesize,2025-07-28,1.62,6.62,0.888,distance_nm,Deployed
RUN-0043,XGBoost_Freight_Predictor,Capesize,2024-04-02,1.2,2.71,0.951,distance_nm,Archived
RUN-0044,XGBoost_Freight_Predictor,Supramax,2025-01-05,1.24,5.22,0.914,distance_nm,Deployed
RUN-0045,XGBoost_Freight_Predictor,Supramax,2025-03-18,0.97,4.95,0.92,distance_nm,Archived
RUN-0046,LightGBM_Congestion_Predictor,Supramax,2026-02-21,1.8,4.1,0.887,baltic_dry_index,Deployed
RUN-0047,RandomForest_Demurrage_Estimator,All_Classes,2025-09-19,2.69,5.88,0.827,distance_nm,Deployed
RUN-0048,RandomForest_Demurrage_Estimator,Supramax,2025-06-25,3.08,8.48,0.865,trade_volume_monthly,Staging
RUN-0049,RandomForest_Demurrage_Estimator,All_Classes,2024-07-27,1.67,7.38,0.821,seasonal_monsoon_flag,Deployed
RUN-0050,RandomForest_Demurrage_Estimator,Panamax,2026-01-15,2.05,5.63,0.814,distance_nm,Archived
RUN-0051,LightGBM_Congestion_Predictor,Capesize,2024-02-04,1.43,4.58,0.925,trade_volume_monthly,Archived
RUN-0052,RandomForest_Demurrage_Estimator,All_Classes,2024-12-12,3.19,9.12,0.811,distance_nm,Deployed
RUN-0053,SARIMAX_Bunker_Forecaster,Capesize,2024-03-15,2.76,6.96,0.872,trade_volume_monthly,Staging
RUN-0054,LightGBM_Congestion_Predictor,Capesize,2024-12-05,1.64,3.38,0.885,seasonal_monsoon_flag,Archived
RUN-0055,SARIMAX_Bunker_Forecaster,All_Classes,2025-04-20,3.04,7.2,0.818,seasonal_monsoon_flag,Deployed
RUN-0056,RandomForest_Demurrage_Estimator,Handysize,2025-02-27,2.55,8.24,0.815,trade_volume_monthly,Archived
RUN-0057,RandomForest_Demurrage_Estimator,Capesize,2025-10-15,1.55,9.13,0.783,distance_nm,Deployed
RUN-0058,LightGBM_Congestion_Predictor,Capesize,2025-05-02,1.64,5.35,0.933,trade_volume_monthly,Archived
RUN-0059,LightGBM_Congestion_Predictor,Supramax,2024-01-11,1.02,4.49,0.931,distance_nm,Deployed
RUN-0060,RandomForest_Demurrage_Estimator,Supramax,2024-10-22,2.71,5.52,0.828,bunker_price_vlsfo,Archived
RUN-0061,LightGBM_Congestion_Predictor,All_Classes,2025-08-12,0.99,4.94,0.954,baltic_dry_index,Archived
RUN-0062,SARIMAX_Bunker_Forecaster,All_Classes,2024-04-19,1.55,6.31,0.885,seasonal_monsoon_flag,Archived
RUN-0063,RandomForest_Demurrage_Estimator,Panamax,2024-02-06,2.11,7.92,0.83,baltic_dry_index,Archived
RUN-0064,RandomForest_Demurrage_Estimator,All_Classes,2025-11-01,2.7,8.07,0.845,trade_volume_monthly,Deployed
RUN-0065,LightGBM_Congestion_Predictor,Capesize,2026-07-30,1.74,5.38,0.917,baltic_dry_index,Staging
RUN-0066,LightGBM_Congestion_Predictor,Supramax,2024-06-21,1.08,3.82,0.928,distance_nm,Staging
RUN-0067,RandomForest_Demurrage_Estimator,All_Classes,2025-03-06,2.43,6.0,0.785,seasonal_monsoon_flag,Archived
RUN-0068,LightGBM_Congestion_Predictor,All_Classes,2026-08-02,0.94,5.47,0.925,port_congestion_wait_days,Archived
RUN-0069,XGBoost_Freight_Predictor,Capesize,2024-08-11,1.19,3.13,0.895,seasonal_monsoon_flag,Staging
RUN-0070,RandomForest_Demurrage_Estimator,Supramax,2026-09-02,1.67,6.05,0.856,seasonal_monsoon_flag,Archived
RUN-0071,RandomForest_Demurrage_Estimator,All_Classes,2026-02-17,1.71,6.98,0.804,distance_nm,Archived
RUN-0072,XGBoost_Freight_Predictor,Capesize,2024-08-21,1.74,2.9,0.922,trade_volume_monthly,Staging
RUN-0073,SARIMAX_Bunker_Forecaster,Handysize,2025-01-02,2.77,6.26,0.817,seasonal_monsoon_flag,Deployed
RUN-0074,RandomForest_Demurrage_Estimator,Panamax,2024-05-25,3.18,5.08,0.887,trade_volume_monthly,Archived
RUN-0075,LightGBM_Congestion_Predictor,Panamax,2024-11-09,1.37,4.11,0.884,trade_volume_monthly,Archived
RUN-0076,XGBoost_Freight_Predictor,All_Classes,2026-03-01,1.4,3.0,0.881,seasonal_monsoon_flag,Deployed
RUN-0077,SARIMAX_Bunker_Forecaster,Capesize,2024-05-29,2.8,5.67,0.819,trade_volume_monthly,Archived
RUN-0078,XGBoost_Freight_Predictor,All_Classes,2026-08-06,0.99,2.64,0.922,baltic_dry_index,Deployed
RUN-0079,SARIMAX_Bunker_Forecaster,Handysize,2025-10-24,2.97,7.76,0.848,bunker_price_vlsfo,Staging
RUN-0080,RandomForest_Demurrage_Estimator,Panamax,2026-06-24,1.58,7.7,0.817,port_congestion_wait_days,Archived
RUN-0081,XGBoost_Freight_Predictor,Handysize,2026-04-23,1.16,3.95,0.957,port_congestion_wait_days,Deployed
RUN-0082,LightGBM_Congestion_Predictor,Capesize,2025-10-16,1.62,2.53,0.954,trade_volume_monthly,Archived
RUN-0083,XGBoost_Freight_Predictor,Supramax,2026-02-25,0.99,2.83,0.942,port_congestion_wait_days,Staging
RUN-0084,XGBoost_Freight_Predictor,All_Classes,2025-03-26,1.56,3.71,0.933,trade_volume_monthly,Deployed
RUN-0085,XGBoost_Freight_Predictor,Panamax,2024-07-23,1.02,3.54,0.939,distance_nm,Staging
RUN-0086,XGBoost_Freight_Predictor,Handysize,2025-12-18,0.99,3.83,0.888,seasonal_monsoon_flag,Archived
RUN-0087,SARIMAX_Bunker_Forecaster,Handysize,2024-08-14,2.52,7.14,0.834,seasonal_monsoon_flag,Deployed
RUN-0088,SARIMAX_Bunker_Forecaster,Supramax,2026-01-10,2.78,6.23,0.813,trade_volume_monthly,Staging
RUN-0089,SARIMAX_Bunker_Forecaster,Supramax,2025-04-20,2.94,6.35,0.852,distance_nm,Staging
RUN-0090,RandomForest_Demurrage_Estimator,Handysize,2024-04-11,1.75,5.3,0.839,seasonal_monsoon_flag,Archived
RUN-0091,RandomForest_Demurrage_Estimator,Capesize,2025-01-02,2.26,6.5,0.837,trade_volume_monthly,Archived
RUN-0092,LightGBM_Congestion_Predictor,All_Classes,2024-04-17,1.41,4.77,0.946,port_congestion_wait_days,Archived
RUN-0093,XGBoost_Freight_Predictor,Supramax,2024-11-19,1.69,2.81,0.949,trade_volume_monthly,Archived
RUN-0094,LightGBM_Congestion_Predictor,Handysize,2025-05-26,1.73,2.89,0.908,distance_nm,Archived
RUN-0095,RandomForest_Demurrage_Estimator,Capesize,2024-05-21,2.38,8.46,0.846,bunker_price_vlsfo,Staging
RUN-0096,RandomForest_Demurrage_Estimator,Supramax,2025-10-31,2.84,8.39,0.836,trade_volume_monthly,Archived
RUN-0097,XGBoost_Freight_Predictor,Handysize,2026-01-25,1.63,4.39,0.882,port_congestion_wait_days,Archived
RUN-0098,RandomForest_Demurrage_Estimator,All_Classes,2026-02-28,3.13,5.37,0.858,baltic_dry_index,Deployed
RUN-0099,LightGBM_Congestion_Predictor,Capesize,2025-02-07,1.63,2.97,0.914,port_congestion_wait_days,Staging
RUN-0100,SARIMAX_Bunker_Forecaster,Supramax,2024-12-15,2.24,8.78,0.865,port_congestion_wait_days,Archived
RUN-0101,XGBoost_Freight_Predictor,Supramax,2024-08-05,1.64,4.64,0.895,distance_nm,Archived
RUN-0102,XGBoost_Freight_Predictor,Panamax,2025-06-26,0.83,3.34,0.905,port_congestion_wait_days,Staging
RUN-0103,XGBoost_Freight_Predictor,Supramax,2026-01-21,1.3,3.72,0.927,trade_volume_monthly,Archived
RUN-0104,LightGBM_Congestion_Predictor,Panamax,2025-08-20,1.14,3.39,0.901,distance_nm,Archived
RUN-0105,RandomForest_Demurrage_Estimator,Supramax,2024-06-04,1.96,8.07,0.867,trade_volume_monthly,Staging
RUN-0106,RandomForest_Demurrage_Estimator,All_Classes,2025-07-08,2.69,7.9,0.807,port_congestion_wait_days,Archived
RUN-0107,LightGBM_Congestion_Predictor,All_Classes,2025-01-15,1.0,4.74,0.895,baltic_dry_index,Archived
RUN-0108,XGBoost_Freight_Predictor,Supramax,2025-09-06,1.63,4.93,0.95,port_congestion_wait_days,Staging
RUN-0109,SARIMAX_Bunker_Forecaster,Handysize,2025-09-25,1.68,8.23,0.787,baltic_dry_index,Archived
RUN-0110,LightGBM_Congestion_Predictor,Panamax,2025-12-02,0.91,2.76,0.958,bunker_price_vlsfo,Staging
RUN-0111,XGBoost_Freight_Predictor,Capesize,2026-05-19,1.04,5.26,0.894,distance_nm,Deployed
RUN-0112,XGBoost_Freight_Predictor,Supramax,2026-02-01,1.43,3.29,0.949,port_congestion_wait_days,Deployed
RUN-0113,SARIMAX_Bunker_Forecaster,Handysize,2024-06-07,2.74,6.39,0.88,seasonal_monsoon_flag,Archived
RUN-0114,SARIMAX_Bunker_Forecaster,All_Classes,2026-03-23,2.96,8.14,0.845,baltic_dry_index,Archived
RUN-0115,SARIMAX_Bunker_Forecaster,All_Classes,2025-10-05,3.12,6.23,0.828,seasonal_monsoon_flag,Deployed
RUN-0116,LightGBM_Congestion_Predictor,All_Classes,2026-07-17,1.69,3.7,0.898,bunker_price_vlsfo,Staging
RUN-0117,RandomForest_Demurrage_Estimator,Panamax,2024-07-29,2.79,5.0,0.808,port_congestion_wait_days,Deployed
RUN-0118,XGBoost_Freight_Predictor,Supramax,2025-08-25,1.0,5.28,0.957,baltic_dry_index,Deployed
RUN-0119,LightGBM_Congestion_Predictor,All_Classes,2026-09-01,0.86,3.27,0.956,bunker_price_vlsfo,Archived
RUN-0120,XGBoost_Freight_Predictor,Capesize,2025-02-23,1.28,4.3,0.942,seasonal_monsoon_flag,Deployed
RUN-0121,XGBoost_Freight_Predictor,Supramax,2024-04-29,1.13,3.11,0.894,port_congestion_wait_days,Staging
RUN-0122,RandomForest_Demurrage_Estimator,Capesize,2025-04-23,1.72,7.95,0.834,baltic_dry_index,Deployed
RUN-0123,SARIMAX_Bunker_Forecaster,Panamax,2026-01-14,3.07,6.16,0.868,port_congestion_wait_days,Deployed
RUN-0124,SARIMAX_Bunker_Forecaster,Supramax,2026-03-03,2.06,7.84,0.889,baltic_dry_index,Archived
RUN-0125,LightGBM_Congestion_Predictor,Capesize,2025-03-25,1.24,5.49,0.883,trade_volume_monthly,Deployed
RUN-0126,XGBoost_Freight_Predictor,Supramax,2025-09-03,1.79,4.86,0.942,distance_nm,Archived
RUN-0127,LightGBM_Congestion_Predictor,Capesize,2024-12-21,0.88,5.32,0.881,trade_volume_monthly,Staging
RUN-0128,SARIMAX_Bunker_Forecaster,Capesize,2026-06-17,2.69,9.12,0.832,seasonal_monsoon_flag,Archived
RUN-0129,LightGBM_Congestion_Predictor,Supramax,2026-06-16,1.59,5.17,0.936,bunker_price_vlsfo,Archived
RUN-0130,RandomForest_Demurrage_Estimator,All_Classes,2025-03-24,2.94,9.1,0.78,bunker_price_vlsfo,Deployed
RUN-0131,LightGBM_Congestion_Predictor,Panamax,2024-09-07,1.47,3.34,0.913,trade_volume_monthly,Archived
RUN-0132,SARIMAX_Bunker_Forecaster,Handysize,2024-09-23,2.13,6.68,0.84,trade_volume_monthly,Staging
RUN-0133,RandomForest_Demurrage_Estimator,Handysize,2026-01-07,1.79,7.51,0.813,seasonal_monsoon_flag,Archived
RUN-0134,LightGBM_Congestion_Predictor,All_Classes,2026-01-03,1.73,5.03,0.923,distance_nm,Staging
RUN-0135,SARIMAX_Bunker_Forecaster,Capesize,2026-05-31,1.62,6.51,0.871,bunker_price_vlsfo,Staging
RUN-0136,SARIMAX_Bunker_Forecaster,All_Classes,2025-09-19,2.78,9.31,0.812,trade_volume_monthly,Archived
RUN-0137,LightGBM_Congestion_Predictor,Panamax,2024-02-06,1.41,5.4,0.928,baltic_dry_index,Staging
RUN-0138,LightGBM_Congestion_Predictor,Supramax,2025-03-02,1.75,3.93,0.93,distance_nm,Archived
RUN-0139,LightGBM_Congestion_Predictor,All_Classes,2026-07-27,1.0,4.35,0.928,baltic_dry_index,Deployed
RUN-0140,RandomForest_Demurrage_Estimator,All_Classes,2024-03-24,1.53,6.62,0.807,seasonal_monsoon_flag,Staging
RUN-0141,RandomForest_Demurrage_Estimator,Capesize,2024-02-27,1.54,5.17,0.885,bunker_price_vlsfo,Staging
RUN-0142,XGBoost_Freight_Predictor,Handysize,2026-06-18,1.27,3.94,0.935,baltic_dry_index,Staging
RUN-0143,LightGBM_Congestion_Predictor,Panamax,2024-02-25,1.75,3.18,0.908,trade_volume_monthly,Deployed
RUN-0144,XGBoost_Freight_Predictor,All_Classes,2024-10-12,1.77,2.68,0.909,port_congestion_wait_days,Staging
RUN-0145,LightGBM_Congestion_Predictor,All_Classes,2026-04-22,1.63,2.94,0.888,bunker_price_vlsfo,Staging
RUN-0146,RandomForest_Demurrage_Estimator,Handysize,2025-01-30,1.55,8.65,0.854,trade_volume_monthly,Archived
RUN-0147,XGBoost_Freight_Predictor,All_Classes,2024-01-03,1.56,4.09,0.905,distance_nm,Staging
RUN-0148,LightGBM_Congestion_Predictor,Capesize,2026-03-16,1.55,2.72,0.889,bunker_price_vlsfo,Staging
RUN-0149,RandomForest_Demurrage_Estimator,Capesize,2024-10-09,1.77,7.49,0.812,distance_nm,Deployed
RUN-0150,LightGBM_Congestion_Predictor,Supramax,2024-02-05,1.69,4.52,0.895,port_congestion_wait_days,Staging
RUN-0151,LightGBM_Congestion_Predictor,Handysize,2024-07-02,1.18,4.44,0.917,port_congestion_wait_days,Deployed
RUN-0152,SARIMAX_Bunker_Forecaster,Panamax,2026-07-27,3.12,7.2,0.781,port_congestion_wait_days,Deployed
RUN-0153,RandomForest_Demurrage_Estimator,Handysize,2025-10-26,3.1,8.39,0.841,trade_volume_monthly,Staging
RUN-0154,SARIMAX_Bunker_Forecaster,Handysize,2026-07-03,2.54,7.54,0.819,bunker_price_vlsfo,Deployed
RUN-0155,XGBoost_Freight_Predictor,All_Classes,2024-06-13,1.05,4.73,0.897,bunker_price_vlsfo,Staging
RUN-0156,SARIMAX_Bunker_Forecaster,Panamax,2024-01-11,1.79,6.09,0.847,seasonal_monsoon_flag,Archived
RUN-0157,LightGBM_Congestion_Predictor,Supramax,2026-07-29,1.59,4.8,0.943,distance_nm,Staging
RUN-0158,XGBoost_Freight_Predictor,Panamax,2026-05-08,1.79,5.4,0.888,trade_volume_monthly,Staging
RUN-0159,LightGBM_Congestion_Predictor,Capesize,2024-05-24,1.14,5.16,0.953,baltic_dry_index,Staging
RUN-0160,LightGBM_Congestion_Predictor,Supramax,2026-03-14,1.34,4.22,0.95,seasonal_monsoon_flag,Deployed
RUN-0161,LightGBM_Congestion_Predictor,Handysize,2024-02-03,1.15,5.02,0.96,trade_volume_monthly,Archived
RUN-0162,SARIMAX_Bunker_Forecaster,Supramax,2025-11-24,1.88,7.85,0.802,trade_volume_monthly,Archived
RUN-0163,RandomForest_Demurrage_Estimator,All_Classes,2024-05-25,2.24,7.45,0.811,distance_nm,Archived
RUN-0164,XGBoost_Freight_Predictor,All_Classes,2024-07-22,1.51,4.07,0.93,baltic_dry_index,Archived
RUN-0165,RandomForest_Demurrage_Estimator,Panamax,2026-06-11,2.6,5.06,0.859,bunker_price_vlsfo,Archived
RUN-0166,RandomForest_Demurrage_Estimator,Panamax,2026-01-14,1.51,8.66,0.871,bunker_price_vlsfo,Archived
RUN-0167,SARIMAX_Bunker_Forecaster,Panamax,2025-12-14,2.57,6.24,0.802,distance_nm,Deployed
RUN-0168,LightGBM_Congestion_Predictor,Supramax,2025-09-17,1.52,2.68,0.935,distance_nm,Staging
RUN-0169,RandomForest_Demurrage_Estimator,Handysize,2024-10-07,1.61,6.69,0.826,port_congestion_wait_days,Archived
RUN-0170,RandomForest_Demurrage_Estimator,Panamax,2024-08-09,2.23,5.67,0.835,port_congestion_wait_days,Archived
RUN-0171,LightGBM_Congestion_Predictor,All_Classes,2025-03-27,1.02,3.62,0.919,port_congestion_wait_days,Archived
RUN-0172,SARIMAX_Bunker_Forecaster,Handysize,2024-09-07,2.05,9.32,0.843,bunker_price_vlsfo,Staging
RUN-0173,XGBoost_Freight_Predictor,Panamax,2026-01-07,0.99,2.66,0.92,distance_nm,Staging
RUN-0174,SARIMAX_Bunker_Forecaster,Supramax,2024-05-16,2.84,8.21,0.838,trade_volume_monthly,Archived
RUN-0175,SARIMAX_Bunker_Forecaster,Handysize,2025-01-22,1.81,5.5,0.79,trade_volume_monthly,Archived
RUN-0176,LightGBM_Congestion_Predictor,Panamax,2025-03-10,1.59,3.77,0.935,distance_nm,Archived
RUN-0177,SARIMAX_Bunker_Forecaster,Supramax,2025-06-16,3.12,8.14,0.805,distance_nm,Deployed
RUN-0178,LightGBM_Congestion_Predictor,Panamax,2024-11-01,1.58,4.63,0.935,bunker_price_vlsfo,Staging
RUN-0179,LightGBM_Congestion_Predictor,Handysize,2025-08-26,1.0,2.73,0.953,port_congestion_wait_days,Archived
RUN-0180,SARIMAX_Bunker_Forecaster,Panamax,2024-03-28,2.39,9.45,0.827,baltic_dry_index,Deployed
RUN-0181,LightGBM_Congestion_Predictor,Capesize,2024-05-05,0.99,2.79,0.895,distance_nm,Archived
RUN-0182,RandomForest_Demurrage_Estimator,Handysize,2024-01-16,2.96,9.46,0.874,baltic_dry_index,Archived
RUN-0183,SARIMAX_Bunker_Forecaster,Capesize,2024-03-14,1.99,6.69,0.879,port_congestion_wait_days,Deployed
RUN-0184,LightGBM_Congestion_Predictor,Panamax,2025-07-24,1.11,3.24,0.934,trade_volume_monthly,Archived
RUN-0185,LightGBM_Congestion_Predictor,Panamax,2025-05-07,1.44,4.71,0.935,trade_volume_monthly,Archived
RUN-0186,XGBoost_Freight_Predictor,Capesize,2024-08-16,1.72,5.41,0.94,trade_volume_monthly,Archived
RUN-0187,SARIMAX_Bunker_Forecaster,Panamax,2026-07-22,1.6,6.79,0.856,port_congestion_wait_days,Deployed
RUN-0188,XGBoost_Freight_Predictor,Supramax,2025-07-28,1.55,3.93,0.936,seasonal_monsoon_flag,Archived
RUN-0189,SARIMAX_Bunker_Forecaster,Capesize,2026-05-22,2.66,7.79,0.8,distance_nm,Staging
RUN-0190,RandomForest_Demurrage_Estimator,Handysize,2024-03-07,1.97,9.47,0.841,distance_nm,Deployed
RUN-0191,SARIMAX_Bunker_Forecaster,Supramax,2024-10-13,2.41,6.01,0.843,port_congestion_wait_days,Staging
RUN-0192,RandomForest_Demurrage_Estimator,Supramax,2024-10-26,1.84,7.72,0.875,baltic_dry_index,Archived
RUN-0193,XGBoost_Freight_Predictor,Panamax,2024-11-17,1.24,4.84,0.894,distance_nm,Staging
RUN-0194,SARIMAX_Bunker_Forecaster,Handysize,2026-08-30,1.9,5.95,0.89,distance_nm,Archived
RUN-0195,SARIMAX_Bunker_Forecaster,Supramax,2024-12-05,2.45,9.01,0.843,distance_nm,Archived
RUN-0196,XGBoost_Freight_Predictor,Capesize,2025-06-25,1.05,3.83,0.888,baltic_dry_index,Archived
RUN-0197,SARIMAX_Bunker_Forecaster,All_Classes,2024-05-06,2.38,5.36,0.793,bunker_price_vlsfo,Deployed
RUN-0198,RandomForest_Demurrage_Estimator,Handysize,2025-03-29,2.49,5.66,0.878,seasonal_monsoon_flag,Staging
RUN-0199,XGBoost_Freight_Predictor,Handysize,2025-07-06,1.53,4.05,0.912,trade_volume_monthly,Archived
RUN-0200,SARIMAX_Bunker_Forecaster,Panamax,2024-11-16,1.93,9.07,0.8,baltic_dry_index,Staging
RUN-0201,RandomForest_Demurrage_Estimator,All_Classes,2024-02-16,2.92,8.81,0.829,seasonal_monsoon_flag,Deployed
RUN-0202,RandomForest_Demurrage_Estimator,Handysize,2025-11-12,2.57,6.92,0.788,trade_volume_monthly,Archived
RUN-0203,LightGBM_Congestion_Predictor,Panamax,2024-04-08,0.84,2.66,0.901,baltic_dry_index,Archived
RUN-0204,LightGBM_Congestion_Predictor,Panamax,2024-04-06,0.96,5.25,0.883,trade_volume_monthly,Archived
RUN-0205,XGBoost_Freight_Predictor,Supramax,2025-07-23,1.23,3.8,0.89,seasonal_monsoon_flag,Deployed
RUN-0206,RandomForest_Demurrage_Estimator,Supramax,2024-07-10,2.82,5.01,0.86,distance_nm,Archived
RUN-0207,RandomForest_Demurrage_Estimator,Handysize,2025-07-10,2.6,6.76,0.786,port_congestion_wait_days,Staging
RUN-0208,SARIMAX_Bunker_Forecaster,Panamax,2026-07-23,1.79,5.84,0.85,seasonal_monsoon_flag,Staging
RUN-0209,LightGBM_Congestion_Predictor,Panamax,2025-02-03,1.8,5.23,0.915,port_congestion_wait_days,Archived
RUN-0210,SARIMAX_Bunker_Forecaster,All_Classes,2026-06-07,3.18,9.32,0.789,bunker_price_vlsfo,Archived
RUN-0211,RandomForest_Demurrage_Estimator,Capesize,2024-09-15,2.77,9.24,0.84,trade_volume_monthly,Staging
RUN-0212,SARIMAX_Bunker_Forecaster,All_Classes,2026-05-20,1.7,9.31,0.872,trade_volume_monthly,Archived
RUN-0213,SARIMAX_Bunker_Forecaster,Handysize,2024-11-24,3.09,5.4,0.857,bunker_price_vlsfo,Archived
RUN-0214,RandomForest_Demurrage_Estimator,Panamax,2026-01-04,2.32,8.87,0.872,port_congestion_wait_days,Deployed
RUN-0215,LightGBM_Congestion_Predictor,All_Classes,2026-04-14,1.47,2.79,0.929,trade_volume_monthly,Staging
RUN-0216,RandomForest_Demurrage_Estimator,Supramax,2025-12-10,2.24,5.07,0.889,port_congestion_wait_days,Archived
RUN-0217,SARIMAX_Bunker_Forecaster,Handysize,2026-04-26,3.12,5.54,0.819,distance_nm,Deployed
RUN-0218,SARIMAX_Bunker_Forecaster,All_Classes,2024-06-21,2.93,8.17,0.801,seasonal_monsoon_flag,Staging
RUN-0219,XGBoost_Freight_Predictor,All_Classes,2025-08-24,0.89,4.31,0.926,port_congestion_wait_days,Archived
RUN-0220,RandomForest_Demurrage_Estimator,All_Classes,2025-03-20,2.86,8.97,0.886,trade_volume_monthly,Staging
RUN-0221,LightGBM_Congestion_Predictor,Panamax,2025-01-03,1.64,3.62,0.923,bunker_price_vlsfo,Archived
RUN-0222,XGBoost_Freight_Predictor,Handysize,2025-01-16,1.14,4.04,0.925,port_congestion_wait_days,Archived
RUN-0223,RandomForest_Demurrage_Estimator,Panamax,2025-12-19,2.56,5.81,0.84,distance_nm,Deployed
RUN-0224,LightGBM_Congestion_Predictor,Capesize,2025-08-07,1.22,3.73,0.956,distance_nm,Staging
RUN-0225,XGBoost_Freight_Predictor,Capesize,2025-07-08,1.47,5.06,0.907,baltic_dry_index,Deployed
RUN-0226,SARIMAX_Bunker_Forecaster,All_Classes,2025-02-28,1.6,5.95,0.814,baltic_dry_index,Archived
RUN-0227,SARIMAX_Bunker_Forecaster,Panamax,2026-01-10,2.78,8.19,0.783,distance_nm,Deployed
RUN-0228,XGBoost_Freight_Predictor,Capesize,2025-07-08,1.67,4.82,0.924,distance_nm,Archived
RUN-0229,SARIMAX_Bunker_Forecaster,Supramax,2024-06-30,1.89,7.72,0.794,port_congestion_wait_days,Archived
RUN-0230,RandomForest_Demurrage_Estimator,Panamax,2026-02-28,2.02,7.96,0.871,baltic_dry_index,Archived
RUN-0231,RandomForest_Demurrage_Estimator,Supramax,2024-08-14,1.82,9.27,0.785,trade_volume_monthly,Staging
RUN-0232,LightGBM_Congestion_Predictor,All_Classes,2024-07-03,1.45,3.08,0.883,trade_volume_monthly,Archived
RUN-0233,SARIMAX_Bunker_Forecaster,All_Classes,2025-12-27,2.76,7.66,0.782,port_congestion_wait_days,Staging
RUN-0234,RandomForest_Demurrage_Estimator,Capesize,2024-04-20,2.1,6.09,0.824,trade_volume_monthly,Staging
RUN-0235,LightGBM_Congestion_Predictor,Supramax,2025-05-23,1.49,3.95,0.9,seasonal_monsoon_flag,Archived
RUN-0236,XGBoost_Freight_Predictor,Panamax,2025-02-27,0.94,4.91,0.909,seasonal_monsoon_flag,Deployed
RUN-0237,RandomForest_Demurrage_Estimator,Panamax,2026-05-29,1.72,9.15,0.869,port_congestion_wait_days,Staging
RUN-0238,XGBoost_Freight_Predictor,Supramax,2026-03-13,1.78,4.85,0.937,trade_volume_monthly,Deployed
RUN-0239,XGBoost_Freight_Predictor,Panamax,2025-01-29,1.29,3.57,0.935,trade_volume_monthly,Staging
RUN-0240,RandomForest_Demurrage_Estimator,Handysize,2024-12-18,2.76,9.24,0.838,baltic_dry_index,Deployed
RUN-0241,LightGBM_Congestion_Predictor,Supramax,2026-03-24,0.96,2.72,0.93,seasonal_monsoon_flag,Archived
RUN-0242,XGBoost_Freight_Predictor,All_Classes,2024-03-19,1.38,3.39,0.895,port_congestion_wait_days,Archived
RUN-0243,SARIMAX_Bunker_Forecaster,Handysize,2025-09-02,3.01,5.88,0.869,baltic_dry_index,Deployed
RUN-0244,LightGBM_Congestion_Predictor,All_Classes,2026-07-14,0.92,3.64,0.954,distance_nm,Archived
RUN-0245,XGBoost_Freight_Predictor,Supramax,2026-02-24,1.58,2.95,0.894,trade_volume_monthly,Archived
RUN-0246,LightGBM_Congestion_Predictor,Handysize,2025-06-11,1.42,2.51,0.919,distance_nm,Archived
RUN-0247,LightGBM_Congestion_Predictor,Capesize,2025-10-16,0.93,4.95,0.92,bunker_price_vlsfo,Archived
RUN-0248,LightGBM_Congestion_Predictor,Panamax,2026-08-17,1.32,3.61,0.949,bunker_price_vlsfo,Archived
RUN-0249,SARIMAX_Bunker_Forecaster,Supramax,2024-09-28,3.17,8.28,0.86,baltic_dry_index,Staging
RUN-0250,RandomForest_Demurrage_Estimator,All_Classes,2024-12-24,1.75,8.12,0.819,trade_volume_monthly,Archived
RUN-0251,RandomForest_Demurrage_Estimator,Panamax,2026-08-08,2.16,6.99,0.807,distance_nm,Deployed
RUN-0252,LightGBM_Congestion_Predictor,All_Classes,2025-12-14,0.96,3.7,0.933,trade_volume_monthly,Deployed
RUN-0253,RandomForest_Demurrage_Estimator,Handysize,2025-03-21,2.37,7.59,0.826,bunker_price_vlsfo,Archived
RUN-0254,LightGBM_Congestion_Predictor,Supramax,2025-07-26,1.06,3.42,0.913,bunker_price_vlsfo,Archived
RUN-0255,LightGBM_Congestion_Predictor,Supramax,2024-08-13,1.2,3.12,0.94,bunker_price_vlsfo,Staging
RUN-0256,XGBoost_Freight_Predictor,All_Classes,2025-08-14,1.51,4.39,0.897,trade_volume_monthly,Staging
RUN-0257,SARIMAX_Bunker_Forecaster,All_Classes,2026-02-18,2.87,5.53,0.794,baltic_dry_index,Staging
RUN-0258,SARIMAX_Bunker_Forecaster,All_Classes,2026-06-21,2.62,8.88,0.881,port_congestion_wait_days,Staging
RUN-0259,RandomForest_Demurrage_Estimator,Capesize,2024-07-28,3.19,7.66,0.78,trade_volume_monthly,Deployed
RUN-0260,SARIMAX_Bunker_Forecaster,Supramax,2026-04-07,2.09,9.29,0.887,bunker_price_vlsfo,Archived
RUN-0261,XGBoost_Freight_Predictor,Panamax,2024-09-24,0.89,2.88,0.948,port_congestion_wait_days,Deployed
RUN-0262,SARIMAX_Bunker_Forecaster,Capesize,2026-02-19,1.76,8.63,0.818,seasonal_monsoon_flag,Archived
RUN-0263,LightGBM_Congestion_Predictor,All_Classes,2024-01-08,1.36,5.34,0.93,bunker_price_vlsfo,Archived
RUN-0264,RandomForest_Demurrage_Estimator,Panamax,2025-04-06,2.52,8.66,0.811,baltic_dry_index,Deployed
RUN-0265,LightGBM_Congestion_Predictor,Supramax,2024-12-21,1.23,3.5,0.924,trade_volume_monthly,Deployed
RUN-0266,SARIMAX_Bunker_Forecaster,Supramax,2026-04-13,1.55,6.18,0.861,bunker_price_vlsfo,Deployed
RUN-0267,RandomForest_Demurrage_Estimator,All_Classes,2026-05-03,1.6,5.26,0.89,trade_volume_monthly,Archived
RUN-0268,RandomForest_Demurrage_Estimator,Supramax,2025-06-10,2.32,7.93,0.78,port_congestion_wait_days,Staging
RUN-0269,RandomForest_Demurrage_Estimator,Supramax,2025-10-11,2.06,5.49,0.844,bunker_price_vlsfo,Archived
RUN-0270,RandomForest_Demurrage_Estimator,Supramax,2026-05-30,2.44,7.91,0.869,trade_volume_monthly,Staging
RUN-0271,SARIMAX_Bunker_Forecaster,Capesize,2026-01-16,1.85,8.84,0.784,bunker_price_vlsfo,Archived
RUN-0272,LightGBM_Congestion_Predictor,Capesize,2024-09-10,1.75,2.98,0.882,distance_nm,Archived
RUN-0273,RandomForest_Demurrage_Estimator,All_Classes,2024-01-21,2.7,8.35,0.813,baltic_dry_index,Staging
RUN-0274,RandomForest_Demurrage_Estimator,Capesize,2025-05-06,3.16,8.01,0.812,port_congestion_wait_days,Deployed
RUN-0275,LightGBM_Congestion_Predictor,All_Classes,2026-06-27,1.44,5.17,0.888,trade_volume_monthly,Archived
RUN-0276,RandomForest_Demurrage_Estimator,All_Classes,2024-11-09,2.92,7.99,0.88,trade_volume_monthly,Archived
RUN-0277,SARIMAX_Bunker_Forecaster,Panamax,2024-07-13,2.53,5.3,0.804,baltic_dry_index,Deployed
RUN-0278,RandomForest_Demurrage_Estimator,Panamax,2025-06-19,3.18,5.81,0.886,baltic_dry_index,Staging
RUN-0279,LightGBM_Congestion_Predictor,Panamax,2025-03-25,0.99,2.95,0.926,trade_volume_monthly,Archived
RUN-0280,SARIMAX_Bunker_Forecaster,Supramax,2024-09-16,2.48,5.46,0.878,baltic_dry_index,Deployed
RUN-0281,SARIMAX_Bunker_Forecaster,Capesize,2026-04-10,2.4,8.25,0.887,trade_volume_monthly,Deployed
RUN-0282,SARIMAX_Bunker_Forecaster,All_Classes,2024-09-15,1.56,5.68,0.85,seasonal_monsoon_flag,Archived
RUN-0283,RandomForest_Demurrage_Estimator,All_Classes,2026-01-02,3.11,6.77,0.876,baltic_dry_index,Archived
RUN-0284,LightGBM_Congestion_Predictor,All_Classes,2025-06-18,1.36,5.01,0.916,distance_nm,Archived
RUN-0285,XGBoost_Freight_Predictor,Capesize,2026-06-17,0.87,3.46,0.888,port_congestion_wait_days,Deployed
RUN-0286,LightGBM_Congestion_Predictor,Supramax,2025-04-06,1.66,2.76,0.933,baltic_dry_index,Deployed
RUN-0287,XGBoost_Freight_Predictor,All_Classes,2024-03-15,1.4,4.01,0.897,seasonal_monsoon_flag,Deployed
RUN-0288,XGBoost_Freight_Predictor,Capesize,2026-06-09,1.11,4.55,0.959,seasonal_monsoon_flag,Staging
RUN-0289,RandomForest_Demurrage_Estimator,Supramax,2025-02-04,1.82,5.15,0.863,bunker_price_vlsfo,Archived
RUN-0290,LightGBM_Congestion_Predictor,All_Classes,2025-07-23,1.4,4.01,0.886,trade_volume_monthly,Archived
RUN-0291,XGBoost_Freight_Predictor,Handysize,2024-09-19,1.39,4.25,0.921,seasonal_monsoon_flag,Staging
RUN-0292,XGBoost_Freight_Predictor,All_Classes,2024-05-12,1.78,5.04,0.938,seasonal_monsoon_flag,Deployed
RUN-0293,SARIMAX_Bunker_Forecaster,Capesize,2026-02-28,2.34,5.23,0.79,distance_nm,Archived
RUN-0294,SARIMAX_Bunker_Forecaster,Panamax,2026-08-30,1.75,5.48,0.789,baltic_dry_index,Archived
RUN-0295,XGBoost_Freight_Predictor,Supramax,2024-02-19,1.08,4.2,0.911,trade_volume_monthly,Staging
RUN-0296,SARIMAX_Bunker_Forecaster,Capesize,2024-07-03,2.26,6.53,0.881,bunker_price_vlsfo,Archived
RUN-0297,RandomForest_Demurrage_Estimator,All_Classes,2024-01-15,1.77,9.24,0.821,seasonal_monsoon_flag,Archived
RUN-0298,LightGBM_Congestion_Predictor,Capesize,2024-03-09,1.52,3.02,0.904,trade_volume_monthly,Archived
RUN-0299,SARIMAX_Bunker_Forecaster,Supramax,2024-12-24,1.81,6.63,0.821,distance_nm,Deployed
RUN-0300,SARIMAX_Bunker_Forecaster,Panamax,2025-09-01,1.89,5.16,0.823,trade_volume_monthly,Archived
RUN-0301,RandomForest_Demurrage_Estimator,Supramax,2024-05-24,3.13,8.31,0.847,port_congestion_wait_days,Archived
RUN-0302,XGBoost_Freight_Predictor,Handysize,2024-09-22,1.29,5.26,0.899,bunker_price_vlsfo,Deployed
RUN-0303,RandomForest_Demurrage_Estimator,Supramax,2026-06-08,2.17,7.75,0.882,seasonal_monsoon_flag,Deployed
RUN-0304,LightGBM_Congestion_Predictor,Handysize,2025-02-24,1.74,2.69,0.943,seasonal_monsoon_flag,Archived
RUN-0305,LightGBM_Congestion_Predictor,Panamax,2024-02-07,1.28,5.0,0.958,port_congestion_wait_days,Staging
RUN-0306,RandomForest_Demurrage_Estimator,All_Classes,2026-06-23,2.86,7.25,0.789,seasonal_monsoon_flag,Staging
RUN-0307,XGBoost_Freight_Predictor,Panamax,2024-07-11,0.8,4.41,0.946,baltic_dry_index,Archived
RUN-0308,SARIMAX_Bunker_Forecaster,Panamax,2024-07-10,2.78,8.81,0.845,port_congestion_wait_days,Archived
RUN-0309,SARIMAX_Bunker_Forecaster,Supramax,2025-12-31,1.53,9.4,0.883,port_congestion_wait_days,Archived
RUN-0310,XGBoost_Freight_Predictor,Panamax,2024-05-24,1.63,4.59,0.955,distance_nm,Archived
RUN-0311,XGBoost_Freight_Predictor,Handysize,2026-03-17,1.64,3.7,0.91,trade_volume_monthly,Staging
RUN-0312,RandomForest_Demurrage_Estimator,Supramax,2026-03-18,3.04,5.05,0.801,distance_nm,Archived
RUN-0313,SARIMAX_Bunker_Forecaster,Supramax,2024-10-08,2.72,7.71,0.804,seasonal_monsoon_flag,Deployed
RUN-0314,RandomForest_Demurrage_Estimator,Handysize,2026-01-27,2.86,7.15,0.881,baltic_dry_index,Archived
RUN-0315,XGBoost_Freight_Predictor,Supramax,2026-05-27,1.73,2.73,0.883,seasonal_monsoon_flag,Archived
RUN-0316,LightGBM_Congestion_Predictor,Supramax,2024-08-29,1.22,2.54,0.897,bunker_price_vlsfo,Archived
RUN-0317,SARIMAX_Bunker_Forecaster,Capesize,2025-04-24,2.91,8.87,0.881,trade_volume_monthly,Staging
RUN-0318,RandomForest_Demurrage_Estimator,Handysize,2025-05-07,2.13,6.08,0.86,trade_volume_monthly,Staging
RUN-0319,SARIMAX_Bunker_Forecaster,Capesize,2024-01-18,3.18,6.54,0.838,port_congestion_wait_days,Deployed
RUN-0320,LightGBM_Congestion_Predictor,All_Classes,2025-10-26,1.27,3.71,0.927,baltic_dry_index,Staging
RUN-0321,RandomForest_Demurrage_Estimator,Capesize,2025-07-07,2.04,6.74,0.814,port_congestion_wait_days,Staging
RUN-0322,LightGBM_Congestion_Predictor,All_Classes,2026-07-04,1.75,3.67,0.926,baltic_dry_index,Archived
RUN-0323,RandomForest_Demurrage_Estimator,Supramax,2025-10-08,2.73,6.19,0.825,seasonal_monsoon_flag,Archived
RUN-0324,LightGBM_Congestion_Predictor,All_Classes,2024-12-02,1.21,4.87,0.892,trade_volume_monthly,Archived
RUN-0325,SARIMAX_Bunker_Forecaster,Supramax,2026-06-04,2.68,5.1,0.851,seasonal_monsoon_flag,Archived
RUN-0326,RandomForest_Demurrage_Estimator,All_Classes,2026-06-18,1.86,8.76,0.853,baltic_dry_index,Staging
RUN-0327,RandomForest_Demurrage_Estimator,All_Classes,2025-11-25,1.73,8.19,0.804,distance_nm,Archived
RUN-0328,SARIMAX_Bunker_Forecaster,Panamax,2025-09-04,1.52,6.38,0.837,baltic_dry_index,Archived
RUN-0329,XGBoost_Freight_Predictor,Panamax,2025-01-17,1.79,2.55,0.924,trade_volume_monthly,Deployed
RUN-0330,XGBoost_Freight_Predictor,Capesize,2025-08-06,1.13,5.15,0.934,port_congestion_wait_days,Archived
RUN-0331,XGBoost_Freight_Predictor,Handysize,2025-06-30,0.95,4.19,0.91,seasonal_monsoon_flag,Archived
RUN-0332,XGBoost_Freight_Predictor,Handysize,2024-04-16,1.36,3.32,0.912,trade_volume_monthly,Staging
RUN-0333,SARIMAX_Bunker_Forecaster,Handysize,2024-02-25,2.55,7.42,0.866,bunker_price_vlsfo,Deployed
RUN-0334,XGBoost_Freight_Predictor,Capesize,2025-04-04,1.48,3.26,0.912,seasonal_monsoon_flag,Archived
RUN-0335,SARIMAX_Bunker_Forecaster,Handysize,2025-06-10,2.65,7.57,0.84,port_congestion_wait_days,Archived
RUN-0336,XGBoost_Freight_Predictor,Panamax,2026-03-03,1.5,4.69,0.935,distance_nm,Deployed
RUN-0337,SARIMAX_Bunker_Forecaster,Capesize,2024-09-03,2.53,7.85,0.795,trade_volume_monthly,Staging
RUN-0338,LightGBM_Congestion_Predictor,Supramax,2025-05-05,1.13,3.87,0.93,baltic_dry_index,Archived
RUN-0339,XGBoost_Freight_Predictor,Panamax,2026-05-11,0.95,5.19,0.899,trade_volume_monthly,Staging
RUN-0340,RandomForest_Demurrage_Estimator,Handysize,2026-06-05,1.95,6.31,0.788,distance_nm,Archived
RUN-0341,SARIMAX_Bunker_Forecaster,Capesize,2026-04-30,2.83,6.72,0.801,seasonal_monsoon_flag,Archived
RUN-0342,RandomForest_Demurrage_Estimator,All_Classes,2024-12-01,1.96,8.3,0.846,bunker_price_vlsfo,Deployed
RUN-0343,LightGBM_Congestion_Predictor,Panamax,2025-01-08,1.53,3.41,0.907,bunker_price_vlsfo,Staging
RUN-0344,XGBoost_Freight_Predictor,Supramax,2024-06-07,1.52,3.91,0.888,trade_volume_monthly,Staging
RUN-0345,RandomForest_Demurrage_Estimator,Handysize,2025-09-16,2.07,5.88,0.875,bunker_price_vlsfo,Archived
RUN-0346,RandomForest_Demurrage_Estimator,Handysize,2024-05-31,1.52,8.09,0.888,baltic_dry_index,Archived
RUN-0347,SARIMAX_Bunker_Forecaster,Panamax,2024-06-03,2.87,5.84,0.807,trade_volume_monthly,Archived
RUN-0348,RandomForest_Demurrage_Estimator,Handysize,2025-09-03,1.6,9.49,0.874,bunker_price_vlsfo,Archived
RUN-0349,SARIMAX_Bunker_Forecaster,Handysize,2025-03-03,2.37,6.15,0.822,distance_nm,Archived
RUN-0350,SARIMAX_Bunker_Forecaster,Handysize,2025-12-07,1.79,8.81,0.881,baltic_dry_index,Deployed
RUN-0351,SARIMAX_Bunker_Forecaster,All_Classes,2025-07-12,1.95,5.54,0.879,trade_volume_monthly,Archived
RUN-0352,RandomForest_Demurrage_Estimator,Supramax,2025-11-19,1.68,5.9,0.796,trade_volume_monthly,Staging
RUN-0353,SARIMAX_Bunker_Forecaster,All_Classes,2025-06-10,1.65,6.01,0.797,port_congestion_wait_days,Archived
RUN-0354,RandomForest_Demurrage_Estimator,Supramax,2024-09-08,1.73,5.89,0.832,distance_nm,Archived
RUN-0355,SARIMAX_Bunker_Forecaster,Capesize,2025-11-28,2.53,8.34,0.86,distance_nm,Archived
RUN-0356,RandomForest_Demurrage_Estimator,Handysize,2025-06-17,2.18,8.9,0.832,port_congestion_wait_days,Archived
RUN-0357,XGBoost_Freight_Predictor,All_Classes,2026-08-23,1.58,4.37,0.942,bunker_price_vlsfo,Archived
RUN-0358,XGBoost_Freight_Predictor,Supramax,2024-02-29,1.36,3.98,0.913,bunker_price_vlsfo,Staging
RUN-0359,LightGBM_Congestion_Predictor,All_Classes,2026-03-21,1.27,3.39,0.941,bunker_price_vlsfo,Archived
RUN-0360,RandomForest_Demurrage_Estimator,Capesize,2025-01-05,1.58,5.57,0.876,distance_nm,Archived
RUN-0361,XGBoost_Freight_Predictor,Handysize,2025-03-14,1.16,4.82,0.939,baltic_dry_index,Staging
RUN-0362,RandomForest_Demurrage_Estimator,Handysize,2026-07-28,1.8,7.82,0.81,seasonal_monsoon_flag,Archived
RUN-0363,XGBoost_Freight_Predictor,Capesize,2026-01-11,1.01,4.84,0.898,seasonal_monsoon_flag,Archived
RUN-0364,RandomForest_Demurrage_Estimator,Supramax,2025-06-20,2.28,6.1,0.858,distance_nm,Archived
RUN-0365,SARIMAX_Bunker_Forecaster,Capesize,2026-05-13,2.26,7.36,0.872,seasonal_monsoon_flag,Archived
RUN-0366,RandomForest_Demurrage_Estimator,Capesize,2024-03-07,2.66,7.29,0.809,bunker_price_vlsfo,Staging
RUN-0367,XGBoost_Freight_Predictor,Panamax,2026-03-15,1.23,3.11,0.926,port_congestion_wait_days,Staging
RUN-0368,XGBoost_Freight_Predictor,Capesize,2025-09-16,1.63,2.67,0.907,baltic_dry_index,Staging
RUN-0369,RandomForest_Demurrage_Estimator,Panamax,2024-03-17,2.15,6.03,0.785,distance_nm,Deployed
RUN-0370,XGBoost_Freight_Predictor,Supramax,2025-08-22,0.88,5.1,0.953,seasonal_monsoon_flag,Staging
RUN-0371,SARIMAX_Bunker_Forecaster,Supramax,2025-07-22,2.86,6.85,0.822,baltic_dry_index,Deployed
RUN-0372,RandomForest_Demurrage_Estimator,Capesize,2025-06-11,2.21,5.0,0.858,trade_volume_monthly,Archived
RUN-0373,SARIMAX_Bunker_Forecaster,Panamax,2025-01-31,2.06,7.95,0.811,trade_volume_monthly,Archived
RUN-0374,LightGBM_Congestion_Predictor,Handysize,2025-02-08,1.19,5.3,0.918,port_congestion_wait_days,Archived
RUN-0375,RandomForest_Demurrage_Estimator,Supramax,2026-08-09,2.85,9.39,0.822,trade_volume_monthly,Archived
RUN-0376,XGBoost_Freight_Predictor,Handysize,2025-10-18,1.68,2.99,0.958,baltic_dry_index,Archived
RUN-0377,RandomForest_Demurrage_Estimator,Supramax,2024-03-07,2.69,6.33,0.814,bunker_price_vlsfo,Archived
RUN-0378,XGBoost_Freight_Predictor,Supramax,2026-06-06,1.63,3.29,0.935,distance_nm,Archived
RUN-0379,LightGBM_Congestion_Predictor,Supramax,2025-12-16,1.08,3.74,0.938,bunker_price_vlsfo,Archived
RUN-0380,LightGBM_Congestion_Predictor,Capesize,2024-02-22,0.92,2.54,0.947,trade_volume_monthly,Archived
RUN-0381,RandomForest_Demurrage_Estimator,Capesize,2025-07-14,2.58,6.39,0.868,baltic_dry_index,Archived
RUN-0382,SARIMAX_Bunker_Forecaster,Handysize,2026-08-02,3.14,6.62,0.851,trade_volume_monthly,Staging
RUN-0383,LightGBM_Congestion_Predictor,Handysize,2026-01-03,0.93,4.41,0.912,bunker_price_vlsfo,Deployed
RUN-0384,XGBoost_Freight_Predictor,Supramax,2025-10-11,0.98,5.12,0.948,distance_nm,Archived
RUN-0385,XGBoost_Freight_Predictor,Handysize,2025-08-30,1.74,3.1,0.94,port_congestion_wait_days,Deployed
RUN-0386,LightGBM_Congestion_Predictor,Capesize,2026-08-27,1.59,4.06,0.882,seasonal_monsoon_flag,Staging
RUN-0387,LightGBM_Congestion_Predictor,Capesize,2024-12-23,0.99,4.33,0.892,seasonal_monsoon_flag,Deployed
RUN-0388,LightGBM_Congestion_Predictor,Capesize,2024-11-24,1.08,3.45,0.882,baltic_dry_index,Archived
RUN-0389,SARIMAX_Bunker_Forecaster,All_Classes,2026-01-30,2.12,7.57,0.807,distance_nm,Archived
RUN-0390,XGBoost_Freight_Predictor,Supramax,2026-07-03,0.83,5.34,0.925,port_congestion_wait_days,Staging
RUN-0391,XGBoost_Freight_Predictor,All_Classes,2025-11-21,1.23,2.51,0.89,distance_nm,Staging
RUN-0392,LightGBM_Congestion_Predictor,All_Classes,2025-01-14,0.83,3.33,0.947,seasonal_monsoon_flag,Archived
RUN-0393,XGBoost_Freight_Predictor,Panamax,2024-03-02,1.74,4.63,0.9,bunker_price_vlsfo,Staging
RUN-0394,SARIMAX_Bunker_Forecaster,Supramax,2025-07-25,1.67,6.65,0.823,port_congestion_wait_days,Archived
RUN-0395,LightGBM_Congestion_Predictor,Supramax,2025-01-25,1.72,5.49,0.92,seasonal_monsoon_flag,Staging
RUN-0396,XGBoost_Freight_Predictor,Panamax,2024-08-03,1.16,3.46,0.936,seasonal_monsoon_flag,Archived
RUN-0397,XGBoost_Freight_Predictor,Handysize,2024-07-05,0.81,4.4,0.891,port_congestion_wait_days,Staging
RUN-0398,XGBoost_Freight_Predictor,Handysize,2026-02-03,1.47,3.41,0.884,seasonal_monsoon_flag,Deployed
RUN-0399,LightGBM_Congestion_Predictor,Handysize,2026-08-15,1.13,3.5,0.887,baltic_dry_index,Staging
RUN-0400,LightGBM_Congestion_Predictor,Panamax,2025-03-24,1.72,4.36,0.889,seasonal_monsoon_flag,Staging
RUN-0401,SARIMAX_Bunker_Forecaster,All_Classes,2025-06-23,2.68,6.42,0.889,bunker_price_vlsfo,Staging
RUN-0402,RandomForest_Demurrage_Estimator,All_Classes,2025-06-07,2.5,9.11,0.8,distance_nm,Deployed
RUN-0403,RandomForest_Demurrage_Estimator,Handysize,2024-04-25,1.78,5.13,0.853,distance_nm,Staging
RUN-0404,LightGBM_Congestion_Predictor,Supramax,2026-05-31,0.87,3.99,0.933,distance_nm,Archived
RUN-0405,RandomForest_Demurrage_Estimator,Handysize,2024-12-11,1.54,5.27,0.834,seasonal_monsoon_flag,Archived
RUN-0406,XGBoost_Freight_Predictor,All_Classes,2024-06-26,1.66,3.41,0.891,seasonal_monsoon_flag,Deployed
RUN-0407,LightGBM_Congestion_Predictor,Handysize,2025-02-09,1.69,5.41,0.909,bunker_price_vlsfo,Staging
RUN-0408,RandomForest_Demurrage_Estimator,Supramax,2024-09-18,3.11,5.97,0.829,bunker_price_vlsfo,Archived
RUN-0409,LightGBM_Congestion_Predictor,Supramax,2025-06-11,1.14,2.84,0.94,trade_volume_monthly,Archived
RUN-0410,SARIMAX_Bunker_Forecaster,All_Classes,2025-11-15,1.92,7.4,0.826,seasonal_monsoon_flag,Deployed
RUN-0411,LightGBM_Congestion_Predictor,Handysize,2026-07-18,1.23,3.88,0.905,bunker_price_vlsfo,Deployed
RUN-0412,SARIMAX_Bunker_Forecaster,Panamax,2025-07-18,3.1,5.7,0.864,port_congestion_wait_days,Staging
RUN-0413,RandomForest_Demurrage_Estimator,Handysize,2024-01-12,2.99,6.17,0.804,seasonal_monsoon_flag,Deployed
RUN-0414,SARIMAX_Bunker_Forecaster,Supramax,2025-05-13,2.94,6.33,0.818,distance_nm,Archived
RUN-0415,XGBoost_Freight_Predictor,Supramax,2024-06-06,0.92,3.11,0.939,trade_volume_monthly,Archived
RUN-0416,RandomForest_Demurrage_Estimator,Panamax,2024-04-13,2.54,5.29,0.803,distance_nm,Staging
RUN-0417,RandomForest_Demurrage_Estimator,Handysize,2026-01-04,2.52,6.14,0.855,baltic_dry_index,Staging
RUN-0418,SARIMAX_Bunker_Forecaster,All_Classes,2026-03-05,2.55,7.13,0.866,distance_nm,Archived
RUN-0419,RandomForest_Demurrage_Estimator,Panamax,2024-01-27,2.08,7.66,0.855,seasonal_monsoon_flag,Deployed
RUN-0420,XGBoost_Freight_Predictor,Supramax,2026-09-08,1.13,3.9,0.892,trade_volume_monthly,Archived
RUN-0421,LightGBM_Congestion_Predictor,All_Classes,2024-02-09,0.94,5.05,0.923,distance_nm,Archived
RUN-0422,LightGBM_Congestion_Predictor,Supramax,2024-02-28,0.81,4.74,0.919,port_congestion_wait_days,Archived
RUN-0423,SARIMAX_Bunker_Forecaster,All_Classes,2025-12-08,3.13,7.98,0.784,seasonal_monsoon_flag,Deployed
RUN-0424,LightGBM_Congestion_Predictor,Handysize,2025-12-22,1.69,5.29,0.898,port_congestion_wait_days,Archived
RUN-0425,LightGBM_Congestion_Predictor,Capesize,2024-02-26,1.13,4.93,0.894,distance_nm,Archived
RUN-0426,LightGBM_Congestion_Predictor,Capesize,2024-08-27,1.3,5.27,0.906,distance_nm,Staging
RUN-0427,LightGBM_Congestion_Predictor,All_Classes,2024-10-08,1.27,2.54,0.899,seasonal_monsoon_flag,Archived
RUN-0428,SARIMAX_Bunker_Forecaster,Handysize,2025-09-14,1.83,6.96,0.828,port_congestion_wait_days,Deployed
RUN-0429,RandomForest_Demurrage_Estimator,Panamax,2026-04-01,3.1,8.71,0.84,port_congestion_wait_days,Staging
RUN-0430,XGBoost_Freight_Predictor,Handysize,2025-11-05,0.85,3.77,0.906,port_congestion_wait_days,Deployed
RUN-0431,RandomForest_Demurrage_Estimator,Supramax,2026-04-14,3.0,9.33,0.827,bunker_price_vlsfo,Staging
RUN-0432,XGBoost_Freight_Predictor,Capesize,2024-02-21,1.47,4.12,0.884,bunker_price_vlsfo,Staging
RUN-0433,XGBoost_Freight_Predictor,Panamax,2026-01-26,1.69,4.22,0.902,port_congestion_wait_days,Staging
RUN-0434,SARIMAX_Bunker_Forecaster,Capesize,2025-06-23,1.81,7.58,0.792,trade_volume_monthly,Deployed
RUN-0435,RandomForest_Demurrage_Estimator,Handysize,2024-09-18,1.85,6.49,0.845,seasonal_monsoon_flag,Archived
RUN-0436,SARIMAX_Bunker_Forecaster,Capesize,2024-03-25,2.44,6.04,0.874,baltic_dry_index,Deployed
RUN-0437,LightGBM_Congestion_Predictor,All_Classes,2025-04-09,1.43,2.91,0.925,baltic_dry_index,Archived
RUN-0438,SARIMAX_Bunker_Forecaster,Supramax,2024-12-03,2.67,6.99,0.785,distance_nm,Deployed
RUN-0439,LightGBM_Congestion_Predictor,Capesize,2024-03-17,1.23,4.74,0.918,baltic_dry_index,Staging
RUN-0440,RandomForest_Demurrage_Estimator,Handysize,2024-09-09,2.97,9.17,0.875,port_congestion_wait_days,Archived
RUN-0441,LightGBM_Congestion_Predictor,Supramax,2025-03-06,0.99,3.26,0.935,bunker_price_vlsfo,Deployed
RUN-0442,RandomForest_Demurrage_Estimator,Panamax,2024-10-24,2.28,6.19,0.784,trade_volume_monthly,Archived
RUN-0443,XGBoost_Freight_Predictor,Handysize,2024-12-16,1.59,2.6,0.915,seasonal_monsoon_flag,Archived
RUN-0444,LightGBM_Congestion_Predictor,All_Classes,2024-08-21,1.21,3.68,0.928,trade_volume_monthly,Deployed
RUN-0445,SARIMAX_Bunker_Forecaster,Panamax,2024-07-22,2.61,8.14,0.817,bunker_price_vlsfo,Archived
RUN-0446,SARIMAX_Bunker_Forecaster,Supramax,2025-05-01,2.58,8.69,0.863,seasonal_monsoon_flag,Archived
RUN-0447,XGBoost_Freight_Predictor,Panamax,2024-07-02,1.48,4.31,0.897,port_congestion_wait_days,Archived
RUN-0448,RandomForest_Demurrage_Estimator,Capesize,2024-02-02,2.41,7.25,0.868,seasonal_monsoon_flag,Deployed
RUN-0449,LightGBM_Congestion_Predictor,Capesize,2024-10-12,1.35,3.04,0.948,bunker_price_vlsfo,Staging
RUN-0450,LightGBM_Congestion_Predictor,Capesize,2024-11-19,1.4,4.79,0.943,trade_volume_monthly,Deployed
RUN-0451,XGBoost_Freight_Predictor,All_Classes,2025-01-13,1.5,2.89,0.881,seasonal_monsoon_flag,Archived
RUN-0452,SARIMAX_Bunker_Forecaster,Supramax,2024-06-20,3.19,7.21,0.856,distance_nm,Staging
RUN-0453,SARIMAX_Bunker_Forecaster,Capesize,2024-11-30,1.95,7.3,0.846,baltic_dry_index,Archived
RUN-0454,LightGBM_Congestion_Predictor,Supramax,2026-07-09,1.67,5.46,0.937,seasonal_monsoon_flag,Archived
RUN-0455,SARIMAX_Bunker_Forecaster,All_Classes,2025-02-24,2.05,7.39,0.881,seasonal_monsoon_flag,Archived
RUN-0456,RandomForest_Demurrage_Estimator,Panamax,2024-03-27,3.16,5.09,0.887,distance_nm,Staging
RUN-0457,XGBoost_Freight_Predictor,Capesize,2025-09-21,1.43,4.8,0.944,trade_volume_monthly,Archived
RUN-0458,LightGBM_Congestion_Predictor,Capesize,2026-01-18,1.62,3.12,0.908,baltic_dry_index,Archived
RUN-0459,LightGBM_Congestion_Predictor,Capesize,2025-09-04,1.73,3.37,0.944,seasonal_monsoon_flag,Archived
RUN-0460,RandomForest_Demurrage_Estimator,Panamax,2024-01-22,1.94,9.09,0.853,bunker_price_vlsfo,Staging
RUN-0461,XGBoost_Freight_Predictor,Handysize,2025-01-14,1.24,4.85,0.909,baltic_dry_index,Staging
RUN-0462,LightGBM_Congestion_Predictor,Panamax,2024-04-19,1.2,4.05,0.954,port_congestion_wait_days,Archived
RUN-0463,XGBoost_Freight_Predictor,Panamax,2024-07-15,1.58,4.47,0.893,distance_nm,Archived
RUN-0464,LightGBM_Congestion_Predictor,Panamax,2025-08-23,0.8,3.26,0.903,bunker_price_vlsfo,Staging
RUN-0465,LightGBM_Congestion_Predictor,Capesize,2025-01-05,0.94,4.09,0.937,port_congestion_wait_days,Deployed
RUN-0466,SARIMAX_Bunker_Forecaster,All_Classes,2024-07-04,1.94,5.86,0.822,trade_volume_monthly,Deployed
RUN-0467,LightGBM_Congestion_Predictor,Panamax,2026-03-12,1.71,5.16,0.951,baltic_dry_index,Archived
RUN-0468,RandomForest_Demurrage_Estimator,Supramax,2026-01-31,2.38,5.89,0.827,distance_nm,Archived
RUN-0469,SARIMAX_Bunker_Forecaster,Panamax,2024-11-22,2.94,8.57,0.845,trade_volume_monthly,Archived
RUN-0470,SARIMAX_Bunker_Forecaster,Supramax,2026-01-06,2.74,7.47,0.831,trade_volume_monthly,Archived
RUN-0471,RandomForest_Demurrage_Estimator,Handysize,2025-01-03,2.38,7.44,0.854,port_congestion_wait_days,Archived
RUN-0472,XGBoost_Freight_Predictor,Supramax,2026-05-04,1.56,3.81,0.909,distance_nm,Deployed
RUN-0473,LightGBM_Congestion_Predictor,All_Classes,2025-06-26,1.39,3.93,0.93,trade_volume_monthly,Archived
RUN-0474,RandomForest_Demurrage_Estimator,Panamax,2024-01-05,2.92,7.87,0.787,port_congestion_wait_days,Staging
RUN-0475,LightGBM_Congestion_Predictor,Supramax,2025-08-12,1.75,4.73,0.892,baltic_dry_index,Staging
RUN-0476,SARIMAX_Bunker_Forecaster,Handysize,2025-06-07,3.17,5.62,0.873,distance_nm,Archived
RUN-0477,XGBoost_Freight_Predictor,Handysize,2024-03-15,1.08,3.4,0.884,distance_nm,Deployed
RUN-0478,XGBoost_Freight_Predictor,Capesize,2024-11-11,1.2,3.45,0.938,bunker_price_vlsfo,Deployed
RUN-0479,RandomForest_Demurrage_Estimator,Supramax,2024-01-21,2.68,7.04,0.878,bunker_price_vlsfo,Deployed
RUN-0480,XGBoost_Freight_Predictor,Supramax,2024-04-03,1.03,3.33,0.942,trade_volume_monthly,Staging
RUN-0481,SARIMAX_Bunker_Forecaster,Supramax,2026-01-23,2.2,8.61,0.881,distance_nm,Staging
RUN-0482,SARIMAX_Bunker_Forecaster,Supramax,2026-03-17,1.65,7.1,0.825,port_congestion_wait_days,Archived
RUN-0483,XGBoost_Freight_Predictor,Handysize,2026-07-01,1.12,4.07,0.917,distance_nm,Archived
RUN-0484,XGBoost_Freight_Predictor,Capesize,2025-05-18,1.01,3.67,0.89,port_congestion_wait_days,Staging
RUN-0485,SARIMAX_Bunker_Forecaster,Capesize,2025-03-15,2.41,8.09,0.794,baltic_dry_index,Archived
RUN-0486,RandomForest_Demurrage_Estimator,All_Classes,2024-09-25,1.95,5.01,0.865,baltic_dry_index,Archived
RUN-0487,SARIMAX_Bunker_Forecaster,Handysize,2024-11-20,3.0,8.5,0.822,seasonal_monsoon_flag,Staging
RUN-0488,LightGBM_Congestion_Predictor,Capesize,2026-04-11,0.83,5.09,0.915,trade_volume_monthly,Deployed
RUN-0489,RandomForest_Demurrage_Estimator,All_Classes,2024-08-17,2.51,6.81,0.839,port_congestion_wait_days,Staging
RUN-0490,RandomForest_Demurrage_Estimator,All_Classes,2024-05-15,2.11,5.68,0.841,distance_nm,Archived
RUN-0491,SARIMAX_Bunker_Forecaster,Supramax,2024-07-11,1.68,5.88,0.826,distance_nm,Deployed
RUN-0492,XGBoost_Freight_Predictor,Capesize,2025-03-11,1.12,5.28,0.926,bunker_price_vlsfo,Staging
RUN-0493,SARIMAX_Bunker_Forecaster,All_Classes,2025-09-03,3.2,8.63,0.864,distance_nm,Staging
RUN-0494,RandomForest_Demurrage_Estimator,All_Classes,2025-07-04,1.66,6.41,0.862,baltic_dry_index,Archived
RUN-0495,LightGBM_Congestion_Predictor,Capesize,2026-07-10,1.06,5.19,0.913,port_congestion_wait_days,Staging
RUN-0496,RandomForest_Demurrage_Estimator,Panamax,2024-02-01,2.42,7.78,0.879,trade_volume_monthly,Staging
RUN-0497,RandomForest_Demurrage_Estimator,Supramax,2024-11-12,2.81,6.74,0.782,bunker_price_vlsfo,Staging
RUN-0498,RandomForest_Demurrage_Estimator,Supramax,2025-10-13,2.44,8.84,0.886,distance_nm,Archived
RUN-0499,LightGBM_Congestion_Predictor,Supramax,2026-07-05,1.74,3.13,0.947,port_congestion_wait_days,Archived
RUN-0500,RandomForest_Demurrage_Estimator,Supramax,2026-05-14,2.03,5.93,0.783,distance_nm,Staging
RUN-0501,LightGBM_Congestion_Predictor,Supramax,2026-01-09,0.86,5.41,0.912,port_congestion_wait_days,Deployed
RUN-0502,SARIMAX_Bunker_Forecaster,Capesize,2024-09-01,3.08,6.92,0.87,seasonal_monsoon_flag,Archived
RUN-0503,XGBoost_Freight_Predictor,All_Classes,2025-04-12,1.4,4.07,0.919,baltic_dry_index,Staging
RUN-0504,LightGBM_Congestion_Predictor,Handysize,2025-03-29,1.27,5.34,0.958,trade_volume_monthly,Deployed
RUN-0505,LightGBM_Congestion_Predictor,Capesize,2024-04-19,1.5,4.05,0.929,port_congestion_wait_days,Deployed
RUN-0506,SARIMAX_Bunker_Forecaster,Capesize,2026-07-28,2.84,5.15,0.877,distance_nm,Archived
RUN-0507,RandomForest_Demurrage_Estimator,Capesize,2025-09-19,1.59,6.46,0.802,baltic_dry_index,Deployed
RUN-0508,XGBoost_Freight_Predictor,Handysize,2026-08-18,0.97,5.23,0.908,port_congestion_wait_days,Archived
RUN-0509,XGBoost_Freight_Predictor,Supramax,2024-11-23,1.7,5.33,0.921,baltic_dry_index,Staging
RUN-0510,XGBoost_Freight_Predictor,Supramax,2024-05-09,1.18,3.81,0.899,seasonal_monsoon_flag,Archived
RUN-0511,RandomForest_Demurrage_Estimator,Supramax,2025-07-11,3.01,7.4,0.88,port_congestion_wait_days,Deployed
RUN-0512,LightGBM_Congestion_Predictor,Panamax,2024-07-04,1.01,3.14,0.895,distance_nm,Archived
RUN-0513,RandomForest_Demurrage_Estimator,All_Classes,2024-02-18,3.18,6.44,0.792,seasonal_monsoon_flag,Archived
RUN-0514,XGBoost_Freight_Predictor,Supramax,2026-06-14,1.03,4.94,0.922,bunker_price_vlsfo,Archived
RUN-0515,LightGBM_Congestion_Predictor,Capesize,2024-11-23,1.25,4.94,0.893,distance_nm,Deployed
RUN-0516,SARIMAX_Bunker_Forecaster,Panamax,2025-11-30,2.56,5.41,0.876,baltic_dry_index,Archived
RUN-0517,XGBoost_Freight_Predictor,Supramax,2026-04-30,1.34,2.7,0.918,port_congestion_wait_days,Staging
RUN-0518,SARIMAX_Bunker_Forecaster,Supramax,2025-11-11,1.6,6.97,0.826,bunker_price_vlsfo,Deployed
RUN-0519,RandomForest_Demurrage_Estimator,All_Classes,2024-06-08,3.01,5.93,0.833,seasonal_monsoon_flag,Archived
RUN-0520,RandomForest_Demurrage_Estimator,Handysize,2025-11-03,2.67,6.75,0.876,bunker_price_vlsfo,Archived
RUN-0521,RandomForest_Demurrage_Estimator,Handysize,2024-04-27,2.39,7.46,0.864,distance_nm,Archived
RUN-0522,LightGBM_Congestion_Predictor,All_Classes,2024-10-14,1.73,3.87,0.938,distance_nm,Archived
RUN-0523,RandomForest_Demurrage_Estimator,Handysize,2026-02-14,2.63,6.7,0.789,distance_nm,Staging
RUN-0524,RandomForest_Demurrage_Estimator,Panamax,2024-10-31,1.66,5.54,0.844,baltic_dry_index,Staging
RUN-0525,LightGBM_Congestion_Predictor,All_Classes,2026-02-20,1.25,2.71,0.917,bunker_price_vlsfo,Staging
RUN-0526,XGBoost_Freight_Predictor,Capesize,2026-07-13,1.73,4.54,0.928,seasonal_monsoon_flag,Archived
RUN-0527,SARIMAX_Bunker_Forecaster,Capesize,2026-02-13,3.17,5.59,0.846,bunker_price_vlsfo,Archived
RUN-0528,SARIMAX_Bunker_Forecaster,Panamax,2025-08-05,1.67,9.08,0.855,port_congestion_wait_days,Archived
RUN-0529,SARIMAX_Bunker_Forecaster,Supramax,2026-09-03,3.07,6.06,0.805,baltic_dry_index,Archived
RUN-0530,SARIMAX_Bunker_Forecaster,Handysize,2024-10-28,2.11,8.52,0.869,seasonal_monsoon_flag,Archived
RUN-0531,SARIMAX_Bunker_Forecaster,Panamax,2024-08-11,2.61,5.89,0.8,port_congestion_wait_days,Deployed
RUN-0532,LightGBM_Congestion_Predictor,All_Classes,2024-01-07,1.49,3.15,0.881,baltic_dry_index,Staging
RUN-0533,SARIMAX_Bunker_Forecaster,Panamax,2025-11-01,2.74,6.37,0.822,seasonal_monsoon_flag,Archived
RUN-0534,RandomForest_Demurrage_Estimator,Supramax,2024-05-16,1.84,7.01,0.864,seasonal_monsoon_flag,Staging
RUN-0535,LightGBM_Congestion_Predictor,Capesize,2025-04-15,1.55,5.46,0.927,trade_volume_monthly,Deployed
RUN-0536,SARIMAX_Bunker_Forecaster,Supramax,2025-11-16,2.52,7.69,0.841,bunker_price_vlsfo,Staging
RUN-0537,XGBoost_Freight_Predictor,Supramax,2025-03-14,1.58,3.72,0.882,seasonal_monsoon_flag,Staging
RUN-0538,SARIMAX_Bunker_Forecaster,Capesize,2024-12-19,2.65,5.46,0.84,seasonal_monsoon_flag,Staging
RUN-0539,RandomForest_Demurrage_Estimator,All_Classes,2025-03-03,2.5,6.83,0.797,distance_nm,Archived
RUN-0540,SARIMAX_Bunker_Forecaster,Capesize,2024-01-18,1.65,7.31,0.847,distance_nm,Staging
RUN-0541,RandomForest_Demurrage_Estimator,Supramax,2025-07-04,1.55,8.46,0.789,trade_volume_monthly,Archived
RUN-0542,SARIMAX_Bunker_Forecaster,Supramax,2025-07-30,1.9,7.16,0.837,seasonal_monsoon_flag,Archived
RUN-0543,LightGBM_Congestion_Predictor,Handysize,2024-10-05,0.99,4.22,0.924,seasonal_monsoon_flag,Archived
RUN-0544,XGBoost_Freight_Predictor,Capesize,2024-11-09,1.16,4.17,0.909,seasonal_monsoon_flag,Deployed
RUN-0545,SARIMAX_Bunker_Forecaster,All_Classes,2025-04-15,2.62,5.85,0.836,distance_nm,Archived
RUN-0546,SARIMAX_Bunker_Forecaster,Panamax,2026-04-18,1.73,7.31,0.885,port_congestion_wait_days,Staging
RUN-0547,SARIMAX_Bunker_Forecaster,Supramax,2025-07-13,2.16,7.58,0.853,port_congestion_wait_days,Staging
RUN-0548,LightGBM_Congestion_Predictor,All_Classes,2026-06-20,1.53,4.52,0.926,baltic_dry_index,Archived
RUN-0549,XGBoost_Freight_Predictor,Capesize,2026-02-16,1.22,4.29,0.934,baltic_dry_index,Archived
RUN-0550,SARIMAX_Bunker_Forecaster,All_Classes,2024-03-05,2.02,7.08,0.82,trade_volume_monthly,Deployed
RUN-0551,SARIMAX_Bunker_Forecaster,Supramax,2025-07-29,3.12,9.24,0.812,bunker_price_vlsfo,Staging
RUN-0552,RandomForest_Demurrage_Estimator,Capesize,2025-01-17,2.69,8.85,0.794,port_congestion_wait_days,Archived
RUN-0553,RandomForest_Demurrage_Estimator,Capesize,2024-03-28,1.8,8.08,0.857,bunker_price_vlsfo,Archived
RUN-0554,SARIMAX_Bunker_Forecaster,Handysize,2024-10-20,2.54,8.34,0.827,port_congestion_wait_days,Deployed
RUN-0555,LightGBM_Congestion_Predictor,All_Classes,2025-04-21,0.87,5.16,0.949,seasonal_monsoon_flag,Staging
RUN-0556,RandomForest_Demurrage_Estimator,Supramax,2026-04-08,2.27,8.93,0.815,distance_nm,Archived
RUN-0557,XGBoost_Freight_Predictor,Handysize,2026-08-14,1.59,5.11,0.91,trade_volume_monthly,Archived
RUN-0558,SARIMAX_Bunker_Forecaster,Capesize,2025-01-17,2.78,8.13,0.825,seasonal_monsoon_flag,Staging
RUN-0559,XGBoost_Freight_Predictor,Capesize,2025-09-16,1.32,4.12,0.942,distance_nm,Archived
RUN-0560,SARIMAX_Bunker_Forecaster,Handysize,2025-09-15,2.33,8.86,0.871,distance_nm,Deployed
RUN-0561,LightGBM_Congestion_Predictor,Handysize,2024-05-14,1.01,4.15,0.911,trade_volume_monthly,Archived
RUN-0562,SARIMAX_Bunker_Forecaster,Supramax,2024-12-01,3.02,7.09,0.848,trade_volume_monthly,Staging
RUN-0563,SARIMAX_Bunker_Forecaster,Capesize,2024-08-08,2.79,5.49,0.856,baltic_dry_index,Archived
RUN-0564,XGBoost_Freight_Predictor,Panamax,2024-11-25,1.64,5.02,0.896,bunker_price_vlsfo,Archived
RUN-0565,LightGBM_Congestion_Predictor,Panamax,2024-08-30,1.06,2.93,0.919,trade_volume_monthly,Staging
RUN-0566,XGBoost_Freight_Predictor,All_Classes,2025-11-20,1.01,2.76,0.881,port_congestion_wait_days,Archived
RUN-0567,SARIMAX_Bunker_Forecaster,All_Classes,2025-05-28,3.13,7.63,0.875,distance_nm,Deployed
RUN-0568,SARIMAX_Bunker_Forecaster,All_Classes,2026-06-13,1.98,6.04,0.887,distance_nm,Deployed
RUN-0569,LightGBM_Congestion_Predictor,Supramax,2024-03-28,1.14,3.99,0.921,port_congestion_wait_days,Deployed
RUN-0570,XGBoost_Freight_Predictor,Capesize,2025-01-28,1.02,3.0,0.895,trade_volume_monthly,Staging
RUN-0571,XGBoost_Freight_Predictor,Handysize,2024-04-02,1.19,5.39,0.928,baltic_dry_index,Archived
RUN-0572,XGBoost_Freight_Predictor,Supramax,2025-12-27,1.13,2.84,0.897,baltic_dry_index,Staging
RUN-0573,RandomForest_Demurrage_Estimator,Supramax,2024-08-07,1.63,8.94,0.877,baltic_dry_index,Archived
RUN-0574,XGBoost_Freight_Predictor,Panamax,2025-04-14,0.99,3.81,0.934,seasonal_monsoon_flag,Archived
RUN-0575,LightGBM_Congestion_Predictor,Handysize,2024-11-26,1.57,2.87,0.896,bunker_price_vlsfo,Deployed
RUN-0576,SARIMAX_Bunker_Forecaster,Handysize,2025-02-21,2.91,5.95,0.789,trade_volume_monthly,Deployed
RUN-0577,XGBoost_Freight_Predictor,Capesize,2025-11-07,1.66,2.86,0.959,port_congestion_wait_days,Deployed
RUN-0578,LightGBM_Congestion_Predictor,Handysize,2026-01-13,0.96,4.92,0.899,distance_nm,Staging
RUN-0579,RandomForest_Demurrage_Estimator,Capesize,2026-09-07,3.11,7.46,0.883,baltic_dry_index,Archived
RUN-0580,XGBoost_Freight_Predictor,Supramax,2025-08-15,1.5,2.58,0.937,port_congestion_wait_days,Staging
RUN-0581,XGBoost_Freight_Predictor,Capesize,2025-01-04,1.24,3.72,0.904,seasonal_monsoon_flag,Staging
RUN-0582,RandomForest_Demurrage_Estimator,All_Classes,2025-10-31,2.47,5.44,0.785,seasonal_monsoon_flag,Archived
RUN-0583,SARIMAX_Bunker_Forecaster,All_Classes,2025-06-30,2.01,7.74,0.811,distance_nm,Staging
RUN-0584,SARIMAX_Bunker_Forecaster,Supramax,2025-11-23,2.5,6.37,0.804,trade_volume_monthly,Staging
RUN-0585,RandomForest_Demurrage_Estimator,Capesize,2024-09-29,1.56,6.2,0.855,bunker_price_vlsfo,Archived
RUN-0586,SARIMAX_Bunker_Forecaster,All_Classes,2026-05-22,2.71,8.95,0.794,bunker_price_vlsfo,Staging
RUN-0587,XGBoost_Freight_Predictor,Panamax,2026-07-02,0.93,4.91,0.89,port_congestion_wait_days,Archived
RUN-0588,XGBoost_Freight_Predictor,Panamax,2026-03-02,1.02,3.03,0.881,baltic_dry_index,Deployed
RUN-0589,LightGBM_Congestion_Predictor,All_Classes,2026-06-04,1.71,4.15,0.943,baltic_dry_index,Archived
RUN-0590,LightGBM_Congestion_Predictor,All_Classes,2025-07-06,1.26,4.49,0.948,seasonal_monsoon_flag,Staging
RUN-0591,LightGBM_Congestion_Predictor,Panamax,2024-10-04,1.79,2.76,0.919,trade_volume_monthly,Archived
RUN-0592,LightGBM_Congestion_Predictor,Supramax,2024-07-16,1.61,3.48,0.89,port_congestion_wait_days,Staging
RUN-0593,SARIMAX_Bunker_Forecaster,Handysize,2025-06-05,3.0,5.27,0.881,port_congestion_wait_days,Staging
RUN-0594,SARIMAX_Bunker_Forecaster,Handysize,2024-07-08,1.79,6.4,0.863,port_congestion_wait_days,Archived
RUN-0595,RandomForest_Demurrage_Estimator,Handysize,2024-04-24,1.74,6.74,0.819,baltic_dry_index,Archived
RUN-0596,LightGBM_Congestion_Predictor,Handysize,2025-04-12,0.93,2.76,0.885,trade_volume_monthly,Staging
RUN-0597,RandomForest_Demurrage_Estimator,Panamax,2024-05-22,2.77,6.58,0.881,port_congestion_wait_days,Archived
RUN-0598,SARIMAX_Bunker_Forecaster,Capesize,2025-01-15,1.76,8.75,0.877,port_congestion_wait_days,Staging
RUN-0599,LightGBM_Congestion_Predictor,Capesize,2024-02-22,1.51,4.29,0.898,distance_nm,Staging
RUN-0600,LightGBM_Congestion_Predictor,Capesize,2025-08-16,0.82,4.27,0.893,bunker_price_vlsfo,Deployed
RUN-0601,XGBoost_Freight_Predictor,Capesize,2024-07-01,1.49,3.43,0.941,bunker_price_vlsfo,Staging
RUN-0602,SARIMAX_Bunker_Forecaster,Capesize,2024-05-26,3.03,7.32,0.857,distance_nm,Archived
RUN-0603,XGBoost_Freight_Predictor,Supramax,2026-02-27,1.59,4.89,0.936,baltic_dry_index,Deployed
RUN-0604,RandomForest_Demurrage_Estimator,Supramax,2024-09-11,2.91,6.29,0.787,trade_volume_monthly,Archived
RUN-0605,LightGBM_Congestion_Predictor,Supramax,2024-08-15,1.01,4.68,0.887,trade_volume_monthly,Archived
RUN-0606,XGBoost_Freight_Predictor,Capesize,2024-01-05,1.27,5.28,0.901,baltic_dry_index,Archived
RUN-0607,LightGBM_Congestion_Predictor,Handysize,2024-04-26,1.68,2.65,0.944,port_congestion_wait_days,Archived
RUN-0608,SARIMAX_Bunker_Forecaster,All_Classes,2026-08-12,3.17,8.07,0.86,bunker_price_vlsfo,Archived
RUN-0609,LightGBM_Congestion_Predictor,Panamax,2025-04-15,1.78,3.45,0.931,distance_nm,Deployed
RUN-0610,SARIMAX_Bunker_Forecaster,All_Classes,2026-04-10,2.34,8.02,0.799,baltic_dry_index,Staging
RUN-0611,LightGBM_Congestion_Predictor,Capesize,2025-04-25,1.72,3.22,0.927,bunker_price_vlsfo,Deployed
RUN-0612,LightGBM_Congestion_Predictor,Handysize,2025-02-19,1.13,4.67,0.947,trade_volume_monthly,Archived
RUN-0613,LightGBM_Congestion_Predictor,Panamax,2026-05-06,1.28,3.7,0.947,baltic_dry_index,Staging
RUN-0614,SARIMAX_Bunker_Forecaster,All_Classes,2026-03-01,1.69,8.95,0.86,distance_nm,Deployed
RUN-0615,SARIMAX_Bunker_Forecaster,Capesize,2024-08-26,1.85,6.83,0.831,bunker_price_vlsfo,Deployed
RUN-0616,XGBoost_Freight_Predictor,Supramax,2025-06-30,1.18,4.64,0.91,port_congestion_wait_days,Deployed
RUN-0617,XGBoost_Freight_Predictor,Panamax,2026-07-25,1.71,5.35,0.96,seasonal_monsoon_flag,Archived
RUN-0618,LightGBM_Congestion_Predictor,All_Classes,2024-11-14,1.23,4.88,0.96,baltic_dry_index,Archived
RUN-0619,RandomForest_Demurrage_Estimator,Capesize,2024-05-07,1.59,8.36,0.85,baltic_dry_index,Deployed
RUN-0620,XGBoost_Freight_Predictor,Supramax,2025-10-13,0.85,3.59,0.882,baltic_dry_index,Archived
RUN-0621,SARIMAX_Bunker_Forecaster,Supramax,2024-12-24,2.72,7.61,0.858,distance_nm,Staging
RUN-0622,SARIMAX_Bunker_Forecaster,Capesize,2025-03-19,3.08,6.43,0.835,distance_nm,Archived
RUN-0623,SARIMAX_Bunker_Forecaster,Handysize,2026-05-07,2.29,8.22,0.808,bunker_price_vlsfo,Archived
RUN-0624,LightGBM_Congestion_Predictor,Capesize,2025-01-06,0.99,3.9,0.949,port_congestion_wait_days,Staging
RUN-0625,RandomForest_Demurrage_Estimator,Handysize,2024-03-31,2.26,5.85,0.792,port_congestion_wait_days,Staging
RUN-0626,RandomForest_Demurrage_Estimator,Handysize,2025-11-13,1.7,8.94,0.848,port_congestion_wait_days,Staging
RUN-0627,XGBoost_Freight_Predictor,Capesize,2026-09-05,0.99,2.51,0.927,seasonal_monsoon_flag,Archived
RUN-0628,RandomForest_Demurrage_Estimator,Capesize,2026-03-08,1.91,7.42,0.808,port_congestion_wait_days,Staging
RUN-0629,LightGBM_Congestion_Predictor,All_Classes,2026-05-29,1.44,3.36,0.892,seasonal_monsoon_flag,Deployed
RUN-0630,SARIMAX_Bunker_Forecaster,All_Classes,2025-05-10,2.36,9.1,0.816,baltic_dry_index,Archived
RUN-0631,RandomForest_Demurrage_Estimator,Handysize,2026-01-07,2.12,9.31,0.808,bunker_price_vlsfo,Archived
RUN-0632,LightGBM_Congestion_Predictor,All_Classes,2024-05-21,1.69,3.5,0.939,trade_volume_monthly,Staging
RUN-0633,LightGBM_Congestion_Predictor,All_Classes,2024-10-13,0.98,3.64,0.936,trade_volume_monthly,Archived
RUN-0634,LightGBM_Congestion_Predictor,Capesize,2025-05-21,1.19,3.05,0.938,seasonal_monsoon_flag,Staging
RUN-0635,LightGBM_Congestion_Predictor,Supramax,2025-05-28,1.77,2.91,0.907,distance_nm,Staging
RUN-0636,RandomForest_Demurrage_Estimator,Supramax,2025-07-27,2.29,6.47,0.782,bunker_price_vlsfo,Deployed
RUN-0637,LightGBM_Congestion_Predictor,Supramax,2024-07-08,0.92,4.35,0.896,distance_nm,Staging
RUN-0638,RandomForest_Demurrage_Estimator,Panamax,2024-08-06,1.72,8.64,0.781,baltic_dry_index,Archived
RUN-0639,SARIMAX_Bunker_Forecaster,Capesize,2025-03-29,2.87,5.81,0.807,trade_volume_monthly,Deployed
RUN-0640,SARIMAX_Bunker_Forecaster,Supramax,2026-05-18,1.89,8.23,0.824,trade_volume_monthly,Archived
RUN-0641,RandomForest_Demurrage_Estimator,Handysize,2025-03-18,2.94,7.77,0.847,distance_nm,Staging
RUN-0642,LightGBM_Congestion_Predictor,Handysize,2026-01-10,1.46,4.56,0.928,port_congestion_wait_days,Deployed
RUN-0643,SARIMAX_Bunker_Forecaster,Supramax,2024-02-09,1.9,7.93,0.815,seasonal_monsoon_flag,Deployed
RUN-0644,RandomForest_Demurrage_Estimator,All_Classes,2024-05-18,1.88,6.58,0.801,distance_nm,Deployed
RUN-0645,RandomForest_Demurrage_Estimator,All_Classes,2026-08-21,3.02,8.55,0.834,bunker_price_vlsfo,Staging
RUN-0646,XGBoost_Freight_Predictor,Panamax,2026-08-19,1.47,5.21,0.911,trade_volume_monthly,Staging
RUN-0647,RandomForest_Demurrage_Estimator,Supramax,2026-04-11,2.39,8.63,0.844,trade_volume_monthly,Staging
RUN-0648,RandomForest_Demurrage_Estimator,Panamax,2025-09-13,1.84,8.03,0.855,baltic_dry_index,Archived
RUN-0649,XGBoost_Freight_Predictor,Handysize,2024-10-25,1.76,5.24,0.903,distance_nm,Archived
RUN-0650,LightGBM_Congestion_Predictor,Panamax,2024-04-26,1.22,2.82,0.888,seasonal_monsoon_flag,Staging
RUN-0651,XGBoost_Freight_Predictor,Capesize,2025-08-22,1.25,4.46,0.927,seasonal_monsoon_flag,Archived
RUN-0652,SARIMAX_Bunker_Forecaster,Panamax,2024-02-14,2.51,5.24,0.827,port_congestion_wait_days,Archived
RUN-0653,RandomForest_Demurrage_Estimator,Panamax,2024-03-07,2.53,5.15,0.83,seasonal_monsoon_flag,Archived
RUN-0654,XGBoost_Freight_Predictor,Handysize,2025-02-25,1.31,3.87,0.926,baltic_dry_index,Archived
RUN-0655,XGBoost_Freight_Predictor,Panamax,2024-09-17,1.11,3.44,0.881,port_congestion_wait_days,Archived
RUN-0656,XGBoost_Freight_Predictor,Supramax,2025-06-03,1.63,3.21,0.887,baltic_dry_index,Archived
RUN-0657,XGBoost_Freight_Predictor,All_Classes,2026-05-07,1.3,3.3,0.899,trade_volume_monthly,Deployed
RUN-0658,RandomForest_Demurrage_Estimator,Supramax,2024-05-25,2.1,5.38,0.878,distance_nm,Archived
RUN-0659,LightGBM_Congestion_Predictor,All_Classes,2024-06-25,1.78,3.43,0.929,seasonal_monsoon_flag,Archived
RUN-0660,LightGBM_Congestion_Predictor,Supramax,2024-01-21,1.25,4.79,0.944,bunker_price_vlsfo,Deployed
RUN-0661,SARIMAX_Bunker_Forecaster,Supramax,2025-10-31,1.73,7.31,0.837,port_congestion_wait_days,Staging
RUN-0662,LightGBM_Congestion_Predictor,Capesize,2026-01-13,1.5,4.34,0.908,trade_volume_monthly,Archived
RUN-0663,XGBoost_Freight_Predictor,Capesize,2025-08-08,1.61,2.85,0.88,bunker_price_vlsfo,Deployed
RUN-0664,XGBoost_Freight_Predictor,Handysize,2024-03-13,1.31,3.57,0.942,trade_volume_monthly,Staging
RUN-0665,XGBoost_Freight_Predictor,Panamax,2025-09-18,0.86,2.58,0.92,bunker_price_vlsfo,Staging
RUN-0666,RandomForest_Demurrage_Estimator,All_Classes,2026-05-23,2.69,8.05,0.836,distance_nm,Archived
RUN-0667,LightGBM_Congestion_Predictor,Supramax,2024-06-21,1.57,2.79,0.959,baltic_dry_index,Staging
RUN-0668,LightGBM_Congestion_Predictor,Supramax,2024-01-12,1.37,2.89,0.924,bunker_price_vlsfo,Archived
RUN-0669,LightGBM_Congestion_Predictor,Handysize,2025-07-07,1.1,4.21,0.917,seasonal_monsoon_flag,Staging
RUN-0670,LightGBM_Congestion_Predictor,Capesize,2025-03-27,1.53,3.17,0.884,baltic_dry_index,Archived
RUN-0671,LightGBM_Congestion_Predictor,Capesize,2026-06-26,1.18,3.57,0.892,seasonal_monsoon_flag,Archived
RUN-0672,LightGBM_Congestion_Predictor,Panamax,2025-02-27,1.06,5.37,0.935,seasonal_monsoon_flag,Staging
RUN-0673,LightGBM_Congestion_Predictor,Handysize,2026-08-22,1.63,2.76,0.907,bunker_price_vlsfo,Deployed
RUN-0674,XGBoost_Freight_Predictor,Capesize,2024-05-14,1.35,4.19,0.883,bunker_price_vlsfo,Archived
RUN-0675,XGBoost_Freight_Predictor,Capesize,2024-09-09,1.8,2.9,0.94,seasonal_monsoon_flag,Staging
RUN-0676,XGBoost_Freight_Predictor,Capesize,2025-09-17,1.22,3.18,0.885,baltic_dry_index,Deployed
RUN-0677,SARIMAX_Bunker_Forecaster,Capesize,2025-01-22,2.96,6.03,0.882,trade_volume_monthly,Deployed
RUN-0678,LightGBM_Congestion_Predictor,All_Classes,2024-08-19,0.97,5.33,0.927,baltic_dry_index,Staging
RUN-0679,XGBoost_Freight_Predictor,Panamax,2024-11-07,1.41,4.16,0.932,trade_volume_monthly,Archived
RUN-0680,LightGBM_Congestion_Predictor,Handysize,2025-12-21,0.93,3.05,0.939,distance_nm,Archived
RUN-0681,LightGBM_Congestion_Predictor,Handysize,2024-09-06,1.02,4.32,0.919,distance_nm,Staging
RUN-0682,SARIMAX_Bunker_Forecaster,Supramax,2026-03-07,3.18,5.24,0.807,bunker_price_vlsfo,Archived
RUN-0683,LightGBM_Congestion_Predictor,Capesize,2024-12-01,1.27,3.25,0.88,distance_nm,Archived
RUN-0684,LightGBM_Congestion_Predictor,Handysize,2024-01-16,1.44,4.34,0.892,baltic_dry_index,Staging
RUN-0685,XGBoost_Freight_Predictor,Panamax,2025-01-31,1.51,2.69,0.952,baltic_dry_index,Archived
RUN-0686,RandomForest_Demurrage_Estimator,Supramax,2026-06-15,2.85,5.33,0.794,trade_volume_monthly,Staging
RUN-0687,XGBoost_Freight_Predictor,Capesize,2024-05-14,1.11,5.07,0.921,distance_nm,Archived
RUN-0688,LightGBM_Congestion_Predictor,Handysize,2026-06-01,1.27,3.88,0.931,trade_volume_monthly,Deployed
RUN-0689,RandomForest_Demurrage_Estimator,Capesize,2024-08-05,2.13,8.74,0.888,seasonal_monsoon_flag,Deployed
RUN-0690,XGBoost_Freight_Predictor,Supramax,2025-08-18,1.48,3.87,0.908,baltic_dry_index,Deployed
RUN-0691,LightGBM_Congestion_Predictor,All_Classes,2024-02-19,1.09,2.9,0.944,seasonal_monsoon_flag,Archived
RUN-0692,LightGBM_Congestion_Predictor,Handysize,2026-06-16,0.81,4.98,0.937,port_congestion_wait_days,Archived
RUN-0693,RandomForest_Demurrage_Estimator,Handysize,2024-08-04,2.47,6.39,0.839,port_congestion_wait_days,Deployed
RUN-0694,XGBoost_Freight_Predictor,Capesize,2024-08-04,1.43,3.09,0.944,port_congestion_wait_days,Archived
RUN-0695,SARIMAX_Bunker_Forecaster,All_Classes,2025-07-03,2.87,8.58,0.865,seasonal_monsoon_flag,Archived
RUN-0696,RandomForest_Demurrage_Estimator,All_Classes,2025-08-14,2.16,5.95,0.838,baltic_dry_index,Archived
RUN-0697,LightGBM_Congestion_Predictor,Supramax,2025-06-09,1.25,3.98,0.928,port_congestion_wait_days,Deployed
RUN-0698,LightGBM_Congestion_Predictor,Supramax,2025-08-16,1.42,2.72,0.9,bunker_price_vlsfo,Deployed
RUN-0699,LightGBM_Congestion_Predictor,Supramax,2024-11-16,1.21,3.22,0.894,trade_volume_monthly,Staging
RUN-0700,XGBoost_Freight_Predictor,Supramax,2026-08-17,1.76,3.91,0.904,bunker_price_vlsfo,Archived
RUN-0701,RandomForest_Demurrage_Estimator,Panamax,2024-05-02,2.06,5.29,0.833,bunker_price_vlsfo,Archived
RUN-0702,XGBoost_Freight_Predictor,Capesize,2024-01-11,1.22,4.73,0.912,distance_nm,Archived
RUN-0703,LightGBM_Congestion_Predictor,All_Classes,2024-11-20,1.03,4.45,0.957,baltic_dry_index,Archived
RUN-0704,LightGBM_Congestion_Predictor,Panamax,2024-07-19,1.65,3.11,0.933,trade_volume_monthly,Staging
RUN-0705,RandomForest_Demurrage_Estimator,Supramax,2025-09-25,1.96,5.53,0.89,bunker_price_vlsfo,Archived
RUN-0706,SARIMAX_Bunker_Forecaster,Handysize,2024-11-18,1.89,5.3,0.863,trade_volume_monthly,Archived
RUN-0707,RandomForest_Demurrage_Estimator,All_Classes,2025-11-25,1.8,6.87,0.835,trade_volume_monthly,Deployed
RUN-0708,RandomForest_Demurrage_Estimator,Panamax,2024-05-24,2.61,5.53,0.833,seasonal_monsoon_flag,Staging
RUN-0709,LightGBM_Congestion_Predictor,Panamax,2024-04-22,1.48,5.19,0.897,port_congestion_wait_days,Archived
RUN-0710,RandomForest_Demurrage_Estimator,All_Classes,2024-07-13,3.04,8.84,0.875,baltic_dry_index,Deployed
RUN-0711,SARIMAX_Bunker_Forecaster,All_Classes,2024-04-16,2.28,6.44,0.825,distance_nm,Staging
RUN-0712,LightGBM_Congestion_Predictor,Handysize,2025-07-04,1.18,4.52,0.906,trade_volume_monthly,Archived
RUN-0713,XGBoost_Freight_Predictor,All_Classes,2025-11-01,1.09,3.24,0.906,bunker_price_vlsfo,Archived
RUN-0714,XGBoost_Freight_Predictor,Supramax,2026-04-15,1.77,2.94,0.927,seasonal_monsoon_flag,Staging
RUN-0715,SARIMAX_Bunker_Forecaster,Capesize,2024-10-11,2.39,8.38,0.868,trade_volume_monthly,Deployed
RUN-0716,SARIMAX_Bunker_Forecaster,All_Classes,2025-09-05,2.49,5.65,0.852,baltic_dry_index,Staging
RUN-0717,SARIMAX_Bunker_Forecaster,Handysize,2024-09-28,2.91,5.78,0.816,port_congestion_wait_days,Archived
RUN-0718,LightGBM_Congestion_Predictor,All_Classes,2024-10-08,1.07,5.48,0.942,port_congestion_wait_days,Deployed
RUN-0719,RandomForest_Demurrage_Estimator,All_Classes,2024-10-24,1.61,5.87,0.88,seasonal_monsoon_flag,Staging
RUN-0720,LightGBM_Congestion_Predictor,Panamax,2024-01-21,1.06,4.39,0.958,baltic_dry_index,Archived
RUN-0721,RandomForest_Demurrage_Estimator,Supramax,2025-04-08,3.02,7.04,0.796,trade_volume_monthly,Archived
RUN-0722,LightGBM_Congestion_Predictor,Supramax,2024-01-28,1.54,4.71,0.955,seasonal_monsoon_flag,Archived
RUN-0723,RandomForest_Demurrage_Estimator,All_Classes,2026-04-01,3.12,9.05,0.885,distance_nm,Deployed
RUN-0724,LightGBM_Congestion_Predictor,Handysize,2026-02-25,1.22,2.53,0.924,distance_nm,Archived
RUN-0725,RandomForest_Demurrage_Estimator,Capesize,2025-12-21,1.9,6.12,0.784,distance_nm,Archived
RUN-0726,SARIMAX_Bunker_Forecaster,Capesize,2025-05-16,3.07,7.91,0.839,port_congestion_wait_days,Archived
RUN-0727,RandomForest_Demurrage_Estimator,Panamax,2024-06-10,2.62,5.49,0.854,baltic_dry_index,Archived
RUN-0728,RandomForest_Demurrage_Estimator,Capesize,2025-02-02,2.25,8.39,0.815,trade_volume_monthly,Archived
RUN-0729,SARIMAX_Bunker_Forecaster,Capesize,2026-05-15,3.18,8.99,0.882,trade_volume_monthly,Staging
RUN-0730,SARIMAX_Bunker_Forecaster,Supramax,2025-02-06,2.14,8.2,0.874,seasonal_monsoon_flag,Deployed
RUN-0731,XGBoost_Freight_Predictor,Capesize,2024-04-10,1.09,4.86,0.881,bunker_price_vlsfo,Staging
RUN-0732,RandomForest_Demurrage_Estimator,Supramax,2024-05-06,2.03,5.23,0.862,port_congestion_wait_days,Archived
RUN-0733,RandomForest_Demurrage_Estimator,Panamax,2024-01-25,2.55,5.8,0.799,trade_volume_monthly,Deployed
RUN-0734,RandomForest_Demurrage_Estimator,Supramax,2024-07-18,2.22,7.51,0.881,seasonal_monsoon_flag,Archived
RUN-0735,RandomForest_Demurrage_Estimator,All_Classes,2025-08-31,2.56,5.38,0.872,trade_volume_monthly,Deployed
RUN-0736,RandomForest_Demurrage_Estimator,Handysize,2026-08-08,1.77,5.47,0.846,trade_volume_monthly,Deployed
RUN-0737,RandomForest_Demurrage_Estimator,Handysize,2024-12-12,2.34,8.7,0.815,seasonal_monsoon_flag,Archived
RUN-0738,LightGBM_Congestion_Predictor,Handysize,2024-05-23,1.07,2.89,0.955,bunker_price_vlsfo,Deployed
RUN-0739,LightGBM_Congestion_Predictor,Supramax,2025-11-10,1.66,4.13,0.945,distance_nm,Staging
RUN-0740,LightGBM_Congestion_Predictor,All_Classes,2025-12-01,1.38,4.07,0.905,distance_nm,Archived
RUN-0741,XGBoost_Freight_Predictor,All_Classes,2024-08-14,0.94,3.19,0.886,bunker_price_vlsfo,Archived
RUN-0742,XGBoost_Freight_Predictor,All_Classes,2025-05-21,1.61,4.64,0.924,baltic_dry_index,Staging
RUN-0743,RandomForest_Demurrage_Estimator,Supramax,2024-10-09,2.02,5.43,0.88,port_congestion_wait_days,Archived
RUN-0744,RandomForest_Demurrage_Estimator,Supramax,2026-04-02,2.5,6.16,0.876,port_congestion_wait_days,Staging
RUN-0745,LightGBM_Congestion_Predictor,Capesize,2025-11-25,0.93,5.18,0.909,distance_nm,Archived
RUN-0746,RandomForest_Demurrage_Estimator,All_Classes,2024-10-27,1.57,8.71,0.793,bunker_price_vlsfo,Archived
RUN-0747,XGBoost_Freight_Predictor,All_Classes,2024-09-12,0.96,2.84,0.938,trade_volume_monthly,Deployed
RUN-0748,LightGBM_Congestion_Predictor,Handysize,2025-02-25,1.4,3.72,0.96,distance_nm,Archived
RUN-0749,SARIMAX_Bunker_Forecaster,Handysize,2024-03-03,2.06,6.43,0.792,distance_nm,Archived
RUN-0750,XGBoost_Freight_Predictor,Panamax,2025-02-21,1.27,4.9,0.924,distance_nm,Deployed
RUN-0751,RandomForest_Demurrage_Estimator,Panamax,2026-08-25,1.64,6.82,0.881,bunker_price_vlsfo,Staging
RUN-0752,XGBoost_Freight_Predictor,All_Classes,2025-09-30,0.97,3.35,0.929,bunker_price_vlsfo,Deployed
RUN-0753,LightGBM_Congestion_Predictor,Handysize,2026-02-03,1.66,4.93,0.955,distance_nm,Staging
RUN-0754,XGBoost_Freight_Predictor,Supramax,2025-06-27,1.08,5.09,0.893,port_congestion_wait_days,Archived
RUN-0755,XGBoost_Freight_Predictor,All_Classes,2026-07-27,1.16,4.82,0.931,bunker_price_vlsfo,Archived
RUN-0756,LightGBM_Congestion_Predictor,Capesize,2024-03-12,1.57,3.23,0.945,baltic_dry_index,Archived
RUN-0757,LightGBM_Congestion_Predictor,All_Classes,2025-11-22,1.77,2.9,0.924,trade_volume_monthly,Archived
RUN-0758,SARIMAX_Bunker_Forecaster,All_Classes,2024-06-25,2.08,7.61,0.878,trade_volume_monthly,Staging
RUN-0759,RandomForest_Demurrage_Estimator,Supramax,2025-01-05,2.04,7.1,0.803,port_congestion_wait_days,Staging
RUN-0760,LightGBM_Congestion_Predictor,Handysize,2026-08-10,1.09,5.12,0.928,seasonal_monsoon_flag,Archived
RUN-0761,LightGBM_Congestion_Predictor,Panamax,2024-03-12,0.82,2.8,0.891,bunker_price_vlsfo,Archived
RUN-0762,RandomForest_Demurrage_Estimator,Panamax,2025-09-07,2.14,5.88,0.87,baltic_dry_index,Staging
RUN-0763,SARIMAX_Bunker_Forecaster,Handysize,2026-01-26,3.01,8.28,0.836,bunker_price_vlsfo,Archived
RUN-0764,LightGBM_Congestion_Predictor,All_Classes,2026-03-22,0.99,2.64,0.889,bunker_price_vlsfo,Deployed
RUN-0765,XGBoost_Freight_Predictor,Handysize,2025-04-27,1.11,4.75,0.936,bunker_price_vlsfo,Archived
RUN-0766,XGBoost_Freight_Predictor,Supramax,2025-12-08,0.92,3.83,0.957,port_congestion_wait_days,Archived
RUN-0767,RandomForest_Demurrage_Estimator,All_Classes,2026-07-26,1.77,5.88,0.781,bunker_price_vlsfo,Archived
RUN-0768,LightGBM_Congestion_Predictor,Supramax,2024-05-20,0.84,5.28,0.94,port_congestion_wait_days,Deployed
RUN-0769,RandomForest_Demurrage_Estimator,Panamax,2024-04-08,2.16,8.78,0.876,seasonal_monsoon_flag,Staging
RUN-0770,RandomForest_Demurrage_Estimator,Handysize,2025-09-09,2.05,5.67,0.882,distance_nm,Staging
RUN-0771,XGBoost_Freight_Predictor,All_Classes,2026-03-26,1.25,3.86,0.906,port_congestion_wait_days,Archived
RUN-0772,XGBoost_Freight_Predictor,Handysize,2025-06-30,1.65,4.97,0.889,seasonal_monsoon_flag,Staging
RUN-0773,SARIMAX_Bunker_Forecaster,Supramax,2024-05-14,2.84,5.26,0.805,seasonal_monsoon_flag,Deployed
RUN-0774,XGBoost_Freight_Predictor,Supramax,2024-02-12,0.85,3.99,0.951,trade_volume_monthly,Deployed
RUN-0775,SARIMAX_Bunker_Forecaster,All_Classes,2026-08-20,2.73,9.45,0.805,distance_nm,Deployed
RUN-0776,RandomForest_Demurrage_Estimator,Capesize,2025-10-29,2.5,8.26,0.802,seasonal_monsoon_flag,Deployed
RUN-0777,LightGBM_Congestion_Predictor,Panamax,2025-07-27,1.65,3.21,0.899,baltic_dry_index,Archived
RUN-0778,XGBoost_Freight_Predictor,Capesize,2025-02-21,1.36,3.38,0.955,bunker_price_vlsfo,Deployed
RUN-0779,RandomForest_Demurrage_Estimator,Supramax,2024-09-16,2.23,6.4,0.831,trade_volume_monthly,Staging
RUN-0780,XGBoost_Freight_Predictor,Capesize,2026-06-21,1.48,4.1,0.916,trade_volume_monthly,Archived
RUN-0781,LightGBM_Congestion_Predictor,Panamax,2026-05-29,0.93,2.84,0.891,trade_volume_monthly,Staging
RUN-0782,LightGBM_Congestion_Predictor,All_Classes,2026-04-29,1.03,3.94,0.954,distance_nm,Archived
RUN-0783,RandomForest_Demurrage_Estimator,Handysize,2025-03-17,2.93,6.8,0.816,port_congestion_wait_days,Staging
RUN-0784,SARIMAX_Bunker_Forecaster,Capesize,2024-01-21,2.15,7.73,0.836,bunker_price_vlsfo,Archived
RUN-0785,RandomForest_Demurrage_Estimator,Handysize,2024-01-06,1.82,9.02,0.827,seasonal_monsoon_flag,Staging
RUN-0786,LightGBM_Congestion_Predictor,Capesize,2024-10-24,1.34,3.39,0.904,distance_nm,Deployed
RUN-0787,RandomForest_Demurrage_Estimator,Panamax,2025-03-22,2.43,5.9,0.817,bunker_price_vlsfo,Archived
RUN-0788,SARIMAX_Bunker_Forecaster,All_Classes,2026-05-05,1.82,5.38,0.875,distance_nm,Archived
RUN-0789,LightGBM_Congestion_Predictor,Capesize,2026-06-10,1.63,2.82,0.941,distance_nm,Staging
RUN-0790,SARIMAX_Bunker_Forecaster,Handysize,2025-06-27,2.5,7.27,0.879,trade_volume_monthly,Archived
RUN-0791,RandomForest_Demurrage_Estimator,Supramax,2024-10-30,1.77,8.81,0.787,bunker_price_vlsfo,Archived
RUN-0792,SARIMAX_Bunker_Forecaster,All_Classes,2026-05-28,2.18,5.03,0.876,bunker_price_vlsfo,Archived
RUN-0793,RandomForest_Demurrage_Estimator,Handysize,2026-04-27,2.81,9.46,0.859,distance_nm,Staging
RUN-0794,XGBoost_Freight_Predictor,Capesize,2025-02-06,0.95,2.56,0.913,baltic_dry_index,Archived
RUN-0795,RandomForest_Demurrage_Estimator,Handysize,2025-03-30,2.26,6.44,0.8,port_congestion_wait_days,Staging
RUN-0796,XGBoost_Freight_Predictor,All_Classes,2026-06-14,1.37,3.37,0.914,bunker_price_vlsfo,Archived
RUN-0797,XGBoost_Freight_Predictor,All_Classes,2025-06-16,1.69,2.77,0.932,port_congestion_wait_days,Archived
RUN-0798,XGBoost_Freight_Predictor,Capesize,2024-11-10,1.36,3.06,0.935,port_congestion_wait_days,Staging
RUN-0799,RandomForest_Demurrage_Estimator,Handysize,2024-10-16,1.81,8.45,0.782,bunker_price_vlsfo,Staging
RUN-0800,LightGBM_Congestion_Predictor,Capesize,2026-07-14,1.53,4.53,0.905,baltic_dry_index,Archived
RUN-0801,RandomForest_Demurrage_Estimator,Capesize,2026-04-06,3.0,8.31,0.827,distance_nm,Archived
RUN-0802,RandomForest_Demurrage_Estimator,Panamax,2025-06-15,2.31,9.29,0.821,trade_volume_monthly,Staging
RUN-0803,RandomForest_Demurrage_Estimator,Supramax,2025-05-19,2.22,8.25,0.848,seasonal_monsoon_flag,Archived
RUN-0804,LightGBM_Congestion_Predictor,Panamax,2025-04-24,1.11,3.85,0.91,bunker_price_vlsfo,Staging
RUN-0805,SARIMAX_Bunker_Forecaster,All_Classes,2026-04-19,1.76,8.7,0.859,baltic_dry_index,Archived
RUN-0806,LightGBM_Congestion_Predictor,Panamax,2024-04-12,0.81,2.51,0.92,trade_volume_monthly,Archived
RUN-0807,RandomForest_Demurrage_Estimator,Handysize,2024-07-11,2.28,8.15,0.858,seasonal_monsoon_flag,Staging
RUN-0808,LightGBM_Congestion_Predictor,Capesize,2025-05-23,1.44,4.36,0.912,distance_nm,Archived
RUN-0809,RandomForest_Demurrage_Estimator,Panamax,2025-05-23,2.9,5.67,0.849,trade_volume_monthly,Deployed
RUN-0810,RandomForest_Demurrage_Estimator,Capesize,2026-01-09,2.34,5.91,0.872,distance_nm,Staging
RUN-0811,XGBoost_Freight_Predictor,All_Classes,2024-01-21,1.51,3.58,0.947,trade_volume_monthly,Archived
RUN-0812,LightGBM_Congestion_Predictor,Capesize,2024-11-01,0.85,5.32,0.898,distance_nm,Staging
RUN-0813,SARIMAX_Bunker_Forecaster,Supramax,2026-09-07,2.11,7.56,0.836,bunker_price_vlsfo,Archived
RUN-0814,XGBoost_Freight_Predictor,All_Classes,2024-12-23,1.42,3.79,0.888,seasonal_monsoon_flag,Archived
RUN-0815,XGBoost_Freight_Predictor,All_Classes,2024-04-30,1.6,4.55,0.918,distance_nm,Staging
RUN-0816,RandomForest_Demurrage_Estimator,All_Classes,2026-08-07,1.65,8.25,0.868,seasonal_monsoon_flag,Deployed
RUN-0817,XGBoost_Freight_Predictor,All_Classes,2024-03-15,1.3,3.63,0.922,baltic_dry_index,Staging
RUN-0818,LightGBM_Congestion_Predictor,Capesize,2025-07-24,1.56,4.07,0.912,bunker_price_vlsfo,Archived
RUN-0819,LightGBM_Congestion_Predictor,Handysize,2024-03-28,1.55,2.61,0.924,distance_nm,Archived
RUN-0820,XGBoost_Freight_Predictor,Handysize,2024-05-22,0.86,3.79,0.907,port_congestion_wait_days,Deployed
RUN-0821,RandomForest_Demurrage_Estimator,Supramax,2024-10-27,1.98,6.39,0.809,seasonal_monsoon_flag,Archived
RUN-0822,XGBoost_Freight_Predictor,Handysize,2025-07-15,1.11,5.33,0.888,baltic_dry_index,Staging
RUN-0823,RandomForest_Demurrage_Estimator,Capesize,2026-06-01,3.16,5.48,0.781,trade_volume_monthly,Staging
RUN-0824,SARIMAX_Bunker_Forecaster,All_Classes,2026-01-20,1.91,5.79,0.87,port_congestion_wait_days,Archived
RUN-0825,XGBoost_Freight_Predictor,Supramax,2025-04-23,1.4,5.06,0.946,distance_nm,Archived
RUN-0826,SARIMAX_Bunker_Forecaster,Handysize,2026-08-27,2.09,9.29,0.84,port_congestion_wait_days,Archived
RUN-0827,SARIMAX_Bunker_Forecaster,All_Classes,2025-06-08,2.61,5.44,0.786,distance_nm,Staging
RUN-0828,LightGBM_Congestion_Predictor,All_Classes,2024-02-07,1.51,3.78,0.949,distance_nm,Archived
RUN-0829,XGBoost_Freight_Predictor,Handysize,2024-05-09,0.88,4.44,0.893,distance_nm,Deployed
RUN-0830,LightGBM_Congestion_Predictor,Supramax,2024-01-28,1.64,4.03,0.928,baltic_dry_index,Archived
RUN-0831,LightGBM_Congestion_Predictor,Panamax,2025-10-31,1.2,4.44,0.889,trade_volume_monthly,Staging
RUN-0832,SARIMAX_Bunker_Forecaster,Panamax,2025-03-14,2.91,5.14,0.821,bunker_price_vlsfo,Archived
RUN-0833,LightGBM_Congestion_Predictor,All_Classes,2025-12-25,0.98,3.55,0.924,port_congestion_wait_days,Archived
RUN-0834,LightGBM_Congestion_Predictor,Handysize,2024-01-28,1.46,3.63,0.945,distance_nm,Archived
RUN-0835,XGBoost_Freight_Predictor,Panamax,2024-05-21,1.71,3.74,0.928,seasonal_monsoon_flag,Deployed
RUN-0836,RandomForest_Demurrage_Estimator,Supramax,2025-06-06,1.73,5.19,0.782,trade_volume_monthly,Archived
RUN-0837,LightGBM_Congestion_Predictor,Supramax,2024-04-09,1.7,3.68,0.882,baltic_dry_index,Archived
RUN-0838,LightGBM_Congestion_Predictor,All_Classes,2025-12-21,1.76,3.18,0.946,seasonal_monsoon_flag,Deployed
RUN-0839,RandomForest_Demurrage_Estimator,Capesize,2025-12-08,2.5,5.28,0.82,trade_volume_monthly,Archived
RUN-0840,LightGBM_Congestion_Predictor,Panamax,2025-10-12,1.5,3.92,0.881,bunker_price_vlsfo,Staging
RUN-0841,XGBoost_Freight_Predictor,Supramax,2024-05-04,1.32,2.82,0.954,trade_volume_monthly,Archived
RUN-0842,SARIMAX_Bunker_Forecaster,Supramax,2025-10-12,2.02,6.41,0.864,bunker_price_vlsfo,Deployed
RUN-0843,XGBoost_Freight_Predictor,Supramax,2025-04-04,1.35,4.95,0.903,seasonal_monsoon_flag,Deployed
RUN-0844,SARIMAX_Bunker_Forecaster,Handysize,2024-09-25,1.98,7.52,0.887,seasonal_monsoon_flag,Deployed
RUN-0845,RandomForest_Demurrage_Estimator,Supramax,2024-12-04,3.18,5.41,0.805,trade_volume_monthly,Staging
RUN-0846,XGBoost_Freight_Predictor,Panamax,2024-09-24,1.17,4.58,0.94,distance_nm,Deployed
RUN-0847,LightGBM_Congestion_Predictor,Capesize,2025-08-17,1.17,4.35,0.931,port_congestion_wait_days,Archived
RUN-0848,SARIMAX_Bunker_Forecaster,Handysize,2024-02-01,2.32,7.07,0.889,seasonal_monsoon_flag,Archived
RUN-0849,LightGBM_Congestion_Predictor,Panamax,2025-07-19,1.65,5.29,0.88,seasonal_monsoon_flag,Archived
RUN-0850,SARIMAX_Bunker_Forecaster,Handysize,2025-02-01,2.69,8.14,0.795,trade_volume_monthly,Archived
RUN-0851,XGBoost_Freight_Predictor,All_Classes,2025-10-21,1.67,2.82,0.9,trade_volume_monthly,Staging
RUN-0852,RandomForest_Demurrage_Estimator,Handysize,2025-03-30,2.63,7.33,0.879,seasonal_monsoon_flag,Deployed
RUN-0853,LightGBM_Congestion_Predictor,Capesize,2024-10-18,0.82,3.33,0.928,bunker_price_vlsfo,Archived
RUN-0854,RandomForest_Demurrage_Estimator,Capesize,2024-12-22,2.7,8.7,0.872,seasonal_monsoon_flag,Staging
RUN-0855,LightGBM_Congestion_Predictor,Supramax,2026-05-22,1.45,4.16,0.91,bunker_price_vlsfo,Deployed
RUN-0856,SARIMAX_Bunker_Forecaster,All_Classes,2026-08-17,2.76,8.64,0.845,baltic_dry_index,Archived
RUN-0857,RandomForest_Demurrage_Estimator,All_Classes,2024-04-26,2.48,8.12,0.853,distance_nm,Staging
RUN-0858,RandomForest_Demurrage_Estimator,Handysize,2024-07-12,2.57,7.04,0.855,baltic_dry_index,Archived
RUN-0859,RandomForest_Demurrage_Estimator,Capesize,2024-04-27,1.74,5.44,0.801,distance_nm,Archived
RUN-0860,RandomForest_Demurrage_Estimator,Panamax,2024-11-27,3.13,6.8,0.78,seasonal_monsoon_flag,Archived
RUN-0861,SARIMAX_Bunker_Forecaster,Capesize,2025-09-27,2.64,8.37,0.879,port_congestion_wait_days,Archived
RUN-0862,XGBoost_Freight_Predictor,Capesize,2024-05-22,1.08,2.73,0.931,distance_nm,Staging
RUN-0863,RandomForest_Demurrage_Estimator,Panamax,2025-08-09,2.41,6.45,0.88,seasonal_monsoon_flag,Deployed
RUN-0864,XGBoost_Freight_Predictor,Supramax,2024-04-02,0.91,4.73,0.919,distance_nm,Staging
RUN-0865,RandomForest_Demurrage_Estimator,Panamax,2024-01-23,2.3,9.15,0.846,distance_nm,Staging
RUN-0866,XGBoost_Freight_Predictor,All_Classes,2026-03-05,0.93,2.89,0.904,bunker_price_vlsfo,Staging
RUN-0867,LightGBM_Congestion_Predictor,All_Classes,2025-10-17,1.21,5.32,0.94,distance_nm,Archived
RUN-0868,LightGBM_Congestion_Predictor,Handysize,2024-05-05,1.24,5.17,0.944,distance_nm,Staging
RUN-0869,RandomForest_Demurrage_Estimator,Handysize,2026-05-29,2.2,5.02,0.79,seasonal_monsoon_flag,Archived
RUN-0870,XGBoost_Freight_Predictor,Capesize,2026-05-11,1.43,3.5,0.938,trade_volume_monthly,Deployed
RUN-0871,XGBoost_Freight_Predictor,Panamax,2025-12-10,1.7,2.89,0.897,trade_volume_monthly,Archived
RUN-0872,RandomForest_Demurrage_Estimator,All_Classes,2024-04-11,2.31,7.89,0.834,seasonal_monsoon_flag,Staging
RUN-0873,SARIMAX_Bunker_Forecaster,All_Classes,2026-07-31,2.16,5.6,0.789,seasonal_monsoon_flag,Staging
RUN-0874,SARIMAX_Bunker_Forecaster,Handysize,2025-05-31,1.73,7.93,0.81,trade_volume_monthly,Deployed
RUN-0875,LightGBM_Congestion_Predictor,All_Classes,2026-01-10,0.81,3.0,0.927,bunker_price_vlsfo,Staging
RUN-0876,SARIMAX_Bunker_Forecaster,Handysize,2024-01-21,2.98,5.54,0.814,bunker_price_vlsfo,Archived
RUN-0877,LightGBM_Congestion_Predictor,Handysize,2024-06-25,1.4,2.74,0.883,baltic_dry_index,Deployed
RUN-0878,RandomForest_Demurrage_Estimator,Supramax,2025-12-24,3.09,6.49,0.858,port_congestion_wait_days,Staging
RUN-0879,LightGBM_Congestion_Predictor,All_Classes,2025-10-29,1.58,2.85,0.937,distance_nm,Archived
RUN-0880,RandomForest_Demurrage_Estimator,Capesize,2025-08-20,2.92,9.16,0.848,seasonal_monsoon_flag,Deployed
RUN-0881,LightGBM_Congestion_Predictor,Supramax,2025-10-27,1.12,3.19,0.938,bunker_price_vlsfo,Archived
RUN-0882,XGBoost_Freight_Predictor,Capesize,2025-10-18,1.28,2.84,0.899,trade_volume_monthly,Staging
RUN-0883,SARIMAX_Bunker_Forecaster,Supramax,2026-05-18,2.11,8.8,0.807,port_congestion_wait_days,Archived
RUN-0884,SARIMAX_Bunker_Forecaster,Handysize,2025-11-03,2.59,5.74,0.846,port_congestion_wait_days,Staging
RUN-0885,LightGBM_Congestion_Predictor,Handysize,2025-11-30,1.21,5.42,0.929,baltic_dry_index,Archived
RUN-0886,XGBoost_Freight_Predictor,All_Classes,2026-07-20,1.45,4.84,0.89,distance_nm,Staging
RUN-0887,RandomForest_Demurrage_Estimator,Panamax,2025-05-26,2.99,9.27,0.885,seasonal_monsoon_flag,Deployed
RUN-0888,SARIMAX_Bunker_Forecaster,Handysize,2025-05-18,1.53,6.17,0.802,port_congestion_wait_days,Staging
RUN-0889,XGBoost_Freight_Predictor,All_Classes,2026-02-14,1.77,4.52,0.93,port_congestion_wait_days,Deployed
RUN-0890,SARIMAX_Bunker_Forecaster,All_Classes,2024-07-26,2.99,9.11,0.807,trade_volume_monthly,Archived
RUN-0891,RandomForest_Demurrage_Estimator,All_Classes,2025-12-15,3.06,5.66,0.879,trade_volume_monthly,Deployed
RUN-0892,LightGBM_Congestion_Predictor,Handysize,2026-02-01,1.79,3.71,0.927,distance_nm,Deployed
RUN-0893,XGBoost_Freight_Predictor,Supramax,2024-12-22,0.92,5.23,0.929,baltic_dry_index,Staging
RUN-0894,LightGBM_Congestion_Predictor,Supramax,2025-06-18,1.18,5.1,0.937,baltic_dry_index,Staging
RUN-0895,LightGBM_Congestion_Predictor,Supramax,2026-08-24,0.93,3.82,0.909,trade_volume_monthly,Archived
RUN-0896,LightGBM_Congestion_Predictor,Panamax,2024-12-22,1.32,4.08,0.946,trade_volume_monthly,Deployed
RUN-0897,SARIMAX_Bunker_Forecaster,Supramax,2025-10-30,2.26,5.41,0.842,distance_nm,Deployed
RUN-0898,RandomForest_Demurrage_Estimator,Panamax,2025-12-03,3.05,7.58,0.826,trade_volume_monthly,Archived
RUN-0899,RandomForest_Demurrage_Estimator,Panamax,2025-03-29,3.15,5.86,0.823,bunker_price_vlsfo,Deployed
RUN-0900,LightGBM_Congestion_Predictor,Panamax,2026-07-06,1.75,5.12,0.897,trade_volume_monthly,Staging
RUN-0901,RandomForest_Demurrage_Estimator,Handysize,2024-03-31,2.76,7.13,0.887,port_congestion_wait_days,Deployed
RUN-0902,XGBoost_Freight_Predictor,All_Classes,2024-10-19,0.82,3.86,0.953,trade_volume_monthly,Archived
RUN-0903,RandomForest_Demurrage_Estimator,Handysize,2025-10-31,2.61,7.39,0.783,port_congestion_wait_days,Deployed
RUN-0904,SARIMAX_Bunker_Forecaster,Handysize,2024-08-25,1.93,6.83,0.87,trade_volume_monthly,Archived
RUN-0905,RandomForest_Demurrage_Estimator,Handysize,2024-05-29,2.04,8.99,0.885,trade_volume_monthly,Archived
RUN-0906,RandomForest_Demurrage_Estimator,Handysize,2025-01-01,1.71,7.54,0.788,port_congestion_wait_days,Deployed
RUN-0907,LightGBM_Congestion_Predictor,All_Classes,2024-05-18,1.48,5.4,0.934,port_congestion_wait_days,Archived
RUN-0908,LightGBM_Congestion_Predictor,Handysize,2026-04-10,0.97,5.23,0.91,bunker_price_vlsfo,Archived
RUN-0909,SARIMAX_Bunker_Forecaster,Capesize,2026-05-15,2.64,5.32,0.825,trade_volume_monthly,Staging
RUN-0910,RandomForest_Demurrage_Estimator,Supramax,2024-07-11,2.84,8.23,0.813,bunker_price_vlsfo,Archived
RUN-0911,SARIMAX_Bunker_Forecaster,Supramax,2026-05-20,2.97,8.29,0.884,seasonal_monsoon_flag,Staging
RUN-0912,SARIMAX_Bunker_Forecaster,Capesize,2026-05-05,2.06,7.44,0.857,bunker_price_vlsfo,Archived
RUN-0913,SARIMAX_Bunker_Forecaster,Handysize,2025-11-29,2.43,5.97,0.786,seasonal_monsoon_flag,Deployed
RUN-0914,SARIMAX_Bunker_Forecaster,Handysize,2026-04-01,2.21,7.16,0.822,distance_nm,Archived
RUN-0915,XGBoost_Freight_Predictor,All_Classes,2024-09-10,1.57,3.39,0.881,trade_volume_monthly,Archived
RUN-0916,RandomForest_Demurrage_Estimator,Handysize,2025-12-15,1.66,9.35,0.815,port_congestion_wait_days,Staging
RUN-0917,LightGBM_Congestion_Predictor,All_Classes,2025-10-21,0.95,2.67,0.934,bunker_price_vlsfo,Staging
RUN-0918,RandomForest_Demurrage_Estimator,All_Classes,2024-10-17,2.19,5.84,0.858,port_congestion_wait_days,Archived
RUN-0919,XGBoost_Freight_Predictor,Panamax,2026-04-03,1.43,2.97,0.926,distance_nm,Staging
RUN-0920,SARIMAX_Bunker_Forecaster,Handysize,2025-06-15,2.84,8.03,0.83,distance_nm,Staging
RUN-0921,LightGBM_Congestion_Predictor,Panamax,2024-03-20,1.42,4.96,0.932,port_congestion_wait_days,Staging
RUN-0922,SARIMAX_Bunker_Forecaster,Capesize,2025-01-29,2.47,7.2,0.801,distance_nm,Deployed
RUN-0923,RandomForest_Demurrage_Estimator,Supramax,2025-04-30,3.07,8.34,0.787,seasonal_monsoon_flag,Archived
RUN-0924,SARIMAX_Bunker_Forecaster,All_Classes,2026-03-08,2.76,8.28,0.847,baltic_dry_index,Deployed
RUN-0925,SARIMAX_Bunker_Forecaster,Handysize,2025-10-06,3.01,5.18,0.883,bunker_price_vlsfo,Deployed
RUN-0926,XGBoost_Freight_Predictor,Panamax,2026-01-01,1.06,4.34,0.895,baltic_dry_index,Archived
RUN-0927,XGBoost_Freight_Predictor,Supramax,2025-10-13,1.28,2.89,0.925,seasonal_monsoon_flag,Deployed
RUN-0928,RandomForest_Demurrage_Estimator,Handysize,2026-07-07,1.86,5.6,0.808,seasonal_monsoon_flag,Archived
RUN-0929,LightGBM_Congestion_Predictor,Capesize,2024-10-25,1.3,3.17,0.905,seasonal_monsoon_flag,Archived
RUN-0930,SARIMAX_Bunker_Forecaster,Capesize,2024-07-31,1.54,8.32,0.799,distance_nm,Deployed
RUN-0931,SARIMAX_Bunker_Forecaster,All_Classes,2025-04-05,1.97,8.22,0.813,baltic_dry_index,Archived
RUN-0932,RandomForest_Demurrage_Estimator,Handysize,2024-10-01,2.05,7.97,0.883,distance_nm,Staging
RUN-0933,LightGBM_Congestion_Predictor,Supramax,2024-08-29,1.56,5.25,0.914,baltic_dry_index,Archived
RUN-0934,SARIMAX_Bunker_Forecaster,Panamax,2025-03-11,2.45,6.57,0.788,trade_volume_monthly,Archived
RUN-0935,SARIMAX_Bunker_Forecaster,Capesize,2024-03-24,1.96,5.98,0.855,seasonal_monsoon_flag,Archived
RUN-0936,SARIMAX_Bunker_Forecaster,Capesize,2024-09-02,2.32,9.38,0.88,baltic_dry_index,Archived
RUN-0937,LightGBM_Congestion_Predictor,Supramax,2024-02-04,1.6,3.94,0.952,baltic_dry_index,Deployed
RUN-0938,LightGBM_Congestion_Predictor,Handysize,2024-02-05,1.04,2.66,0.891,trade_volume_monthly,Archived
RUN-0939,XGBoost_Freight_Predictor,Panamax,2026-02-02,1.16,3.46,0.887,port_congestion_wait_days,Staging
RUN-0940,RandomForest_Demurrage_Estimator,Capesize,2024-04-20,2.67,8.36,0.789,port_congestion_wait_days,Staging
RUN-0941,LightGBM_Congestion_Predictor,Handysize,2026-05-07,0.86,4.61,0.895,port_congestion_wait_days,Deployed
RUN-0942,RandomForest_Demurrage_Estimator,Supramax,2026-03-03,2.36,8.82,0.798,distance_nm,Archived
RUN-0943,LightGBM_Congestion_Predictor,Handysize,2025-10-15,1.21,3.32,0.934,port_congestion_wait_days,Staging
RUN-0944,XGBoost_Freight_Predictor,Supramax,2025-07-01,1.68,5.09,0.95,port_congestion_wait_days,Staging
RUN-0945,XGBoost_Freight_Predictor,Handysize,2025-04-10,1.05,2.9,0.935,trade_volume_monthly,Deployed
RUN-0946,SARIMAX_Bunker_Forecaster,All_Classes,2025-04-07,2.43,6.31,0.82,distance_nm,Archived
RUN-0947,XGBoost_Freight_Predictor,Supramax,2026-03-06,1.16,4.76,0.93,distance_nm,Archived
RUN-0948,XGBoost_Freight_Predictor,All_Classes,2025-06-03,1.22,2.67,0.889,port_congestion_wait_days,Staging
RUN-0949,XGBoost_Freight_Predictor,Capesize,2026-06-15,1.37,4.28,0.897,trade_volume_monthly,Deployed
RUN-0950,RandomForest_Demurrage_Estimator,Panamax,2026-04-11,1.57,6.64,0.869,trade_volume_monthly,Staging
RUN-0951,XGBoost_Freight_Predictor,Capesize,2025-04-08,0.92,2.56,0.936,baltic_dry_index,Deployed
RUN-0952,SARIMAX_Bunker_Forecaster,All_Classes,2025-06-05,1.65,6.79,0.887,seasonal_monsoon_flag,Archived
RUN-0953,SARIMAX_Bunker_Forecaster,Capesize,2024-06-24,1.94,5.69,0.881,distance_nm,Archived
RUN-0954,RandomForest_Demurrage_Estimator,All_Classes,2025-03-04,3.04,8.49,0.848,distance_nm,Deployed
RUN-0955,XGBoost_Freight_Predictor,Supramax,2025-07-10,1.28,2.51,0.901,trade_volume_monthly,Deployed
RUN-0956,RandomForest_Demurrage_Estimator,Supramax,2024-05-10,2.66,8.38,0.849,port_congestion_wait_days,Staging
RUN-0957,SARIMAX_Bunker_Forecaster,Handysize,2024-05-18,2.69,8.58,0.799,trade_volume_monthly,Staging
RUN-0958,RandomForest_Demurrage_Estimator,Handysize,2025-01-18,2.8,5.58,0.885,distance_nm,Staging
RUN-0959,RandomForest_Demurrage_Estimator,Supramax,2024-11-20,2.14,5.76,0.817,bunker_price_vlsfo,Archived
RUN-0960,LightGBM_Congestion_Predictor,Handysize,2025-07-13,1.19,3.34,0.921,seasonal_monsoon_flag,Archived
RUN-0961,SARIMAX_Bunker_Forecaster,All_Classes,2024-02-13,2.46,5.85,0.805,port_congestion_wait_days,Staging
RUN-0962,RandomForest_Demurrage_Estimator,All_Classes,2025-04-18,2.18,8.13,0.82,bunker_price_vlsfo,Archived
RUN-0963,SARIMAX_Bunker_Forecaster,Handysize,2026-04-22,2.42,5.82,0.834,bunker_price_vlsfo,Archived
RUN-0964,LightGBM_Congestion_Predictor,Handysize,2024-09-06,0.83,5.18,0.942,baltic_dry_index,Archived
RUN-0965,RandomForest_Demurrage_Estimator,Panamax,2024-08-18,3.14,9.49,0.869,distance_nm,Archived
RUN-0966,SARIMAX_Bunker_Forecaster,Capesize,2025-09-29,2.35,8.71,0.868,seasonal_monsoon_flag,Deployed
RUN-0967,RandomForest_Demurrage_Estimator,Panamax,2025-01-08,1.99,5.64,0.889,baltic_dry_index,Archived
RUN-0968,RandomForest_Demurrage_Estimator,Handysize,2026-05-24,1.64,5.05,0.887,seasonal_monsoon_flag,Staging
RUN-0969,LightGBM_Congestion_Predictor,Handysize,2025-01-12,1.64,3.41,0.935,port_congestion_wait_days,Staging
RUN-0970,SARIMAX_Bunker_Forecaster,Handysize,2025-07-05,1.55,6.57,0.856,bunker_price_vlsfo,Archived
RUN-0971,XGBoost_Freight_Predictor,All_Classes,2026-07-19,0.93,4.98,0.887,seasonal_monsoon_flag,Archived
RUN-0972,XGBoost_Freight_Predictor,Panamax,2024-12-02,1.2,4.71,0.957,port_congestion_wait_days,Archived
RUN-0973,XGBoost_Freight_Predictor,All_Classes,2024-08-24,1.08,2.87,0.884,bunker_price_vlsfo,Deployed
RUN-0974,RandomForest_Demurrage_Estimator,Panamax,2025-05-28,2.58,8.12,0.84,seasonal_monsoon_flag,Archived
RUN-0975,XGBoost_Freight_Predictor,Capesize,2024-05-08,1.0,5.4,0.954,baltic_dry_index,Deployed
RUN-0976,LightGBM_Congestion_Predictor,All_Classes,2025-12-16,1.19,4.22,0.906,trade_volume_monthly,Staging
RUN-0977,XGBoost_Freight_Predictor,Panamax,2025-07-04,1.68,3.14,0.958,baltic_dry_index,Staging
RUN-0978,LightGBM_Congestion_Predictor,Handysize,2024-04-25,1.76,2.64,0.898,bunker_price_vlsfo,Archived
RUN-0979,LightGBM_Congestion_Predictor,Panamax,2024-01-12,1.38,2.89,0.885,seasonal_monsoon_flag,Archived
RUN-0980,LightGBM_Congestion_Predictor,All_Classes,2025-01-03,1.63,3.46,0.921,distance_nm,Staging
RUN-0981,SARIMAX_Bunker_Forecaster,Capesize,2026-06-15,2.94,9.19,0.797,seasonal_monsoon_flag,Staging
RUN-0982,LightGBM_Congestion_Predictor,Capesize,2025-07-11,1.77,5.14,0.887,trade_volume_monthly,Archived
RUN-0983,SARIMAX_Bunker_Forecaster,Panamax,2024-11-29,2.98,7.99,0.782,bunker_price_vlsfo,Staging
RUN-0984,LightGBM_Congestion_Predictor,Capesize,2024-01-23,1.36,2.75,0.913,trade_volume_monthly,Staging
RUN-0985,RandomForest_Demurrage_Estimator,Capesize,2026-08-06,3.01,7.59,0.792,seasonal_monsoon_flag,Deployed
RUN-0986,SARIMAX_Bunker_Forecaster,All_Classes,2025-01-27,2.01,7.2,0.867,port_congestion_wait_days,Archived
RUN-0987,XGBoost_Freight_Predictor,All_Classes,2024-11-28,1.02,5.11,0.901,trade_volume_monthly,Archived
RUN-0988,XGBoost_Freight_Predictor,Handysize,2026-04-09,1.26,3.9,0.88,trade_volume_monthly,Staging
RUN-0989,XGBoost_Freight_Predictor,All_Classes,2024-03-04,1.69,2.87,0.902,bunker_price_vlsfo,Archived
RUN-0990,LightGBM_Congestion_Predictor,Supramax,2025-04-03,0.95,3.73,0.93,bunker_price_vlsfo,Archived
RUN-0991,RandomForest_Demurrage_Estimator,Supramax,2026-01-29,2.99,8.34,0.868,distance_nm,Staging
RUN-0992,SARIMAX_Bunker_Forecaster,Supramax,2024-05-15,2.19,5.49,0.866,distance_nm,Staging
RUN-0993,SARIMAX_Bunker_Forecaster,Handysize,2024-03-21,2.91,7.92,0.791,seasonal_monsoon_flag,Archived
RUN-0994,XGBoost_Freight_Predictor,Supramax,2025-12-03,1.63,3.76,0.922,bunker_price_vlsfo,Archived
RUN-0995,LightGBM_Congestion_Predictor,Handysize,2025-07-13,1.45,4.22,0.899,distance_nm,Staging
RUN-0996,RandomForest_Demurrage_Estimator,Panamax,2025-08-24,2.64,7.14,0.85,seasonal_monsoon_flag,Staging
RUN-0997,SARIMAX_Bunker_Forecaster,Handysize,2026-02-06,2.45,7.48,0.856,trade_volume_monthly,Deployed
RUN-0998,XGBoost_Freight_Predictor,Panamax,2025-08-06,0.98,4.56,0.914,bunker_price_vlsfo,Archived
RUN-0999,XGBoost_Freight_Predictor,Panamax,2024-11-13,1.36,2.95,0.959,distance_nm,Archived
RUN-1000,LightGBM_Congestion_Predictor,Capesize,2025-12-17,1.29,3.69,0.937,bunker_price_vlsfo,Staging
RUN-1001,LightGBM_Congestion_Predictor,Panamax,2024-05-06,1.22,2.91,0.916,distance_nm,Archived
RUN-1002,LightGBM_Congestion_Predictor,All_Classes,2026-04-23,1.03,4.8,0.936,baltic_dry_index,Archived
RUN-1003,RandomForest_Demurrage_Estimator,All_Classes,2026-04-30,1.57,5.49,0.872,port_congestion_wait_days,Deployed
RUN-1004,XGBoost_Freight_Predictor,Supramax,2024-09-30,1.13,2.72,0.884,trade_volume_monthly,Staging
RUN-1005,XGBoost_Freight_Predictor,All_Classes,2025-02-19,1.11,5.31,0.941,seasonal_monsoon_flag,Deployed
RUN-1006,LightGBM_Congestion_Predictor,Handysize,2026-03-29,1.64,5.04,0.913,port_congestion_wait_days,Deployed
RUN-1007,RandomForest_Demurrage_Estimator,Capesize,2025-08-02,1.88,8.85,0.875,seasonal_monsoon_flag,Archived
RUN-1008,SARIMAX_Bunker_Forecaster,Handysize,2024-04-07,1.92,6.3,0.866,distance_nm,Archived
RUN-1009,RandomForest_Demurrage_Estimator,All_Classes,2026-08-18,2.42,5.42,0.783,port_congestion_wait_days,Staging
RUN-1010,SARIMAX_Bunker_Forecaster,All_Classes,2025-12-05,1.81,7.43,0.81,port_congestion_wait_days,Archived
RUN-1011,SARIMAX_Bunker_Forecaster,Capesize,2024-03-09,2.98,9.04,0.87,port_congestion_wait_days,Deployed
RUN-1012,RandomForest_Demurrage_Estimator,Handysize,2025-09-22,1.93,7.04,0.794,bunker_price_vlsfo,Deployed
RUN-1013,LightGBM_Congestion_Predictor,Panamax,2024-05-13,1.52,4.99,0.925,distance_nm,Archived
RUN-1014,SARIMAX_Bunker_Forecaster,Supramax,2024-08-10,1.92,6.58,0.884,trade_volume_monthly,Archived
RUN-1015,LightGBM_Congestion_Predictor,Panamax,2024-08-03,1.8,2.63,0.898,port_congestion_wait_days,Archived
RUN-1016,SARIMAX_Bunker_Forecaster,Panamax,2026-06-06,1.74,6.59,0.841,trade_volume_monthly,Deployed
RUN-1017,RandomForest_Demurrage_Estimator,All_Classes,2024-11-08,2.07,5.71,0.797,seasonal_monsoon_flag,Archived
RUN-1018,LightGBM_Congestion_Predictor,Panamax,2024-10-30,1.01,5.35,0.901,baltic_dry_index,Staging
RUN-1019,RandomForest_Demurrage_Estimator,Supramax,2024-10-27,2.8,5.74,0.89,bunker_price_vlsfo,Staging
RUN-1020,SARIMAX_Bunker_Forecaster,Panamax,2026-03-14,2.32,6.32,0.843,seasonal_monsoon_flag,Staging
RUN-1021,SARIMAX_Bunker_Forecaster,Handysize,2026-02-16,1.94,9.1,0.781,port_congestion_wait_days,Archived
RUN-1022,RandomForest_Demurrage_Estimator,Capesize,2026-05-04,1.63,5.63,0.863,bunker_price_vlsfo,Archived
RUN-1023,RandomForest_Demurrage_Estimator,Capesize,2024-10-30,2.26,8.7,0.793,distance_nm,Archived
RUN-1024,XGBoost_Freight_Predictor,Capesize,2024-05-02,1.43,5.16,0.896,bunker_price_vlsfo,Archived
RUN-1025,RandomForest_Demurrage_Estimator,All_Classes,2025-07-03,1.62,9.08,0.785,seasonal_monsoon_flag,Archived
RUN-1026,LightGBM_Congestion_Predictor,Supramax,2026-07-24,1.55,2.74,0.952,bunker_price_vlsfo,Staging
RUN-1027,XGBoost_Freight_Predictor,Panamax,2025-06-29,1.37,4.04,0.938,trade_volume_monthly,Staging
RUN-1028,XGBoost_Freight_Predictor,Handysize,2026-07-09,1.24,3.76,0.921,baltic_dry_index,Archived
RUN-1029,SARIMAX_Bunker_Forecaster,Handysize,2024-12-21,1.63,8.0,0.883,bunker_price_vlsfo,Deployed
RUN-1030,XGBoost_Freight_Predictor,All_Classes,2025-04-15,0.97,4.49,0.958,baltic_dry_index,Deployed
RUN-1031,LightGBM_Congestion_Predictor,Panamax,2024-09-11,1.06,3.98,0.891,port_congestion_wait_days,Archived
RUN-1032,LightGBM_Congestion_Predictor,Panamax,2025-01-09,1.08,4.43,0.895,trade_volume_monthly,Deployed
RUN-1033,RandomForest_Demurrage_Estimator,Capesize,2026-02-18,2.18,9.38,0.836,distance_nm,Deployed
RUN-1034,LightGBM_Congestion_Predictor,Handysize,2024-02-07,0.93,5.31,0.908,distance_nm,Staging
RUN-1035,XGBoost_Freight_Predictor,Handysize,2024-12-28,1.01,2.65,0.926,distance_nm,Staging
RUN-1036,LightGBM_Congestion_Predictor,Handysize,2026-07-24,1.72,3.43,0.918,distance_nm,Deployed
RUN-1037,LightGBM_Congestion_Predictor,Handysize,2026-04-02,1.12,3.72,0.923,distance_nm,Archived
RUN-1038,XGBoost_Freight_Predictor,Handysize,2026-01-13,0.81,3.14,0.891,port_congestion_wait_days,Archived
RUN-1039,SARIMAX_Bunker_Forecaster,Panamax,2024-03-02,1.74,6.15,0.819,baltic_dry_index,Staging
RUN-1040,RandomForest_Demurrage_Estimator,Handysize,2026-02-08,2.37,7.51,0.888,seasonal_monsoon_flag,Staging
RUN-1041,LightGBM_Congestion_Predictor,Handysize,2026-02-16,1.52,3.36,0.883,distance_nm,Archived
RUN-1042,RandomForest_Demurrage_Estimator,All_Classes,2024-12-05,1.57,7.36,0.85,distance_nm,Archived
RUN-1043,SARIMAX_Bunker_Forecaster,Handysize,2025-08-02,1.59,9.29,0.783,bunker_price_vlsfo,Deployed
RUN-1044,LightGBM_Congestion_Predictor,Supramax,2024-02-27,0.84,4.84,0.946,seasonal_monsoon_flag,Deployed
RUN-1045,RandomForest_Demurrage_Estimator,Handysize,2026-01-21,2.0,5.73,0.831,seasonal_monsoon_flag,Deployed
RUN-1046,RandomForest_Demurrage_Estimator,All_Classes,2025-01-13,2.52,7.59,0.783,distance_nm,Archived
RUN-1047,LightGBM_Congestion_Predictor,All_Classes,2025-08-13,1.13,4.57,0.885,port_congestion_wait_days,Staging
RUN-1048,RandomForest_Demurrage_Estimator,Capesize,2024-08-18,2.25,8.5,0.789,baltic_dry_index,Deployed
RUN-1049,SARIMAX_Bunker_Forecaster,All_Classes,2024-06-29,1.65,9.19,0.803,bunker_price_vlsfo,Deployed
RUN-1050,RandomForest_Demurrage_Estimator,All_Classes,2024-02-10,1.87,7.32,0.872,baltic_dry_index,Deployed
RUN-1051,SARIMAX_Bunker_Forecaster,Supramax,2026-02-07,2.67,6.29,0.853,baltic_dry_index,Archived
RUN-1052,LightGBM_Congestion_Predictor,All_Classes,2026-05-30,1.18,4.54,0.891,bunker_price_vlsfo,Archived
RUN-1053,SARIMAX_Bunker_Forecaster,Handysize,2025-05-09,1.58,5.8,0.781,distance_nm,Deployed
RUN-1054,SARIMAX_Bunker_Forecaster,Capesize,2026-01-27,2.16,8.17,0.783,distance_nm,Deployed
RUN-1055,SARIMAX_Bunker_Forecaster,All_Classes,2025-09-16,1.87,6.49,0.845,seasonal_monsoon_flag,Archived
RUN-1056,RandomForest_Demurrage_Estimator,Capesize,2024-01-16,2.69,5.52,0.884,baltic_dry_index,Deployed
RUN-1057,RandomForest_Demurrage_Estimator,All_Classes,2025-01-27,2.85,6.46,0.875,distance_nm,Archived
RUN-1058,RandomForest_Demurrage_Estimator,Panamax,2025-06-01,1.99,7.15,0.83,distance_nm,Deployed
RUN-1059,SARIMAX_Bunker_Forecaster,Capesize,2025-07-13,3.18,6.76,0.829,bunker_price_vlsfo,Deployed
RUN-1060,SARIMAX_Bunker_Forecaster,Panamax,2024-08-01,1.57,5.9,0.826,bunker_price_vlsfo,Archived
RUN-1061,RandomForest_Demurrage_Estimator,Panamax,2024-03-10,2.74,8.39,0.845,trade_volume_monthly,Staging
RUN-1062,SARIMAX_Bunker_Forecaster,Supramax,2024-03-25,2.78,5.17,0.783,seasonal_monsoon_flag,Archived
RUN-1063,RandomForest_Demurrage_Estimator,Handysize,2025-05-08,2.02,8.32,0.863,baltic_dry_index,Archived
RUN-1064,LightGBM_Congestion_Predictor,Panamax,2024-11-24,0.91,4.95,0.881,port_congestion_wait_days,Archived
RUN-1065,RandomForest_Demurrage_Estimator,All_Classes,2026-08-30,2.48,5.1,0.806,port_congestion_wait_days,Archived
RUN-1066,XGBoost_Freight_Predictor,Handysize,2024-01-14,1.59,2.63,0.9,seasonal_monsoon_flag,Staging
RUN-1067,SARIMAX_Bunker_Forecaster,Supramax,2025-03-17,2.05,6.22,0.865,trade_volume_monthly,Archived
RUN-1068,XGBoost_Freight_Predictor,Handysize,2025-04-27,0.98,3.67,0.955,trade_volume_monthly,Staging
RUN-1069,RandomForest_Demurrage_Estimator,Panamax,2025-01-07,2.44,8.03,0.851,bunker_price_vlsfo,Archived
RUN-1070,XGBoost_Freight_Predictor,Panamax,2024-06-09,1.79,4.6,0.913,seasonal_monsoon_flag,Staging
RUN-1071,LightGBM_Congestion_Predictor,Supramax,2025-08-25,1.31,4.38,0.884,distance_nm,Staging
RUN-1072,LightGBM_Congestion_Predictor,All_Classes,2025-03-12,1.72,4.3,0.946,seasonal_monsoon_flag,Deployed
RUN-1073,LightGBM_Congestion_Predictor,Panamax,2025-02-26,1.51,4.17,0.947,bunker_price_vlsfo,Deployed
RUN-1074,LightGBM_Congestion_Predictor,Capesize,2026-03-15,1.04,4.36,0.942,trade_volume_monthly,Archived
RUN-1075,LightGBM_Congestion_Predictor,Supramax,2024-12-15,0.93,3.23,0.9,distance_nm,Archived
RUN-1076,RandomForest_Demurrage_Estimator,All_Classes,2025-09-08,2.87,9.14,0.814,distance_nm,Staging
RUN-1077,LightGBM_Congestion_Predictor,Panamax,2024-11-11,1.62,3.88,0.947,trade_volume_monthly,Archived
RUN-1078,RandomForest_Demurrage_Estimator,Supramax,2024-12-20,3.11,5.66,0.851,bunker_price_vlsfo,Archived
RUN-1079,SARIMAX_Bunker_Forecaster,Supramax,2024-09-30,2.1,8.73,0.792,bunker_price_vlsfo,Archived
RUN-1080,XGBoost_Freight_Predictor,Capesize,2024-01-19,0.9,2.66,0.926,trade_volume_monthly,Archived
RUN-1081,LightGBM_Congestion_Predictor,Handysize,2024-06-02,1.06,2.74,0.941,distance_nm,Staging
RUN-1082,LightGBM_Congestion_Predictor,Handysize,2025-01-29,0.98,5.32,0.888,baltic_dry_index,Archived
RUN-1083,LightGBM_Congestion_Predictor,Capesize,2025-01-28,1.37,3.7,0.952,bunker_price_vlsfo,Archived
RUN-1084,RandomForest_Demurrage_Estimator,All_Classes,2024-06-20,2.58,7.73,0.851,port_congestion_wait_days,Staging
RUN-1085,XGBoost_Freight_Predictor,Capesize,2024-11-03,1.4,4.29,0.947,trade_volume_monthly,Archived
RUN-1086,RandomForest_Demurrage_Estimator,All_Classes,2024-01-09,1.85,7.23,0.874,trade_volume_monthly,Archived
RUN-1087,LightGBM_Congestion_Predictor,Capesize,2025-04-27,1.53,2.62,0.953,bunker_price_vlsfo,Archived
RUN-1088,RandomForest_Demurrage_Estimator,Supramax,2026-06-01,1.9,7.71,0.783,seasonal_monsoon_flag,Staging
RUN-1089,LightGBM_Congestion_Predictor,Supramax,2025-01-09,0.86,5.26,0.887,trade_volume_monthly,Archived
RUN-1090,RandomForest_Demurrage_Estimator,Handysize,2025-09-20,3.01,8.99,0.848,seasonal_monsoon_flag,Archived
RUN-1091,XGBoost_Freight_Predictor,Panamax,2026-04-20,1.75,3.43,0.896,seasonal_monsoon_flag,Staging
RUN-1092,XGBoost_Freight_Predictor,All_Classes,2025-09-29,1.48,2.79,0.937,baltic_dry_index,Deployed
RUN-1093,RandomForest_Demurrage_Estimator,Handysize,2025-03-21,1.85,8.3,0.823,port_congestion_wait_days,Archived
RUN-1094,LightGBM_Congestion_Predictor,Panamax,2025-01-18,1.42,3.62,0.941,bunker_price_vlsfo,Staging
RUN-1095,LightGBM_Congestion_Predictor,Handysize,2024-09-06,1.58,5.45,0.885,bunker_price_vlsfo,Deployed
RUN-1096,XGBoost_Freight_Predictor,Supramax,2026-06-14,1.08,3.41,0.927,distance_nm,Archived
RUN-1097,XGBoost_Freight_Predictor,Capesize,2024-09-15,1.5,4.65,0.894,port_congestion_wait_days,Staging
RUN-1098,LightGBM_Congestion_Predictor,Panamax,2026-01-31,0.86,4.93,0.931,trade_volume_monthly,Archived
RUN-1099,XGBoost_Freight_Predictor,All_Classes,2026-03-22,1.79,4.49,0.925,port_congestion_wait_days,Archived
RUN-1100,LightGBM_Congestion_Predictor,All_Classes,2026-01-25,1.32,3.57,0.935,port_congestion_wait_days,Archived
RUN-1101,SARIMAX_Bunker_Forecaster,Panamax,2025-06-27,2.52,8.05,0.781,port_congestion_wait_days,Archived
RUN-1102,RandomForest_Demurrage_Estimator,Capesize,2024-04-18,2.32,6.73,0.826,baltic_dry_index,Staging
RUN-1103,SARIMAX_Bunker_Forecaster,Panamax,2024-06-08,1.91,8.33,0.854,baltic_dry_index,Archived
RUN-1104,SARIMAX_Bunker_Forecaster,Handysize,2025-10-24,2.86,6.53,0.785,trade_volume_monthly,Archived
RUN-1105,LightGBM_Congestion_Predictor,All_Classes,2024-10-13,0.85,3.34,0.902,bunker_price_vlsfo,Deployed
RUN-1106,SARIMAX_Bunker_Forecaster,Capesize,2025-04-29,1.94,7.87,0.84,port_congestion_wait_days,Archived
RUN-1107,RandomForest_Demurrage_Estimator,All_Classes,2024-08-10,2.52,5.54,0.88,trade_volume_monthly,Archived
RUN-1108,LightGBM_Congestion_Predictor,Handysize,2026-08-11,1.6,3.15,0.934,baltic_dry_index,Staging
RUN-1109,LightGBM_Congestion_Predictor,Panamax,2025-06-05,1.75,4.14,0.883,trade_volume_monthly,Staging
RUN-1110,SARIMAX_Bunker_Forecaster,All_Classes,2024-01-14,1.66,5.82,0.866,distance_nm,Deployed
RUN-1111,LightGBM_Congestion_Predictor,All_Classes,2025-05-01,1.44,4.16,0.92,bunker_price_vlsfo,Staging
RUN-1112,RandomForest_Demurrage_Estimator,Handysize,2025-12-14,2.97,5.38,0.828,port_congestion_wait_days,Staging
RUN-1113,SARIMAX_Bunker_Forecaster,Supramax,2024-08-27,2.47,7.36,0.823,bunker_price_vlsfo,Staging
RUN-1114,SARIMAX_Bunker_Forecaster,Capesize,2024-11-21,1.74,8.12,0.852,distance_nm,Archived
RUN-1115,RandomForest_Demurrage_Estimator,All_Classes,2026-02-05,2.39,7.22,0.848,trade_volume_monthly,Staging
RUN-1116,XGBoost_Freight_Predictor,Supramax,2025-08-06,0.85,4.74,0.955,trade_volume_monthly,Archived
RUN-1117,SARIMAX_Bunker_Forecaster,Panamax,2026-07-11,1.66,6.65,0.822,baltic_dry_index,Archived
RUN-1118,XGBoost_Freight_Predictor,Supramax,2026-08-11,1.68,3.35,0.898,port_congestion_wait_days,Archived
RUN-1119,XGBoost_Freight_Predictor,Capesize,2024-12-20,1.5,2.95,0.926,baltic_dry_index,Archived
RUN-1120,XGBoost_Freight_Predictor,Panamax,2025-10-11,0.99,3.09,0.902,baltic_dry_index,Deployed
RUN-1121,SARIMAX_Bunker_Forecaster,Supramax,2024-12-25,2.12,9.13,0.817,seasonal_monsoon_flag,Archived
RUN-1122,SARIMAX_Bunker_Forecaster,Supramax,2026-08-18,2.07,7.3,0.796,bunker_price_vlsfo,Archived
RUN-1123,XGBoost_Freight_Predictor,Handysize,2025-07-15,1.19,2.77,0.933,distance_nm,Staging
RUN-1124,RandomForest_Demurrage_Estimator,Capesize,2024-12-10,2.32,5.91,0.788,distance_nm,Staging
RUN-1125,RandomForest_Demurrage_Estimator,All_Classes,2026-08-30,2.33,6.35,0.861,distance_nm,Staging
RUN-1126,SARIMAX_Bunker_Forecaster,Capesize,2026-04-10,1.63,7.87,0.881,distance_nm,Deployed
RUN-1127,XGBoost_Freight_Predictor,All_Classes,2026-04-08,1.26,3.46,0.889,seasonal_monsoon_flag,Archived
RUN-1128,LightGBM_Congestion_Predictor,Capesize,2026-02-19,1.04,4.8,0.935,bunker_price_vlsfo,Deployed
RUN-1129,SARIMAX_Bunker_Forecaster,Capesize,2025-03-04,2.85,5.77,0.887,trade_volume_monthly,Staging
RUN-1130,XGBoost_Freight_Predictor,Panamax,2024-07-11,1.67,3.48,0.881,trade_volume_monthly,Archived
RUN-1131,RandomForest_Demurrage_Estimator,Handysize,2025-07-18,1.95,5.48,0.881,port_congestion_wait_days,Staging
RUN-1132,LightGBM_Congestion_Predictor,Handysize,2025-07-24,1.65,2.7,0.943,port_congestion_wait_days,Deployed
RUN-1133,SARIMAX_Bunker_Forecaster,Handysize,2024-09-26,2.52,9.02,0.81,distance_nm,Archived
RUN-1134,XGBoost_Freight_Predictor,Panamax,2025-09-06,1.45,4.03,0.906,seasonal_monsoon_flag,Archived
RUN-1135,SARIMAX_Bunker_Forecaster,Capesize,2024-12-16,2.72,8.84,0.886,trade_volume_monthly,Staging
RUN-1136,XGBoost_Freight_Predictor,Supramax,2025-10-05,1.35,4.2,0.951,seasonal_monsoon_flag,Staging
RUN-1137,XGBoost_Freight_Predictor,Supramax,2025-11-08,1.06,2.58,0.914,distance_nm,Deployed
RUN-1138,SARIMAX_Bunker_Forecaster,Handysize,2025-12-23,1.7,5.78,0.873,baltic_dry_index,Staging
RUN-1139,XGBoost_Freight_Predictor,All_Classes,2025-08-25,1.41,2.6,0.93,distance_nm,Archived
RUN-1140,LightGBM_Congestion_Predictor,Panamax,2024-02-10,1.21,5.15,0.901,baltic_dry_index,Archived
RUN-1141,SARIMAX_Bunker_Forecaster,Supramax,2024-11-10,2.73,5.71,0.86,seasonal_monsoon_flag,Archived
RUN-1142,SARIMAX_Bunker_Forecaster,Handysize,2025-12-08,2.65,7.51,0.801,seasonal_monsoon_flag,Archived
RUN-1143,XGBoost_Freight_Predictor,Panamax,2024-02-25,1.02,4.05,0.902,baltic_dry_index,Deployed
RUN-1144,LightGBM_Congestion_Predictor,Panamax,2025-06-13,1.46,3.14,0.886,baltic_dry_index,Staging
RUN-1145,XGBoost_Freight_Predictor,Supramax,2025-06-02,1.47,4.6,0.92,port_congestion_wait_days,Archived
RUN-1146,LightGBM_Congestion_Predictor,Panamax,2025-03-26,1.26,4.19,0.928,distance_nm,Staging
RUN-1147,RandomForest_Demurrage_Estimator,Supramax,2024-08-11,2.08,5.4,0.822,trade_volume_monthly,Archived
RUN-1148,LightGBM_Congestion_Predictor,All_Classes,2026-02-10,1.73,4.73,0.919,trade_volume_monthly,Staging
RUN-1149,XGBoost_Freight_Predictor,Capesize,2025-12-30,0.84,3.51,0.904,bunker_price_vlsfo,Deployed
RUN-1150,SARIMAX_Bunker_Forecaster,Panamax,2026-08-12,3.01,6.7,0.855,port_congestion_wait_days,Archived
RUN-1151,RandomForest_Demurrage_Estimator,Supramax,2024-09-28,3.01,7.82,0.787,distance_nm,Archived
RUN-1152,XGBoost_Freight_Predictor,Capesize,2025-02-18,0.9,4.36,0.906,distance_nm,Staging
RUN-1153,SARIMAX_Bunker_Forecaster,Capesize,2024-03-16,1.53,8.93,0.795,seasonal_monsoon_flag,Archived
RUN-1154,XGBoost_Freight_Predictor,Panamax,2024-06-29,1.51,3.81,0.889,port_congestion_wait_days,Deployed
RUN-1155,RandomForest_Demurrage_Estimator,Capesize,2024-08-26,2.55,5.96,0.81,trade_volume_monthly,Staging
RUN-1156,RandomForest_Demurrage_Estimator,All_Classes,2026-02-14,1.81,9.4,0.826,seasonal_monsoon_flag,Archived
RUN-1157,SARIMAX_Bunker_Forecaster,Handysize,2026-04-04,2.67,9.39,0.844,port_congestion_wait_days,Archived
RUN-1158,XGBoost_Freight_Predictor,All_Classes,2025-11-01,0.95,3.62,0.956,port_congestion_wait_days,Archived
RUN-1159,LightGBM_Congestion_Predictor,Panamax,2024-08-24,1.63,4.39,0.95,baltic_dry_index,Archived
RUN-1160,SARIMAX_Bunker_Forecaster,Supramax,2025-08-29,2.31,6.42,0.856,seasonal_monsoon_flag,Staging
RUN-1161,LightGBM_Congestion_Predictor,All_Classes,2025-08-18,1.25,5.24,0.953,trade_volume_monthly,Archived
RUN-1162,SARIMAX_Bunker_Forecaster,Supramax,2024-05-28,1.68,7.11,0.785,bunker_price_vlsfo,Deployed
RUN-1163,LightGBM_Congestion_Predictor,All_Classes,2024-01-14,1.57,4.63,0.947,baltic_dry_index,Archived
RUN-1164,XGBoost_Freight_Predictor,All_Classes,2024-04-28,0.94,3.02,0.892,baltic_dry_index,Archived
RUN-1165,RandomForest_Demurrage_Estimator,Capesize,2025-06-25,1.98,7.09,0.875,seasonal_monsoon_flag,Archived
RUN-1166,SARIMAX_Bunker_Forecaster,All_Classes,2025-03-10,2.22,7.71,0.789,port_congestion_wait_days,Deployed
RUN-1167,LightGBM_Congestion_Predictor,All_Classes,2025-04-15,0.96,5.0,0.956,seasonal_monsoon_flag,Archived
RUN-1168,RandomForest_Demurrage_Estimator,Capesize,2024-09-24,2.91,8.4,0.857,bunker_price_vlsfo,Archived
RUN-1169,LightGBM_Congestion_Predictor,All_Classes,2024-08-25,1.77,2.68,0.954,port_congestion_wait_days,Staging
RUN-1170,RandomForest_Demurrage_Estimator,Supramax,2025-11-04,2.45,8.76,0.814,distance_nm,Deployed
RUN-1171,SARIMAX_Bunker_Forecaster,Handysize,2024-04-06,2.66,6.06,0.872,seasonal_monsoon_flag,Staging
RUN-1172,LightGBM_Congestion_Predictor,Supramax,2024-09-16,1.51,2.7,0.942,seasonal_monsoon_flag,Archived
RUN-1173,LightGBM_Congestion_Predictor,Supramax,2026-03-29,1.66,5.16,0.883,port_congestion_wait_days,Staging
RUN-1174,XGBoost_Freight_Predictor,Panamax,2024-04-19,1.51,4.32,0.936,bunker_price_vlsfo,Staging
RUN-1175,SARIMAX_Bunker_Forecaster,All_Classes,2025-09-09,1.74,7.92,0.802,bunker_price_vlsfo,Staging
RUN-1176,XGBoost_Freight_Predictor,All_Classes,2024-06-23,1.6,5.42,0.916,distance_nm,Deployed
RUN-1177,SARIMAX_Bunker_Forecaster,All_Classes,2024-05-29,1.64,5.44,0.797,trade_volume_monthly,Deployed
RUN-1178,RandomForest_Demurrage_Estimator,All_Classes,2025-10-21,2.1,5.26,0.845,trade_volume_monthly,Archived
RUN-1179,SARIMAX_Bunker_Forecaster,Supramax,2024-06-11,1.62,8.2,0.813,seasonal_monsoon_flag,Staging
RUN-1180,RandomForest_Demurrage_Estimator,Capesize,2025-12-01,1.71,6.0,0.868,trade_volume_monthly,Archived
RUN-1181,XGBoost_Freight_Predictor,Capesize,2024-12-16,1.18,4.89,0.948,distance_nm,Staging
RUN-1182,SARIMAX_Bunker_Forecaster,Panamax,2024-10-08,2.62,9.16,0.798,trade_volume_monthly,Archived
RUN-1183,XGBoost_Freight_Predictor,Capesize,2025-01-20,1.31,4.72,0.923,port_congestion_wait_days,Staging
RUN-1184,LightGBM_Congestion_Predictor,All_Classes,2026-01-14,0.86,4.32,0.917,seasonal_monsoon_flag,Deployed
RUN-1185,SARIMAX_Bunker_Forecaster,Supramax,2025-04-03,2.58,5.94,0.872,distance_nm,Archived
RUN-1186,LightGBM_Congestion_Predictor,Supramax,2024-04-10,1.01,3.11,0.914,seasonal_monsoon_flag,Staging
RUN-1187,SARIMAX_Bunker_Forecaster,Capesize,2026-03-23,2.9,7.82,0.82,port_congestion_wait_days,Archived
RUN-1188,RandomForest_Demurrage_Estimator,Handysize,2026-01-29,1.8,6.0,0.8,distance_nm,Staging
RUN-1189,LightGBM_Congestion_Predictor,Supramax,2026-08-04,1.13,4.55,0.94,port_congestion_wait_days,Archived
RUN-1190,RandomForest_Demurrage_Estimator,All_Classes,2025-09-12,2.45,5.69,0.877,seasonal_monsoon_flag,Deployed
RUN-1191,XGBoost_Freight_Predictor,Panamax,2025-04-03,1.2,2.62,0.888,seasonal_monsoon_flag,Archived
RUN-1192,RandomForest_Demurrage_Estimator,Panamax,2025-11-24,2.45,7.95,0.803,seasonal_monsoon_flag,Staging
RUN-1193,SARIMAX_Bunker_Forecaster,Capesize,2025-10-17,1.89,8.41,0.817,trade_volume_monthly,Archived
RUN-1194,SARIMAX_Bunker_Forecaster,Capesize,2026-06-19,1.93,8.97,0.78,trade_volume_monthly,Staging
RUN-1195,XGBoost_Freight_Predictor,Capesize,2025-08-12,1.73,4.17,0.881,baltic_dry_index,Staging
RUN-1196,SARIMAX_Bunker_Forecaster,All_Classes,2024-07-29,2.39,8.61,0.826,distance_nm,Archived
RUN-1197,LightGBM_Congestion_Predictor,Panamax,2024-11-21,1.08,4.16,0.883,bunker_price_vlsfo,Deployed
RUN-1198,XGBoost_Freight_Predictor,Supramax,2024-02-27,1.1,2.81,0.944,distance_nm,Archived
RUN-1199,XGBoost_Freight_Predictor,Panamax,2026-01-22,0.83,3.09,0.913,trade_volume_monthly,Staging
RUN-1200,XGBoost_Freight_Predictor,Panamax,2026-02-15,1.28,3.6,0.958,distance_nm,Deployed
RUN-1201,LightGBM_Congestion_Predictor,Panamax,2024-01-17,1.21,3.14,0.907,baltic_dry_index,Staging
RUN-1202,SARIMAX_Bunker_Forecaster,Supramax,2025-07-11,2.49,8.82,0.785,baltic_dry_index,Archived
RUN-1203,SARIMAX_Bunker_Forecaster,Handysize,2025-10-29,2.22,7.84,0.827,seasonal_monsoon_flag,Archived
RUN-1204,RandomForest_Demurrage_Estimator,All_Classes,2025-01-09,2.41,5.32,0.785,trade_volume_monthly,Archived
RUN-1205,SARIMAX_Bunker_Forecaster,Capesize,2024-11-01,2.27,5.24,0.871,port_congestion_wait_days,Archived
RUN-1206,SARIMAX_Bunker_Forecaster,All_Classes,2024-11-01,2.23,6.46,0.821,baltic_dry_index,Archived
RUN-1207,RandomForest_Demurrage_Estimator,Capesize,2025-03-22,3.0,8.12,0.839,baltic_dry_index,Archived
RUN-1208,SARIMAX_Bunker_Forecaster,All_Classes,2024-08-23,2.56,6.58,0.796,port_congestion_wait_days,Deployed
RUN-1209,SARIMAX_Bunker_Forecaster,All_Classes,2024-07-16,1.63,7.53,0.882,port_congestion_wait_days,Staging
RUN-1210,SARIMAX_Bunker_Forecaster,Supramax,2026-08-06,2.61,7.65,0.887,bunker_price_vlsfo,Archived
RUN-1211,RandomForest_Demurrage_Estimator,Supramax,2025-08-09,3.1,5.78,0.818,seasonal_monsoon_flag,Archived
RUN-1212,SARIMAX_Bunker_Forecaster,Panamax,2026-01-28,1.79,5.93,0.783,distance_nm,Deployed
RUN-1213,RandomForest_Demurrage_Estimator,Handysize,2024-01-14,1.98,9.0,0.819,port_congestion_wait_days,Archived
RUN-1214,LightGBM_Congestion_Predictor,Supramax,2025-05-20,1.24,4.78,0.923,baltic_dry_index,Staging
RUN-1215,LightGBM_Congestion_Predictor,Capesize,2026-07-07,1.56,4.44,0.894,distance_nm,Staging
RUN-1216,XGBoost_Freight_Predictor,Supramax,2024-02-05,1.78,2.77,0.956,seasonal_monsoon_flag,Deployed
RUN-1217,XGBoost_Freight_Predictor,Panamax,2026-05-03,1.2,3.43,0.9,seasonal_monsoon_flag,Staging
RUN-1218,LightGBM_Congestion_Predictor,All_Classes,2025-03-02,1.27,4.96,0.942,distance_nm,Archived
RUN-1219,XGBoost_Freight_Predictor,Panamax,2024-11-25,1.14,4.26,0.939,bunker_price_vlsfo,Archived
RUN-1220,LightGBM_Congestion_Predictor,Capesize,2025-07-18,1.12,2.59,0.932,port_congestion_wait_days,Archived
RUN-1221,SARIMAX_Bunker_Forecaster,All_Classes,2025-03-23,2.26,9.07,0.869,trade_volume_monthly,Archived
RUN-1222,SARIMAX_Bunker_Forecaster,All_Classes,2025-02-07,2.85,5.14,0.866,bunker_price_vlsfo,Archived
RUN-1223,SARIMAX_Bunker_Forecaster,Panamax,2026-07-29,2.79,6.43,0.854,baltic_dry_index,Archived
RUN-1224,XGBoost_Freight_Predictor,Handysize,2026-08-07,1.67,3.59,0.912,distance_nm,Archived
RUN-1225,RandomForest_Demurrage_Estimator,Handysize,2024-07-04,1.9,7.89,0.828,distance_nm,Deployed
RUN-1226,RandomForest_Demurrage_Estimator,Panamax,2025-06-24,1.7,9.42,0.866,seasonal_monsoon_flag,Archived
RUN-1227,LightGBM_Congestion_Predictor,All_Classes,2026-08-14,1.54,3.07,0.92,distance_nm,Deployed
RUN-1228,LightGBM_Congestion_Predictor,All_Classes,2025-11-12,1.03,3.87,0.94,trade_volume_monthly,Archived
RUN-1229,SARIMAX_Bunker_Forecaster,Handysize,2026-05-28,2.52,7.0,0.796,trade_volume_monthly,Archived
RUN-1230,SARIMAX_Bunker_Forecaster,All_Classes,2025-06-21,2.61,8.91,0.797,trade_volume_monthly,Archived
RUN-1231,SARIMAX_Bunker_Forecaster,All_Classes,2024-08-09,1.58,6.11,0.824,distance_nm,Staging
RUN-1232,SARIMAX_Bunker_Forecaster,Handysize,2025-04-23,2.81,6.64,0.829,baltic_dry_index,Archived
RUN-1233,SARIMAX_Bunker_Forecaster,All_Classes,2025-02-20,2.23,6.09,0.807,baltic_dry_index,Staging
RUN-1234,RandomForest_Demurrage_Estimator,Capesize,2024-12-04,1.74,8.3,0.806,baltic_dry_index,Staging
RUN-1235,SARIMAX_Bunker_Forecaster,Handysize,2026-03-21,2.82,7.4,0.867,port_congestion_wait_days,Archived
RUN-1236,LightGBM_Congestion_Predictor,Supramax,2025-03-14,1.75,5.03,0.954,baltic_dry_index,Staging
RUN-1237,LightGBM_Congestion_Predictor,Capesize,2025-12-29,1.07,2.61,0.913,bunker_price_vlsfo,Deployed
RUN-1238,RandomForest_Demurrage_Estimator,Handysize,2024-04-03,1.79,7.39,0.806,port_congestion_wait_days,Staging
RUN-1239,LightGBM_Congestion_Predictor,Capesize,2024-09-10,1.46,5.21,0.944,bunker_price_vlsfo,Staging
RUN-1240,SARIMAX_Bunker_Forecaster,Panamax,2024-03-07,1.58,8.9,0.788,port_congestion_wait_days,Archived
RUN-1241,RandomForest_Demurrage_Estimator,Panamax,2025-11-24,2.54,5.28,0.889,port_congestion_wait_days,Staging
RUN-1242,LightGBM_Congestion_Predictor,Panamax,2025-07-03,1.16,4.24,0.938,trade_volume_monthly,Staging
RUN-1243,RandomForest_Demurrage_Estimator,Panamax,2024-11-20,2.81,5.71,0.839,port_congestion_wait_days,Archived
RUN-1244,SARIMAX_Bunker_Forecaster,All_Classes,2026-05-03,2.24,7.73,0.859,distance_nm,Archived
RUN-1245,SARIMAX_Bunker_Forecaster,Panamax,2026-02-22,2.56,7.96,0.877,baltic_dry_index,Archived
RUN-1246,XGBoost_Freight_Predictor,Panamax,2025-05-08,1.2,5.27,0.93,distance_nm,Archived
RUN-1247,RandomForest_Demurrage_Estimator,Panamax,2026-08-27,2.72,7.68,0.807,trade_volume_monthly,Deployed
RUN-1248,SARIMAX_Bunker_Forecaster,Supramax,2025-10-13,1.92,7.07,0.804,trade_volume_monthly,Archived
RUN-1249,SARIMAX_Bunker_Forecaster,Supramax,2024-12-26,2.92,6.08,0.795,bunker_price_vlsfo,Archived
RUN-1250,XGBoost_Freight_Predictor,Handysize,2024-11-20,1.15,4.75,0.921,distance_nm,Staging
RUN-1251,LightGBM_Congestion_Predictor,Supramax,2024-04-26,1.08,4.54,0.94,port_congestion_wait_days,Archived
RUN-1252,SARIMAX_Bunker_Forecaster,Supramax,2024-11-04,2.42,7.25,0.79,baltic_dry_index,Staging
RUN-1253,RandomForest_Demurrage_Estimator,Supramax,2024-01-09,3.12,6.56,0.813,distance_nm,Staging
RUN-1254,XGBoost_Freight_Predictor,All_Classes,2024-09-05,1.51,5.08,0.959,distance_nm,Archived
RUN-1255,SARIMAX_Bunker_Forecaster,Panamax,2024-11-30,2.32,7.73,0.797,baltic_dry_index,Archived
RUN-1256,XGBoost_Freight_Predictor,Handysize,2024-12-24,1.61,4.4,0.952,baltic_dry_index,Staging
RUN-1257,SARIMAX_Bunker_Forecaster,Panamax,2024-01-24,1.52,7.94,0.825,trade_volume_monthly,Archived
RUN-1258,XGBoost_Freight_Predictor,Supramax,2025-07-03,1.43,5.05,0.901,distance_nm,Archived
RUN-1259,SARIMAX_Bunker_Forecaster,All_Classes,2026-05-28,3.07,8.21,0.786,trade_volume_monthly,Deployed
RUN-1260,SARIMAX_Bunker_Forecaster,Capesize,2026-08-30,2.95,8.8,0.836,distance_nm,Archived
RUN-1261,SARIMAX_Bunker_Forecaster,Handysize,2025-12-29,1.65,5.01,0.855,trade_volume_monthly,Archived
RUN-1262,LightGBM_Congestion_Predictor,Handysize,2024-06-24,1.61,3.53,0.944,port_congestion_wait_days,Staging
RUN-1263,SARIMAX_Bunker_Forecaster,Handysize,2024-07-02,2.35,8.17,0.88,seasonal_monsoon_flag,Archived
RUN-1264,XGBoost_Freight_Predictor,Capesize,2025-12-04,1.51,2.82,0.958,seasonal_monsoon_flag,Staging
RUN-1265,RandomForest_Demurrage_Estimator,Handysize,2025-06-24,3.15,7.09,0.883,bunker_price_vlsfo,Archived
RUN-1266,XGBoost_Freight_Predictor,Supramax,2024-03-22,1.65,5.24,0.937,seasonal_monsoon_flag,Staging
RUN-1267,RandomForest_Demurrage_Estimator,All_Classes,2024-03-31,1.7,7.14,0.866,bunker_price_vlsfo,Archived
RUN-1268,SARIMAX_Bunker_Forecaster,Handysize,2024-11-07,1.95,6.65,0.862,port_congestion_wait_days,Archived
RUN-1269,LightGBM_Congestion_Predictor,Capesize,2024-08-30,0.94,4.53,0.922,port_congestion_wait_days,Archived
RUN-1270,SARIMAX_Bunker_Forecaster,All_Classes,2025-10-17,1.92,6.07,0.842,distance_nm,Deployed
RUN-1271,LightGBM_Congestion_Predictor,Supramax,2025-04-28,1.49,4.61,0.919,trade_volume_monthly,Archived
RUN-1272,XGBoost_Freight_Predictor,Supramax,2024-11-16,1.19,3.58,0.884,bunker_price_vlsfo,Archived
RUN-1273,SARIMAX_Bunker_Forecaster,All_Classes,2024-07-11,1.71,9.02,0.872,port_congestion_wait_days,Staging
RUN-1274,XGBoost_Freight_Predictor,Panamax,2025-06-02,1.75,5.35,0.895,distance_nm,Archived
RUN-1275,RandomForest_Demurrage_Estimator,Handysize,2024-10-29,2.87,7.58,0.86,distance_nm,Archived
RUN-1276,RandomForest_Demurrage_Estimator,Handysize,2024-12-29,2.41,6.51,0.862,bunker_price_vlsfo,Deployed
RUN-1277,XGBoost_Freight_Predictor,Capesize,2024-04-02,1.34,4.81,0.938,port_congestion_wait_days,Staging
RUN-1278,SARIMAX_Bunker_Forecaster,Panamax,2025-05-28,1.99,5.63,0.8,bunker_price_vlsfo,Archived
RUN-1279,LightGBM_Congestion_Predictor,Supramax,2025-08-16,1.35,4.27,0.916,baltic_dry_index,Staging
RUN-1280,LightGBM_Congestion_Predictor,Panamax,2024-11-04,1.56,5.02,0.934,baltic_dry_index,Archived
RUN-1281,RandomForest_Demurrage_Estimator,Handysize,2024-11-01,3.08,6.11,0.784,port_congestion_wait_days,Deployed
RUN-1282,LightGBM_Congestion_Predictor,Handysize,2025-12-27,0.8,2.98,0.906,distance_nm,Staging
RUN-1283,SARIMAX_Bunker_Forecaster,Panamax,2024-12-08,3.01,5.33,0.785,seasonal_monsoon_flag,Archived
RUN-1284,XGBoost_Freight_Predictor,Supramax,2026-05-16,1.12,5.4,0.94,bunker_price_vlsfo,Staging
RUN-1285,RandomForest_Demurrage_Estimator,Panamax,2026-03-03,1.95,7.17,0.784,port_congestion_wait_days,Staging
RUN-1286,RandomForest_Demurrage_Estimator,All_Classes,2025-02-28,2.66,9.04,0.831,baltic_dry_index,Archived
RUN-1287,XGBoost_Freight_Predictor,Capesize,2024-09-06,0.89,3.57,0.925,baltic_dry_index,Deployed
RUN-1288,LightGBM_Congestion_Predictor,Capesize,2024-08-27,0.96,4.87,0.908,seasonal_monsoon_flag,Archived
RUN-1289,SARIMAX_Bunker_Forecaster,Capesize,2026-05-07,3.01,9.42,0.845,baltic_dry_index,Archived
RUN-1290,LightGBM_Congestion_Predictor,Capesize,2026-07-23,1.63,3.82,0.953,port_congestion_wait_days,Archived
RUN-1291,LightGBM_Congestion_Predictor,Handysize,2024-04-26,1.77,3.66,0.938,seasonal_monsoon_flag,Staging
RUN-1292,LightGBM_Congestion_Predictor,Capesize,2024-06-21,1.4,4.1,0.886,baltic_dry_index,Staging
RUN-1293,LightGBM_Congestion_Predictor,All_Classes,2025-09-22,1.06,4.14,0.91,seasonal_monsoon_flag,Archived
RUN-1294,RandomForest_Demurrage_Estimator,Panamax,2025-08-03,2.99,6.97,0.803,seasonal_monsoon_flag,Staging
RUN-1295,RandomForest_Demurrage_Estimator,Handysize,2025-10-05,3.01,8.54,0.803,bunker_price_vlsfo,Deployed
RUN-1296,LightGBM_Congestion_Predictor,Supramax,2026-07-11,1.74,3.33,0.914,port_congestion_wait_days,Staging
RUN-1297,XGBoost_Freight_Predictor,All_Classes,2026-07-18,1.59,5.0,0.903,trade_volume_monthly,Archived
RUN-1298,XGBoost_Freight_Predictor,All_Classes,2026-02-22,1.03,4.66,0.959,trade_volume_monthly,Archived
RUN-1299,XGBoost_Freight_Predictor,Handysize,2024-03-30,1.56,3.6,0.948,trade_volume_monthly,Staging
RUN-1300,RandomForest_Demurrage_Estimator,Capesize,2024-01-08,2.89,7.27,0.807,distance_nm,Archived
RUN-1301,XGBoost_Freight_Predictor,Handysize,2025-09-30,0.92,3.61,0.922,baltic_dry_index,Staging
RUN-1302,LightGBM_Congestion_Predictor,Capesize,2024-01-04,1.27,2.53,0.901,seasonal_monsoon_flag,Archived
RUN-1303,LightGBM_Congestion_Predictor,All_Classes,2025-12-29,1.25,4.7,0.917,trade_volume_monthly,Deployed
RUN-1304,RandomForest_Demurrage_Estimator,Capesize,2025-08-17,2.67,6.78,0.839,bunker_price_vlsfo,Archived
RUN-1305,SARIMAX_Bunker_Forecaster,Capesize,2024-01-22,2.75,6.32,0.79,port_congestion_wait_days,Archived
RUN-1306,LightGBM_Congestion_Predictor,All_Classes,2024-11-01,1.36,4.68,0.888,trade_volume_monthly,Archived
RUN-1307,LightGBM_Congestion_Predictor,Capesize,2026-07-19,1.03,4.76,0.954,port_congestion_wait_days,Staging
RUN-1308,XGBoost_Freight_Predictor,Capesize,2024-11-26,1.74,2.96,0.916,bunker_price_vlsfo,Staging
RUN-1309,XGBoost_Freight_Predictor,Handysize,2025-06-11,1.34,2.88,0.922,bunker_price_vlsfo,Archived
RUN-1310,XGBoost_Freight_Predictor,Handysize,2025-04-12,1.33,3.5,0.934,distance_nm,Archived
RUN-1311,XGBoost_Freight_Predictor,All_Classes,2025-03-13,0.93,3.71,0.896,bunker_price_vlsfo,Staging
RUN-1312,XGBoost_Freight_Predictor,Panamax,2025-01-08,1.3,3.07,0.946,distance_nm,Archived
RUN-1313,LightGBM_Congestion_Predictor,Handysize,2024-05-21,0.93,5.15,0.93,trade_volume_monthly,Archived
RUN-1314,LightGBM_Congestion_Predictor,Capesize,2026-06-21,1.57,3.12,0.958,distance_nm,Archived
RUN-1315,LightGBM_Congestion_Predictor,Handysize,2025-01-12,1.0,2.88,0.887,bunker_price_vlsfo,Staging
RUN-1316,XGBoost_Freight_Predictor,Panamax,2025-07-26,1.46,4.93,0.94,distance_nm,Archived
RUN-1317,XGBoost_Freight_Predictor,All_Classes,2025-02-20,1.61,5.04,0.942,baltic_dry_index,Staging
RUN-1318,RandomForest_Demurrage_Estimator,Supramax,2024-12-28,1.99,6.2,0.872,bunker_price_vlsfo,Staging
RUN-1319,RandomForest_Demurrage_Estimator,Panamax,2025-10-26,1.61,5.94,0.867,port_congestion_wait_days,Archived
RUN-1320,XGBoost_Freight_Predictor,Panamax,2025-05-12,1.62,4.06,0.902,trade_volume_monthly,Staging
RUN-1321,LightGBM_Congestion_Predictor,Supramax,2024-06-06,1.49,2.7,0.9,bunker_price_vlsfo,Archived
RUN-1322,SARIMAX_Bunker_Forecaster,Capesize,2025-06-13,2.04,7.61,0.89,distance_nm,Archived
RUN-1323,SARIMAX_Bunker_Forecaster,Panamax,2025-03-22,2.83,6.04,0.887,distance_nm,Archived
RUN-1324,RandomForest_Demurrage_Estimator,Panamax,2025-02-09,2.03,9.23,0.836,seasonal_monsoon_flag,Archived
RUN-1325,RandomForest_Demurrage_Estimator,Supramax,2025-07-03,2.13,7.72,0.841,distance_nm,Staging
RUN-1326,XGBoost_Freight_Predictor,Handysize,2024-01-15,0.93,4.54,0.938,seasonal_monsoon_flag,Archived
RUN-1327,XGBoost_Freight_Predictor,Handysize,2025-05-31,0.88,3.0,0.89,port_congestion_wait_days,Archived
RUN-1328,RandomForest_Demurrage_Estimator,Supramax,2026-07-28,2.99,6.02,0.825,bunker_price_vlsfo,Staging
RUN-1329,RandomForest_Demurrage_Estimator,Capesize,2025-11-02,3.09,8.16,0.781,bunker_price_vlsfo,Archived
RUN-1330,LightGBM_Congestion_Predictor,All_Classes,2024-07-25,1.17,4.19,0.908,trade_volume_monthly,Archived
RUN-1331,XGBoost_Freight_Predictor,Panamax,2026-03-06,1.37,2.84,0.944,port_congestion_wait_days,Staging
RUN-1332,RandomForest_Demurrage_Estimator,Supramax,2024-03-23,2.32,8.85,0.813,distance_nm,Archived
RUN-1333,LightGBM_Congestion_Predictor,All_Classes,2024-11-05,0.96,3.69,0.916,seasonal_monsoon_flag,Archived
RUN-1334,LightGBM_Congestion_Predictor,All_Classes,2024-02-19,0.89,2.87,0.94,distance_nm,Deployed
RUN-1335,RandomForest_Demurrage_Estimator,Capesize,2026-06-18,1.94,9.34,0.878,port_congestion_wait_days,Staging
RUN-1336,XGBoost_Freight_Predictor,Panamax,2024-10-02,1.21,3.19,0.934,seasonal_monsoon_flag,Archived
RUN-1337,XGBoost_Freight_Predictor,Panamax,2025-03-13,1.06,4.29,0.934,trade_volume_monthly,Archived
RUN-1338,RandomForest_Demurrage_Estimator,Supramax,2024-09-10,2.98,9.26,0.825,distance_nm,Archived
RUN-1339,SARIMAX_Bunker_Forecaster,All_Classes,2026-07-03,2.28,7.1,0.796,seasonal_monsoon_flag,Archived
RUN-1340,LightGBM_Congestion_Predictor,Handysize,2024-06-25,0.88,3.82,0.889,trade_volume_monthly,Staging
RUN-1341,RandomForest_Demurrage_Estimator,Panamax,2025-07-27,2.37,5.05,0.812,baltic_dry_index,Archived
RUN-1342,RandomForest_Demurrage_Estimator,Supramax,2026-01-11,1.71,9.38,0.811,distance_nm,Deployed
RUN-1343,SARIMAX_Bunker_Forecaster,Handysize,2025-12-28,1.78,6.22,0.819,baltic_dry_index,Deployed
RUN-1344,RandomForest_Demurrage_Estimator,Panamax,2025-10-30,2.1,9.14,0.794,trade_volume_monthly,Archived
RUN-1345,LightGBM_Congestion_Predictor,Handysize,2025-01-17,0.88,4.54,0.932,trade_volume_monthly,Archived
RUN-1346,LightGBM_Congestion_Predictor,Capesize,2025-01-14,0.93,3.49,0.885,port_congestion_wait_days,Deployed
RUN-1347,SARIMAX_Bunker_Forecaster,Panamax,2025-09-10,1.73,9.28,0.825,bunker_price_vlsfo,Archived
RUN-1348,SARIMAX_Bunker_Forecaster,Handysize,2025-01-09,2.98,6.48,0.786,distance_nm,Archived
RUN-1349,LightGBM_Congestion_Predictor,Handysize,2024-07-02,1.42,3.11,0.918,bunker_price_vlsfo,Archived
RUN-1350,RandomForest_Demurrage_Estimator,Supramax,2024-03-03,1.98,5.39,0.781,bunker_price_vlsfo,Archived
RUN-1351,RandomForest_Demurrage_Estimator,Handysize,2024-05-07,2.58,9.44,0.841,baltic_dry_index,Deployed
RUN-1352,LightGBM_Congestion_Predictor,Capesize,2025-01-14,0.83,4.14,0.944,port_congestion_wait_days,Deployed
RUN-1353,RandomForest_Demurrage_Estimator,Supramax,2026-03-04,2.19,8.56,0.839,bunker_price_vlsfo,Archived
RUN-1354,XGBoost_Freight_Predictor,All_Classes,2025-06-30,1.42,4.86,0.938,seasonal_monsoon_flag,Archived
RUN-1355,LightGBM_Congestion_Predictor,Supramax,2025-04-25,1.04,3.77,0.891,distance_nm,Staging
RUN-1356,LightGBM_Congestion_Predictor,Supramax,2026-07-08,0.81,2.55,0.952,distance_nm,Archived
RUN-1357,RandomForest_Demurrage_Estimator,Supramax,2024-03-01,1.94,8.4,0.882,baltic_dry_index,Archived
RUN-1358,LightGBM_Congestion_Predictor,All_Classes,2026-01-05,1.38,5.34,0.937,distance_nm,Deployed
RUN-1359,RandomForest_Demurrage_Estimator,Capesize,2025-08-02,1.51,5.82,0.836,trade_volume_monthly,Staging
RUN-1360,RandomForest_Demurrage_Estimator,Panamax,2026-06-09,2.57,7.08,0.864,port_congestion_wait_days,Archived
RUN-1361,RandomForest_Demurrage_Estimator,All_Classes,2025-04-04,2.68,6.48,0.82,baltic_dry_index,Staging
RUN-1362,RandomForest_Demurrage_Estimator,Handysize,2024-03-31,3.13,9.33,0.799,bunker_price_vlsfo,Deployed
RUN-1363,RandomForest_Demurrage_Estimator,Supramax,2026-05-11,2.25,7.66,0.791,seasonal_monsoon_flag,Archived
RUN-1364,SARIMAX_Bunker_Forecaster,Panamax,2024-02-09,3.14,6.99,0.849,bunker_price_vlsfo,Archived
RUN-1365,RandomForest_Demurrage_Estimator,Capesize,2024-01-03,2.43,7.38,0.828,baltic_dry_index,Archived
RUN-1366,XGBoost_Freight_Predictor,All_Classes,2024-04-26,0.8,4.38,0.904,baltic_dry_index,Archived
RUN-1367,LightGBM_Congestion_Predictor,Supramax,2024-11-23,1.51,4.57,0.921,distance_nm,Archived
RUN-1368,LightGBM_Congestion_Predictor,Capesize,2025-04-17,1.19,3.42,0.932,seasonal_monsoon_flag,Deployed
RUN-1369,LightGBM_Congestion_Predictor,All_Classes,2024-11-25,1.71,2.79,0.952,bunker_price_vlsfo,Staging
RUN-1370,XGBoost_Freight_Predictor,Supramax,2026-03-09,1.59,2.85,0.944,seasonal_monsoon_flag,Archived
RUN-1371,XGBoost_Freight_Predictor,All_Classes,2025-02-20,1.69,4.29,0.932,bunker_price_vlsfo,Archived
RUN-1372,LightGBM_Congestion_Predictor,Capesize,2026-01-16,1.17,5.11,0.94,distance_nm,Deployed
RUN-1373,RandomForest_Demurrage_Estimator,Panamax,2024-11-13,3.06,5.69,0.86,distance_nm,Staging
RUN-1374,RandomForest_Demurrage_Estimator,Supramax,2024-08-27,2.65,9.23,0.819,trade_volume_monthly,Archived
RUN-1375,RandomForest_Demurrage_Estimator,Panamax,2025-12-25,2.69,7.27,0.819,baltic_dry_index,Deployed
RUN-1376,XGBoost_Freight_Predictor,Supramax,2026-04-17,1.4,5.27,0.929,baltic_dry_index,Archived
RUN-1377,RandomForest_Demurrage_Estimator,Supramax,2026-06-29,1.76,7.06,0.812,seasonal_monsoon_flag,Staging
RUN-1378,SARIMAX_Bunker_Forecaster,Panamax,2025-02-12,1.63,8.36,0.871,trade_volume_monthly,Deployed
RUN-1379,SARIMAX_Bunker_Forecaster,Supramax,2024-12-25,2.78,7.69,0.84,port_congestion_wait_days,Deployed
RUN-1380,LightGBM_Congestion_Predictor,Panamax,2025-04-25,1.47,5.02,0.917,seasonal_monsoon_flag,Archived
RUN-1381,LightGBM_Congestion_Predictor,All_Classes,2024-03-31,1.18,4.55,0.935,trade_volume_monthly,Archived
RUN-1382,RandomForest_Demurrage_Estimator,All_Classes,2024-09-10,2.05,9.47,0.834,seasonal_monsoon_flag,Archived
RUN-1383,SARIMAX_Bunker_Forecaster,Panamax,2026-03-16,3.15,8.25,0.848,port_congestion_wait_days,Staging
RUN-1384,RandomForest_Demurrage_Estimator,Panamax,2025-08-05,3.12,8.61,0.851,bunker_price_vlsfo,Archived
RUN-1385,RandomForest_Demurrage_Estimator,All_Classes,2026-04-23,1.52,8.19,0.889,bunker_price_vlsfo,Staging
RUN-1386,SARIMAX_Bunker_Forecaster,Capesize,2024-04-16,1.98,6.95,0.792,distance_nm,Staging
RUN-1387,LightGBM_Congestion_Predictor,Panamax,2026-04-22,1.04,3.64,0.929,distance_nm,Archived
RUN-1388,XGBoost_Freight_Predictor,Capesize,2024-07-09,1.09,2.9,0.952,bunker_price_vlsfo,Deployed
RUN-1389,XGBoost_Freight_Predictor,Panamax,2025-09-16,1.07,3.84,0.933,baltic_dry_index,Staging
RUN-1390,RandomForest_Demurrage_Estimator,Supramax,2026-07-09,2.15,8.41,0.842,trade_volume_monthly,Archived
RUN-1391,RandomForest_Demurrage_Estimator,Supramax,2024-01-12,2.89,5.99,0.796,port_congestion_wait_days,Staging
RUN-1392,XGBoost_Freight_Predictor,Capesize,2024-12-03,1.62,3.79,0.932,port_congestion_wait_days,Staging
RUN-1393,LightGBM_Congestion_Predictor,Supramax,2025-02-12,1.61,2.53,0.891,seasonal_monsoon_flag,Deployed
RUN-1394,RandomForest_Demurrage_Estimator,Supramax,2024-12-05,1.85,9.26,0.832,baltic_dry_index,Archived
RUN-1395,SARIMAX_Bunker_Forecaster,Supramax,2024-06-25,2.77,6.82,0.841,bunker_price_vlsfo,Archived
RUN-1396,XGBoost_Freight_Predictor,Supramax,2025-02-07,1.53,3.62,0.931,trade_volume_monthly,Archived
RUN-1397,RandomForest_Demurrage_Estimator,Handysize,2024-10-21,2.27,6.15,0.785,distance_nm,Archived
RUN-1398,RandomForest_Demurrage_Estimator,All_Classes,2024-03-21,1.77,6.77,0.79,port_congestion_wait_days,Staging
RUN-1399,RandomForest_Demurrage_Estimator,Handysize,2024-12-02,3.12,9.1,0.832,bunker_price_vlsfo,Staging
RUN-1400,XGBoost_Freight_Predictor,Supramax,2025-12-16,1.29,5.04,0.937,seasonal_monsoon_flag,Staging
RUN-1401,LightGBM_Congestion_Predictor,Panamax,2026-02-05,1.24,2.54,0.948,port_congestion_wait_days,Staging
RUN-1402,SARIMAX_Bunker_Forecaster,Panamax,2026-03-01,2.04,5.96,0.837,trade_volume_monthly,Archived
RUN-1403,XGBoost_Freight_Predictor,Supramax,2024-12-10,1.68,5.06,0.887,trade_volume_monthly,Deployed
RUN-1404,RandomForest_Demurrage_Estimator,All_Classes,2026-05-30,2.83,5.46,0.833,trade_volume_monthly,Archived
RUN-1405,SARIMAX_Bunker_Forecaster,Capesize,2024-12-25,2.89,6.93,0.799,seasonal_monsoon_flag,Deployed
RUN-1406,SARIMAX_Bunker_Forecaster,Supramax,2026-02-24,1.58,8.53,0.847,bunker_price_vlsfo,Archived
RUN-1407,SARIMAX_Bunker_Forecaster,Supramax,2024-06-06,2.99,8.55,0.881,seasonal_monsoon_flag,Archived
RUN-1408,SARIMAX_Bunker_Forecaster,Capesize,2024-05-13,2.82,5.46,0.806,baltic_dry_index,Staging
RUN-1409,LightGBM_Congestion_Predictor,Panamax,2025-07-20,1.14,4.14,0.893,seasonal_monsoon_flag,Archived
RUN-1410,RandomForest_Demurrage_Estimator,Capesize,2026-04-13,3.12,7.85,0.795,distance_nm,Archived
RUN-1411,RandomForest_Demurrage_Estimator,Supramax,2025-06-09,1.87,6.67,0.834,baltic_dry_index,Archived
RUN-1412,SARIMAX_Bunker_Forecaster,Panamax,2026-05-27,2.12,7.66,0.812,trade_volume_monthly,Staging
RUN-1413,RandomForest_Demurrage_Estimator,Supramax,2026-05-18,2.13,5.87,0.854,baltic_dry_index,Archived
RUN-1414,LightGBM_Congestion_Predictor,Handysize,2025-05-27,1.44,4.82,0.883,baltic_dry_index,Archived
RUN-1415,XGBoost_Freight_Predictor,Handysize,2024-11-04,1.24,2.96,0.946,port_congestion_wait_days,Archived
RUN-1416,SARIMAX_Bunker_Forecaster,Panamax,2025-09-24,1.6,5.72,0.814,baltic_dry_index,Deployed
RUN-1417,LightGBM_Congestion_Predictor,All_Classes,2026-03-13,1.37,4.65,0.956,bunker_price_vlsfo,Staging
RUN-1418,LightGBM_Congestion_Predictor,Capesize,2026-01-26,1.52,3.56,0.882,baltic_dry_index,Archived
RUN-1419,LightGBM_Congestion_Predictor,Capesize,2025-06-24,1.37,3.13,0.902,bunker_price_vlsfo,Archived
RUN-1420,SARIMAX_Bunker_Forecaster,Handysize,2025-11-16,1.79,6.16,0.815,trade_volume_monthly,Deployed
RUN-1421,SARIMAX_Bunker_Forecaster,All_Classes,2025-02-21,2.87,6.3,0.879,bunker_price_vlsfo,Archived
RUN-1422,LightGBM_Congestion_Predictor,Panamax,2024-09-13,1.46,4.74,0.905,trade_volume_monthly,Archived
RUN-1423,RandomForest_Demurrage_Estimator,Supramax,2024-07-25,2.21,7.06,0.85,port_congestion_wait_days,Staging
RUN-1424,XGBoost_Freight_Predictor,Supramax,2024-06-28,1.45,3.9,0.94,seasonal_monsoon_flag,Archived
RUN-1425,XGBoost_Freight_Predictor,Panamax,2025-12-18,1.74,2.7,0.954,port_congestion_wait_days,Staging
RUN-1426,RandomForest_Demurrage_Estimator,Capesize,2025-11-22,2.8,6.76,0.783,trade_volume_monthly,Staging
RUN-1427,LightGBM_Congestion_Predictor,All_Classes,2024-08-03,1.32,4.94,0.9,port_congestion_wait_days,Archived
RUN-1428,RandomForest_Demurrage_Estimator,Panamax,2024-06-04,1.92,6.76,0.841,bunker_price_vlsfo,Deployed
RUN-1429,XGBoost_Freight_Predictor,Capesize,2026-02-21,1.24,3.01,0.928,distance_nm,Deployed
RUN-1430,LightGBM_Congestion_Predictor,Panamax,2024-03-15,1.22,2.81,0.951,baltic_dry_index,Staging
RUN-1431,SARIMAX_Bunker_Forecaster,Handysize,2024-09-06,2.48,5.83,0.872,port_congestion_wait_days,Archived
RUN-1432,LightGBM_Congestion_Predictor,Panamax,2025-05-22,1.2,3.63,0.943,bunker_price_vlsfo,Staging
RUN-1433,RandomForest_Demurrage_Estimator,Supramax,2026-07-21,2.08,9.41,0.788,bunker_price_vlsfo,Archived
RUN-1434,RandomForest_Demurrage_Estimator,All_Classes,2024-06-28,2.14,8.23,0.781,port_congestion_wait_days,Deployed
RUN-1435,LightGBM_Congestion_Predictor,Handysize,2026-04-05,1.05,4.1,0.887,port_congestion_wait_days,Staging
RUN-1436,RandomForest_Demurrage_Estimator,Supramax,2024-05-27,2.44,8.68,0.86,bunker_price_vlsfo,Staging
RUN-1437,RandomForest_Demurrage_Estimator,Handysize,2025-12-08,2.62,8.54,0.816,trade_volume_monthly,Staging
RUN-1438,SARIMAX_Bunker_Forecaster,Handysize,2026-06-30,1.96,8.17,0.877,port_congestion_wait_days,Staging
RUN-1439,SARIMAX_Bunker_Forecaster,Handysize,2025-01-24,1.57,6.15,0.83,baltic_dry_index,Deployed
RUN-1440,SARIMAX_Bunker_Forecaster,Capesize,2024-01-11,1.92,7.23,0.854,bunker_price_vlsfo,Deployed
RUN-1441,LightGBM_Congestion_Predictor,Handysize,2026-01-11,1.24,3.25,0.907,baltic_dry_index,Staging
RUN-1442,LightGBM_Congestion_Predictor,Handysize,2025-06-20,1.33,4.28,0.899,port_congestion_wait_days,Deployed
RUN-1443,XGBoost_Freight_Predictor,Panamax,2024-05-31,1.7,2.82,0.918,baltic_dry_index,Archived
RUN-1444,XGBoost_Freight_Predictor,Handysize,2025-08-31,0.99,3.55,0.951,trade_volume_monthly,Staging
RUN-1445,RandomForest_Demurrage_Estimator,Capesize,2026-03-19,1.71,6.48,0.8,baltic_dry_index,Deployed
RUN-1446,LightGBM_Congestion_Predictor,Handysize,2026-04-26,1.26,3.04,0.901,baltic_dry_index,Archived
RUN-1447,RandomForest_Demurrage_Estimator,All_Classes,2025-02-06,2.79,8.75,0.796,distance_nm,Staging
RUN-1448,XGBoost_Freight_Predictor,Supramax,2025-12-13,0.88,3.86,0.955,baltic_dry_index,Archived
RUN-1449,XGBoost_Freight_Predictor,Supramax,2025-11-04,1.19,3.36,0.927,trade_volume_monthly,Staging
RUN-1450,SARIMAX_Bunker_Forecaster,Panamax,2026-01-10,3.12,5.05,0.798,bunker_price_vlsfo,Archived
RUN-1451,RandomForest_Demurrage_Estimator,Supramax,2024-08-21,2.5,7.94,0.787,bunker_price_vlsfo,Deployed
RUN-1452,LightGBM_Congestion_Predictor,Handysize,2026-04-13,1.63,4.15,0.958,baltic_dry_index,Staging
RUN-1453,RandomForest_Demurrage_Estimator,Capesize,2026-05-30,1.73,6.18,0.878,baltic_dry_index,Archived
RUN-1454,XGBoost_Freight_Predictor,Capesize,2025-01-10,1.31,2.71,0.94,trade_volume_monthly,Staging
RUN-1455,LightGBM_Congestion_Predictor,Capesize,2025-02-11,1.09,3.78,0.904,distance_nm,Staging
RUN-1456,LightGBM_Congestion_Predictor,Panamax,2024-07-20,1.51,2.69,0.942,bunker_price_vlsfo,Archived
RUN-1457,SARIMAX_Bunker_Forecaster,All_Classes,2024-12-23,2.39,8.25,0.871,baltic_dry_index,Archived
RUN-1458,RandomForest_Demurrage_Estimator,Panamax,2024-02-09,2.22,6.04,0.82,trade_volume_monthly,Archived
RUN-1459,LightGBM_Congestion_Predictor,All_Classes,2025-10-14,1.42,4.9,0.882,seasonal_monsoon_flag,Archived
RUN-1460,SARIMAX_Bunker_Forecaster,Supramax,2024-05-09,1.54,6.43,0.854,distance_nm,Archived
RUN-1461,XGBoost_Freight_Predictor,Supramax,2024-10-23,1.75,3.28,0.924,bunker_price_vlsfo,Staging
RUN-1462,LightGBM_Congestion_Predictor,Capesize,2024-08-20,1.23,4.18,0.907,trade_volume_monthly,Deployed
RUN-1463,XGBoost_Freight_Predictor,Panamax,2025-10-08,1.28,2.86,0.905,distance_nm,Deployed
RUN-1464,RandomForest_Demurrage_Estimator,All_Classes,2024-02-04,2.73,7.61,0.821,seasonal_monsoon_flag,Archived
RUN-1465,XGBoost_Freight_Predictor,All_Classes,2024-01-28,1.73,5.32,0.915,bunker_price_vlsfo,Staging
RUN-1466,XGBoost_Freight_Predictor,Supramax,2026-01-09,0.91,4.25,0.887,trade_volume_monthly,Archived
RUN-1467,SARIMAX_Bunker_Forecaster,Supramax,2024-07-17,2.11,5.14,0.882,distance_nm,Archived
RUN-1468,SARIMAX_Bunker_Forecaster,Capesize,2025-03-18,2.75,7.94,0.88,seasonal_monsoon_flag,Deployed
RUN-1469,RandomForest_Demurrage_Estimator,Supramax,2025-01-22,2.27,7.62,0.799,baltic_dry_index,Deployed
RUN-1470,RandomForest_Demurrage_Estimator,Panamax,2026-07-04,2.38,5.83,0.882,bunker_price_vlsfo,Archived
RUN-1471,LightGBM_Congestion_Predictor,Capesize,2024-07-21,1.4,3.78,0.919,distance_nm,Archived
RUN-1472,XGBoost_Freight_Predictor,Handysize,2025-11-10,0.83,3.68,0.912,trade_volume_monthly,Staging
RUN-1473,LightGBM_Congestion_Predictor,Handysize,2026-02-12,0.97,4.62,0.895,baltic_dry_index,Archived
RUN-1474,XGBoost_Freight_Predictor,Capesize,2024-07-22,1.34,3.18,0.945,port_congestion_wait_days,Deployed
RUN-1475,RandomForest_Demurrage_Estimator,Panamax,2024-03-25,2.58,5.92,0.789,bunker_price_vlsfo,Deployed
RUN-1476,SARIMAX_Bunker_Forecaster,Capesize,2024-10-20,1.64,7.55,0.832,trade_volume_monthly,Archived
RUN-1477,XGBoost_Freight_Predictor,Capesize,2025-07-07,1.7,5.46,0.893,distance_nm,Staging
RUN-1478,LightGBM_Congestion_Predictor,All_Classes,2024-05-22,1.52,4.62,0.923,seasonal_monsoon_flag,Archived
RUN-1479,SARIMAX_Bunker_Forecaster,All_Classes,2026-04-04,2.25,8.95,0.882,seasonal_monsoon_flag,Archived
RUN-1480,SARIMAX_Bunker_Forecaster,Supramax,2024-09-25,2.53,6.72,0.835,seasonal_monsoon_flag,Archived
RUN-1481,LightGBM_Congestion_Predictor,Capesize,2024-08-01,0.97,3.32,0.948,seasonal_monsoon_flag,Staging
RUN-1482,RandomForest_Demurrage_Estimator,Panamax,2026-06-03,2.48,5.63,0.849,distance_nm,Staging
RUN-1483,RandomForest_Demurrage_Estimator,Supramax,2024-05-19,1.9,7.27,0.849,baltic_dry_index,Archived
RUN-1484,LightGBM_Congestion_Predictor,Capesize,2024-11-17,0.91,5.19,0.943,seasonal_monsoon_flag,Staging
RUN-1485,RandomForest_Demurrage_Estimator,Handysize,2024-11-28,2.0,8.81,0.812,distance_nm,Archived
RUN-1486,SARIMAX_Bunker_Forecaster,Supramax,2024-12-28,2.67,6.43,0.846,distance_nm,Archived
RUN-1487,LightGBM_Congestion_Predictor,Capesize,2026-07-08,0.93,2.51,0.884,baltic_dry_index,Archived
RUN-1488,RandomForest_Demurrage_Estimator,Supramax,2025-12-13,3.19,7.07,0.814,port_congestion_wait_days,Archived
RUN-1489,SARIMAX_Bunker_Forecaster,Supramax,2025-11-18,2.04,7.12,0.805,trade_volume_monthly,Deployed
RUN-1490,SARIMAX_Bunker_Forecaster,All_Classes,2024-02-23,2.43,8.88,0.864,port_congestion_wait_days,Archived
RUN-1491,XGBoost_Freight_Predictor,All_Classes,2026-07-27,1.76,2.64,0.938,baltic_dry_index,Archived
RUN-1492,LightGBM_Congestion_Predictor,Capesize,2026-06-13,1.75,2.6,0.927,bunker_price_vlsfo,Staging
RUN-1493,XGBoost_Freight_Predictor,All_Classes,2024-10-14,0.9,5.32,0.918,trade_volume_monthly,Archived
RUN-1494,SARIMAX_Bunker_Forecaster,All_Classes,2025-03-23,3.14,8.13,0.844,bunker_price_vlsfo,Archived
RUN-1495,LightGBM_Congestion_Predictor,Handysize,2025-04-10,0.97,4.86,0.929,trade_volume_monthly,Archived
RUN-1496,RandomForest_Demurrage_Estimator,Supramax,2026-04-21,3.16,8.71,0.809,port_congestion_wait_days,Archived
RUN-1497,LightGBM_Congestion_Predictor,Handysize,2025-06-27,1.59,2.73,0.927,port_congestion_wait_days,Archived
RUN-1498,SARIMAX_Bunker_Forecaster,Panamax,2024-12-23,2.23,7.29,0.855,trade_volume_monthly,Archived
RUN-1499,LightGBM_Congestion_Predictor,Panamax,2024-05-27,1.35,5.36,0.94,seasonal_monsoon_flag,Archived
RUN-1500,RandomForest_Demurrage_Estimator,Supramax,2026-02-03,2.25,8.47,0.842,trade_volume_monthly,Archived
