date,port_name,vessels_at_anchor,vessels_at_berth,avg_waiting_time_days,congestion_level
2024-01-01,Paradip,7,6,2.07,Medium
2024-01-01,Visakhapatnam (Outer),6,5,1.47,Low
2024-01-01,Visakhapatnam (Inner),6,3,1.54,Medium
2024-01-01,Dhamra,7,4,1.42,Low
2024-01-01,Gangavaram,4,2,0.97,Low
2024-01-01,Haldia,13,4,4.87,High
2024-01-01,Gopalpur,3,1,0.47,Low
2024-01-01,Newcastle,14,7,2.82,Medium
2024-01-01,Samarinda,10,4,1.8,Medium
2024-01-01,Richards Bay,4,3,0.98,Low
2024-01-01,Maputo,6,1,1.44,Low
2024-01-01,Norfolk,4,5,0.99,Low
2024-01-02,Paradip,11,5,3.21,Medium
2024-01-02,Visakhapatnam (Outer),6,3,1.33,Low
2024-01-02,Visakhapatnam (Inner),6,5,1.74,Medium
2024-01-02,Dhamra,5,2,1.12,Low
2024-01-02,Gangavaram,4,2,0.97,Low
2024-01-02,Haldia,15,5,5.55,High
2024-01-02,Gopalpur,2,4,0.43,Low
2024-01-02,Newcastle,12,7,2.6,Medium
2024-01-02,Samarinda,9,6,1.74,Medium
2024-01-02,Richards Bay,6,6,1.36,Low
2024-01-02,Maputo,5,3,1.24,Low
2024-01-02,Norfolk,3,3,0.72,Low
2024-01-03,Paradip,9,5,2.4,Medium
2024-01-03,Visakhapatnam (Outer),5,3,1.4,Low
2024-01-03,Visakhapatnam (Inner),11,4,2.74,Medium
2024-01-03,Dhamra,1,3,0.31,Low
2024-01-03,Gangavaram,4,3,0.92,Low
2024-01-03,Haldia,10,3,3.76,High
2024-01-03,Gopalpur,1,3,0.42,Low
2024-01-03,Newcastle,16,8,3.2,Medium
2024-01-03,Samarinda,8,6,1.64,Medium
2024-01-03,Richards Bay,12,4,2.62,Medium
2024-01-03,Maputo,6,3,1.09,Low
2024-01-03,Norfolk,4,2,0.75,Low
2024-01-04,Paradip,9,6,2.52,Medium
2024-01-04,Visakhapatnam (Outer),7,4,1.6,Medium
2024-01-04,Visakhapatnam (Inner),7,4,1.99,Medium
2024-01-04,Dhamra,3,4,0.81,Low
2024-01-04,Gangavaram,3,3,0.68,Low
2024-01-04,Haldia,15,6,5.71,High
2024-01-04,Gopalpur,2,1,0.69,Low
2024-01-04,Newcastle,14,7,2.91,Medium
2024-01-04,Samarinda,8,5,1.47,Low
2024-01-04,Richards Bay,8,3,2.06,Medium
2024-01-04,Maputo,4,2,1.03,Low
2024-01-04,Norfolk,3,4,0.63,Low
2024-01-05,Paradip,9,5,2.55,Medium
2024-01-05,Visakhapatnam (Outer),6,3,1.46,Low
2024-01-05,Visakhapatnam (Inner),5,5,1.28,Low
2024-01-05,Dhamra,2,3,0.72,Low
2024-01-05,Gangavaram,4,2,0.83,Low
2024-01-05,Haldia,9,4,3.61,High
2024-01-05,Gopalpur,3,2,0.58,Low
2024-01-05,Newcastle,11,8,2.12,Medium
2024-01-05,Samarinda,7,4,1.23,Low
2024-01-05,Richards Bay,11,3,2.62,Medium
2024-01-05,Maputo,5,3,1.09,Low
2024-01-05,Norfolk,3,4,0.6,Low
2024-01-08,Paradip,13,7,3.57,High
2024-01-08,Visakhapatnam (Outer),4,2,1.19,Low
2024-01-08,Visakhapatnam (Inner),5,5,1.28,Low
2024-01-08,Dhamra,5,4,1.01,Low
2024-01-08,Gangavaram,2,2,0.61,Low
2024-01-08,Haldia,11,4,4.25,High
2024-01-08,Gopalpur,2,3,0.42,Low
2024-01-08,Newcastle,15,12,2.93,Medium
2024-01-08,Samarinda,7,5,1.3,Low
2024-01-08,Richards Bay,13,5,2.7,Medium
2024-01-08,Maputo,3,3,0.66,Low
2024-01-08,Norfolk,3,2,0.63,Low
2024-01-09,Paradip,8,6,2.18,Medium
2024-01-09,Visakhapatnam (Outer),5,4,1.27,Low
2024-01-09,Visakhapatnam (Inner),14,5,3.58,High
2024-01-09,Dhamra,4,2,0.92,Low
2024-01-09,Gangavaram,3,3,0.56,Low
2024-01-09,Haldia,7,6,2.62,Medium
2024-01-09,Gopalpur,2,2,0.65,Low
2024-01-09,Newcastle,9,7,1.86,Medium
2024-01-09,Samarinda,7,3,1.28,Low
2024-01-09,Richards Bay,9,5,2.2,Medium
2024-01-09,Maputo,5,2,1.15,Low
2024-01-09,Norfolk,5,4,0.87,Low
2024-01-10,Paradip,11,5,3.03,Medium
2024-01-10,Visakhapatnam (Outer),6,4,1.69,Medium
2024-01-10,Visakhapatnam (Inner),5,4,1.58,Medium
2024-01-10,Dhamra,5,5,1.11,Low
2024-01-10,Gangavaram,3,4,0.92,Low
2024-01-10,Haldia,16,4,5.75,High
2024-01-10,Gopalpur,3,3,0.6,Low
2024-01-10,Newcastle,8,6,1.89,Medium
2024-01-10,Samarinda,6,6,1.11,Low
2024-01-10,Richards Bay,6,6,1.6,Medium
2024-01-10,Maputo,5,3,1.1,Low
2024-01-10,Norfolk,4,5,1.01,Low
2024-01-11,Paradip,6,6,1.67,Medium
2024-01-11,Visakhapatnam (Outer),4,3,1.12,Low
2024-01-11,Visakhapatnam (Inner),7,6,2.04,Medium
2024-01-11,Dhamra,4,3,1.21,Low
2024-01-11,Gangavaram,4,1,0.8,Low
2024-01-11,Haldia,14,6,5.11,High
2024-01-11,Gopalpur,3,1,0.66,Low
2024-01-11,Newcastle,5,7,1.22,Low
2024-01-11,Samarinda,7,5,1.29,Low
2024-01-11,Richards Bay,10,7,2.4,Medium
2024-01-11,Maputo,5,2,1.19,Low
2024-01-11,Norfolk,2,3,0.64,Low
2024-01-12,Paradip,13,6,3.4,Medium
2024-01-12,Visakhapatnam (Outer),10,3,2.33,Medium
2024-01-12,Visakhapatnam (Inner),7,6,1.83,Medium
2024-01-12,Dhamra,5,2,1.08,Low
2024-01-12,Gangavaram,4,4,1.08,Low
2024-01-12,Haldia,14,5,5.23,High
2024-01-12,Gopalpur,2,2,0.57,Low
2024-01-12,Newcastle,10,7,1.92,Medium
2024-01-12,Samarinda,8,5,1.68,Medium
2024-01-12,Richards Bay,8,5,1.99,Medium
2024-01-12,Maputo,6,2,1.16,Low
2024-01-12,Norfolk,4,2,0.77,Low
2024-01-15,Paradip,8,5,2.47,Medium
2024-01-15,Visakhapatnam (Outer),7,5,1.52,Medium
2024-01-15,Visakhapatnam (Inner),9,5,2.43,Medium
2024-01-15,Dhamra,5,3,1.21,Low
2024-01-15,Gangavaram,4,2,0.95,Low
2024-01-15,Haldia,10,5,3.62,High
2024-01-15,Gopalpur,2,1,0.54,Low
2024-01-15,Newcastle,17,8,3.4,Medium
2024-01-15,Samarinda,9,6,1.65,Medium
2024-01-15,Richards Bay,10,4,2.25,Medium
2024-01-15,Maputo,4,3,1.13,Low
2024-01-15,Norfolk,4,2,0.72,Low
2024-01-16,Paradip,11,6,2.98,Medium
2024-01-16,Visakhapatnam (Outer),4,5,0.95,Low
2024-01-16,Visakhapatnam (Inner),7,5,2.02,Medium
2024-01-16,Dhamra,4,4,0.93,Low
2024-01-16,Gangavaram,5,2,0.99,Low
2024-01-16,Haldia,12,5,4.65,High
2024-01-16,Gopalpur,3,1,0.56,Low
2024-01-16,Newcastle,14,7,2.75,Medium
2024-01-16,Samarinda,10,6,1.78,Medium
2024-01-16,Richards Bay,10,4,2.43,Medium
2024-01-16,Maputo,2,1,0.64,Low
2024-01-16,Norfolk,4,4,1.02,Low
2024-01-17,Paradip,9,5,2.41,Medium
2024-01-17,Visakhapatnam (Outer),6,4,1.43,Low
2024-01-17,Visakhapatnam (Inner),10,4,2.48,Medium
2024-01-17,Dhamra,6,3,1.19,Low
2024-01-17,Gangavaram,6,3,1.4,Low
2024-01-17,Haldia,9,4,3.46,Medium
2024-01-17,Gopalpur,4,1,0.66,Low
2024-01-17,Newcastle,21,6,4.11,High
2024-01-17,Samarinda,7,7,1.53,Medium
2024-01-17,Richards Bay,9,6,2.28,Medium
2024-01-17,Maputo,4,5,1.06,Low
2024-01-17,Norfolk,2,4,0.47,Low
2024-01-18,Paradip,10,6,2.81,Medium
2024-01-18,Visakhapatnam (Outer),6,4,1.67,Medium
2024-01-18,Visakhapatnam (Inner),14,4,3.49,Medium
2024-01-18,Dhamra,5,5,1.04,Low
2024-01-18,Gangavaram,1,2,0.58,Low
2024-01-18,Haldia,16,6,6.03,High
2024-01-18,Gopalpur,1,1,0.32,Low
2024-01-18,Newcastle,15,7,2.93,Medium
2024-01-18,Samarinda,8,5,1.31,Low
2024-01-18,Richards Bay,8,3,2.01,Medium
2024-01-18,Maputo,3,4,0.94,Low
2024-01-18,Norfolk,2,6,0.55,Low
2024-01-19,Paradip,6,5,1.69,Medium
2024-01-19,Visakhapatnam (Outer),8,4,2.07,Medium
2024-01-19,Visakhapatnam (Inner),8,4,1.95,Medium
2024-01-19,Dhamra,5,5,1.26,Low
2024-01-19,Gangavaram,2,1,0.43,Low
2024-01-19,Haldia,9,6,3.51,High
2024-01-19,Gopalpur,2,3,0.4,Low
2024-01-19,Newcastle,21,9,3.93,High
2024-01-19,Samarinda,8,5,1.35,Low
2024-01-19,Richards Bay,10,6,2.23,Medium
2024-01-19,Maputo,4,1,0.86,Low
2024-01-19,Norfolk,4,4,0.81,Low
2024-01-22,Paradip,8,7,2.46,Medium
2024-01-22,Visakhapatnam (Outer),4,4,1.19,Low
2024-01-22,Visakhapatnam (Inner),10,5,2.56,Medium
2024-01-22,Dhamra,3,4,1.02,Low
2024-01-22,Gangavaram,5,5,0.98,Low
2024-01-22,Haldia,16,4,5.85,High
2024-01-22,Gopalpur,2,1,0.36,Low
2024-01-22,Newcastle,10,6,2.24,Medium
2024-01-22,Samarinda,10,6,1.65,Medium
2024-01-22,Richards Bay,12,6,2.53,Medium
2024-01-22,Maputo,8,2,1.63,Medium
2024-01-22,Norfolk,2,2,0.66,Low
2024-01-23,Paradip,11,6,2.86,Medium
2024-01-23,Visakhapatnam (Outer),7,2,1.85,Medium
2024-01-23,Visakhapatnam (Inner),7,5,2.0,Medium
2024-01-23,Dhamra,7,6,1.4,Low
2024-01-23,Gangavaram,2,2,0.46,Low
2024-01-23,Haldia,12,5,4.52,High
2024-01-23,Gopalpur,3,1,0.73,Low
2024-01-23,Newcastle,11,4,2.37,Medium
2024-01-23,Samarinda,10,6,1.93,Medium
2024-01-23,Richards Bay,10,3,2.38,Medium
2024-01-23,Maputo,6,3,1.35,Low
2024-01-23,Norfolk,4,6,0.94,Low
2024-01-24,Paradip,10,5,2.72,Medium
2024-01-24,Visakhapatnam (Outer),6,3,1.51,Medium
2024-01-24,Visakhapatnam (Inner),9,4,2.22,Medium
2024-01-24,Dhamra,3,4,0.91,Low
2024-01-24,Gangavaram,2,2,0.61,Low
2024-01-24,Haldia,13,5,4.93,High
2024-01-24,Gopalpur,2,3,0.7,Low
2024-01-24,Newcastle,15,8,2.96,Medium
2024-01-24,Samarinda,6,6,1.25,Low
2024-01-24,Richards Bay,8,6,1.96,Medium
2024-01-24,Maputo,8,2,1.39,Low
2024-01-24,Norfolk,3,3,0.75,Low
2024-01-25,Paradip,10,5,2.77,Medium
2024-01-25,Visakhapatnam (Outer),5,4,1.46,Low
2024-01-25,Visakhapatnam (Inner),8,5,1.92,Medium
2024-01-25,Dhamra,5,4,1.35,Low
2024-01-25,Gangavaram,4,2,0.79,Low
2024-01-25,Haldia,7,5,2.59,Medium
2024-01-25,Gopalpur,2,1,0.65,Low
2024-01-25,Newcastle,21,8,3.93,High
2024-01-25,Samarinda,9,4,1.67,Medium
2024-01-25,Richards Bay,7,5,1.77,Medium
2024-01-25,Maputo,4,2,0.89,Low
2024-01-25,Norfolk,4,2,1.01,Low
2024-01-26,Paradip,12,5,3.3,Medium
2024-01-26,Visakhapatnam (Outer),8,2,1.76,Medium
2024-01-26,Visakhapatnam (Inner),5,4,1.4,Low
2024-01-26,Dhamra,4,4,0.93,Low
2024-01-26,Gangavaram,4,3,0.8,Low
2024-01-26,Haldia,15,7,5.6,High
2024-01-26,Gopalpur,2,1,0.52,Low
2024-01-26,Newcastle,14,11,2.81,Medium
2024-01-26,Samarinda,8,4,1.51,Medium
2024-01-26,Richards Bay,9,5,1.94,Medium
2024-01-26,Maputo,4,3,1.07,Low
2024-01-26,Norfolk,5,4,0.93,Low
2024-01-29,Paradip,10,5,2.66,Medium
2024-01-29,Visakhapatnam (Outer),3,3,0.93,Low
2024-01-29,Visakhapatnam (Inner),8,5,1.97,Medium
2024-01-29,Dhamra,5,4,1.3,Low
2024-01-29,Gangavaram,3,3,0.84,Low
2024-01-29,Haldia,14,4,5.31,High
2024-01-29,Gopalpur,2,2,0.66,Low
2024-01-29,Newcastle,11,8,2.29,Medium
2024-01-29,Samarinda,5,5,0.9,Low
2024-01-29,Richards Bay,3,4,0.94,Low
2024-01-29,Maputo,4,4,0.98,Low
2024-01-29,Norfolk,1,2,0.4,Low
2024-01-30,Paradip,13,6,3.62,High
2024-01-30,Visakhapatnam (Outer),7,4,1.62,Medium
2024-01-30,Visakhapatnam (Inner),7,5,1.64,Medium
2024-01-30,Dhamra,6,4,1.38,Low
2024-01-30,Gangavaram,3,2,0.94,Low
2024-01-30,Haldia,14,5,5.03,High
2024-01-30,Gopalpur,3,1,0.65,Low
2024-01-30,Newcastle,11,5,2.42,Medium
2024-01-30,Samarinda,6,7,1.07,Low
2024-01-30,Richards Bay,7,3,1.89,Medium
2024-01-30,Maputo,4,1,1.01,Low
2024-01-30,Norfolk,3,4,0.68,Low
2024-01-31,Paradip,12,4,3.22,Medium
2024-01-31,Visakhapatnam (Outer),10,2,2.16,Medium
2024-01-31,Visakhapatnam (Inner),7,5,1.7,Medium
2024-01-31,Dhamra,3,3,1.0,Low
2024-01-31,Gangavaram,3,3,0.67,Low
2024-01-31,Haldia,13,5,4.98,High
2024-01-31,Gopalpur,3,1,0.72,Low
2024-01-31,Newcastle,12,8,2.44,Medium
2024-01-31,Samarinda,10,6,1.74,Medium
2024-01-31,Richards Bay,6,4,1.4,Low
2024-01-31,Maputo,3,3,0.74,Low
2024-01-31,Norfolk,3,3,0.82,Low
2024-02-01,Paradip,13,3,3.73,High
2024-02-01,Visakhapatnam (Outer),7,5,1.52,Medium
2024-02-01,Visakhapatnam (Inner),8,4,2.21,Medium
2024-02-01,Dhamra,5,5,1.14,Low
2024-02-01,Gangavaram,4,2,0.89,Low
2024-02-01,Haldia,14,3,5.3,High
2024-02-01,Gopalpur,0,4,0.46,Low
2024-02-01,Newcastle,11,8,2.3,Medium
2024-02-01,Samarinda,8,4,1.31,Low
2024-02-01,Richards Bay,10,5,2.46,Medium
2024-02-01,Maputo,4,6,0.79,Low
2024-02-01,Norfolk,4,5,0.89,Low
2024-02-02,Paradip,6,6,1.68,Medium
2024-02-02,Visakhapatnam (Outer),4,3,0.95,Low
2024-02-02,Visakhapatnam (Inner),6,6,1.76,Medium
2024-02-02,Dhamra,5,4,1.34,Low
2024-02-02,Gangavaram,4,2,1.01,Low
2024-02-02,Haldia,13,4,4.84,High
2024-02-02,Gopalpur,2,1,0.6,Low
2024-02-02,Newcastle,21,7,4.2,High
2024-02-02,Samarinda,8,5,1.35,Low
2024-02-02,Richards Bay,8,5,2.02,Medium
2024-02-02,Maputo,5,1,0.92,Low
2024-02-02,Norfolk,4,3,0.72,Low
2024-02-05,Paradip,9,5,2.56,Medium
2024-02-05,Visakhapatnam (Outer),6,3,1.64,Medium
2024-02-05,Visakhapatnam (Inner),2,3,0.8,Low
2024-02-05,Dhamra,4,4,1.19,Low
2024-02-05,Gangavaram,6,3,1.38,Low
2024-02-05,Haldia,7,4,2.69,Medium
2024-02-05,Gopalpur,1,2,0.34,Low
2024-02-05,Newcastle,12,5,2.51,Medium
2024-02-05,Samarinda,8,3,1.33,Low
2024-02-05,Richards Bay,7,4,1.86,Medium
2024-02-05,Maputo,3,4,0.95,Low
2024-02-05,Norfolk,3,5,0.84,Low
2024-02-06,Paradip,5,4,1.73,Medium
2024-02-06,Visakhapatnam (Outer),7,4,1.82,Medium
2024-02-06,Visakhapatnam (Inner),8,4,2.16,Medium
2024-02-06,Dhamra,3,5,0.83,Low
2024-02-06,Gangavaram,5,2,1.15,Low
2024-02-06,Haldia,8,5,2.96,Medium
2024-02-06,Gopalpur,2,1,0.73,Low
2024-02-06,Newcastle,17,8,3.25,Medium
2024-02-06,Samarinda,6,6,1.2,Low
2024-02-06,Richards Bay,6,3,1.34,Low
2024-02-06,Maputo,3,3,0.65,Low
2024-02-06,Norfolk,4,4,0.9,Low
2024-02-07,Paradip,11,4,2.86,Medium
2024-02-07,Visakhapatnam (Outer),5,5,1.34,Low
2024-02-07,Visakhapatnam (Inner),12,4,2.8,Medium
2024-02-07,Dhamra,3,4,0.98,Low
2024-02-07,Gangavaram,5,2,0.95,Low
2024-02-07,Haldia,16,6,6.03,High
2024-02-07,Gopalpur,3,1,0.83,Low
2024-02-07,Newcastle,15,8,2.91,Medium
2024-02-07,Samarinda,10,7,1.62,Medium
2024-02-07,Richards Bay,10,6,2.28,Medium
2024-02-07,Maputo,4,1,0.87,Low
2024-02-07,Norfolk,4,4,1.02,Low
2024-02-08,Paradip,9,7,2.7,Medium
2024-02-08,Visakhapatnam (Outer),5,4,1.47,Low
2024-02-08,Visakhapatnam (Inner),10,5,2.68,Medium
2024-02-08,Dhamra,5,4,1.1,Low
2024-02-08,Gangavaram,4,3,1.03,Low
2024-02-08,Haldia,14,4,5.13,High
2024-02-08,Gopalpur,4,1,0.88,Low
2024-02-08,Newcastle,18,6,3.61,High
2024-02-08,Samarinda,5,5,1.03,Low
2024-02-08,Richards Bay,5,3,1.36,Low
2024-02-08,Maputo,5,3,0.95,Low
2024-02-08,Norfolk,3,2,0.91,Low
2024-02-09,Paradip,10,4,2.71,Medium
2024-02-09,Visakhapatnam (Outer),5,5,1.23,Low
2024-02-09,Visakhapatnam (Inner),6,6,1.69,Medium
2024-02-09,Dhamra,5,5,1.08,Low
2024-02-09,Gangavaram,4,3,1.1,Low
2024-02-09,Haldia,10,5,3.67,High
2024-02-09,Gopalpur,3,1,0.47,Low
2024-02-09,Newcastle,14,6,2.94,Medium
2024-02-09,Samarinda,6,5,1.05,Low
2024-02-09,Richards Bay,9,4,2.15,Medium
2024-02-09,Maputo,3,2,0.93,Low
2024-02-09,Norfolk,2,3,0.47,Low
2024-02-12,Paradip,8,7,2.37,Medium
2024-02-12,Visakhapatnam (Outer),7,2,1.6,Medium
2024-02-12,Visakhapatnam (Inner),8,4,1.97,Medium
2024-02-12,Dhamra,5,3,1.38,Low
2024-02-12,Gangavaram,5,3,1.24,Low
2024-02-12,Haldia,14,5,5.25,High
2024-02-12,Gopalpur,2,1,0.54,Low
2024-02-12,Newcastle,11,10,2.23,Medium
2024-02-12,Samarinda,8,7,1.49,Low
2024-02-12,Richards Bay,9,3,1.99,Medium
2024-02-12,Maputo,4,1,1.11,Low
2024-02-12,Norfolk,3,4,0.71,Low
2024-02-13,Paradip,5,5,1.67,Medium
2024-02-13,Visakhapatnam (Outer),5,4,1.12,Low
2024-02-13,Visakhapatnam (Inner),7,4,1.89,Medium
2024-02-13,Dhamra,5,4,1.26,Low
2024-02-13,Gangavaram,3,3,0.55,Low
2024-02-13,Haldia,15,5,5.62,High
2024-02-13,Gopalpur,2,3,0.44,Low
2024-02-13,Newcastle,10,8,1.95,Medium
2024-02-13,Samarinda,6,4,1.24,Low
2024-02-13,Richards Bay,9,5,2.27,Medium
2024-02-13,Maputo,4,1,0.9,Low
2024-02-13,Norfolk,3,1,0.73,Low
2024-02-14,Paradip,8,4,2.45,Medium
2024-02-14,Visakhapatnam (Outer),7,3,1.84,Medium
2024-02-14,Visakhapatnam (Inner),6,5,1.64,Medium
2024-02-14,Dhamra,4,4,1.11,Low
2024-02-14,Gangavaram,2,3,0.69,Low
2024-02-14,Haldia,15,5,5.54,High
2024-02-14,Gopalpur,2,3,0.41,Low
2024-02-14,Newcastle,14,8,2.98,Medium
2024-02-14,Samarinda,9,6,1.84,Medium
2024-02-14,Richards Bay,6,6,1.66,Medium
2024-02-14,Maputo,5,3,0.91,Low
2024-02-14,Norfolk,4,4,0.79,Low
2024-02-15,Paradip,9,6,2.71,Medium
2024-02-15,Visakhapatnam (Outer),6,4,1.35,Low
2024-02-15,Visakhapatnam (Inner),9,5,2.22,Medium
2024-02-15,Dhamra,4,5,0.88,Low
2024-02-15,Gangavaram,4,3,1.0,Low
2024-02-15,Haldia,15,6,5.54,High
2024-02-15,Gopalpur,2,2,0.53,Low
2024-02-15,Newcastle,23,8,4.39,High
2024-02-15,Samarinda,8,6,1.6,Medium
2024-02-15,Richards Bay,8,4,2.03,Medium
2024-02-15,Maputo,5,3,1.28,Low
2024-02-15,Norfolk,5,4,0.82,Low
2024-02-16,Paradip,8,8,2.11,Medium
2024-02-16,Visakhapatnam (Outer),6,4,1.39,Low
2024-02-16,Visakhapatnam (Inner),6,3,1.5,Medium
2024-02-16,Dhamra,5,4,1.29,Low
2024-02-16,Gangavaram,2,3,0.59,Low
2024-02-16,Haldia,12,4,4.49,High
2024-02-16,Gopalpur,2,1,0.68,Low
2024-02-16,Newcastle,15,8,3.11,Medium
2024-02-16,Samarinda,5,6,0.9,Low
2024-02-16,Richards Bay,10,3,2.18,Medium
2024-02-16,Maputo,2,3,0.76,Low
2024-02-16,Norfolk,3,4,0.8,Low
2024-02-19,Paradip,8,8,2.49,Medium
2024-02-19,Visakhapatnam (Outer),9,3,2.16,Medium
2024-02-19,Visakhapatnam (Inner),7,4,1.71,Medium
2024-02-19,Dhamra,3,3,0.74,Low
2024-02-19,Gangavaram,3,2,0.92,Low
2024-02-19,Haldia,11,5,4.17,High
2024-02-19,Gopalpur,3,1,0.54,Low
2024-02-19,Newcastle,7,8,1.41,Low
2024-02-19,Samarinda,8,5,1.69,Medium
2024-02-19,Richards Bay,10,5,2.33,Medium
2024-02-19,Maputo,4,3,0.99,Low
2024-02-19,Norfolk,5,2,1.03,Low
2024-02-20,Paradip,12,5,3.2,Medium
2024-02-20,Visakhapatnam (Outer),6,1,1.4,Low
2024-02-20,Visakhapatnam (Inner),9,5,2.44,Medium
2024-02-20,Dhamra,5,3,1.02,Low
2024-02-20,Gangavaram,4,2,0.76,Low
2024-02-20,Haldia,12,4,4.47,High
2024-02-20,Gopalpur,2,1,0.65,Low
2024-02-20,Newcastle,14,9,2.67,Medium
2024-02-20,Samarinda,7,4,1.27,Low
2024-02-20,Richards Bay,6,5,1.56,Medium
2024-02-20,Maputo,7,3,1.23,Low
2024-02-20,Norfolk,4,5,0.9,Low
2024-02-21,Paradip,5,4,1.38,Low
2024-02-21,Visakhapatnam (Outer),7,3,1.87,Medium
2024-02-21,Visakhapatnam (Inner),11,4,2.61,Medium
2024-02-21,Dhamra,4,4,1.16,Low
2024-02-21,Gangavaram,4,2,0.91,Low
2024-02-21,Haldia,16,5,6.01,High
2024-02-21,Gopalpur,2,1,0.73,Low
2024-02-21,Newcastle,15,7,2.85,Medium
2024-02-21,Samarinda,5,7,1.14,Low
2024-02-21,Richards Bay,12,5,2.55,Medium
2024-02-21,Maputo,5,3,0.95,Low
2024-02-21,Norfolk,1,3,0.54,Low
2024-02-22,Paradip,7,4,1.97,Medium
2024-02-22,Visakhapatnam (Outer),7,5,1.73,Medium
2024-02-22,Visakhapatnam (Inner),8,4,2.08,Medium
2024-02-22,Dhamra,5,5,1.05,Low
2024-02-22,Gangavaram,3,1,0.84,Low
2024-02-22,Haldia,17,3,6.37,High
2024-02-22,Gopalpur,3,2,0.54,Low
2024-02-22,Newcastle,22,8,4.07,High
2024-02-22,Samarinda,8,4,1.34,Low
2024-02-22,Richards Bay,8,5,1.95,Medium
2024-02-22,Maputo,6,1,1.41,Low
2024-02-22,Norfolk,3,2,0.63,Low
2024-02-23,Paradip,10,6,2.67,Medium
2024-02-23,Visakhapatnam (Outer),7,2,1.57,Medium
2024-02-23,Visakhapatnam (Inner),7,7,1.83,Medium
2024-02-23,Dhamra,3,4,0.65,Low
2024-02-23,Gangavaram,3,3,0.63,Low
2024-02-23,Haldia,12,5,4.45,High
2024-02-23,Gopalpur,2,1,0.44,Low
2024-02-23,Newcastle,9,6,1.98,Medium
2024-02-23,Samarinda,8,7,1.36,Low
2024-02-23,Richards Bay,10,4,2.29,Medium
2024-02-23,Maputo,3,3,0.81,Low
2024-02-23,Norfolk,3,4,0.92,Low
2024-02-26,Paradip,4,5,1.36,Low
2024-02-26,Visakhapatnam (Outer),4,3,1.12,Low
2024-02-26,Visakhapatnam (Inner),7,5,1.99,Medium
2024-02-26,Dhamra,4,2,0.89,Low
2024-02-26,Gangavaram,3,2,0.95,Low
2024-02-26,Haldia,13,4,5.05,High
2024-02-26,Gopalpur,3,1,0.48,Low
2024-02-26,Newcastle,18,9,3.51,High
2024-02-26,Samarinda,8,6,1.49,Low
2024-02-26,Richards Bay,10,3,2.11,Medium
2024-02-26,Maputo,4,2,0.91,Low
2024-02-26,Norfolk,4,4,0.8,Low
2024-02-27,Paradip,8,6,2.29,Medium
2024-02-27,Visakhapatnam (Outer),5,3,1.28,Low
2024-02-27,Visakhapatnam (Inner),7,5,1.94,Medium
2024-02-27,Dhamra,4,4,0.9,Low
2024-02-27,Gangavaram,4,1,0.97,Low
2024-02-27,Haldia,14,3,5.39,High
2024-02-27,Gopalpur,2,3,0.4,Low
2024-02-27,Newcastle,11,7,2.22,Medium
2024-02-27,Samarinda,7,7,1.39,Low
2024-02-27,Richards Bay,5,4,1.21,Low
2024-02-27,Maputo,3,2,0.62,Low
2024-02-27,Norfolk,3,4,0.76,Low
2024-02-28,Paradip,12,6,3.22,Medium
2024-02-28,Visakhapatnam (Outer),8,2,1.91,Medium
2024-02-28,Visakhapatnam (Inner),3,5,1.0,Low
2024-02-28,Dhamra,4,3,1.0,Low
2024-02-28,Gangavaram,4,4,1.08,Low
2024-02-28,Haldia,14,5,5.37,High
2024-02-28,Gopalpur,2,1,0.63,Low
2024-02-28,Newcastle,17,6,3.38,Medium
2024-02-28,Samarinda,6,5,1.3,Low
2024-02-28,Richards Bay,8,3,1.82,Medium
2024-02-28,Maputo,6,2,1.38,Low
2024-02-28,Norfolk,4,3,0.95,Low
2024-02-29,Paradip,13,6,3.39,Medium
2024-02-29,Visakhapatnam (Outer),4,5,0.93,Low
2024-02-29,Visakhapatnam (Inner),6,4,1.69,Medium
2024-02-29,Dhamra,5,3,1.17,Low
2024-02-29,Gangavaram,4,3,0.77,Low
2024-02-29,Haldia,10,4,3.89,High
2024-02-29,Gopalpur,1,2,0.58,Low
2024-02-29,Newcastle,15,7,2.81,Medium
2024-02-29,Samarinda,10,5,1.64,Medium
2024-02-29,Richards Bay,7,5,1.71,Medium
2024-02-29,Maputo,3,2,0.81,Low
2024-02-29,Norfolk,6,3,1.15,Low
2024-03-01,Paradip,10,4,2.63,Medium
2024-03-01,Visakhapatnam (Outer),5,5,1.33,Low
2024-03-01,Visakhapatnam (Inner),8,6,2.01,Medium
2024-03-01,Dhamra,6,4,1.51,Medium
2024-03-01,Gangavaram,3,1,0.94,Low
2024-03-01,Haldia,11,5,4.21,High
2024-03-01,Gopalpur,3,3,0.51,Low
2024-03-01,Newcastle,13,7,2.59,Medium
2024-03-01,Samarinda,5,5,1.04,Low
2024-03-01,Richards Bay,9,4,1.95,Medium
2024-03-01,Maputo,6,2,1.09,Low
2024-03-01,Norfolk,3,4,0.59,Low
2024-03-04,Paradip,15,7,4.19,High
2024-03-04,Visakhapatnam (Outer),5,3,1.31,Low
2024-03-04,Visakhapatnam (Inner),6,4,1.59,Medium
2024-03-04,Dhamra,2,4,0.65,Low
2024-03-04,Gangavaram,4,3,1.03,Low
2024-03-04,Haldia,9,5,3.39,Medium
2024-03-04,Gopalpur,2,2,0.62,Low
2024-03-04,Newcastle,17,6,3.24,Medium
2024-03-04,Samarinda,5,6,0.96,Low
2024-03-04,Richards Bay,7,5,1.58,Medium
2024-03-04,Maputo,3,2,0.94,Low
2024-03-04,Norfolk,4,5,0.84,Low
2024-03-05,Paradip,9,5,2.65,Medium
2024-03-05,Visakhapatnam (Outer),4,5,1.04,Low
2024-03-05,Visakhapatnam (Inner),9,6,2.4,Medium
2024-03-05,Dhamra,5,5,1.26,Low
2024-03-05,Gangavaram,3,3,0.82,Low
2024-03-05,Haldia,16,6,5.72,High
2024-03-05,Gopalpur,3,1,0.47,Low
2024-03-05,Newcastle,15,7,2.95,Medium
2024-03-05,Samarinda,5,4,1.15,Low
2024-03-05,Richards Bay,5,3,1.13,Low
2024-03-05,Maputo,6,3,1.35,Low
2024-03-05,Norfolk,5,4,1.11,Low
2024-03-06,Paradip,17,5,4.46,High
2024-03-06,Visakhapatnam (Outer),6,4,1.43,Low
2024-03-06,Visakhapatnam (Inner),11,5,2.75,Medium
2024-03-06,Dhamra,3,4,0.69,Low
2024-03-06,Gangavaram,1,2,0.31,Low
2024-03-06,Haldia,10,4,3.64,High
2024-03-06,Gopalpur,2,2,0.58,Low
2024-03-06,Newcastle,17,8,3.44,Medium
2024-03-06,Samarinda,7,5,1.36,Low
2024-03-06,Richards Bay,11,6,2.63,Medium
2024-03-06,Maputo,5,4,1.27,Low
2024-03-06,Norfolk,4,2,0.99,Low
2024-03-07,Paradip,11,5,3.16,Medium
2024-03-07,Visakhapatnam (Outer),5,4,1.29,Low
2024-03-07,Visakhapatnam (Inner),6,5,1.46,Low
2024-03-07,Dhamra,3,3,0.83,Low
2024-03-07,Gangavaram,3,3,0.77,Low
2024-03-07,Haldia,15,6,5.36,High
2024-03-07,Gopalpur,2,1,0.52,Low
2024-03-07,Newcastle,21,7,3.91,High
2024-03-07,Samarinda,6,5,1.38,Low
2024-03-07,Richards Bay,9,6,2.07,Medium
2024-03-07,Maputo,4,2,0.82,Low
2024-03-07,Norfolk,5,3,1.01,Low
2024-03-08,Paradip,14,5,3.74,High
2024-03-08,Visakhapatnam (Outer),6,4,1.32,Low
2024-03-08,Visakhapatnam (Inner),10,5,2.63,Medium
2024-03-08,Dhamra,4,4,0.92,Low
2024-03-08,Gangavaram,2,2,0.76,Low
2024-03-08,Haldia,13,6,4.82,High
2024-03-08,Gopalpur,2,1,0.49,Low
2024-03-08,Newcastle,17,7,3.42,Medium
2024-03-08,Samarinda,8,5,1.55,Medium
2024-03-08,Richards Bay,7,6,1.72,Medium
2024-03-08,Maputo,5,1,0.98,Low
2024-03-08,Norfolk,2,3,0.61,Low
2024-03-11,Paradip,4,6,1.16,Low
2024-03-11,Visakhapatnam (Outer),6,3,1.35,Low
2024-03-11,Visakhapatnam (Inner),12,5,3.03,Medium
2024-03-11,Dhamra,8,4,1.79,Medium
2024-03-11,Gangavaram,3,3,0.95,Low
2024-03-11,Haldia,16,5,6.07,High
2024-03-11,Gopalpur,2,2,0.68,Low
2024-03-11,Newcastle,20,8,3.78,High
2024-03-11,Samarinda,8,7,1.58,Medium
2024-03-11,Richards Bay,8,5,1.76,Medium
2024-03-11,Maputo,3,3,0.95,Low
2024-03-11,Norfolk,3,3,0.66,Low
2024-03-12,Paradip,12,7,3.11,Medium
2024-03-12,Visakhapatnam (Outer),4,3,1.21,Low
2024-03-12,Visakhapatnam (Inner),10,4,2.61,Medium
2024-03-12,Dhamra,5,3,1.03,Low
2024-03-12,Gangavaram,2,2,0.47,Low
2024-03-12,Haldia,5,4,1.96,Medium
2024-03-12,Gopalpur,3,1,0.49,Low
2024-03-12,Newcastle,12,8,2.38,Medium
2024-03-12,Samarinda,3,5,0.76,Low
2024-03-12,Richards Bay,10,5,2.36,Medium
2024-03-12,Maputo,3,2,0.66,Low
2024-03-12,Norfolk,3,4,0.62,Low
2024-03-13,Paradip,9,5,2.41,Medium
2024-03-13,Visakhapatnam (Outer),8,4,1.85,Medium
2024-03-13,Visakhapatnam (Inner),8,2,2.23,Medium
2024-03-13,Dhamra,4,3,1.19,Low
2024-03-13,Gangavaram,5,4,1.01,Low
2024-03-13,Haldia,12,4,4.68,High
2024-03-13,Gopalpur,2,2,0.43,Low
2024-03-13,Newcastle,19,6,3.9,High
2024-03-13,Samarinda,6,6,1.2,Low
2024-03-13,Richards Bay,11,3,2.5,Medium
2024-03-13,Maputo,3,2,0.84,Low
2024-03-13,Norfolk,3,3,0.67,Low
2024-03-14,Paradip,11,3,2.99,Medium
2024-03-14,Visakhapatnam (Outer),8,3,1.92,Medium
2024-03-14,Visakhapatnam (Inner),10,3,2.64,Medium
2024-03-14,Dhamra,6,4,1.43,Low
2024-03-14,Gangavaram,3,2,0.92,Low
2024-03-14,Haldia,18,5,6.52,High
2024-03-14,Gopalpur,1,2,0.55,Low
2024-03-14,Newcastle,13,8,2.77,Medium
2024-03-14,Samarinda,9,6,1.58,Medium
2024-03-14,Richards Bay,13,5,3.05,Medium
2024-03-14,Maputo,5,2,1.01,Low
2024-03-14,Norfolk,4,5,0.76,Low
2024-03-15,Paradip,13,6,3.46,Medium
2024-03-15,Visakhapatnam (Outer),5,4,1.42,Low
2024-03-15,Visakhapatnam (Inner),5,4,1.38,Low
2024-03-15,Dhamra,4,4,0.99,Low
2024-03-15,Gangavaram,2,3,0.44,Low
2024-03-15,Haldia,12,3,4.62,High
2024-03-15,Gopalpur,2,2,0.57,Low
2024-03-15,Newcastle,14,8,2.94,Medium
2024-03-15,Samarinda,7,6,1.28,Low
2024-03-15,Richards Bay,11,4,2.56,Medium
2024-03-15,Maputo,4,1,1.1,Low
2024-03-15,Norfolk,4,2,0.83,Low
2024-03-18,Paradip,7,6,2.1,Medium
2024-03-18,Visakhapatnam (Outer),5,3,1.49,Low
2024-03-18,Visakhapatnam (Inner),5,4,1.39,Low
2024-03-18,Dhamra,4,4,1.0,Low
2024-03-18,Gangavaram,4,2,1.1,Low
2024-03-18,Haldia,9,5,3.43,Medium
2024-03-18,Gopalpur,2,1,0.73,Low
2024-03-18,Newcastle,13,9,2.56,Medium
2024-03-18,Samarinda,8,7,1.39,Low
2024-03-18,Richards Bay,9,4,2.0,Medium
2024-03-18,Maputo,4,1,1.13,Low
2024-03-18,Norfolk,4,2,0.97,Low
2024-03-19,Paradip,9,5,2.66,Medium
2024-03-19,Visakhapatnam (Outer),4,5,1.1,Low
2024-03-19,Visakhapatnam (Inner),10,4,2.68,Medium
2024-03-19,Dhamra,5,4,1.11,Low
2024-03-19,Gangavaram,3,4,0.87,Low
2024-03-19,Haldia,11,5,4.08,High
2024-03-19,Gopalpur,2,2,0.34,Low
2024-03-19,Newcastle,18,9,3.65,High
2024-03-19,Samarinda,6,5,1.23,Low
2024-03-19,Richards Bay,10,3,2.42,Medium
2024-03-19,Maputo,6,3,1.21,Low
2024-03-19,Norfolk,5,3,1.12,Low
2024-03-20,Paradip,16,5,4.5,High
2024-03-20,Visakhapatnam (Outer),5,3,1.11,Low
2024-03-20,Visakhapatnam (Inner),9,5,2.28,Medium
2024-03-20,Dhamra,5,4,1.09,Low
2024-03-20,Gangavaram,5,3,0.87,Low
2024-03-20,Haldia,16,4,5.76,High
2024-03-20,Gopalpur,4,2,0.96,Low
2024-03-20,Newcastle,18,8,3.7,High
2024-03-20,Samarinda,7,7,1.27,Low
2024-03-20,Richards Bay,8,7,1.75,Medium
2024-03-20,Maputo,3,3,0.96,Low
2024-03-20,Norfolk,3,3,0.64,Low
2024-03-21,Paradip,10,7,2.91,Medium
2024-03-21,Visakhapatnam (Outer),6,3,1.68,Medium
2024-03-21,Visakhapatnam (Inner),8,5,2.15,Medium
2024-03-21,Dhamra,3,3,0.8,Low
2024-03-21,Gangavaram,4,3,0.87,Low
2024-03-21,Haldia,9,7,3.41,Medium
2024-03-21,Gopalpur,2,1,0.44,Low
2024-03-21,Newcastle,15,9,3.12,Medium
2024-03-21,Samarinda,8,5,1.45,Low
2024-03-21,Richards Bay,5,5,1.5,Medium
2024-03-21,Maputo,4,2,1.11,Low
2024-03-21,Norfolk,5,4,1.19,Low
2024-03-22,Paradip,13,5,3.62,High
2024-03-22,Visakhapatnam (Outer),6,3,1.6,Medium
2024-03-22,Visakhapatnam (Inner),7,6,1.75,Medium
2024-03-22,Dhamra,4,4,1.07,Low
2024-03-22,Gangavaram,1,2,0.45,Low
2024-03-22,Haldia,11,4,4.25,High
2024-03-22,Gopalpur,2,1,0.66,Low
2024-03-22,Newcastle,14,8,2.86,Medium
2024-03-22,Samarinda,9,5,1.59,Medium
2024-03-22,Richards Bay,11,6,2.7,Medium
2024-03-22,Maputo,4,3,0.75,Low
2024-03-22,Norfolk,3,3,0.8,Low
2024-03-25,Paradip,9,4,2.58,Medium
2024-03-25,Visakhapatnam (Outer),5,5,1.49,Low
2024-03-25,Visakhapatnam (Inner),1,5,0.63,Low
2024-03-25,Dhamra,7,4,1.73,Medium
2024-03-25,Gangavaram,4,2,0.88,Low
2024-03-25,Haldia,7,5,2.56,Medium
2024-03-25,Gopalpur,2,4,0.4,Low
2024-03-25,Newcastle,7,9,1.44,Low
2024-03-25,Samarinda,7,5,1.35,Low
2024-03-25,Richards Bay,9,6,2.24,Medium
2024-03-25,Maputo,4,3,0.98,Low
2024-03-25,Norfolk,4,4,0.68,Low
2024-03-26,Paradip,11,4,3.01,Medium
2024-03-26,Visakhapatnam (Outer),3,3,0.82,Low
2024-03-26,Visakhapatnam (Inner),9,5,2.41,Medium
2024-03-26,Dhamra,4,3,1.05,Low
2024-03-26,Gangavaram,3,3,0.95,Low
2024-03-26,Haldia,11,6,4.01,High
2024-03-26,Gopalpur,2,3,0.36,Low
2024-03-26,Newcastle,14,5,2.76,Medium
2024-03-26,Samarinda,6,7,1.33,Low
2024-03-26,Richards Bay,8,3,2.06,Medium
2024-03-26,Maputo,4,3,0.85,Low
2024-03-26,Norfolk,5,4,1.13,Low
2024-03-27,Paradip,9,5,2.47,Medium
2024-03-27,Visakhapatnam (Outer),5,3,1.48,Low
2024-03-27,Visakhapatnam (Inner),6,4,1.44,Low
2024-03-27,Dhamra,7,2,1.66,Medium
2024-03-27,Gangavaram,3,3,0.66,Low
2024-03-27,Haldia,8,4,2.95,Medium
2024-03-27,Gopalpur,3,1,0.5,Low
2024-03-27,Newcastle,14,8,2.72,Medium
2024-03-27,Samarinda,9,5,1.68,Medium
2024-03-27,Richards Bay,10,6,2.46,Medium
2024-03-27,Maputo,4,4,1.08,Low
2024-03-27,Norfolk,5,4,0.95,Low
2024-03-28,Paradip,13,7,3.41,Medium
2024-03-28,Visakhapatnam (Outer),6,5,1.66,Medium
2024-03-28,Visakhapatnam (Inner),8,4,2.24,Medium
2024-03-28,Dhamra,0,5,0.12,Low
2024-03-28,Gangavaram,5,3,0.87,Low
2024-03-28,Haldia,10,3,3.92,High
2024-03-28,Gopalpur,3,1,0.53,Low
2024-03-28,Newcastle,13,10,2.64,Medium
2024-03-28,Samarinda,7,5,1.17,Low
2024-03-28,Richards Bay,3,5,0.92,Low
2024-03-28,Maputo,5,2,1.01,Low
2024-03-28,Norfolk,3,2,0.71,Low
2024-03-29,Paradip,11,5,3.16,Medium
2024-03-29,Visakhapatnam (Outer),4,4,0.96,Low
2024-03-29,Visakhapatnam (Inner),7,2,1.65,Medium
2024-03-29,Dhamra,4,4,1.03,Low
2024-03-29,Gangavaram,2,1,0.43,Low
2024-03-29,Haldia,10,5,3.78,High
2024-03-29,Gopalpur,2,2,0.5,Low
2024-03-29,Newcastle,16,7,2.98,Medium
2024-03-29,Samarinda,6,6,1.3,Low
2024-03-29,Richards Bay,5,5,1.3,Low
2024-03-29,Maputo,3,1,0.64,Low
2024-03-29,Norfolk,4,5,0.96,Low
2024-04-01,Paradip,7,6,2.24,Medium
2024-04-01,Visakhapatnam (Outer),5,3,1.48,Low
2024-04-01,Visakhapatnam (Inner),8,3,2.04,Medium
2024-04-01,Dhamra,6,4,1.22,Low
2024-04-01,Gangavaram,4,2,1.08,Low
2024-04-01,Haldia,10,2,3.62,High
2024-04-01,Gopalpur,2,1,0.65,Low
2024-04-01,Newcastle,17,8,3.25,Medium
2024-04-01,Samarinda,7,6,1.55,Medium
2024-04-01,Richards Bay,7,4,1.79,Medium
2024-04-01,Maputo,3,3,0.76,Low
2024-04-01,Norfolk,3,4,0.84,Low
2024-04-02,Paradip,7,5,1.96,Medium
2024-04-02,Visakhapatnam (Outer),4,5,1.06,Low
2024-04-02,Visakhapatnam (Inner),3,5,0.85,Low
2024-04-02,Dhamra,6,5,1.56,Medium
2024-04-02,Gangavaram,2,1,0.79,Low
2024-04-02,Haldia,11,4,4.05,High
2024-04-02,Gopalpur,3,2,0.71,Low
2024-04-02,Newcastle,16,9,3.36,Medium
2024-04-02,Samarinda,6,5,1.33,Low
2024-04-02,Richards Bay,12,4,2.8,Medium
2024-04-02,Maputo,4,2,1.1,Low
2024-04-02,Norfolk,3,4,0.67,Low
2024-04-03,Paradip,5,6,1.52,Medium
2024-04-03,Visakhapatnam (Outer),7,4,1.74,Medium
2024-04-03,Visakhapatnam (Inner),9,5,2.38,Medium
2024-04-03,Dhamra,4,2,1.03,Low
2024-04-03,Gangavaram,2,4,0.68,Low
2024-04-03,Haldia,6,5,2.42,Medium
2024-04-03,Gopalpur,3,1,0.78,Low
2024-04-03,Newcastle,19,7,3.62,High
2024-04-03,Samarinda,7,4,1.24,Low
2024-04-03,Richards Bay,10,5,2.35,Medium
2024-04-03,Maputo,6,3,1.09,Low
2024-04-03,Norfolk,3,3,0.84,Low
2024-04-04,Paradip,11,6,2.98,Medium
2024-04-04,Visakhapatnam (Outer),5,5,1.14,Low
2024-04-04,Visakhapatnam (Inner),8,4,2.16,Medium
2024-04-04,Dhamra,5,3,1.06,Low
2024-04-04,Gangavaram,3,3,0.6,Low
2024-04-04,Haldia,11,4,4.2,High
2024-04-04,Gopalpur,2,1,0.73,Low
2024-04-04,Newcastle,13,7,2.72,Medium
2024-04-04,Samarinda,9,5,1.56,Medium
2024-04-04,Richards Bay,8,5,1.87,Medium
2024-04-04,Maputo,5,2,1.08,Low
2024-04-04,Norfolk,3,1,0.78,Low
2024-04-05,Paradip,6,6,1.75,Medium
2024-04-05,Visakhapatnam (Outer),1,4,0.54,Low
2024-04-05,Visakhapatnam (Inner),6,5,1.42,Low
2024-04-05,Dhamra,5,2,1.37,Low
2024-04-05,Gangavaram,3,1,0.57,Low
2024-04-05,Haldia,9,5,3.42,Medium
2024-04-05,Gopalpur,2,1,0.4,Low
2024-04-05,Newcastle,19,9,3.9,High
2024-04-05,Samarinda,11,6,2.13,Medium
2024-04-05,Richards Bay,14,5,2.94,Medium
2024-04-05,Maputo,3,3,0.79,Low
2024-04-05,Norfolk,2,5,0.55,Low
2024-04-08,Paradip,13,4,3.69,High
2024-04-08,Visakhapatnam (Outer),7,4,1.86,Medium
2024-04-08,Visakhapatnam (Inner),5,5,1.39,Low
2024-04-08,Dhamra,5,5,1.0,Low
2024-04-08,Gangavaram,5,1,0.9,Low
2024-04-08,Haldia,13,4,4.96,High
2024-04-08,Gopalpur,3,3,0.54,Low
2024-04-08,Newcastle,7,7,1.52,Medium
2024-04-08,Samarinda,9,4,1.6,Medium
2024-04-08,Richards Bay,7,3,1.86,Medium
2024-04-08,Maputo,2,4,0.62,Low
2024-04-08,Norfolk,5,3,1.14,Low
2024-04-09,Paradip,7,4,1.93,Medium
2024-04-09,Visakhapatnam (Outer),3,5,1.04,Low
2024-04-09,Visakhapatnam (Inner),4,5,0.99,Low
2024-04-09,Dhamra,4,4,1.07,Low
2024-04-09,Gangavaram,4,2,1.0,Low
2024-04-09,Haldia,21,6,7.56,High
2024-04-09,Gopalpur,4,1,0.6,Low
2024-04-09,Newcastle,18,7,3.56,High
2024-04-09,Samarinda,9,6,1.71,Medium
2024-04-09,Richards Bay,10,3,2.45,Medium
2024-04-09,Maputo,5,2,0.97,Low
2024-04-09,Norfolk,4,4,0.69,Low
2024-04-10,Paradip,11,6,2.88,Medium
2024-04-10,Visakhapatnam (Outer),6,4,1.4,Low
2024-04-10,Visakhapatnam (Inner),6,6,1.69,Medium
2024-04-10,Dhamra,5,2,1.03,Low
2024-04-10,Gangavaram,4,2,0.71,Low
2024-04-10,Haldia,14,6,5.23,High
2024-04-10,Gopalpur,2,1,0.37,Low
2024-04-10,Newcastle,14,8,3.01,Medium
2024-04-10,Samarinda,7,5,1.36,Low
2024-04-10,Richards Bay,6,3,1.63,Medium
2024-04-10,Maputo,3,1,0.79,Low
2024-04-10,Norfolk,4,3,0.71,Low
2024-04-11,Paradip,7,5,1.95,Medium
2024-04-11,Visakhapatnam (Outer),5,4,1.35,Low
2024-04-11,Visakhapatnam (Inner),10,5,2.51,Medium
2024-04-11,Dhamra,6,3,1.39,Low
2024-04-11,Gangavaram,4,2,0.85,Low
2024-04-11,Haldia,14,5,5.01,High
2024-04-11,Gopalpur,3,1,0.77,Low
2024-04-11,Newcastle,12,7,2.36,Medium
2024-04-11,Samarinda,9,7,1.52,Medium
2024-04-11,Richards Bay,10,3,2.23,Medium
2024-04-11,Maputo,5,2,1.29,Low
2024-04-11,Norfolk,3,3,0.75,Low
2024-04-12,Paradip,8,5,2.35,Medium
2024-04-12,Visakhapatnam (Outer),5,5,1.11,Low
2024-04-12,Visakhapatnam (Inner),7,5,1.73,Medium
2024-04-12,Dhamra,5,3,1.09,Low
2024-04-12,Gangavaram,4,1,0.71,Low
2024-04-12,Haldia,12,6,4.35,High
2024-04-12,Gopalpur,3,2,0.61,Low
2024-04-12,Newcastle,13,9,2.54,Medium
2024-04-12,Samarinda,9,5,1.62,Medium
2024-04-12,Richards Bay,7,5,1.81,Medium
2024-04-12,Maputo,6,1,1.38,Low
2024-04-12,Norfolk,4,4,0.76,Low
2024-04-15,Paradip,10,6,2.71,Medium
2024-04-15,Visakhapatnam (Outer),6,4,1.58,Medium
2024-04-15,Visakhapatnam (Inner),6,4,1.68,Medium
2024-04-15,Dhamra,4,5,0.99,Low
2024-04-15,Gangavaram,2,3,0.7,Low
2024-04-15,Haldia,16,4,5.71,High
2024-04-15,Gopalpur,3,1,0.72,Low
2024-04-15,Newcastle,22,10,4.12,High
2024-04-15,Samarinda,3,7,0.91,Low
2024-04-15,Richards Bay,11,5,2.31,Medium
2024-04-15,Maputo,4,3,1.11,Low
2024-04-15,Norfolk,2,5,0.74,Low
2024-04-16,Paradip,5,5,1.54,Medium
2024-04-16,Visakhapatnam (Outer),5,2,1.37,Low
2024-04-16,Visakhapatnam (Inner),6,5,1.69,Medium
2024-04-16,Dhamra,5,5,1.01,Low
2024-04-16,Gangavaram,4,3,0.86,Low
2024-04-16,Haldia,11,6,4.28,High
2024-04-16,Gopalpur,2,1,0.37,Low
2024-04-16,Newcastle,13,7,2.57,Medium
2024-04-16,Samarinda,7,6,1.24,Low
2024-04-16,Richards Bay,9,5,2.02,Medium
2024-04-16,Maputo,6,3,1.22,Low
2024-04-16,Norfolk,3,4,0.69,Low
2024-04-17,Paradip,10,7,2.83,Medium
2024-04-17,Visakhapatnam (Outer),8,5,1.74,Medium
2024-04-17,Visakhapatnam (Inner),4,5,1.04,Low
2024-04-17,Dhamra,5,3,1.16,Low
2024-04-17,Gangavaram,1,1,0.63,Low
2024-04-17,Haldia,9,4,3.61,High
2024-04-17,Gopalpur,2,1,0.56,Low
2024-04-17,Newcastle,10,7,2.12,Medium
2024-04-17,Samarinda,8,5,1.68,Medium
2024-04-17,Richards Bay,11,4,2.37,Medium
2024-04-17,Maputo,3,4,0.72,Low
2024-04-17,Norfolk,3,4,0.87,Low
2024-04-18,Paradip,8,6,2.3,Medium
2024-04-18,Visakhapatnam (Outer),5,4,1.23,Low
2024-04-18,Visakhapatnam (Inner),7,3,1.85,Medium
2024-04-18,Dhamra,6,3,1.53,Medium
2024-04-18,Gangavaram,5,3,0.95,Low
2024-04-18,Haldia,12,5,4.58,High
2024-04-18,Gopalpur,3,2,0.79,Low
2024-04-18,Newcastle,7,8,1.49,Low
2024-04-18,Samarinda,8,6,1.4,Low
2024-04-18,Richards Bay,8,4,2.08,Medium
2024-04-18,Maputo,4,2,1.03,Low
2024-04-18,Norfolk,4,2,1.01,Low
2024-04-19,Paradip,10,7,2.91,Medium
2024-04-19,Visakhapatnam (Outer),6,3,1.45,Low
2024-04-19,Visakhapatnam (Inner),7,4,1.8,Medium
2024-04-19,Dhamra,5,1,1.08,Low
2024-04-19,Gangavaram,4,3,0.87,Low
2024-04-19,Haldia,10,7,3.89,High
2024-04-19,Gopalpur,2,2,0.64,Low
2024-04-19,Newcastle,16,7,3.31,Medium
2024-04-19,Samarinda,8,7,1.34,Low
2024-04-19,Richards Bay,8,5,2.02,Medium
2024-04-19,Maputo,6,3,1.3,Low
2024-04-19,Norfolk,3,3,0.64,Low
2024-04-22,Paradip,12,6,3.33,Medium
2024-04-22,Visakhapatnam (Outer),5,3,1.48,Low
2024-04-22,Visakhapatnam (Inner),7,5,1.66,Medium
2024-04-22,Dhamra,5,4,1.05,Low
2024-04-22,Gangavaram,2,2,0.52,Low
2024-04-22,Haldia,8,5,3.0,Medium
2024-04-22,Gopalpur,3,2,0.56,Low
2024-04-22,Newcastle,10,8,2.07,Medium
2024-04-22,Samarinda,8,5,1.48,Low
2024-04-22,Richards Bay,7,7,1.76,Medium
2024-04-22,Maputo,4,3,0.85,Low
2024-04-22,Norfolk,4,4,0.98,Low
2024-04-23,Paradip,10,5,2.96,Medium
2024-04-23,Visakhapatnam (Outer),7,4,1.62,Medium
2024-04-23,Visakhapatnam (Inner),7,6,1.9,Medium
2024-04-23,Dhamra,2,5,0.8,Low
2024-04-23,Gangavaram,4,3,0.95,Low
2024-04-23,Haldia,11,4,4.27,High
2024-04-23,Gopalpur,3,2,0.82,Low
2024-04-23,Newcastle,13,9,2.47,Medium
2024-04-23,Samarinda,8,7,1.62,Medium
2024-04-23,Richards Bay,8,5,1.73,Medium
2024-04-23,Maputo,4,2,0.84,Low
2024-04-23,Norfolk,3,4,0.6,Low
2024-04-24,Paradip,9,5,2.52,Medium
2024-04-24,Visakhapatnam (Outer),6,3,1.68,Medium
2024-04-24,Visakhapatnam (Inner),8,4,2.1,Medium
2024-04-24,Dhamra,4,4,0.85,Low
2024-04-24,Gangavaram,4,4,0.98,Low
2024-04-24,Haldia,8,4,3.24,Medium
2024-04-24,Gopalpur,3,2,0.71,Low
2024-04-24,Newcastle,15,10,2.89,Medium
2024-04-24,Samarinda,8,5,1.58,Medium
2024-04-24,Richards Bay,5,3,1.45,Low
2024-04-24,Maputo,4,2,0.77,Low
2024-04-24,Norfolk,3,2,0.6,Low
2024-04-25,Paradip,10,5,2.93,Medium
2024-04-25,Visakhapatnam (Outer),4,4,1.05,Low
2024-04-25,Visakhapatnam (Inner),7,5,1.78,Medium
2024-04-25,Dhamra,4,3,0.87,Low
2024-04-25,Gangavaram,2,2,0.76,Low
2024-04-25,Haldia,11,4,4.21,High
2024-04-25,Gopalpur,3,3,0.63,Low
2024-04-25,Newcastle,14,7,2.98,Medium
2024-04-25,Samarinda,7,4,1.4,Low
2024-04-25,Richards Bay,11,4,2.53,Medium
2024-04-25,Maputo,5,5,1.08,Low
2024-04-25,Norfolk,4,2,1.05,Low
2024-04-26,Paradip,9,6,2.4,Medium
2024-04-26,Visakhapatnam (Outer),5,3,1.31,Low
2024-04-26,Visakhapatnam (Inner),8,4,2.04,Medium
2024-04-26,Dhamra,3,4,1.04,Low
2024-04-26,Gangavaram,4,3,0.71,Low
2024-04-26,Haldia,9,6,3.54,High
2024-04-26,Gopalpur,2,1,0.61,Low
2024-04-26,Newcastle,15,6,2.92,Medium
2024-04-26,Samarinda,9,5,1.81,Medium
2024-04-26,Richards Bay,6,4,1.51,Medium
2024-04-26,Maputo,5,4,0.96,Low
2024-04-26,Norfolk,4,3,1.06,Low
2024-04-29,Paradip,11,6,3.18,Medium
2024-04-29,Visakhapatnam (Outer),2,5,0.63,Low
2024-04-29,Visakhapatnam (Inner),11,5,2.65,Medium
2024-04-29,Dhamra,5,5,1.02,Low
2024-04-29,Gangavaram,4,3,0.74,Low
2024-04-29,Haldia,10,5,3.66,High
2024-04-29,Gopalpur,2,1,0.71,Low
2024-04-29,Newcastle,11,8,2.23,Medium
2024-04-29,Samarinda,9,5,1.71,Medium
2024-04-29,Richards Bay,7,4,1.52,Medium
2024-04-29,Maputo,5,2,0.92,Low
2024-04-29,Norfolk,2,3,0.52,Low
2024-04-30,Paradip,8,6,2.1,Medium
2024-04-30,Visakhapatnam (Outer),4,2,1.13,Low
2024-04-30,Visakhapatnam (Inner),8,5,2.24,Medium
2024-04-30,Dhamra,6,4,1.3,Low
2024-04-30,Gangavaram,2,3,0.62,Low
2024-04-30,Haldia,11,4,4.28,High
2024-04-30,Gopalpur,3,1,0.76,Low
2024-04-30,Newcastle,8,10,1.54,Medium
2024-04-30,Samarinda,10,5,1.63,Medium
2024-04-30,Richards Bay,10,5,2.23,Medium
2024-04-30,Maputo,5,3,1.18,Low
2024-04-30,Norfolk,4,3,0.81,Low
2024-05-01,Paradip,11,7,2.92,Medium
2024-05-01,Visakhapatnam (Outer),5,5,1.16,Low
2024-05-01,Visakhapatnam (Inner),9,3,2.35,Medium
2024-05-01,Dhamra,2,5,0.76,Low
2024-05-01,Gangavaram,3,1,0.9,Low
2024-05-01,Haldia,10,4,3.9,High
2024-05-01,Gopalpur,2,3,0.52,Low
2024-05-01,Newcastle,7,7,1.51,Medium
2024-05-01,Samarinda,5,5,0.89,Low
2024-05-01,Richards Bay,2,4,0.59,Low
2024-05-01,Maputo,4,2,0.98,Low
2024-05-01,Norfolk,5,5,0.98,Low
2024-05-02,Paradip,13,5,3.41,Medium
2024-05-02,Visakhapatnam (Outer),7,3,1.8,Medium
2024-05-02,Visakhapatnam (Inner),7,5,1.77,Medium
2024-05-02,Dhamra,5,2,1.07,Low
2024-05-02,Gangavaram,2,3,0.58,Low
2024-05-02,Haldia,9,5,3.27,Medium
2024-05-02,Gopalpur,3,2,0.78,Low
2024-05-02,Newcastle,11,6,2.11,Medium
2024-05-02,Samarinda,14,6,2.22,Medium
2024-05-02,Richards Bay,7,6,1.62,Medium
2024-05-02,Maputo,8,3,1.45,Low
2024-05-02,Norfolk,4,2,1.0,Low
2024-05-03,Paradip,12,4,3.27,Medium
2024-05-03,Visakhapatnam (Outer),4,5,1.27,Low
2024-05-03,Visakhapatnam (Inner),12,5,2.83,Medium
2024-05-03,Dhamra,3,5,0.69,Low
2024-05-03,Gangavaram,4,3,0.94,Low
2024-05-03,Haldia,17,4,6.31,High
2024-05-03,Gopalpur,3,1,0.85,Low
2024-05-03,Newcastle,7,7,1.65,Medium
2024-05-03,Samarinda,8,6,1.44,Low
2024-05-03,Richards Bay,5,4,1.38,Low
2024-05-03,Maputo,5,5,1.02,Low
2024-05-03,Norfolk,5,6,1.08,Low
2024-05-06,Paradip,11,5,2.98,Medium
2024-05-06,Visakhapatnam (Outer),7,2,1.6,Medium
2024-05-06,Visakhapatnam (Inner),9,3,2.17,Medium
2024-05-06,Dhamra,6,6,1.39,Low
2024-05-06,Gangavaram,2,2,0.51,Low
2024-05-06,Haldia,13,5,4.71,High
2024-05-06,Gopalpur,2,3,0.4,Low
2024-05-06,Newcastle,18,8,3.49,Medium
2024-05-06,Samarinda,6,7,1.37,Low
2024-05-06,Richards Bay,5,4,1.43,Low
2024-05-06,Maputo,5,3,0.99,Low
2024-05-06,Norfolk,2,4,0.4,Low
2024-05-07,Paradip,11,6,3.2,Medium
2024-05-07,Visakhapatnam (Outer),5,4,1.33,Low
2024-05-07,Visakhapatnam (Inner),11,5,2.75,Medium
2024-05-07,Dhamra,4,6,1.11,Low
2024-05-07,Gangavaram,4,2,1.09,Low
2024-05-07,Haldia,6,4,2.38,Medium
2024-05-07,Gopalpur,2,1,0.63,Low
2024-05-07,Newcastle,17,8,3.53,High
2024-05-07,Samarinda,6,5,1.24,Low
2024-05-07,Richards Bay,5,3,1.22,Low
2024-05-07,Maputo,6,3,1.39,Low
2024-05-07,Norfolk,4,4,0.68,Low
2024-05-08,Paradip,10,6,2.99,Medium
2024-05-08,Visakhapatnam (Outer),8,4,2.01,Medium
2024-05-08,Visakhapatnam (Inner),6,4,1.64,Medium
2024-05-08,Dhamra,3,3,0.69,Low
2024-05-08,Gangavaram,4,2,0.85,Low
2024-05-08,Haldia,11,3,4.26,High
2024-05-08,Gopalpur,2,3,0.45,Low
2024-05-08,Newcastle,16,7,3.03,Medium
2024-05-08,Samarinda,3,4,0.9,Low
2024-05-08,Richards Bay,7,4,1.62,Medium
2024-05-08,Maputo,4,2,1.09,Low
2024-05-08,Norfolk,4,2,0.8,Low
2024-05-09,Paradip,9,5,2.72,Medium
2024-05-09,Visakhapatnam (Outer),6,4,1.48,Low
2024-05-09,Visakhapatnam (Inner),5,5,1.21,Low
2024-05-09,Dhamra,6,2,1.57,Medium
2024-05-09,Gangavaram,2,3,0.52,Low
2024-05-09,Haldia,15,5,5.67,High
2024-05-09,Gopalpur,3,3,0.51,Low
2024-05-09,Newcastle,11,9,2.48,Medium
2024-05-09,Samarinda,6,4,1.29,Low
2024-05-09,Richards Bay,10,5,2.43,Medium
2024-05-09,Maputo,4,4,0.83,Low
2024-05-09,Norfolk,2,4,0.47,Low
2024-05-10,Paradip,10,6,2.85,Medium
2024-05-10,Visakhapatnam (Outer),8,4,1.95,Medium
2024-05-10,Visakhapatnam (Inner),6,4,1.61,Medium
2024-05-10,Dhamra,6,4,1.5,Medium
2024-05-10,Gangavaram,3,2,0.61,Low
2024-05-10,Haldia,8,4,3.07,Medium
2024-05-10,Gopalpur,2,3,0.46,Low
2024-05-10,Newcastle,14,8,2.79,Medium
2024-05-10,Samarinda,7,5,1.24,Low
2024-05-10,Richards Bay,12,3,2.68,Medium
2024-05-10,Maputo,5,3,1.22,Low
2024-05-10,Norfolk,4,4,0.95,Low
2024-05-13,Paradip,6,6,1.93,Medium
2024-05-13,Visakhapatnam (Outer),3,3,0.87,Low
2024-05-13,Visakhapatnam (Inner),7,4,2.03,Medium
2024-05-13,Dhamra,3,3,1.01,Low
2024-05-13,Gangavaram,3,2,0.8,Low
2024-05-13,Haldia,6,5,2.42,Medium
2024-05-13,Gopalpur,2,1,0.42,Low
2024-05-13,Newcastle,14,9,2.8,Medium
2024-05-13,Samarinda,9,7,1.72,Medium
2024-05-13,Richards Bay,9,5,1.98,Medium
2024-05-13,Maputo,7,2,1.24,Low
2024-05-13,Norfolk,3,5,0.72,Low
2024-05-14,Paradip,8,6,2.12,Medium
2024-05-14,Visakhapatnam (Outer),4,5,0.97,Low
2024-05-14,Visakhapatnam (Inner),9,5,2.21,Medium
2024-05-14,Dhamra,4,1,0.85,Low
2024-05-14,Gangavaram,5,3,1.08,Low
2024-05-14,Haldia,13,6,4.69,High
2024-05-14,Gopalpur,2,2,0.43,Low
2024-05-14,Newcastle,12,8,2.56,Medium
2024-05-14,Samarinda,10,6,1.65,Medium
2024-05-14,Richards Bay,9,5,2.01,Medium
2024-05-14,Maputo,4,3,1.01,Low
2024-05-14,Norfolk,2,4,0.44,Low
2024-05-15,Paradip,8,7,2.27,Medium
2024-05-15,Visakhapatnam (Outer),5,4,1.31,Low
2024-05-15,Visakhapatnam (Inner),9,4,2.09,Medium
2024-05-15,Dhamra,5,6,1.15,Low
2024-05-15,Gangavaram,2,3,0.67,Low
2024-05-15,Haldia,13,6,4.67,High
2024-05-15,Gopalpur,3,1,0.51,Low
2024-05-15,Newcastle,9,7,1.79,Medium
2024-05-15,Samarinda,7,6,1.25,Low
2024-05-15,Richards Bay,10,4,2.28,Medium
2024-05-15,Maputo,3,2,0.66,Low
2024-05-15,Norfolk,3,3,0.77,Low
2024-05-16,Paradip,11,6,2.95,Medium
2024-05-16,Visakhapatnam (Outer),8,5,1.87,Medium
2024-05-16,Visakhapatnam (Inner),4,5,1.03,Low
2024-05-16,Dhamra,3,3,0.91,Low
2024-05-16,Gangavaram,4,4,0.8,Low
2024-05-16,Haldia,12,3,4.32,High
2024-05-16,Gopalpur,3,3,0.63,Low
2024-05-16,Newcastle,16,7,3.0,Medium
2024-05-16,Samarinda,10,5,1.7,Medium
2024-05-16,Richards Bay,8,4,2.09,Medium
2024-05-16,Maputo,3,3,0.86,Low
2024-05-16,Norfolk,4,3,0.81,Low
2024-05-17,Paradip,6,5,1.98,Medium
2024-05-17,Visakhapatnam (Outer),6,1,1.63,Medium
2024-05-17,Visakhapatnam (Inner),6,4,1.43,Low
2024-05-17,Dhamra,5,4,1.02,Low
2024-05-17,Gangavaram,4,1,0.9,Low
2024-05-17,Haldia,13,6,4.79,High
2024-05-17,Gopalpur,3,2,0.55,Low
2024-05-17,Newcastle,19,8,3.89,High
2024-05-17,Samarinda,10,4,1.89,Medium
2024-05-17,Richards Bay,5,5,1.41,Low
2024-05-17,Maputo,2,3,0.48,Low
2024-05-17,Norfolk,3,3,0.9,Low
2024-05-20,Paradip,10,5,2.85,Medium
2024-05-20,Visakhapatnam (Outer),5,5,1.41,Low
2024-05-20,Visakhapatnam (Inner),9,4,2.33,Medium
2024-05-20,Dhamra,5,4,1.28,Low
2024-05-20,Gangavaram,3,3,0.56,Low
2024-05-20,Haldia,12,5,4.39,High
2024-05-20,Gopalpur,2,3,0.6,Low
2024-05-20,Newcastle,17,8,3.21,Medium
2024-05-20,Samarinda,8,6,1.34,Low
2024-05-20,Richards Bay,8,4,2.04,Medium
2024-05-20,Maputo,6,2,1.23,Low
2024-05-20,Norfolk,3,4,0.85,Low
2024-05-21,Paradip,9,5,2.41,Medium
2024-05-21,Visakhapatnam (Outer),8,4,1.75,Medium
2024-05-21,Visakhapatnam (Inner),9,4,2.4,Medium
2024-05-21,Dhamra,3,6,0.81,Low
2024-05-21,Gangavaram,4,3,0.76,Low
2024-05-21,Haldia,11,4,3.97,High
2024-05-21,Gopalpur,2,2,0.37,Low
2024-05-21,Newcastle,14,7,2.76,Medium
2024-05-21,Samarinda,6,6,1.37,Low
2024-05-21,Richards Bay,11,5,2.38,Medium
2024-05-21,Maputo,5,4,1.0,Low
2024-05-21,Norfolk,3,3,0.74,Low
2024-05-22,Paradip,11,5,2.89,Medium
2024-05-22,Visakhapatnam (Outer),5,3,1.44,Low
2024-05-22,Visakhapatnam (Inner),10,4,2.42,Medium
2024-05-22,Dhamra,7,6,1.68,Medium
2024-05-22,Gangavaram,3,1,0.72,Low
2024-05-22,Haldia,10,4,3.71,High
2024-05-22,Gopalpur,3,1,0.5,Low
2024-05-22,Newcastle,18,9,3.64,High
2024-05-22,Samarinda,8,6,1.5,Medium
2024-05-22,Richards Bay,8,6,2.09,Medium
2024-05-22,Maputo,5,3,1.12,Low
2024-05-22,Norfolk,3,4,0.79,Low
2024-05-23,Paradip,12,5,3.14,Medium
2024-05-23,Visakhapatnam (Outer),5,2,1.33,Low
2024-05-23,Visakhapatnam (Inner),5,4,1.33,Low
2024-05-23,Dhamra,4,2,1.01,Low
2024-05-23,Gangavaram,2,2,0.75,Low
2024-05-23,Haldia,8,4,3.06,Medium
2024-05-23,Gopalpur,4,1,0.79,Low
2024-05-23,Newcastle,13,6,2.56,Medium
2024-05-23,Samarinda,11,6,2.09,Medium
2024-05-23,Richards Bay,8,3,1.93,Medium
2024-05-23,Maputo,5,2,1.06,Low
2024-05-23,Norfolk,3,5,0.82,Low
2024-05-24,Paradip,9,4,2.51,Medium
2024-05-24,Visakhapatnam (Outer),3,2,0.76,Low
2024-05-24,Visakhapatnam (Inner),7,4,1.73,Medium
2024-05-24,Dhamra,3,4,0.85,Low
2024-05-24,Gangavaram,2,2,0.64,Low
2024-05-24,Haldia,9,5,3.37,Medium
2024-05-24,Gopalpur,4,3,0.74,Low
2024-05-24,Newcastle,21,9,4.13,High
2024-05-24,Samarinda,6,6,1.04,Low
2024-05-24,Richards Bay,8,4,2.08,Medium
2024-05-24,Maputo,3,2,0.73,Low
2024-05-24,Norfolk,3,3,0.75,Low
2024-05-27,Paradip,10,5,2.95,Medium
2024-05-27,Visakhapatnam (Outer),4,3,0.94,Low
2024-05-27,Visakhapatnam (Inner),9,3,2.36,Medium
2024-05-27,Dhamra,6,2,1.42,Low
2024-05-27,Gangavaram,4,3,0.99,Low
2024-05-27,Haldia,13,5,4.86,High
2024-05-27,Gopalpur,1,3,0.44,Low
2024-05-27,Newcastle,12,7,2.38,Medium
2024-05-27,Samarinda,8,4,1.42,Low
2024-05-27,Richards Bay,12,3,2.81,Medium
2024-05-27,Maputo,3,3,0.85,Low
2024-05-27,Norfolk,3,3,0.92,Low
2024-05-28,Paradip,10,5,2.99,Medium
2024-05-28,Visakhapatnam (Outer),2,3,0.74,Low
2024-05-28,Visakhapatnam (Inner),10,3,2.38,Medium
2024-05-28,Dhamra,7,6,1.44,Low
2024-05-28,Gangavaram,6,3,1.26,Low
2024-05-28,Haldia,11,3,3.99,High
2024-05-28,Gopalpur,3,1,0.56,Low
2024-05-28,Newcastle,17,9,3.28,Medium
2024-05-28,Samarinda,8,5,1.62,Medium
2024-05-28,Richards Bay,8,4,1.81,Medium
2024-05-28,Maputo,4,2,1.1,Low
2024-05-28,Norfolk,4,4,1.05,Low
2024-05-29,Paradip,7,5,2.07,Medium
2024-05-29,Visakhapatnam (Outer),5,4,1.32,Low
2024-05-29,Visakhapatnam (Inner),8,6,1.9,Medium
2024-05-29,Dhamra,5,4,1.18,Low
2024-05-29,Gangavaram,4,3,0.96,Low
2024-05-29,Haldia,9,3,3.58,High
2024-05-29,Gopalpur,2,1,0.64,Low
2024-05-29,Newcastle,17,10,3.38,Medium
2024-05-29,Samarinda,7,6,1.26,Low
2024-05-29,Richards Bay,2,4,0.51,Low
2024-05-29,Maputo,2,5,0.66,Low
2024-05-29,Norfolk,4,4,0.8,Low
2024-05-30,Paradip,11,4,3.23,Medium
2024-05-30,Visakhapatnam (Outer),6,4,1.46,Low
2024-05-30,Visakhapatnam (Inner),13,3,3.36,Medium
2024-05-30,Dhamra,4,4,1.18,Low
2024-05-30,Gangavaram,3,2,0.9,Low
2024-05-30,Haldia,12,3,4.39,High
2024-05-30,Gopalpur,3,2,0.51,Low
2024-05-30,Newcastle,15,6,2.81,Medium
2024-05-30,Samarinda,11,6,1.76,Medium
2024-05-30,Richards Bay,9,5,2.08,Medium
2024-05-30,Maputo,5,2,1.01,Low
2024-05-30,Norfolk,3,3,0.57,Low
2024-05-31,Paradip,8,6,2.42,Medium
2024-05-31,Visakhapatnam (Outer),6,4,1.51,Medium
2024-05-31,Visakhapatnam (Inner),6,3,1.56,Medium
2024-05-31,Dhamra,5,2,1.01,Low
2024-05-31,Gangavaram,2,3,0.56,Low
2024-05-31,Haldia,13,5,4.92,High
2024-05-31,Gopalpur,2,2,0.59,Low
2024-05-31,Newcastle,17,6,3.39,Medium
2024-05-31,Samarinda,6,6,1.08,Low
2024-05-31,Richards Bay,9,4,2.18,Medium
2024-05-31,Maputo,3,2,0.85,Low
2024-05-31,Norfolk,3,3,0.65,Low
2024-06-03,Paradip,12,6,3.1,Medium
2024-06-03,Visakhapatnam (Outer),6,2,1.56,Medium
2024-06-03,Visakhapatnam (Inner),12,7,2.98,Medium
2024-06-03,Dhamra,5,4,1.19,Low
2024-06-03,Gangavaram,6,2,1.33,Low
2024-06-03,Haldia,15,5,5.44,High
2024-06-03,Gopalpur,3,1,0.66,Low
2024-06-03,Newcastle,27,6,4.98,High
2024-06-03,Samarinda,9,7,1.47,Low
2024-06-03,Richards Bay,11,5,2.4,Medium
2024-06-03,Maputo,4,3,0.97,Low
2024-06-03,Norfolk,2,3,0.67,Low
2024-06-04,Paradip,14,3,3.97,High
2024-06-04,Visakhapatnam (Outer),5,4,1.48,Low
2024-06-04,Visakhapatnam (Inner),10,3,2.49,Medium
2024-06-04,Dhamra,6,4,1.5,Medium
2024-06-04,Gangavaram,5,3,1.14,Low
2024-06-04,Haldia,19,3,6.92,High
2024-06-04,Gopalpur,4,2,0.82,Low
2024-06-04,Newcastle,17,7,3.54,High
2024-06-04,Samarinda,6,6,1.15,Low
2024-06-04,Richards Bay,8,4,1.95,Medium
2024-06-04,Maputo,5,3,1.19,Low
2024-06-04,Norfolk,4,4,0.87,Low
2024-06-05,Paradip,11,5,3.11,Medium
2024-06-05,Visakhapatnam (Outer),10,3,2.49,Medium
2024-06-05,Visakhapatnam (Inner),10,5,2.42,Medium
2024-06-05,Dhamra,6,4,1.19,Low
2024-06-05,Gangavaram,5,1,0.96,Low
2024-06-05,Haldia,11,6,4.05,High
2024-06-05,Gopalpur,3,3,0.75,Low
2024-06-05,Newcastle,16,7,3.08,Medium
2024-06-05,Samarinda,11,4,1.79,Medium
2024-06-05,Richards Bay,10,5,2.28,Medium
2024-06-05,Maputo,5,3,1.2,Low
2024-06-05,Norfolk,5,3,0.91,Low
2024-06-06,Paradip,16,5,4.25,High
2024-06-06,Visakhapatnam (Outer),7,3,1.63,Medium
2024-06-06,Visakhapatnam (Inner),14,4,3.37,Medium
2024-06-06,Dhamra,7,4,1.36,Low
2024-06-06,Gangavaram,4,2,0.97,Low
2024-06-06,Haldia,13,3,4.76,High
2024-06-06,Gopalpur,3,1,0.77,Low
2024-06-06,Newcastle,10,9,2.13,Medium
2024-06-06,Samarinda,6,6,1.16,Low
2024-06-06,Richards Bay,8,5,1.92,Medium
2024-06-06,Maputo,5,3,1.12,Low
2024-06-06,Norfolk,4,4,0.88,Low
2024-06-07,Paradip,14,5,3.6,High
2024-06-07,Visakhapatnam (Outer),10,4,2.28,Medium
2024-06-07,Visakhapatnam (Inner),8,6,2.24,Medium
2024-06-07,Dhamra,6,3,1.4,Low
2024-06-07,Gangavaram,4,2,0.89,Low
2024-06-07,Haldia,18,5,6.59,High
2024-06-07,Gopalpur,4,2,0.63,Low
2024-06-07,Newcastle,15,8,2.92,Medium
2024-06-07,Samarinda,8,6,1.63,Medium
2024-06-07,Richards Bay,10,4,2.16,Medium
2024-06-07,Maputo,2,5,0.69,Low
2024-06-07,Norfolk,4,5,0.99,Low
2024-06-10,Paradip,11,6,2.98,Medium
2024-06-10,Visakhapatnam (Outer),8,4,1.82,Medium
2024-06-10,Visakhapatnam (Inner),15,5,3.69,High
2024-06-10,Dhamra,4,3,0.83,Low
2024-06-10,Gangavaram,5,1,1.07,Low
2024-06-10,Haldia,22,4,7.97,High
2024-06-10,Gopalpur,5,1,0.72,Low
2024-06-10,Newcastle,11,9,2.15,Medium
2024-06-10,Samarinda,8,6,1.55,Medium
2024-06-10,Richards Bay,8,4,1.89,Medium
2024-06-10,Maputo,3,1,0.77,Low
2024-06-10,Norfolk,3,5,0.6,Low
2024-06-11,Paradip,10,6,2.9,Medium
2024-06-11,Visakhapatnam (Outer),8,4,2.06,Medium
2024-06-11,Visakhapatnam (Inner),11,4,2.56,Medium
2024-06-11,Dhamra,7,3,1.62,Medium
2024-06-11,Gangavaram,7,3,1.43,Low
2024-06-11,Haldia,17,5,6.23,High
2024-06-11,Gopalpur,3,1,0.61,Low
2024-06-11,Newcastle,18,7,3.57,High
2024-06-11,Samarinda,8,4,1.36,Low
2024-06-11,Richards Bay,9,4,2.19,Medium
2024-06-11,Maputo,4,4,1.11,Low
2024-06-11,Norfolk,4,3,0.8,Low
2024-06-12,Paradip,12,4,3.43,Medium
2024-06-12,Visakhapatnam (Outer),5,4,1.45,Low
2024-06-12,Visakhapatnam (Inner),8,5,2.15,Medium
2024-06-12,Dhamra,8,5,1.86,Medium
2024-06-12,Gangavaram,6,2,1.03,Low
2024-06-12,Haldia,20,4,7.12,High
2024-06-12,Gopalpur,4,2,0.84,Low
2024-06-12,Newcastle,12,8,2.41,Medium
2024-06-12,Samarinda,5,6,1.15,Low
2024-06-12,Richards Bay,8,4,1.87,Medium
2024-06-12,Maputo,4,2,1.07,Low
2024-06-12,Norfolk,2,3,0.61,Low
2024-06-13,Paradip,10,5,2.8,Medium
2024-06-13,Visakhapatnam (Outer),8,4,2.07,Medium
2024-06-13,Visakhapatnam (Inner),9,3,2.29,Medium
2024-06-13,Dhamra,8,3,1.57,Medium
2024-06-13,Gangavaram,6,3,1.06,Low
2024-06-13,Haldia,13,5,4.89,High
2024-06-13,Gopalpur,3,3,0.54,Low
2024-06-13,Newcastle,15,8,2.91,Medium
2024-06-13,Samarinda,7,3,1.33,Low
2024-06-13,Richards Bay,8,5,1.83,Medium
2024-06-13,Maputo,3,2,0.67,Low
2024-06-13,Norfolk,2,5,0.47,Low
2024-06-14,Paradip,15,5,4.09,High
2024-06-14,Visakhapatnam (Outer),6,3,1.39,Low
2024-06-14,Visakhapatnam (Inner),9,5,2.47,Medium
2024-06-14,Dhamra,7,4,1.48,Low
2024-06-14,Gangavaram,6,2,1.21,Low
2024-06-14,Haldia,15,5,5.69,High
2024-06-14,Gopalpur,3,3,0.56,Low
2024-06-14,Newcastle,14,7,2.64,Medium
2024-06-14,Samarinda,9,5,1.47,Low
2024-06-14,Richards Bay,6,4,1.43,Low
2024-06-14,Maputo,5,2,1.03,Low
2024-06-14,Norfolk,2,4,0.6,Low
2024-06-17,Paradip,14,7,3.78,High
2024-06-17,Visakhapatnam (Outer),8,3,1.73,Medium
2024-06-17,Visakhapatnam (Inner),11,7,2.53,Medium
2024-06-17,Dhamra,6,3,1.56,Medium
2024-06-17,Gangavaram,5,1,0.95,Low
2024-06-17,Haldia,17,4,6.24,High
2024-06-17,Gopalpur,3,1,0.66,Low
2024-06-17,Newcastle,24,10,4.42,High
2024-06-17,Samarinda,5,6,1.05,Low
2024-06-17,Richards Bay,11,7,2.41,Medium
2024-06-17,Maputo,4,5,0.94,Low
2024-06-17,Norfolk,3,3,0.65,Low
2024-06-18,Paradip,14,5,3.82,High
2024-06-18,Visakhapatnam (Outer),5,3,1.16,Low
2024-06-18,Visakhapatnam (Inner),11,6,2.9,Medium
2024-06-18,Dhamra,8,1,1.9,Medium
2024-06-18,Gangavaram,4,2,0.85,Low
2024-06-18,Haldia,14,3,5.08,High
2024-06-18,Gopalpur,3,2,0.47,Low
2024-06-18,Newcastle,23,8,4.46,High
2024-06-18,Samarinda,9,6,1.65,Medium
2024-06-18,Richards Bay,9,4,1.95,Medium
2024-06-18,Maputo,5,2,1.23,Low
2024-06-18,Norfolk,4,2,1.0,Low
2024-06-19,Paradip,13,6,3.55,High
2024-06-19,Visakhapatnam (Outer),9,2,2.21,Medium
2024-06-19,Visakhapatnam (Inner),12,5,3.06,Medium
2024-06-19,Dhamra,4,5,1.0,Low
2024-06-19,Gangavaram,7,2,1.54,Medium
2024-06-19,Haldia,16,4,5.77,High
2024-06-19,Gopalpur,2,2,0.35,Low
2024-06-19,Newcastle,11,7,2.47,Medium
2024-06-19,Samarinda,6,5,1.1,Low
2024-06-19,Richards Bay,5,4,1.5,Medium
2024-06-19,Maputo,4,2,0.79,Low
2024-06-19,Norfolk,4,5,0.67,Low
2024-06-20,Paradip,12,5,3.45,Medium
2024-06-20,Visakhapatnam (Outer),6,3,1.54,Medium
2024-06-20,Visakhapatnam (Inner),12,4,3.1,Medium
2024-06-20,Dhamra,7,3,1.71,Medium
2024-06-20,Gangavaram,5,3,0.87,Low
2024-06-20,Haldia,16,4,6.06,High
2024-06-20,Gopalpur,4,1,0.72,Low
2024-06-20,Newcastle,9,7,2.12,Medium
2024-06-20,Samarinda,8,5,1.66,Medium
2024-06-20,Richards Bay,8,5,1.73,Medium
2024-06-20,Maputo,6,3,1.17,Low
2024-06-20,Norfolk,5,3,0.86,Low
2024-06-21,Paradip,14,6,3.91,High
2024-06-21,Visakhapatnam (Outer),6,3,1.39,Low
2024-06-21,Visakhapatnam (Inner),8,6,2.25,Medium
2024-06-21,Dhamra,5,3,1.36,Low
2024-06-21,Gangavaram,4,1,0.71,Low
2024-06-21,Haldia,14,3,5.26,High
2024-06-21,Gopalpur,4,2,0.89,Low
2024-06-21,Newcastle,14,8,2.69,Medium
2024-06-21,Samarinda,6,5,1.08,Low
2024-06-21,Richards Bay,6,4,1.59,Medium
2024-06-21,Maputo,4,1,0.82,Low
2024-06-21,Norfolk,3,4,0.74,Low
2024-06-24,Paradip,10,7,2.75,Medium
2024-06-24,Visakhapatnam (Outer),9,3,1.91,Medium
2024-06-24,Visakhapatnam (Inner),12,3,3.07,Medium
2024-06-24,Dhamra,8,4,1.93,Medium
2024-06-24,Gangavaram,5,3,0.89,Low
2024-06-24,Haldia,13,4,4.96,High
2024-06-24,Gopalpur,4,1,0.68,Low
2024-06-24,Newcastle,9,7,1.73,Medium
2024-06-24,Samarinda,8,6,1.35,Low
2024-06-24,Richards Bay,10,4,2.47,Medium
2024-06-24,Maputo,6,1,1.3,Low
2024-06-24,Norfolk,5,2,0.81,Low
2024-06-25,Paradip,14,6,4.0,High
2024-06-25,Visakhapatnam (Outer),8,3,1.77,Medium
2024-06-25,Visakhapatnam (Inner),12,5,2.78,Medium
2024-06-25,Dhamra,5,2,1.37,Low
2024-06-25,Gangavaram,5,2,1.03,Low
2024-06-25,Haldia,20,3,7.4,High
2024-06-25,Gopalpur,4,2,0.94,Low
2024-06-25,Newcastle,8,5,1.71,Medium
2024-06-25,Samarinda,7,4,1.24,Low
2024-06-25,Richards Bay,7,4,1.56,Medium
2024-06-25,Maputo,5,3,1.17,Low
2024-06-25,Norfolk,6,5,0.98,Low
2024-06-26,Paradip,15,5,4.0,High
2024-06-26,Visakhapatnam (Outer),6,4,1.33,Low
2024-06-26,Visakhapatnam (Inner),12,6,2.89,Medium
2024-06-26,Dhamra,6,5,1.43,Low
2024-06-26,Gangavaram,4,2,1.02,Low
2024-06-26,Haldia,19,4,6.81,High
2024-06-26,Gopalpur,3,1,0.79,Low
2024-06-26,Newcastle,7,6,1.45,Low
2024-06-26,Samarinda,8,6,1.6,Medium
2024-06-26,Richards Bay,4,3,1.09,Low
2024-06-26,Maputo,4,1,0.79,Low
2024-06-26,Norfolk,3,5,0.79,Low
2024-06-27,Paradip,13,5,3.49,Medium
2024-06-27,Visakhapatnam (Outer),9,5,2.05,Medium
2024-06-27,Visakhapatnam (Inner),9,6,2.37,Medium
2024-06-27,Dhamra,7,5,1.47,Low
2024-06-27,Gangavaram,5,3,1.0,Low
2024-06-27,Haldia,19,3,6.89,High
2024-06-27,Gopalpur,4,1,0.67,Low
2024-06-27,Newcastle,14,6,2.8,Medium
2024-06-27,Samarinda,8,4,1.38,Low
2024-06-27,Richards Bay,7,4,1.77,Medium
2024-06-27,Maputo,2,3,0.46,Low
2024-06-27,Norfolk,4,4,0.69,Low
2024-06-28,Paradip,10,4,2.64,Medium
2024-06-28,Visakhapatnam (Outer),8,1,1.94,Medium
2024-06-28,Visakhapatnam (Inner),12,4,3.04,Medium
2024-06-28,Dhamra,5,4,1.12,Low
2024-06-28,Gangavaram,4,4,0.76,Low
2024-06-28,Haldia,11,5,4.34,High
2024-06-28,Gopalpur,3,1,0.74,Low
2024-06-28,Newcastle,16,8,3.0,Medium
2024-06-28,Samarinda,6,7,1.35,Low
2024-06-28,Richards Bay,11,5,2.38,Medium
2024-06-28,Maputo,6,3,1.07,Low
2024-06-28,Norfolk,4,3,0.69,Low
2024-07-01,Paradip,16,7,4.24,High
2024-07-01,Visakhapatnam (Outer),6,4,1.49,Low
2024-07-01,Visakhapatnam (Inner),8,4,2.04,Medium
2024-07-01,Dhamra,6,4,1.45,Low
2024-07-01,Gangavaram,4,3,0.78,Low
2024-07-01,Haldia,20,6,7.18,High
2024-07-01,Gopalpur,5,1,0.98,Low
2024-07-01,Newcastle,12,8,2.31,Medium
2024-07-01,Samarinda,11,5,2.04,Medium
2024-07-01,Richards Bay,8,6,1.7,Medium
2024-07-01,Maputo,4,2,0.94,Low
2024-07-01,Norfolk,4,5,1.02,Low
2024-07-02,Paradip,10,4,2.68,Medium
2024-07-02,Visakhapatnam (Outer),8,5,2.05,Medium
2024-07-02,Visakhapatnam (Inner),11,4,2.82,Medium
2024-07-02,Dhamra,7,3,1.47,Low
2024-07-02,Gangavaram,4,2,0.94,Low
2024-07-02,Haldia,20,4,7.14,High
2024-07-02,Gopalpur,3,1,0.67,Low
2024-07-02,Newcastle,16,6,3.2,Medium
2024-07-02,Samarinda,4,6,0.79,Low
2024-07-02,Richards Bay,7,5,1.8,Medium
2024-07-02,Maputo,4,2,0.93,Low
2024-07-02,Norfolk,3,4,0.78,Low
2024-07-03,Paradip,13,8,3.72,High
2024-07-03,Visakhapatnam (Outer),10,4,2.3,Medium
2024-07-03,Visakhapatnam (Inner),8,5,1.97,Medium
2024-07-03,Dhamra,6,3,1.48,Low
2024-07-03,Gangavaram,5,2,1.22,Low
2024-07-03,Haldia,16,4,6.02,High
2024-07-03,Gopalpur,5,2,0.76,Low
2024-07-03,Newcastle,18,5,3.7,High
2024-07-03,Samarinda,3,5,0.89,Low
2024-07-03,Richards Bay,7,5,1.57,Medium
2024-07-03,Maputo,5,3,1.07,Low
2024-07-03,Norfolk,3,4,0.71,Low
2024-07-04,Paradip,9,6,2.64,Medium
2024-07-04,Visakhapatnam (Outer),8,2,2.08,Medium
2024-07-04,Visakhapatnam (Inner),9,7,2.31,Medium
2024-07-04,Dhamra,6,4,1.35,Low
2024-07-04,Gangavaram,4,3,0.95,Low
2024-07-04,Haldia,12,3,4.36,High
2024-07-04,Gopalpur,4,2,0.8,Low
2024-07-04,Newcastle,10,9,1.94,Medium
2024-07-04,Samarinda,6,5,1.32,Low
2024-07-04,Richards Bay,8,5,1.99,Medium
2024-07-04,Maputo,3,2,0.83,Low
2024-07-04,Norfolk,3,2,0.62,Low
2024-07-05,Paradip,13,7,3.54,High
2024-07-05,Visakhapatnam (Outer),6,3,1.48,Low
2024-07-05,Visakhapatnam (Inner),8,5,2.09,Medium
2024-07-05,Dhamra,8,2,1.58,Medium
2024-07-05,Gangavaram,7,3,1.36,Low
2024-07-05,Haldia,16,4,5.76,High
2024-07-05,Gopalpur,3,2,0.49,Low
2024-07-05,Newcastle,18,7,3.65,High
2024-07-05,Samarinda,7,6,1.27,Low
2024-07-05,Richards Bay,4,4,1.06,Low
2024-07-05,Maputo,4,2,0.83,Low
2024-07-05,Norfolk,3,5,0.8,Low
2024-07-08,Paradip,9,5,2.4,Medium
2024-07-08,Visakhapatnam (Outer),7,4,1.88,Medium
2024-07-08,Visakhapatnam (Inner),11,6,2.64,Medium
2024-07-08,Dhamra,8,4,1.73,Medium
2024-07-08,Gangavaram,6,2,1.12,Low
2024-07-08,Haldia,19,4,7.1,High
2024-07-08,Gopalpur,3,2,0.53,Low
2024-07-08,Newcastle,21,6,4.25,High
2024-07-08,Samarinda,4,5,0.94,Low
2024-07-08,Richards Bay,9,3,2.08,Medium
2024-07-08,Maputo,5,4,0.93,Low
2024-07-08,Norfolk,4,2,1.03,Low
2024-07-09,Paradip,13,8,3.67,High
2024-07-09,Visakhapatnam (Outer),7,3,1.59,Medium
2024-07-09,Visakhapatnam (Inner),11,5,2.83,Medium
2024-07-09,Dhamra,6,4,1.4,Low
2024-07-09,Gangavaram,5,2,1.04,Low
2024-07-09,Haldia,21,4,7.66,High
2024-07-09,Gopalpur,3,3,0.62,Low
2024-07-09,Newcastle,16,8,3.13,Medium
2024-07-09,Samarinda,7,5,1.18,Low
2024-07-09,Richards Bay,7,6,1.7,Medium
2024-07-09,Maputo,4,3,0.82,Low
2024-07-09,Norfolk,2,2,0.61,Low
2024-07-10,Paradip,13,4,3.66,High
2024-07-10,Visakhapatnam (Outer),7,3,1.54,Medium
2024-07-10,Visakhapatnam (Inner),10,4,2.63,Medium
2024-07-10,Dhamra,5,4,1.26,Low
2024-07-10,Gangavaram,4,2,0.81,Low
2024-07-10,Haldia,18,5,6.75,High
2024-07-10,Gopalpur,4,2,0.62,Low
2024-07-10,Newcastle,18,7,3.65,High
2024-07-10,Samarinda,8,5,1.5,Medium
2024-07-10,Richards Bay,10,5,2.43,Medium
2024-07-10,Maputo,6,1,1.21,Low
2024-07-10,Norfolk,4,4,1.06,Low
2024-07-11,Paradip,12,5,3.4,Medium
2024-07-11,Visakhapatnam (Outer),7,4,1.65,Medium
2024-07-11,Visakhapatnam (Inner),13,6,3.25,Medium
2024-07-11,Dhamra,8,5,1.67,Medium
2024-07-11,Gangavaram,5,3,0.99,Low
2024-07-11,Haldia,19,4,6.79,High
2024-07-11,Gopalpur,6,1,1.19,Low
2024-07-11,Newcastle,12,8,2.3,Medium
2024-07-11,Samarinda,9,5,1.82,Medium
2024-07-11,Richards Bay,6,5,1.6,Medium
2024-07-11,Maputo,5,2,1.16,Low
2024-07-11,Norfolk,2,3,0.59,Low
2024-07-12,Paradip,14,6,3.84,High
2024-07-12,Visakhapatnam (Outer),7,4,1.67,Medium
2024-07-12,Visakhapatnam (Inner),9,4,2.48,Medium
2024-07-12,Dhamra,6,4,1.22,Low
2024-07-12,Gangavaram,4,2,0.82,Low
2024-07-12,Haldia,12,4,4.66,High
2024-07-12,Gopalpur,4,2,0.97,Low
2024-07-12,Newcastle,17,7,3.46,Medium
2024-07-12,Samarinda,10,5,1.71,Medium
2024-07-12,Richards Bay,6,6,1.32,Low
2024-07-12,Maputo,2,2,0.55,Low
2024-07-12,Norfolk,3,2,0.68,Low
2024-07-15,Paradip,13,8,3.73,High
2024-07-15,Visakhapatnam (Outer),9,4,2.14,Medium
2024-07-15,Visakhapatnam (Inner),15,6,3.64,High
2024-07-15,Dhamra,6,3,1.45,Low
2024-07-15,Gangavaram,6,4,1.06,Low
2024-07-15,Haldia,14,5,5.28,High
2024-07-15,Gopalpur,3,1,0.64,Low
2024-07-15,Newcastle,16,7,3.24,Medium
2024-07-15,Samarinda,6,5,1.21,Low
2024-07-15,Richards Bay,9,5,2.23,Medium
2024-07-15,Maputo,5,3,1.13,Low
2024-07-15,Norfolk,3,4,0.76,Low
2024-07-16,Paradip,11,6,3.18,Medium
2024-07-16,Visakhapatnam (Outer),8,2,1.89,Medium
2024-07-16,Visakhapatnam (Inner),10,5,2.56,Medium
2024-07-16,Dhamra,8,4,1.82,Medium
2024-07-16,Gangavaram,6,3,1.12,Low
2024-07-16,Haldia,15,6,5.4,High
2024-07-16,Gopalpur,4,1,0.95,Low
2024-07-16,Newcastle,14,7,2.66,Medium
2024-07-16,Samarinda,8,5,1.44,Low
2024-07-16,Richards Bay,5,6,1.36,Low
2024-07-16,Maputo,4,2,1.04,Low
2024-07-16,Norfolk,2,4,0.57,Low
2024-07-17,Paradip,9,6,2.36,Medium
2024-07-17,Visakhapatnam (Outer),9,2,2.07,Medium
2024-07-17,Visakhapatnam (Inner),7,4,1.74,Medium
2024-07-17,Dhamra,8,5,1.71,Medium
2024-07-17,Gangavaram,6,3,1.11,Low
2024-07-17,Haldia,12,5,4.46,High
2024-07-17,Gopalpur,3,1,0.46,Low
2024-07-17,Newcastle,17,9,3.25,Medium
2024-07-17,Samarinda,9,5,1.56,Medium
2024-07-17,Richards Bay,8,4,1.73,Medium
2024-07-17,Maputo,6,3,1.35,Low
2024-07-17,Norfolk,3,4,0.56,Low
2024-07-18,Paradip,16,5,4.43,High
2024-07-18,Visakhapatnam (Outer),8,4,1.8,Medium
2024-07-18,Visakhapatnam (Inner),11,3,2.61,Medium
2024-07-18,Dhamra,8,4,1.75,Medium
2024-07-18,Gangavaram,5,1,1.02,Low
2024-07-18,Haldia,13,6,5.03,High
2024-07-18,Gopalpur,4,2,0.92,Low
2024-07-18,Newcastle,12,8,2.5,Medium
2024-07-18,Samarinda,9,5,1.69,Medium
2024-07-18,Richards Bay,11,5,2.47,Medium
2024-07-18,Maputo,5,3,1.06,Low
2024-07-18,Norfolk,4,4,0.8,Low
2024-07-19,Paradip,17,5,4.47,High
2024-07-19,Visakhapatnam (Outer),8,1,1.91,Medium
2024-07-19,Visakhapatnam (Inner),13,6,3.0,Medium
2024-07-19,Dhamra,5,5,1.16,Low
2024-07-19,Gangavaram,5,3,0.89,Low
2024-07-19,Haldia,19,5,6.89,High
2024-07-19,Gopalpur,3,1,0.74,Low
2024-07-19,Newcastle,19,7,3.53,High
2024-07-19,Samarinda,7,6,1.45,Low
2024-07-19,Richards Bay,9,5,2.19,Medium
2024-07-19,Maputo,5,5,0.95,Low
2024-07-19,Norfolk,3,5,0.91,Low
2024-07-22,Paradip,14,5,3.98,High
2024-07-22,Visakhapatnam (Outer),6,4,1.68,Medium
2024-07-22,Visakhapatnam (Inner),10,4,2.7,Medium
2024-07-22,Dhamra,5,3,1.03,Low
2024-07-22,Gangavaram,5,1,1.15,Low
2024-07-22,Haldia,15,4,5.59,High
2024-07-22,Gopalpur,3,1,0.72,Low
2024-07-22,Newcastle,12,6,2.48,Medium
2024-07-22,Samarinda,9,7,1.59,Medium
2024-07-22,Richards Bay,6,4,1.56,Medium
2024-07-22,Maputo,4,3,1.08,Low
2024-07-22,Norfolk,3,4,0.79,Low
2024-07-23,Paradip,12,8,3.46,Medium
2024-07-23,Visakhapatnam (Outer),7,4,1.76,Medium
2024-07-23,Visakhapatnam (Inner),12,5,2.88,Medium
2024-07-23,Dhamra,4,3,1.06,Low
2024-07-23,Gangavaram,6,3,1.29,Low
2024-07-23,Haldia,14,5,5.32,High
2024-07-23,Gopalpur,4,1,0.84,Low
2024-07-23,Newcastle,16,8,3.31,Medium
2024-07-23,Samarinda,5,6,1.05,Low
2024-07-23,Richards Bay,7,6,1.66,Medium
2024-07-23,Maputo,3,2,0.61,Low
2024-07-23,Norfolk,5,3,0.99,Low
2024-07-24,Paradip,11,4,3.07,Medium
2024-07-24,Visakhapatnam (Outer),8,4,2.08,Medium
2024-07-24,Visakhapatnam (Inner),9,3,2.09,Medium
2024-07-24,Dhamra,7,2,1.44,Low
2024-07-24,Gangavaram,6,4,1.17,Low
2024-07-24,Haldia,14,5,5.14,High
2024-07-24,Gopalpur,3,2,0.71,Low
2024-07-24,Newcastle,12,9,2.39,Medium
2024-07-24,Samarinda,7,4,1.21,Low
2024-07-24,Richards Bay,11,5,2.45,Medium
2024-07-24,Maputo,7,3,1.49,Low
2024-07-24,Norfolk,3,4,0.6,Low
2024-07-25,Paradip,15,6,3.95,High
2024-07-25,Visakhapatnam (Outer),9,2,1.97,Medium
2024-07-25,Visakhapatnam (Inner),11,5,2.57,Medium
2024-07-25,Dhamra,9,4,1.99,Medium
2024-07-25,Gangavaram,4,3,1.0,Low
2024-07-25,Haldia,14,4,5.04,High
2024-07-25,Gopalpur,3,3,0.47,Low
2024-07-25,Newcastle,20,8,3.88,High
2024-07-25,Samarinda,9,6,1.56,Medium
2024-07-25,Richards Bay,10,4,2.35,Medium
2024-07-25,Maputo,4,1,0.78,Low
2024-07-25,Norfolk,5,4,1.2,Low
2024-07-26,Paradip,15,6,3.96,High
2024-07-26,Visakhapatnam (Outer),7,3,1.63,Medium
2024-07-26,Visakhapatnam (Inner),10,4,2.46,Medium
2024-07-26,Dhamra,6,4,1.33,Low
2024-07-26,Gangavaram,4,4,0.79,Low
2024-07-26,Haldia,15,4,5.63,High
2024-07-26,Gopalpur,4,3,0.75,Low
2024-07-26,Newcastle,14,6,2.69,Medium
2024-07-26,Samarinda,7,7,1.29,Low
2024-07-26,Richards Bay,11,4,2.67,Medium
2024-07-26,Maputo,4,4,0.92,Low
2024-07-26,Norfolk,2,4,0.74,Low
2024-07-29,Paradip,20,5,5.16,High
2024-07-29,Visakhapatnam (Outer),7,3,1.55,Medium
2024-07-29,Visakhapatnam (Inner),10,8,2.61,Medium
2024-07-29,Dhamra,7,3,1.51,Medium
2024-07-29,Gangavaram,5,3,0.85,Low
2024-07-29,Haldia,14,5,5.11,High
2024-07-29,Gopalpur,4,1,0.62,Low
2024-07-29,Newcastle,15,7,3.1,Medium
2024-07-29,Samarinda,8,6,1.64,Medium
2024-07-29,Richards Bay,9,7,1.98,Medium
2024-07-29,Maputo,5,1,1.05,Low
2024-07-29,Norfolk,4,4,1.03,Low
2024-07-30,Paradip,13,6,3.62,High
2024-07-30,Visakhapatnam (Outer),8,3,2.03,Medium
2024-07-30,Visakhapatnam (Inner),12,4,3.01,Medium
2024-07-30,Dhamra,7,5,1.53,Medium
2024-07-30,Gangavaram,6,3,1.39,Low
2024-07-30,Haldia,17,5,6.26,High
2024-07-30,Gopalpur,3,1,0.57,Low
2024-07-30,Newcastle,19,8,3.56,High
2024-07-30,Samarinda,11,7,1.87,Medium
2024-07-30,Richards Bay,7,5,1.86,Medium
2024-07-30,Maputo,5,2,1.19,Low
2024-07-30,Norfolk,3,2,0.64,Low
2024-07-31,Paradip,11,5,2.88,Medium
2024-07-31,Visakhapatnam (Outer),6,5,1.41,Low
2024-07-31,Visakhapatnam (Inner),8,4,2.14,Medium
2024-07-31,Dhamra,7,5,1.73,Medium
2024-07-31,Gangavaram,5,3,0.93,Low
2024-07-31,Haldia,17,5,6.28,High
2024-07-31,Gopalpur,4,1,0.93,Low
2024-07-31,Newcastle,16,7,3.06,Medium
2024-07-31,Samarinda,10,5,1.87,Medium
2024-07-31,Richards Bay,8,5,1.93,Medium
2024-07-31,Maputo,3,1,0.88,Low
2024-07-31,Norfolk,4,4,0.76,Low
2024-08-01,Paradip,15,6,3.97,High
2024-08-01,Visakhapatnam (Outer),8,3,1.75,Medium
2024-08-01,Visakhapatnam (Inner),9,4,2.1,Medium
2024-08-01,Dhamra,6,3,1.51,Medium
2024-08-01,Gangavaram,6,3,1.32,Low
2024-08-01,Haldia,16,3,5.79,High
2024-08-01,Gopalpur,5,2,0.82,Low
2024-08-01,Newcastle,14,8,2.78,Medium
2024-08-01,Samarinda,12,5,2.2,Medium
2024-08-01,Richards Bay,10,5,2.37,Medium
2024-08-01,Maputo,4,4,0.95,Low
2024-08-01,Norfolk,2,4,0.58,Low
2024-08-02,Paradip,13,6,3.63,High
2024-08-02,Visakhapatnam (Outer),9,7,1.97,Medium
2024-08-02,Visakhapatnam (Inner),12,4,3.12,Medium
2024-08-02,Dhamra,7,3,1.4,Low
2024-08-02,Gangavaram,6,3,1.03,Low
2024-08-02,Haldia,16,4,6.0,High
2024-08-02,Gopalpur,3,1,0.74,Low
2024-08-02,Newcastle,12,9,2.29,Medium
2024-08-02,Samarinda,9,5,1.63,Medium
2024-08-02,Richards Bay,8,4,1.85,Medium
2024-08-02,Maputo,6,4,1.08,Low
2024-08-02,Norfolk,4,3,0.94,Low
2024-08-05,Paradip,13,7,3.71,High
2024-08-05,Visakhapatnam (Outer),9,3,2.26,Medium
2024-08-05,Visakhapatnam (Inner),10,3,2.66,Medium
2024-08-05,Dhamra,4,4,1.13,Low
2024-08-05,Gangavaram,6,2,1.02,Low
2024-08-05,Haldia,11,5,4.29,High
2024-08-05,Gopalpur,3,1,0.83,Low
2024-08-05,Newcastle,19,7,3.87,High
2024-08-05,Samarinda,10,3,1.81,Medium
2024-08-05,Richards Bay,7,4,1.82,Medium
2024-08-05,Maputo,2,4,0.79,Low
2024-08-05,Norfolk,2,3,0.57,Low
2024-08-06,Paradip,5,6,1.4,Low
2024-08-06,Visakhapatnam (Outer),8,3,1.88,Medium
2024-08-06,Visakhapatnam (Inner),12,3,2.8,Medium
2024-08-06,Dhamra,6,4,1.3,Low
2024-08-06,Gangavaram,6,1,1.29,Low
2024-08-06,Haldia,16,5,6.1,High
2024-08-06,Gopalpur,4,1,0.76,Low
2024-08-06,Newcastle,12,6,2.26,Medium
2024-08-06,Samarinda,6,7,1.22,Low
2024-08-06,Richards Bay,11,4,2.6,Medium
2024-08-06,Maputo,4,3,0.85,Low
2024-08-06,Norfolk,1,3,0.62,Low
2024-08-07,Paradip,13,6,3.45,Medium
2024-08-07,Visakhapatnam (Outer),7,2,1.6,Medium
2024-08-07,Visakhapatnam (Inner),9,5,2.17,Medium
2024-08-07,Dhamra,7,3,1.59,Medium
2024-08-07,Gangavaram,5,3,0.85,Low
2024-08-07,Haldia,13,5,4.81,High
2024-08-07,Gopalpur,3,3,0.68,Low
2024-08-07,Newcastle,10,7,1.92,Medium
2024-08-07,Samarinda,9,6,1.8,Medium
2024-08-07,Richards Bay,9,4,2.0,Medium
2024-08-07,Maputo,5,1,1.15,Low
2024-08-07,Norfolk,4,3,1.0,Low
2024-08-08,Paradip,16,5,4.14,High
2024-08-08,Visakhapatnam (Outer),6,6,1.37,Low
2024-08-08,Visakhapatnam (Inner),11,6,2.92,Medium
2024-08-08,Dhamra,7,4,1.69,Medium
2024-08-08,Gangavaram,4,2,0.88,Low
2024-08-08,Haldia,18,5,6.49,High
2024-08-08,Gopalpur,4,2,0.59,Low
2024-08-08,Newcastle,16,5,3.37,Medium
2024-08-08,Samarinda,12,5,1.97,Medium
2024-08-08,Richards Bay,7,5,1.61,Medium
2024-08-08,Maputo,4,2,1.1,Low
2024-08-08,Norfolk,4,3,0.85,Low
2024-08-09,Paradip,16,7,4.29,High
2024-08-09,Visakhapatnam (Outer),7,5,1.65,Medium
2024-08-09,Visakhapatnam (Inner),7,3,1.8,Medium
2024-08-09,Dhamra,5,3,1.06,Low
2024-08-09,Gangavaram,5,1,0.93,Low
2024-08-09,Haldia,18,7,6.69,High
2024-08-09,Gopalpur,4,2,0.83,Low
2024-08-09,Newcastle,12,6,2.66,Medium
2024-08-09,Samarinda,6,5,1.15,Low
2024-08-09,Richards Bay,12,3,2.54,Medium
2024-08-09,Maputo,5,3,1.13,Low
2024-08-09,Norfolk,5,2,0.85,Low
2024-08-12,Paradip,16,6,4.46,High
2024-08-12,Visakhapatnam (Outer),7,4,1.73,Medium
2024-08-12,Visakhapatnam (Inner),14,3,3.36,Medium
2024-08-12,Dhamra,6,5,1.41,Low
2024-08-12,Gangavaram,6,3,1.2,Low
2024-08-12,Haldia,20,5,7.47,High
2024-08-12,Gopalpur,5,3,0.89,Low
2024-08-12,Newcastle,13,6,2.44,Medium
2024-08-12,Samarinda,7,6,1.38,Low
2024-08-12,Richards Bay,7,5,1.74,Medium
2024-08-12,Maputo,4,2,1.05,Low
2024-08-12,Norfolk,5,3,1.04,Low
2024-08-13,Paradip,15,5,3.89,High
2024-08-13,Visakhapatnam (Outer),9,4,2.21,Medium
2024-08-13,Visakhapatnam (Inner),13,4,3.02,Medium
2024-08-13,Dhamra,7,4,1.65,Medium
2024-08-13,Gangavaram,6,4,1.08,Low
2024-08-13,Haldia,14,5,5.23,High
2024-08-13,Gopalpur,5,1,1.06,Low
2024-08-13,Newcastle,13,8,2.66,Medium
2024-08-13,Samarinda,8,5,1.67,Medium
2024-08-13,Richards Bay,5,4,1.31,Low
2024-08-13,Maputo,5,2,1.22,Low
2024-08-13,Norfolk,5,3,1.16,Low
2024-08-14,Paradip,13,7,3.36,Medium
2024-08-14,Visakhapatnam (Outer),9,4,1.92,Medium
2024-08-14,Visakhapatnam (Inner),10,5,2.49,Medium
2024-08-14,Dhamra,7,4,1.39,Low
2024-08-14,Gangavaram,6,1,1.18,Low
2024-08-14,Haldia,18,5,6.5,High
2024-08-14,Gopalpur,4,2,0.79,Low
2024-08-14,Newcastle,11,7,2.12,Medium
2024-08-14,Samarinda,7,6,1.4,Low
2024-08-14,Richards Bay,12,6,2.74,Medium
2024-08-14,Maputo,6,3,1.22,Low
2024-08-14,Norfolk,4,3,1.05,Low
2024-08-15,Paradip,16,6,4.38,High
2024-08-15,Visakhapatnam (Outer),9,4,2.28,Medium
2024-08-15,Visakhapatnam (Inner),7,4,1.98,Medium
2024-08-15,Dhamra,6,4,1.25,Low
2024-08-15,Gangavaram,6,3,1.39,Low
2024-08-15,Haldia,17,5,6.17,High
2024-08-15,Gopalpur,4,2,0.95,Low
2024-08-15,Newcastle,9,6,1.78,Medium
2024-08-15,Samarinda,6,6,1.21,Low
2024-08-15,Richards Bay,10,4,2.33,Medium
2024-08-15,Maputo,0,3,0.2,Low
2024-08-15,Norfolk,3,2,0.8,Low
2024-08-16,Paradip,13,4,3.68,High
2024-08-16,Visakhapatnam (Outer),8,3,1.76,Medium
2024-08-16,Visakhapatnam (Inner),13,6,3.16,Medium
2024-08-16,Dhamra,4,5,1.2,Low
2024-08-16,Gangavaram,5,3,1.19,Low
2024-08-16,Haldia,17,5,6.09,High
2024-08-16,Gopalpur,5,1,0.78,Low
2024-08-16,Newcastle,16,8,3.25,Medium
2024-08-16,Samarinda,5,6,1.02,Low
2024-08-16,Richards Bay,12,4,2.62,Medium
2024-08-16,Maputo,5,2,1.19,Low
2024-08-16,Norfolk,4,4,0.86,Low
2024-08-19,Paradip,15,5,4.09,High
2024-08-19,Visakhapatnam (Outer),7,5,1.89,Medium
2024-08-19,Visakhapatnam (Inner),9,5,2.42,Medium
2024-08-19,Dhamra,6,4,1.2,Low
2024-08-19,Gangavaram,7,3,1.23,Low
2024-08-19,Haldia,13,4,4.83,High
2024-08-19,Gopalpur,4,1,0.89,Low
2024-08-19,Newcastle,18,8,3.46,Medium
2024-08-19,Samarinda,10,8,1.63,Medium
2024-08-19,Richards Bay,8,5,2.08,Medium
2024-08-19,Maputo,7,1,1.38,Low
2024-08-19,Norfolk,4,4,0.79,Low
2024-08-20,Paradip,10,6,2.97,Medium
2024-08-20,Visakhapatnam (Outer),5,1,1.29,Low
2024-08-20,Visakhapatnam (Inner),9,1,2.26,Medium
2024-08-20,Dhamra,6,2,1.58,Medium
2024-08-20,Gangavaram,4,1,0.78,Low
2024-08-20,Haldia,13,5,4.94,High
2024-08-20,Gopalpur,4,2,0.94,Low
2024-08-20,Newcastle,14,8,3.01,Medium
2024-08-20,Samarinda,8,5,1.41,Low
2024-08-20,Richards Bay,7,6,1.82,Medium
2024-08-20,Maputo,4,4,0.85,Low
2024-08-20,Norfolk,3,4,0.85,Low
2024-08-21,Paradip,14,7,3.92,High
2024-08-21,Visakhapatnam (Outer),8,4,2.01,Medium
2024-08-21,Visakhapatnam (Inner),11,4,2.8,Medium
2024-08-21,Dhamra,6,2,1.28,Low
2024-08-21,Gangavaram,5,3,1.15,Low
2024-08-21,Haldia,16,6,5.98,High
2024-08-21,Gopalpur,4,2,0.83,Low
2024-08-21,Newcastle,16,6,3.03,Medium
2024-08-21,Samarinda,8,4,1.61,Medium
2024-08-21,Richards Bay,11,5,2.34,Medium
2024-08-21,Maputo,5,3,0.97,Low
2024-08-21,Norfolk,7,4,1.1,Low
2024-08-22,Paradip,13,5,3.42,Medium
2024-08-22,Visakhapatnam (Outer),13,5,2.76,Medium
2024-08-22,Visakhapatnam (Inner),11,5,2.67,Medium
2024-08-22,Dhamra,7,4,1.59,Medium
2024-08-22,Gangavaram,4,4,1.04,Low
2024-08-22,Haldia,14,4,5.21,High
2024-08-22,Gopalpur,3,2,0.61,Low
2024-08-22,Newcastle,15,6,2.81,Medium
2024-08-22,Samarinda,10,6,1.98,Medium
2024-08-22,Richards Bay,10,4,2.16,Medium
2024-08-22,Maputo,4,4,0.84,Low
2024-08-22,Norfolk,4,4,0.82,Low
2024-08-23,Paradip,15,6,3.92,High
2024-08-23,Visakhapatnam (Outer),7,3,1.62,Medium
2024-08-23,Visakhapatnam (Inner),12,5,3.01,Medium
2024-08-23,Dhamra,5,4,1.08,Low
2024-08-23,Gangavaram,7,4,1.19,Low
2024-08-23,Haldia,16,5,5.87,High
2024-08-23,Gopalpur,3,3,0.55,Low
2024-08-23,Newcastle,15,8,2.94,Medium
2024-08-23,Samarinda,7,7,1.27,Low
2024-08-23,Richards Bay,7,6,1.87,Medium
2024-08-23,Maputo,6,3,1.19,Low
2024-08-23,Norfolk,3,2,0.75,Low
2024-08-26,Paradip,14,4,3.99,High
2024-08-26,Visakhapatnam (Outer),10,4,2.34,Medium
2024-08-26,Visakhapatnam (Inner),12,4,2.9,Medium
2024-08-26,Dhamra,5,4,1.1,Low
2024-08-26,Gangavaram,5,3,1.23,Low
2024-08-26,Haldia,19,4,7.04,High
2024-08-26,Gopalpur,3,1,0.81,Low
2024-08-26,Newcastle,12,6,2.35,Medium
2024-08-26,Samarinda,7,6,1.32,Low
2024-08-26,Richards Bay,6,3,1.59,Medium
2024-08-26,Maputo,2,3,0.46,Low
2024-08-26,Norfolk,4,2,0.72,Low
2024-08-27,Paradip,12,5,3.46,Medium
2024-08-27,Visakhapatnam (Outer),9,5,2.23,Medium
2024-08-27,Visakhapatnam (Inner),11,4,2.85,Medium
2024-08-27,Dhamra,8,3,1.87,Medium
2024-08-27,Gangavaram,5,2,0.88,Low
2024-08-27,Haldia,27,4,9.89,High
2024-08-27,Gopalpur,2,2,0.62,Low
2024-08-27,Newcastle,20,7,4.02,High
2024-08-27,Samarinda,8,5,1.57,Medium
2024-08-27,Richards Bay,11,4,2.45,Medium
2024-08-27,Maputo,4,3,1.05,Low
2024-08-27,Norfolk,4,4,0.73,Low
2024-08-28,Paradip,12,7,3.16,Medium
2024-08-28,Visakhapatnam (Outer),7,5,1.54,Medium
2024-08-28,Visakhapatnam (Inner),10,3,2.66,Medium
2024-08-28,Dhamra,6,4,1.3,Low
2024-08-28,Gangavaram,4,2,0.92,Low
2024-08-28,Haldia,11,5,4.01,High
2024-08-28,Gopalpur,4,2,0.67,Low
2024-08-28,Newcastle,10,9,2.27,Medium
2024-08-28,Samarinda,5,4,1.0,Low
2024-08-28,Richards Bay,6,4,1.55,Medium
2024-08-28,Maputo,5,4,1.3,Low
2024-08-28,Norfolk,2,4,0.53,Low
2024-08-29,Paradip,17,5,4.59,High
2024-08-29,Visakhapatnam (Outer),8,4,1.88,Medium
2024-08-29,Visakhapatnam (Inner),9,6,2.33,Medium
2024-08-29,Dhamra,7,3,1.42,Low
2024-08-29,Gangavaram,3,2,0.88,Low
2024-08-29,Haldia,18,4,6.61,High
2024-08-29,Gopalpur,3,1,0.62,Low
2024-08-29,Newcastle,19,5,3.89,High
2024-08-29,Samarinda,7,4,1.32,Low
2024-08-29,Richards Bay,7,4,1.78,Medium
2024-08-29,Maputo,4,2,0.8,Low
2024-08-29,Norfolk,3,2,0.75,Low
2024-08-30,Paradip,19,5,5.2,High
2024-08-30,Visakhapatnam (Outer),8,3,2.06,Medium
2024-08-30,Visakhapatnam (Inner),12,5,2.88,Medium
2024-08-30,Dhamra,7,4,1.6,Medium
2024-08-30,Gangavaram,7,3,1.23,Low
2024-08-30,Haldia,13,5,5.04,High
2024-08-30,Gopalpur,3,1,0.51,Low
2024-08-30,Newcastle,15,6,3.04,Medium
2024-08-30,Samarinda,9,5,1.53,Medium
2024-08-30,Richards Bay,8,4,1.88,Medium
2024-08-30,Maputo,3,2,0.83,Low
2024-08-30,Norfolk,4,4,0.91,Low
2024-09-02,Paradip,10,6,2.97,Medium
2024-09-02,Visakhapatnam (Outer),5,3,1.43,Low
2024-09-02,Visakhapatnam (Inner),10,6,2.32,Medium
2024-09-02,Dhamra,4,3,0.93,Low
2024-09-02,Gangavaram,4,4,0.93,Low
2024-09-02,Haldia,13,5,4.91,High
2024-09-02,Gopalpur,3,2,0.49,Low
2024-09-02,Newcastle,18,7,3.55,High
2024-09-02,Samarinda,4,7,1.0,Low
2024-09-02,Richards Bay,7,6,1.65,Medium
2024-09-02,Maputo,6,4,1.43,Low
2024-09-02,Norfolk,3,4,0.74,Low
2024-09-03,Paradip,7,5,2.1,Medium
2024-09-03,Visakhapatnam (Outer),5,3,1.16,Low
2024-09-03,Visakhapatnam (Inner),7,5,1.64,Medium
2024-09-03,Dhamra,3,5,0.92,Low
2024-09-03,Gangavaram,3,4,0.65,Low
2024-09-03,Haldia,9,4,3.3,Medium
2024-09-03,Gopalpur,1,1,0.46,Low
2024-09-03,Newcastle,22,9,4.42,High
2024-09-03,Samarinda,6,6,1.01,Low
2024-09-03,Richards Bay,13,5,2.87,Medium
2024-09-03,Maputo,7,3,1.22,Low
2024-09-03,Norfolk,4,3,0.86,Low
2024-09-04,Paradip,10,5,2.89,Medium
2024-09-04,Visakhapatnam (Outer),5,5,1.38,Low
2024-09-04,Visakhapatnam (Inner),7,6,1.81,Medium
2024-09-04,Dhamra,5,3,1.29,Low
2024-09-04,Gangavaram,5,3,1.23,Low
2024-09-04,Haldia,12,5,4.68,High
2024-09-04,Gopalpur,3,4,0.77,Low
2024-09-04,Newcastle,12,10,2.44,Medium
2024-09-04,Samarinda,8,7,1.63,Medium
2024-09-04,Richards Bay,10,4,2.46,Medium
2024-09-04,Maputo,6,2,1.08,Low
2024-09-04,Norfolk,4,6,0.75,Low
2024-09-05,Paradip,11,6,3.12,Medium
2024-09-05,Visakhapatnam (Outer),8,4,1.71,Medium
2024-09-05,Visakhapatnam (Inner),8,4,1.91,Medium
2024-09-05,Dhamra,4,6,1.15,Low
2024-09-05,Gangavaram,1,2,0.56,Low
2024-09-05,Haldia,11,4,4.23,High
2024-09-05,Gopalpur,4,2,0.78,Low
2024-09-05,Newcastle,19,5,3.83,High
2024-09-05,Samarinda,10,6,1.72,Medium
2024-09-05,Richards Bay,11,3,2.52,Medium
2024-09-05,Maputo,4,3,0.91,Low
2024-09-05,Norfolk,3,3,0.72,Low
2024-09-06,Paradip,7,4,2.25,Medium
2024-09-06,Visakhapatnam (Outer),6,2,1.59,Medium
2024-09-06,Visakhapatnam (Inner),8,6,2.24,Medium
2024-09-06,Dhamra,5,4,1.06,Low
2024-09-06,Gangavaram,6,3,1.32,Low
2024-09-06,Haldia,12,4,4.5,High
2024-09-06,Gopalpur,3,2,0.55,Low
2024-09-06,Newcastle,12,9,2.51,Medium
2024-09-06,Samarinda,7,4,1.28,Low
2024-09-06,Richards Bay,9,5,2.2,Medium
2024-09-06,Maputo,6,2,1.38,Low
2024-09-06,Norfolk,4,4,0.96,Low
2024-09-09,Paradip,10,4,2.77,Medium
2024-09-09,Visakhapatnam (Outer),3,3,0.79,Low
2024-09-09,Visakhapatnam (Inner),8,3,1.97,Medium
2024-09-09,Dhamra,5,4,1.09,Low
2024-09-09,Gangavaram,3,4,0.61,Low
2024-09-09,Haldia,12,6,4.61,High
2024-09-09,Gopalpur,1,1,0.38,Low
2024-09-09,Newcastle,16,7,3.27,Medium
2024-09-09,Samarinda,9,7,1.54,Medium
2024-09-09,Richards Bay,6,3,1.47,Low
2024-09-09,Maputo,6,2,1.15,Low
2024-09-09,Norfolk,4,4,0.99,Low
2024-09-10,Paradip,8,6,2.43,Medium
2024-09-10,Visakhapatnam (Outer),6,5,1.53,Medium
2024-09-10,Visakhapatnam (Inner),8,3,2.13,Medium
2024-09-10,Dhamra,6,2,1.36,Low
2024-09-10,Gangavaram,5,3,1.07,Low
2024-09-10,Haldia,15,6,5.37,High
2024-09-10,Gopalpur,4,1,0.71,Low
2024-09-10,Newcastle,19,9,3.82,High
2024-09-10,Samarinda,7,7,1.45,Low
2024-09-10,Richards Bay,4,3,1.22,Low
2024-09-10,Maputo,3,3,0.73,Low
2024-09-10,Norfolk,4,4,1.05,Low
2024-09-11,Paradip,8,4,2.26,Medium
2024-09-11,Visakhapatnam (Outer),5,3,1.48,Low
2024-09-11,Visakhapatnam (Inner),4,3,1.14,Low
2024-09-11,Dhamra,5,4,1.36,Low
2024-09-11,Gangavaram,2,1,0.71,Low
2024-09-11,Haldia,9,3,3.32,Medium
2024-09-11,Gopalpur,2,1,0.37,Low
2024-09-11,Newcastle,15,8,3.03,Medium
2024-09-11,Samarinda,5,4,1.06,Low
2024-09-11,Richards Bay,7,5,1.62,Medium
2024-09-11,Maputo,6,3,1.37,Low
2024-09-11,Norfolk,3,3,0.9,Low
2024-09-12,Paradip,13,5,3.54,High
2024-09-12,Visakhapatnam (Outer),7,4,1.55,Medium
2024-09-12,Visakhapatnam (Inner),6,5,1.69,Medium
2024-09-12,Dhamra,4,2,1.1,Low
2024-09-12,Gangavaram,3,3,0.68,Low
2024-09-12,Haldia,16,5,5.71,High
2024-09-12,Gopalpur,3,3,0.57,Low
2024-09-12,Newcastle,17,7,3.16,Medium
2024-09-12,Samarinda,9,6,1.72,Medium
2024-09-12,Richards Bay,8,2,1.79,Medium
2024-09-12,Maputo,6,5,1.21,Low
2024-09-12,Norfolk,4,3,1.04,Low
2024-09-13,Paradip,6,5,1.94,Medium
2024-09-13,Visakhapatnam (Outer),3,4,1.07,Low
2024-09-13,Visakhapatnam (Inner),11,6,2.77,Medium
2024-09-13,Dhamra,3,3,0.71,Low
2024-09-13,Gangavaram,4,1,1.07,Low
2024-09-13,Haldia,11,5,4.23,High
2024-09-13,Gopalpur,4,1,0.59,Low
2024-09-13,Newcastle,18,7,3.59,High
2024-09-13,Samarinda,6,5,1.36,Low
2024-09-13,Richards Bay,13,4,2.7,Medium
2024-09-13,Maputo,4,3,0.87,Low
2024-09-13,Norfolk,3,2,0.84,Low
2024-09-16,Paradip,10,6,2.91,Medium
2024-09-16,Visakhapatnam (Outer),6,3,1.4,Low
2024-09-16,Visakhapatnam (Inner),9,4,2.19,Medium
2024-09-16,Dhamra,4,5,1.19,Low
2024-09-16,Gangavaram,3,2,0.63,Low
2024-09-16,Haldia,14,5,5.26,High
2024-09-16,Gopalpur,2,2,0.61,Low
2024-09-16,Newcastle,18,7,3.72,High
2024-09-16,Samarinda,6,4,1.15,Low
2024-09-16,Richards Bay,8,5,1.93,Medium
2024-09-16,Maputo,5,2,1.18,Low
2024-09-16,Norfolk,3,4,0.7,Low
2024-09-17,Paradip,11,5,2.97,Medium
2024-09-17,Visakhapatnam (Outer),8,5,1.78,Medium
2024-09-17,Visakhapatnam (Inner),8,4,2.25,Medium
2024-09-17,Dhamra,5,5,1.04,Low
2024-09-17,Gangavaram,3,3,0.59,Low
2024-09-17,Haldia,13,6,4.92,High
2024-09-17,Gopalpur,2,2,0.61,Low
2024-09-17,Newcastle,14,6,2.72,Medium
2024-09-17,Samarinda,3,7,0.7,Low
2024-09-17,Richards Bay,11,5,2.68,Medium
2024-09-17,Maputo,4,2,1.02,Low
2024-09-17,Norfolk,4,3,0.77,Low
2024-09-18,Paradip,10,5,2.96,Medium
2024-09-18,Visakhapatnam (Outer),4,3,1.03,Low
2024-09-18,Visakhapatnam (Inner),5,5,1.44,Low
2024-09-18,Dhamra,4,3,0.84,Low
2024-09-18,Gangavaram,6,3,1.01,Low
2024-09-18,Haldia,14,4,5.24,High
2024-09-18,Gopalpur,3,1,0.73,Low
2024-09-18,Newcastle,12,8,2.54,Medium
2024-09-18,Samarinda,9,6,1.85,Medium
2024-09-18,Richards Bay,6,5,1.67,Medium
2024-09-18,Maputo,5,2,1.07,Low
2024-09-18,Norfolk,2,3,0.69,Low
2024-09-19,Paradip,10,5,2.67,Medium
2024-09-19,Visakhapatnam (Outer),4,3,1.25,Low
2024-09-19,Visakhapatnam (Inner),7,5,1.72,Medium
2024-09-19,Dhamra,5,5,1.28,Low
2024-09-19,Gangavaram,4,2,0.72,Low
2024-09-19,Haldia,11,6,3.98,High
2024-09-19,Gopalpur,2,1,0.67,Low
2024-09-19,Newcastle,17,8,3.33,Medium
2024-09-19,Samarinda,6,7,1.01,Low
2024-09-19,Richards Bay,4,4,1.14,Low
2024-09-19,Maputo,4,2,0.98,Low
2024-09-19,Norfolk,3,4,0.67,Low
2024-09-20,Paradip,10,4,2.72,Medium
2024-09-20,Visakhapatnam (Outer),8,3,1.82,Medium
2024-09-20,Visakhapatnam (Inner),7,5,1.81,Medium
2024-09-20,Dhamra,5,4,1.25,Low
2024-09-20,Gangavaram,4,1,0.76,Low
2024-09-20,Haldia,15,4,5.68,High
2024-09-20,Gopalpur,5,2,1.0,Low
2024-09-20,Newcastle,16,7,3.15,Medium
2024-09-20,Samarinda,11,6,2.05,Medium
2024-09-20,Richards Bay,10,6,2.13,Medium
2024-09-20,Maputo,5,2,1.08,Low
2024-09-20,Norfolk,3,3,0.77,Low
2024-09-23,Paradip,13,5,3.41,Medium
2024-09-23,Visakhapatnam (Outer),5,2,1.34,Low
2024-09-23,Visakhapatnam (Inner),10,5,2.31,Medium
2024-09-23,Dhamra,6,3,1.47,Low
2024-09-23,Gangavaram,2,1,0.4,Low
2024-09-23,Haldia,12,3,4.35,High
2024-09-23,Gopalpur,3,1,0.56,Low
2024-09-23,Newcastle,15,8,3.0,Medium
2024-09-23,Samarinda,6,7,1.11,Low
2024-09-23,Richards Bay,8,3,1.89,Medium
2024-09-23,Maputo,5,1,1.28,Low
2024-09-23,Norfolk,4,3,0.94,Low
2024-09-24,Paradip,8,4,2.44,Medium
2024-09-24,Visakhapatnam (Outer),6,3,1.55,Medium
2024-09-24,Visakhapatnam (Inner),10,4,2.54,Medium
2024-09-24,Dhamra,3,4,0.77,Low
2024-09-24,Gangavaram,4,2,0.78,Low
2024-09-24,Haldia,10,4,3.76,High
2024-09-24,Gopalpur,2,2,0.6,Low
2024-09-24,Newcastle,16,6,3.1,Medium
2024-09-24,Samarinda,3,6,0.77,Low
2024-09-24,Richards Bay,8,6,2.04,Medium
2024-09-24,Maputo,5,1,1.12,Low
2024-09-24,Norfolk,3,2,0.81,Low
2024-09-25,Paradip,10,6,2.64,Medium
2024-09-25,Visakhapatnam (Outer),6,7,1.33,Low
2024-09-25,Visakhapatnam (Inner),11,3,2.57,Medium
2024-09-25,Dhamra,5,4,1.21,Low
2024-09-25,Gangavaram,4,3,0.77,Low
2024-09-25,Haldia,8,4,3.17,Medium
2024-09-25,Gopalpur,2,1,0.49,Low
2024-09-25,Newcastle,11,8,2.23,Medium
2024-09-25,Samarinda,6,4,1.29,Low
2024-09-25,Richards Bay,10,7,2.38,Medium
2024-09-25,Maputo,5,3,1.19,Low
2024-09-25,Norfolk,5,3,1.09,Low
2024-09-26,Paradip,16,7,4.2,High
2024-09-26,Visakhapatnam (Outer),6,4,1.62,Medium
2024-09-26,Visakhapatnam (Inner),8,5,1.93,Medium
2024-09-26,Dhamra,4,2,1.22,Low
2024-09-26,Gangavaram,5,3,1.06,Low
2024-09-26,Haldia,14,5,5.16,High
2024-09-26,Gopalpur,3,1,0.46,Low
2024-09-26,Newcastle,10,7,2.06,Medium
2024-09-26,Samarinda,10,5,1.66,Medium
2024-09-26,Richards Bay,8,4,2.06,Medium
2024-09-26,Maputo,4,2,1.13,Low
2024-09-26,Norfolk,3,3,0.73,Low
2024-09-27,Paradip,10,6,2.62,Medium
2024-09-27,Visakhapatnam (Outer),9,3,2.17,Medium
2024-09-27,Visakhapatnam (Inner),6,4,1.43,Low
2024-09-27,Dhamra,4,3,1.09,Low
2024-09-27,Gangavaram,5,2,0.87,Low
2024-09-27,Haldia,14,3,5.03,High
2024-09-27,Gopalpur,3,1,0.82,Low
2024-09-27,Newcastle,12,4,2.5,Medium
2024-09-27,Samarinda,8,5,1.53,Medium
2024-09-27,Richards Bay,8,4,1.7,Medium
2024-09-27,Maputo,4,3,1.07,Low
2024-09-27,Norfolk,4,2,0.73,Low
2024-09-30,Paradip,9,5,2.64,Medium
2024-09-30,Visakhapatnam (Outer),8,5,1.78,Medium
2024-09-30,Visakhapatnam (Inner),5,4,1.22,Low
2024-09-30,Dhamra,4,4,1.22,Low
2024-09-30,Gangavaram,4,1,1.09,Low
2024-09-30,Haldia,11,4,4.21,High
2024-09-30,Gopalpur,2,1,0.57,Low
2024-09-30,Newcastle,16,6,3.23,Medium
2024-09-30,Samarinda,8,5,1.47,Low
2024-09-30,Richards Bay,7,3,1.78,Medium
2024-09-30,Maputo,4,2,0.81,Low
2024-09-30,Norfolk,3,3,0.55,Low
2024-10-01,Paradip,6,4,1.75,Medium
2024-10-01,Visakhapatnam (Outer),4,2,1.21,Low
2024-10-01,Visakhapatnam (Inner),7,4,1.75,Medium
2024-10-01,Dhamra,4,4,1.16,Low
2024-10-01,Gangavaram,3,3,0.76,Low
2024-10-01,Haldia,17,4,6.19,High
2024-10-01,Gopalpur,1,1,0.27,Low
2024-10-01,Newcastle,18,7,3.68,High
2024-10-01,Samarinda,7,4,1.31,Low
2024-10-01,Richards Bay,10,5,2.37,Medium
2024-10-01,Maputo,4,2,0.88,Low
2024-10-01,Norfolk,5,2,0.97,Low
2024-10-02,Paradip,18,6,4.81,High
2024-10-02,Visakhapatnam (Outer),5,3,1.42,Low
2024-10-02,Visakhapatnam (Inner),11,6,2.88,Medium
2024-10-02,Dhamra,5,5,1.31,Low
2024-10-02,Gangavaram,4,2,1.08,Low
2024-10-02,Haldia,15,6,5.68,High
2024-10-02,Gopalpur,2,1,0.56,Low
2024-10-02,Newcastle,14,8,2.72,Medium
2024-10-02,Samarinda,6,5,1.26,Low
2024-10-02,Richards Bay,7,7,1.73,Medium
2024-10-02,Maputo,4,2,0.76,Low
2024-10-02,Norfolk,4,2,1.02,Low
2024-10-03,Paradip,8,7,2.47,Medium
2024-10-03,Visakhapatnam (Outer),5,3,1.23,Low
2024-10-03,Visakhapatnam (Inner),8,6,2.12,Medium
2024-10-03,Dhamra,4,4,1.06,Low
2024-10-03,Gangavaram,3,4,0.71,Low
2024-10-03,Haldia,15,5,5.57,High
2024-10-03,Gopalpur,2,3,0.62,Low
2024-10-03,Newcastle,16,11,3.28,Medium
2024-10-03,Samarinda,4,6,0.89,Low
2024-10-03,Richards Bay,9,5,1.91,Medium
2024-10-03,Maputo,5,4,0.98,Low
2024-10-03,Norfolk,4,2,0.97,Low
2024-10-04,Paradip,12,5,3.44,Medium
2024-10-04,Visakhapatnam (Outer),7,2,1.85,Medium
2024-10-04,Visakhapatnam (Inner),9,6,2.33,Medium
2024-10-04,Dhamra,4,4,1.02,Low
2024-10-04,Gangavaram,3,1,0.72,Low
2024-10-04,Haldia,13,4,4.81,High
2024-10-04,Gopalpur,3,3,0.57,Low
2024-10-04,Newcastle,11,9,2.26,Medium
2024-10-04,Samarinda,7,8,1.35,Low
2024-10-04,Richards Bay,7,5,1.85,Medium
2024-10-04,Maputo,5,3,1.22,Low
2024-10-04,Norfolk,4,3,1.03,Low
2024-10-07,Paradip,10,5,2.6,Medium
2024-10-07,Visakhapatnam (Outer),5,3,1.22,Low
2024-10-07,Visakhapatnam (Inner),9,4,2.28,Medium
2024-10-07,Dhamra,3,4,1.03,Low
2024-10-07,Gangavaram,5,1,0.91,Low
2024-10-07,Haldia,16,4,5.86,High
2024-10-07,Gopalpur,2,1,0.63,Low
2024-10-07,Newcastle,18,9,3.46,Medium
2024-10-07,Samarinda,8,5,1.69,Medium
2024-10-07,Richards Bay,8,4,1.77,Medium
2024-10-07,Maputo,2,3,0.8,Low
2024-10-07,Norfolk,5,4,1.04,Low
2024-10-08,Paradip,9,5,2.7,Medium
2024-10-08,Visakhapatnam (Outer),8,4,1.77,Medium
2024-10-08,Visakhapatnam (Inner),6,4,1.71,Medium
2024-10-08,Dhamra,5,3,1.12,Low
2024-10-08,Gangavaram,3,3,0.66,Low
2024-10-08,Haldia,10,4,3.99,High
2024-10-08,Gopalpur,2,1,0.38,Low
2024-10-08,Newcastle,8,7,1.66,Medium
2024-10-08,Samarinda,8,5,1.59,Medium
2024-10-08,Richards Bay,10,4,2.24,Medium
2024-10-08,Maputo,5,2,1.09,Low
2024-10-08,Norfolk,4,2,0.94,Low
2024-10-09,Paradip,10,5,3.0,Medium
2024-10-09,Visakhapatnam (Outer),5,3,1.46,Low
2024-10-09,Visakhapatnam (Inner),9,6,2.16,Medium
2024-10-09,Dhamra,5,2,1.4,Low
2024-10-09,Gangavaram,4,2,1.05,Low
2024-10-09,Haldia,12,3,4.37,High
2024-10-09,Gopalpur,2,2,0.68,Low
2024-10-09,Newcastle,17,5,3.51,High
2024-10-09,Samarinda,12,5,2.08,Medium
2024-10-09,Richards Bay,5,5,1.34,Low
2024-10-09,Maputo,6,3,1.45,Low
2024-10-09,Norfolk,4,6,0.86,Low
2024-10-10,Paradip,6,6,1.61,Medium
2024-10-10,Visakhapatnam (Outer),5,4,1.14,Low
2024-10-10,Visakhapatnam (Inner),9,4,2.3,Medium
2024-10-10,Dhamra,4,4,0.94,Low
2024-10-10,Gangavaram,3,4,0.71,Low
2024-10-10,Haldia,14,4,5.13,High
2024-10-10,Gopalpur,2,2,0.59,Low
2024-10-10,Newcastle,24,6,4.79,High
2024-10-10,Samarinda,7,6,1.35,Low
2024-10-10,Richards Bay,11,3,2.68,Medium
2024-10-10,Maputo,5,1,1.21,Low
2024-10-10,Norfolk,5,2,1.07,Low
2024-10-11,Paradip,8,3,2.15,Medium
2024-10-11,Visakhapatnam (Outer),5,3,1.32,Low
2024-10-11,Visakhapatnam (Inner),6,7,1.58,Medium
2024-10-11,Dhamra,4,4,0.85,Low
2024-10-11,Gangavaram,3,3,0.89,Low
2024-10-11,Haldia,15,4,5.71,High
2024-10-11,Gopalpur,3,2,0.68,Low
2024-10-11,Newcastle,19,8,3.67,High
2024-10-11,Samarinda,5,6,0.99,Low
2024-10-11,Richards Bay,11,4,2.6,Medium
2024-10-11,Maputo,7,3,1.58,Medium
2024-10-11,Norfolk,6,4,1.06,Low
2024-10-14,Paradip,8,6,2.13,Medium
2024-10-14,Visakhapatnam (Outer),6,4,1.6,Medium
2024-10-14,Visakhapatnam (Inner),7,6,1.98,Medium
2024-10-14,Dhamra,6,3,1.23,Low
2024-10-14,Gangavaram,5,2,1.25,Low
2024-10-14,Haldia,10,4,3.8,High
2024-10-14,Gopalpur,3,1,0.64,Low
2024-10-14,Newcastle,17,7,3.49,Medium
2024-10-14,Samarinda,3,7,0.55,Low
2024-10-14,Richards Bay,7,5,1.87,Medium
2024-10-14,Maputo,5,1,1.03,Low
2024-10-14,Norfolk,1,2,0.62,Low
2024-10-15,Paradip,12,5,3.29,Medium
2024-10-15,Visakhapatnam (Outer),6,3,1.43,Low
2024-10-15,Visakhapatnam (Inner),7,4,1.71,Medium
2024-10-15,Dhamra,4,3,1.06,Low
2024-10-15,Gangavaram,5,2,0.92,Low
2024-10-15,Haldia,6,5,2.49,Medium
2024-10-15,Gopalpur,3,2,0.54,Low
2024-10-15,Newcastle,13,7,2.74,Medium
2024-10-15,Samarinda,10,6,1.69,Medium
2024-10-15,Richards Bay,11,4,2.52,Medium
2024-10-15,Maputo,4,3,0.93,Low
2024-10-15,Norfolk,5,5,1.01,Low
2024-10-16,Paradip,12,3,3.12,Medium
2024-10-16,Visakhapatnam (Outer),7,4,1.86,Medium
2024-10-16,Visakhapatnam (Inner),9,5,2.4,Medium
2024-10-16,Dhamra,5,3,1.17,Low
2024-10-16,Gangavaram,5,1,1.25,Low
2024-10-16,Haldia,12,3,4.39,High
2024-10-16,Gopalpur,3,1,0.79,Low
2024-10-16,Newcastle,18,7,3.68,High
2024-10-16,Samarinda,4,5,0.71,Low
2024-10-16,Richards Bay,11,4,2.36,Medium
2024-10-16,Maputo,4,5,1.0,Low
2024-10-16,Norfolk,4,3,1.01,Low
2024-10-17,Paradip,12,4,3.44,Medium
2024-10-17,Visakhapatnam (Outer),4,6,1.0,Low
2024-10-17,Visakhapatnam (Inner),8,2,2.0,Medium
2024-10-17,Dhamra,7,4,1.68,Medium
2024-10-17,Gangavaram,3,1,0.94,Low
2024-10-17,Haldia,14,4,5.39,High
2024-10-17,Gopalpur,3,2,0.57,Low
2024-10-17,Newcastle,20,8,4.02,High
2024-10-17,Samarinda,8,7,1.63,Medium
2024-10-17,Richards Bay,10,5,2.5,Medium
2024-10-17,Maputo,5,1,0.93,Low
2024-10-17,Norfolk,3,3,0.82,Low
2024-10-18,Paradip,4,5,1.19,Low
2024-10-18,Visakhapatnam (Outer),4,4,1.18,Low
2024-10-18,Visakhapatnam (Inner),5,5,1.49,Low
2024-10-18,Dhamra,4,3,0.85,Low
2024-10-18,Gangavaram,3,2,0.56,Low
2024-10-18,Haldia,7,4,2.69,Medium
2024-10-18,Gopalpur,2,1,0.34,Low
2024-10-18,Newcastle,10,6,1.95,Medium
2024-10-18,Samarinda,5,6,0.87,Low
2024-10-18,Richards Bay,7,6,1.88,Medium
2024-10-18,Maputo,5,2,1.23,Low
2024-10-18,Norfolk,4,5,0.67,Low
2024-10-21,Paradip,11,6,3.19,Medium
2024-10-21,Visakhapatnam (Outer),6,5,1.49,Low
2024-10-21,Visakhapatnam (Inner),7,4,1.92,Medium
2024-10-21,Dhamra,5,3,1.2,Low
2024-10-21,Gangavaram,4,3,0.89,Low
2024-10-21,Haldia,12,6,4.4,High
2024-10-21,Gopalpur,2,1,0.38,Low
2024-10-21,Newcastle,13,7,2.79,Medium
2024-10-21,Samarinda,10,2,2.0,Medium
2024-10-21,Richards Bay,5,3,1.24,Low
2024-10-21,Maputo,5,3,1.07,Low
2024-10-21,Norfolk,2,3,0.45,Low
2024-10-22,Paradip,6,7,1.67,Medium
2024-10-22,Visakhapatnam (Outer),5,4,1.35,Low
2024-10-22,Visakhapatnam (Inner),9,5,2.31,Medium
2024-10-22,Dhamra,5,3,1.08,Low
2024-10-22,Gangavaram,5,1,1.08,Low
2024-10-22,Haldia,9,4,3.62,High
2024-10-22,Gopalpur,4,1,0.94,Low
2024-10-22,Newcastle,18,8,3.54,High
2024-10-22,Samarinda,9,6,1.56,Medium
2024-10-22,Richards Bay,8,5,1.87,Medium
2024-10-22,Maputo,3,3,0.68,Low
2024-10-22,Norfolk,5,2,0.96,Low
2024-10-23,Paradip,12,6,3.11,Medium
2024-10-23,Visakhapatnam (Outer),6,3,1.37,Low
2024-10-23,Visakhapatnam (Inner),7,5,1.94,Medium
2024-10-23,Dhamra,6,4,1.43,Low
2024-10-23,Gangavaram,4,2,1.07,Low
2024-10-23,Haldia,12,3,4.45,High
2024-10-23,Gopalpur,2,1,0.59,Low
2024-10-23,Newcastle,18,7,3.35,Medium
2024-10-23,Samarinda,9,5,1.8,Medium
2024-10-23,Richards Bay,8,5,1.91,Medium
2024-10-23,Maputo,6,3,1.39,Low
2024-10-23,Norfolk,5,4,0.97,Low
2024-10-24,Paradip,9,4,2.61,Medium
2024-10-24,Visakhapatnam (Outer),5,5,1.44,Low
2024-10-24,Visakhapatnam (Inner),12,6,2.86,Medium
2024-10-24,Dhamra,4,4,1.18,Low
2024-10-24,Gangavaram,1,2,0.61,Low
2024-10-24,Haldia,17,5,6.35,High
2024-10-24,Gopalpur,2,2,0.48,Low
2024-10-24,Newcastle,10,7,1.91,Medium
2024-10-24,Samarinda,5,6,0.94,Low
2024-10-24,Richards Bay,7,4,1.87,Medium
2024-10-24,Maputo,3,2,0.74,Low
2024-10-24,Norfolk,3,5,0.91,Low
2024-10-25,Paradip,9,5,2.35,Medium
2024-10-25,Visakhapatnam (Outer),7,5,1.6,Medium
2024-10-25,Visakhapatnam (Inner),6,6,1.82,Medium
2024-10-25,Dhamra,4,4,1.2,Low
2024-10-25,Gangavaram,4,3,1.1,Low
2024-10-25,Haldia,8,4,2.93,Medium
2024-10-25,Gopalpur,2,3,0.5,Low
2024-10-25,Newcastle,19,8,3.53,High
2024-10-25,Samarinda,7,5,1.41,Low
2024-10-25,Richards Bay,4,5,1.24,Low
2024-10-25,Maputo,4,2,0.92,Low
2024-10-25,Norfolk,5,4,1.02,Low
2024-10-28,Paradip,8,6,2.13,Medium
2024-10-28,Visakhapatnam (Outer),6,4,1.34,Low
2024-10-28,Visakhapatnam (Inner),7,3,1.87,Medium
2024-10-28,Dhamra,5,3,1.1,Low
2024-10-28,Gangavaram,4,2,1.06,Low
2024-10-28,Haldia,9,4,3.54,High
2024-10-28,Gopalpur,3,3,0.79,Low
2024-10-28,Newcastle,14,6,2.77,Medium
2024-10-28,Samarinda,7,6,1.25,Low
2024-10-28,Richards Bay,3,4,0.76,Low
2024-10-28,Maputo,3,3,0.58,Low
2024-10-28,Norfolk,6,4,1.31,Low
2024-10-29,Paradip,12,5,3.24,Medium
2024-10-29,Visakhapatnam (Outer),5,2,1.22,Low
2024-10-29,Visakhapatnam (Inner),5,5,1.4,Low
2024-10-29,Dhamra,5,4,1.28,Low
2024-10-29,Gangavaram,5,2,0.97,Low
2024-10-29,Haldia,9,4,3.48,Medium
2024-10-29,Gopalpur,2,1,0.67,Low
2024-10-29,Newcastle,15,6,2.99,Medium
2024-10-29,Samarinda,7,5,1.22,Low
2024-10-29,Richards Bay,7,4,1.58,Medium
2024-10-29,Maputo,5,2,1.02,Low
2024-10-29,Norfolk,5,5,0.92,Low
2024-10-30,Paradip,13,5,3.4,Medium
2024-10-30,Visakhapatnam (Outer),4,4,1.05,Low
2024-10-30,Visakhapatnam (Inner),3,4,0.78,Low
2024-10-30,Dhamra,6,2,1.45,Low
2024-10-30,Gangavaram,5,5,1.17,Low
2024-10-30,Haldia,13,4,4.77,High
2024-10-30,Gopalpur,3,1,0.85,Low
2024-10-30,Newcastle,17,7,3.31,Medium
2024-10-30,Samarinda,10,6,1.97,Medium
2024-10-30,Richards Bay,4,5,1.18,Low
2024-10-30,Maputo,2,2,0.78,Low
2024-10-30,Norfolk,4,4,0.84,Low
2024-10-31,Paradip,8,6,2.26,Medium
2024-10-31,Visakhapatnam (Outer),6,3,1.47,Low
2024-10-31,Visakhapatnam (Inner),7,5,1.69,Medium
2024-10-31,Dhamra,8,5,1.67,Medium
2024-10-31,Gangavaram,4,1,1.06,Low
2024-10-31,Haldia,13,6,5.02,High
2024-10-31,Gopalpur,3,1,0.71,Low
2024-10-31,Newcastle,11,8,2.17,Medium
2024-10-31,Samarinda,8,5,1.45,Low
2024-10-31,Richards Bay,5,5,1.49,Low
2024-10-31,Maputo,4,1,1.09,Low
2024-10-31,Norfolk,3,5,0.66,Low
2024-11-01,Paradip,12,5,3.31,Medium
2024-11-01,Visakhapatnam (Outer),8,3,1.77,Medium
2024-11-01,Visakhapatnam (Inner),9,3,2.18,Medium
2024-11-01,Dhamra,3,3,0.66,Low
2024-11-01,Gangavaram,3,4,0.63,Low
2024-11-01,Haldia,15,5,5.39,High
2024-11-01,Gopalpur,2,2,0.42,Low
2024-11-01,Newcastle,17,6,3.31,Medium
2024-11-01,Samarinda,10,5,1.88,Medium
2024-11-01,Richards Bay,11,4,2.61,Medium
2024-11-01,Maputo,5,3,1.03,Low
2024-11-01,Norfolk,3,3,0.69,Low
2024-11-04,Paradip,12,5,3.46,Medium
2024-11-04,Visakhapatnam (Outer),7,2,1.71,Medium
2024-11-04,Visakhapatnam (Inner),11,4,2.79,Medium
2024-11-04,Dhamra,5,4,1.18,Low
2024-11-04,Gangavaram,4,2,1.04,Low
2024-11-04,Haldia,17,6,6.33,High
2024-11-04,Gopalpur,4,3,0.93,Low
2024-11-04,Newcastle,16,7,3.05,Medium
2024-11-04,Samarinda,6,7,1.1,Low
2024-11-04,Richards Bay,9,5,2.21,Medium
2024-11-04,Maputo,3,3,0.94,Low
2024-11-04,Norfolk,3,3,0.53,Low
2024-11-05,Paradip,8,5,2.18,Medium
2024-11-05,Visakhapatnam (Outer),4,3,1.3,Low
2024-11-05,Visakhapatnam (Inner),2,4,0.85,Low
2024-11-05,Dhamra,4,3,0.96,Low
2024-11-05,Gangavaram,5,2,1.23,Low
2024-11-05,Haldia,11,4,4.09,High
2024-11-05,Gopalpur,4,1,0.9,Low
2024-11-05,Newcastle,20,7,3.95,High
2024-11-05,Samarinda,9,5,1.73,Medium
2024-11-05,Richards Bay,8,5,1.9,Medium
2024-11-05,Maputo,8,1,1.6,Medium
2024-11-05,Norfolk,3,1,0.7,Low
2024-11-06,Paradip,11,6,3.04,Medium
2024-11-06,Visakhapatnam (Outer),6,4,1.49,Low
2024-11-06,Visakhapatnam (Inner),8,4,1.96,Medium
2024-11-06,Dhamra,2,2,0.54,Low
2024-11-06,Gangavaram,3,1,0.7,Low
2024-11-06,Haldia,15,4,5.49,High
2024-11-06,Gopalpur,4,2,0.86,Low
2024-11-06,Newcastle,12,8,2.39,Medium
2024-11-06,Samarinda,7,5,1.15,Low
2024-11-06,Richards Bay,12,4,2.71,Medium
2024-11-06,Maputo,3,2,0.62,Low
2024-11-06,Norfolk,5,4,1.04,Low
2024-11-07,Paradip,10,5,2.8,Medium
2024-11-07,Visakhapatnam (Outer),5,5,1.38,Low
2024-11-07,Visakhapatnam (Inner),6,5,1.54,Medium
2024-11-07,Dhamra,6,5,1.31,Low
2024-11-07,Gangavaram,3,1,0.62,Low
2024-11-07,Haldia,11,6,4.01,High
2024-11-07,Gopalpur,3,2,0.51,Low
2024-11-07,Newcastle,9,8,1.99,Medium
2024-11-07,Samarinda,8,6,1.61,Medium
2024-11-07,Richards Bay,8,4,2.02,Medium
2024-11-07,Maputo,3,3,0.8,Low
2024-11-07,Norfolk,2,3,0.42,Low
2024-11-08,Paradip,14,5,3.94,High
2024-11-08,Visakhapatnam (Outer),5,2,1.44,Low
2024-11-08,Visakhapatnam (Inner),8,5,2.08,Medium
2024-11-08,Dhamra,4,1,1.16,Low
2024-11-08,Gangavaram,3,3,0.72,Low
2024-11-08,Haldia,10,6,3.71,High
2024-11-08,Gopalpur,2,1,0.6,Low
2024-11-08,Newcastle,15,6,2.93,Medium
2024-11-08,Samarinda,7,5,1.46,Low
2024-11-08,Richards Bay,10,4,2.36,Medium
2024-11-08,Maputo,5,2,1.19,Low
2024-11-08,Norfolk,3,3,0.72,Low
2024-11-11,Paradip,9,6,2.41,Medium
2024-11-11,Visakhapatnam (Outer),5,4,1.41,Low
2024-11-11,Visakhapatnam (Inner),8,5,1.99,Medium
2024-11-11,Dhamra,4,3,1.18,Low
2024-11-11,Gangavaram,5,3,0.95,Low
2024-11-11,Haldia,12,6,4.67,High
2024-11-11,Gopalpur,3,1,0.72,Low
2024-11-11,Newcastle,16,8,3.06,Medium
2024-11-11,Samarinda,10,5,1.77,Medium
2024-11-11,Richards Bay,11,4,2.31,Medium
2024-11-11,Maputo,4,2,0.86,Low
2024-11-11,Norfolk,1,4,0.41,Low
2024-11-12,Paradip,10,5,2.9,Medium
2024-11-12,Visakhapatnam (Outer),2,3,0.89,Low
2024-11-12,Visakhapatnam (Inner),6,4,1.61,Medium
2024-11-12,Dhamra,3,3,0.84,Low
2024-11-12,Gangavaram,4,3,0.73,Low
2024-11-12,Haldia,13,5,5.03,High
2024-11-12,Gopalpur,2,1,0.37,Low
2024-11-12,Newcastle,18,8,3.49,Medium
2024-11-12,Samarinda,10,5,1.95,Medium
2024-11-12,Richards Bay,9,4,2.27,Medium
2024-11-12,Maputo,5,2,1.05,Low
2024-11-12,Norfolk,4,3,0.69,Low
2024-11-13,Paradip,12,6,3.46,Medium
2024-11-13,Visakhapatnam (Outer),6,4,1.39,Low
2024-11-13,Visakhapatnam (Inner),9,4,2.47,Medium
2024-11-13,Dhamra,4,5,0.97,Low
2024-11-13,Gangavaram,4,1,1.08,Low
2024-11-13,Haldia,11,5,4.03,High
2024-11-13,Gopalpur,2,1,0.65,Low
2024-11-13,Newcastle,15,7,2.87,Medium
2024-11-13,Samarinda,7,5,1.41,Low
2024-11-13,Richards Bay,10,3,2.28,Medium
2024-11-13,Maputo,4,3,0.98,Low
2024-11-13,Norfolk,4,4,0.77,Low
2024-11-14,Paradip,7,7,2.08,Medium
2024-11-14,Visakhapatnam (Outer),6,4,1.34,Low
2024-11-14,Visakhapatnam (Inner),11,5,2.57,Medium
2024-11-14,Dhamra,5,3,1.25,Low
2024-11-14,Gangavaram,5,2,1.0,Low
2024-11-14,Haldia,11,4,4.22,High
2024-11-14,Gopalpur,3,1,0.46,Low
2024-11-14,Newcastle,12,8,2.42,Medium
2024-11-14,Samarinda,12,7,2.16,Medium
2024-11-14,Richards Bay,12,6,2.63,Medium
2024-11-14,Maputo,5,1,1.02,Low
2024-11-14,Norfolk,5,5,0.96,Low
2024-11-15,Paradip,12,7,3.49,Medium
2024-11-15,Visakhapatnam (Outer),5,3,1.39,Low
2024-11-15,Visakhapatnam (Inner),4,4,1.31,Low
2024-11-15,Dhamra,7,2,1.67,Medium
2024-11-15,Gangavaram,6,1,1.37,Low
2024-11-15,Haldia,8,4,3.22,Medium
2024-11-15,Gopalpur,1,4,0.61,Low
2024-11-15,Newcastle,13,8,2.78,Medium
2024-11-15,Samarinda,8,5,1.62,Medium
2024-11-15,Richards Bay,7,5,1.62,Medium
2024-11-15,Maputo,4,3,0.93,Low
2024-11-15,Norfolk,4,2,0.75,Low
2024-11-18,Paradip,7,4,1.91,Medium
2024-11-18,Visakhapatnam (Outer),4,3,1.29,Low
2024-11-18,Visakhapatnam (Inner),10,6,2.66,Medium
2024-11-18,Dhamra,7,5,1.61,Medium
2024-11-18,Gangavaram,3,2,0.59,Low
2024-11-18,Haldia,13,5,4.8,High
2024-11-18,Gopalpur,3,1,0.53,Low
2024-11-18,Newcastle,13,7,2.78,Medium
2024-11-18,Samarinda,4,5,0.75,Low
2024-11-18,Richards Bay,4,3,1.03,Low
2024-11-18,Maputo,4,1,1.1,Low
2024-11-18,Norfolk,3,1,0.66,Low
2024-11-19,Paradip,8,5,2.5,Medium
2024-11-19,Visakhapatnam (Outer),2,4,0.74,Low
2024-11-19,Visakhapatnam (Inner),5,6,1.6,Medium
2024-11-19,Dhamra,6,3,1.46,Low
2024-11-19,Gangavaram,1,2,0.5,Low
2024-11-19,Haldia,16,3,5.84,High
2024-11-19,Gopalpur,2,1,0.72,Low
2024-11-19,Newcastle,15,9,2.93,Medium
2024-11-19,Samarinda,7,6,1.22,Low
2024-11-19,Richards Bay,9,5,2.17,Medium
2024-11-19,Maputo,4,1,0.95,Low
2024-11-19,Norfolk,5,3,1.13,Low
2024-11-20,Paradip,12,4,3.38,Medium
2024-11-20,Visakhapatnam (Outer),5,5,1.43,Low
2024-11-20,Visakhapatnam (Inner),7,3,1.96,Medium
2024-11-20,Dhamra,3,3,0.67,Low
2024-11-20,Gangavaram,3,3,0.61,Low
2024-11-20,Haldia,9,3,3.54,High
2024-11-20,Gopalpur,1,1,0.54,Low
2024-11-20,Newcastle,13,7,2.81,Medium
2024-11-20,Samarinda,9,5,1.62,Medium
2024-11-20,Richards Bay,9,6,2.1,Medium
2024-11-20,Maputo,7,3,1.28,Low
2024-11-20,Norfolk,4,4,0.9,Low
2024-11-21,Paradip,8,4,2.48,Medium
2024-11-21,Visakhapatnam (Outer),7,4,1.62,Medium
2024-11-21,Visakhapatnam (Inner),6,4,1.58,Medium
2024-11-21,Dhamra,6,3,1.5,Medium
2024-11-21,Gangavaram,4,1,0.91,Low
2024-11-21,Haldia,14,6,5.24,High
2024-11-21,Gopalpur,3,1,0.47,Low
2024-11-21,Newcastle,15,10,2.94,Medium
2024-11-21,Samarinda,8,6,1.6,Medium
2024-11-21,Richards Bay,6,5,1.63,Medium
2024-11-21,Maputo,5,2,1.26,Low
2024-11-21,Norfolk,4,2,0.84,Low
2024-11-22,Paradip,10,6,2.93,Medium
2024-11-22,Visakhapatnam (Outer),5,4,1.24,Low
2024-11-22,Visakhapatnam (Inner),8,6,1.92,Medium
2024-11-22,Dhamra,3,3,0.98,Low
2024-11-22,Gangavaram,4,2,1.03,Low
2024-11-22,Haldia,7,5,2.61,Medium
2024-11-22,Gopalpur,2,1,0.37,Low
2024-11-22,Newcastle,12,7,2.55,Medium
2024-11-22,Samarinda,6,5,1.18,Low
2024-11-22,Richards Bay,10,5,2.42,Medium
2024-11-22,Maputo,4,1,1.04,Low
2024-11-22,Norfolk,3,4,0.86,Low
2024-11-25,Paradip,8,5,2.42,Medium
2024-11-25,Visakhapatnam (Outer),7,1,1.59,Medium
2024-11-25,Visakhapatnam (Inner),10,6,2.56,Medium
2024-11-25,Dhamra,4,4,0.86,Low
2024-11-25,Gangavaram,4,4,0.76,Low
2024-11-25,Haldia,16,5,6.01,High
2024-11-25,Gopalpur,3,3,0.51,Low
2024-11-25,Newcastle,13,8,2.49,Medium
2024-11-25,Samarinda,9,6,1.79,Medium
2024-11-25,Richards Bay,10,3,2.31,Medium
2024-11-25,Maputo,2,4,0.67,Low
2024-11-25,Norfolk,5,4,0.85,Low
2024-11-26,Paradip,11,5,3.18,Medium
2024-11-26,Visakhapatnam (Outer),6,2,1.39,Low
2024-11-26,Visakhapatnam (Inner),7,4,1.95,Medium
2024-11-26,Dhamra,4,2,1.05,Low
2024-11-26,Gangavaram,5,3,1.14,Low
2024-11-26,Haldia,10,4,3.63,High
2024-11-26,Gopalpur,2,3,0.58,Low
2024-11-26,Newcastle,9,6,2.11,Medium
2024-11-26,Samarinda,6,6,1.07,Low
2024-11-26,Richards Bay,10,5,2.43,Medium
2024-11-26,Maputo,4,3,0.85,Low
2024-11-26,Norfolk,3,3,0.58,Low
2024-11-27,Paradip,12,5,3.48,Medium
2024-11-27,Visakhapatnam (Outer),5,6,1.12,Low
2024-11-27,Visakhapatnam (Inner),10,5,2.32,Medium
2024-11-27,Dhamra,3,4,0.83,Low
2024-11-27,Gangavaram,4,3,1.02,Low
2024-11-27,Haldia,9,5,3.32,Medium
2024-11-27,Gopalpur,3,1,0.8,Low
2024-11-27,Newcastle,13,6,2.45,Medium
2024-11-27,Samarinda,8,6,1.58,Medium
2024-11-27,Richards Bay,10,3,2.17,Medium
2024-11-27,Maputo,7,2,1.39,Low
2024-11-27,Norfolk,4,4,0.7,Low
2024-11-28,Paradip,11,5,3.23,Medium
2024-11-28,Visakhapatnam (Outer),4,6,0.94,Low
2024-11-28,Visakhapatnam (Inner),9,5,2.37,Medium
2024-11-28,Dhamra,6,3,1.21,Low
2024-11-28,Gangavaram,3,3,0.57,Low
2024-11-28,Haldia,8,4,2.98,Medium
2024-11-28,Gopalpur,2,1,0.54,Low
2024-11-28,Newcastle,12,7,2.52,Medium
2024-11-28,Samarinda,6,8,1.02,Low
2024-11-28,Richards Bay,8,8,2.01,Medium
2024-11-28,Maputo,4,3,0.83,Low
2024-11-28,Norfolk,2,2,0.6,Low
2024-11-29,Paradip,10,5,2.97,Medium
2024-11-29,Visakhapatnam (Outer),6,1,1.56,Medium
2024-11-29,Visakhapatnam (Inner),7,6,2.03,Medium
2024-11-29,Dhamra,5,4,1.27,Low
2024-11-29,Gangavaram,2,4,0.67,Low
2024-11-29,Haldia,12,5,4.41,High
2024-11-29,Gopalpur,1,1,0.47,Low
2024-11-29,Newcastle,14,8,2.88,Medium
2024-11-29,Samarinda,9,5,1.82,Medium
2024-11-29,Richards Bay,8,4,1.77,Medium
2024-11-29,Maputo,5,3,1.26,Low
2024-11-29,Norfolk,4,2,0.78,Low
2024-12-02,Paradip,8,6,2.21,Medium
2024-12-02,Visakhapatnam (Outer),4,2,1.22,Low
2024-12-02,Visakhapatnam (Inner),9,4,2.42,Medium
2024-12-02,Dhamra,5,5,1.17,Low
2024-12-02,Gangavaram,2,1,0.4,Low
2024-12-02,Haldia,12,3,4.44,High
2024-12-02,Gopalpur,2,2,0.55,Low
2024-12-02,Newcastle,10,7,2.08,Medium
2024-12-02,Samarinda,8,6,1.41,Low
2024-12-02,Richards Bay,13,3,2.92,Medium
2024-12-02,Maputo,9,1,1.86,Medium
2024-12-02,Norfolk,3,3,0.6,Low
2024-12-03,Paradip,17,6,4.39,High
2024-12-03,Visakhapatnam (Outer),5,2,1.19,Low
2024-12-03,Visakhapatnam (Inner),8,2,1.92,Medium
2024-12-03,Dhamra,4,4,1.2,Low
2024-12-03,Gangavaram,5,2,0.97,Low
2024-12-03,Haldia,11,3,4.12,High
2024-12-03,Gopalpur,2,2,0.66,Low
2024-12-03,Newcastle,16,8,3.31,Medium
2024-12-03,Samarinda,8,4,1.44,Low
2024-12-03,Richards Bay,8,3,1.71,Medium
2024-12-03,Maputo,4,2,1.14,Low
2024-12-03,Norfolk,5,4,0.91,Low
2024-12-04,Paradip,9,5,2.4,Medium
2024-12-04,Visakhapatnam (Outer),4,3,0.96,Low
2024-12-04,Visakhapatnam (Inner),8,5,1.91,Medium
2024-12-04,Dhamra,5,3,1.24,Low
2024-12-04,Gangavaram,3,3,0.61,Low
2024-12-04,Haldia,9,5,3.33,Medium
2024-12-04,Gopalpur,2,1,0.72,Low
2024-12-04,Newcastle,13,9,2.55,Medium
2024-12-04,Samarinda,5,6,1.06,Low
2024-12-04,Richards Bay,4,3,0.92,Low
2024-12-04,Maputo,5,2,0.92,Low
2024-12-04,Norfolk,2,4,0.68,Low
2024-12-05,Paradip,9,4,2.42,Medium
2024-12-05,Visakhapatnam (Outer),6,6,1.51,Medium
2024-12-05,Visakhapatnam (Inner),10,5,2.45,Medium
2024-12-05,Dhamra,3,3,0.87,Low
2024-12-05,Gangavaram,5,2,1.07,Low
2024-12-05,Haldia,13,2,5.02,High
2024-12-05,Gopalpur,3,1,0.85,Low
2024-12-05,Newcastle,16,8,3.05,Medium
2024-12-05,Samarinda,8,5,1.49,Low
2024-12-05,Richards Bay,7,4,1.57,Medium
2024-12-05,Maputo,1,2,0.46,Low
2024-12-05,Norfolk,4,4,0.82,Low
2024-12-06,Paradip,10,5,2.71,Medium
2024-12-06,Visakhapatnam (Outer),5,4,1.33,Low
2024-12-06,Visakhapatnam (Inner),10,5,2.69,Medium
2024-12-06,Dhamra,4,3,0.87,Low
2024-12-06,Gangavaram,5,2,0.93,Low
2024-12-06,Haldia,12,3,4.42,High
2024-12-06,Gopalpur,4,2,0.63,Low
2024-12-06,Newcastle,16,8,3.11,Medium
2024-12-06,Samarinda,6,6,1.1,Low
2024-12-06,Richards Bay,12,5,2.66,Medium
2024-12-06,Maputo,6,2,1.4,Low
2024-12-06,Norfolk,3,3,0.64,Low
2024-12-09,Paradip,6,5,1.94,Medium
2024-12-09,Visakhapatnam (Outer),6,5,1.49,Low
2024-12-09,Visakhapatnam (Inner),8,7,2.01,Medium
2024-12-09,Dhamra,4,3,0.95,Low
2024-12-09,Gangavaram,4,1,0.98,Low
2024-12-09,Haldia,8,6,3.01,Medium
2024-12-09,Gopalpur,2,1,0.35,Low
2024-12-09,Newcastle,15,7,3.04,Medium
2024-12-09,Samarinda,6,6,1.16,Low
2024-12-09,Richards Bay,9,4,2.23,Medium
2024-12-09,Maputo,4,2,0.99,Low
2024-12-09,Norfolk,2,5,0.66,Low
2024-12-10,Paradip,4,4,1.26,Low
2024-12-10,Visakhapatnam (Outer),3,3,0.8,Low
2024-12-10,Visakhapatnam (Inner),10,6,2.49,Medium
2024-12-10,Dhamra,4,3,1.06,Low
2024-12-10,Gangavaram,3,4,0.72,Low
2024-12-10,Haldia,8,5,3.27,Medium
2024-12-10,Gopalpur,2,2,0.44,Low
2024-12-10,Newcastle,14,7,2.65,Medium
2024-12-10,Samarinda,5,6,1.17,Low
2024-12-10,Richards Bay,9,4,2.22,Medium
2024-12-10,Maputo,5,2,0.92,Low
2024-12-10,Norfolk,5,2,1.14,Low
2024-12-11,Paradip,14,8,3.96,High
2024-12-11,Visakhapatnam (Outer),6,3,1.33,Low
2024-12-11,Visakhapatnam (Inner),13,3,2.96,Medium
2024-12-11,Dhamra,6,3,1.36,Low
2024-12-11,Gangavaram,4,4,1.05,Low
2024-12-11,Haldia,14,4,5.11,High
2024-12-11,Gopalpur,3,1,0.78,Low
2024-12-11,Newcastle,11,8,2.2,Medium
2024-12-11,Samarinda,6,5,1.27,Low
2024-12-11,Richards Bay,9,4,2.17,Medium
2024-12-11,Maputo,5,2,1.28,Low
2024-12-11,Norfolk,4,4,0.98,Low
2024-12-12,Paradip,8,4,2.18,Medium
2024-12-12,Visakhapatnam (Outer),7,2,1.86,Medium
2024-12-12,Visakhapatnam (Inner),11,6,2.53,Medium
2024-12-12,Dhamra,4,4,1.12,Low
2024-12-12,Gangavaram,4,3,0.96,Low
2024-12-12,Haldia,15,4,5.65,High
2024-12-12,Gopalpur,2,3,0.48,Low
2024-12-12,Newcastle,14,8,2.7,Medium
2024-12-12,Samarinda,11,6,2.1,Medium
2024-12-12,Richards Bay,7,5,1.89,Medium
2024-12-12,Maputo,3,3,0.69,Low
2024-12-12,Norfolk,2,3,0.5,Low
2024-12-13,Paradip,11,5,2.92,Medium
2024-12-13,Visakhapatnam (Outer),5,4,1.33,Low
2024-12-13,Visakhapatnam (Inner),8,4,1.9,Medium
2024-12-13,Dhamra,5,4,1.08,Low
2024-12-13,Gangavaram,2,1,0.56,Low
2024-12-13,Haldia,12,4,4.37,High
2024-12-13,Gopalpur,2,2,0.59,Low
2024-12-13,Newcastle,11,8,2.26,Medium
2024-12-13,Samarinda,8,6,1.56,Medium
2024-12-13,Richards Bay,7,5,1.87,Medium
2024-12-13,Maputo,4,3,1.02,Low
2024-12-13,Norfolk,5,3,1.01,Low
2024-12-16,Paradip,8,5,2.48,Medium
2024-12-16,Visakhapatnam (Outer),5,3,1.49,Low
2024-12-16,Visakhapatnam (Inner),4,7,1.29,Low
2024-12-16,Dhamra,4,2,1.14,Low
2024-12-16,Gangavaram,3,3,0.75,Low
2024-12-16,Haldia,10,5,3.6,High
2024-12-16,Gopalpur,3,2,0.7,Low
2024-12-16,Newcastle,15,9,3.11,Medium
2024-12-16,Samarinda,7,5,1.43,Low
2024-12-16,Richards Bay,9,4,2.26,Medium
2024-12-16,Maputo,5,3,1.01,Low
2024-12-16,Norfolk,2,5,0.72,Low
2024-12-17,Paradip,9,6,2.45,Medium
2024-12-17,Visakhapatnam (Outer),6,4,1.47,Low
2024-12-17,Visakhapatnam (Inner),7,4,1.86,Medium
2024-12-17,Dhamra,5,2,1.09,Low
2024-12-17,Gangavaram,2,1,0.62,Low
2024-12-17,Haldia,6,6,2.54,Medium
2024-12-17,Gopalpur,2,2,0.43,Low
2024-12-17,Newcastle,10,7,2.23,Medium
2024-12-17,Samarinda,8,5,1.47,Low
2024-12-17,Richards Bay,11,6,2.42,Medium
2024-12-17,Maputo,4,3,1.14,Low
2024-12-17,Norfolk,4,3,0.84,Low
2024-12-18,Paradip,9,5,2.49,Medium
2024-12-18,Visakhapatnam (Outer),5,1,1.22,Low
2024-12-18,Visakhapatnam (Inner),5,4,1.29,Low
2024-12-18,Dhamra,6,3,1.51,Medium
2024-12-18,Gangavaram,2,1,0.69,Low
2024-12-18,Haldia,10,6,3.99,High
2024-12-18,Gopalpur,4,2,0.92,Low
2024-12-18,Newcastle,20,8,4.08,High
2024-12-18,Samarinda,7,6,1.47,Low
2024-12-18,Richards Bay,7,5,1.67,Medium
2024-12-18,Maputo,5,2,1.16,Low
2024-12-18,Norfolk,3,2,0.81,Low
2024-12-19,Paradip,8,5,2.42,Medium
2024-12-19,Visakhapatnam (Outer),3,3,0.73,Low
2024-12-19,Visakhapatnam (Inner),9,4,2.22,Medium
2024-12-19,Dhamra,7,4,1.59,Medium
2024-12-19,Gangavaram,3,4,0.85,Low
2024-12-19,Haldia,12,5,4.47,High
2024-12-19,Gopalpur,2,1,0.4,Low
2024-12-19,Newcastle,14,6,2.67,Medium
2024-12-19,Samarinda,8,6,1.32,Low
2024-12-19,Richards Bay,10,6,2.17,Medium
2024-12-19,Maputo,5,2,0.9,Low
2024-12-19,Norfolk,4,5,0.7,Low
2024-12-20,Paradip,11,7,2.91,Medium
2024-12-20,Visakhapatnam (Outer),5,4,1.21,Low
2024-12-20,Visakhapatnam (Inner),5,4,1.4,Low
2024-12-20,Dhamra,5,2,1.26,Low
2024-12-20,Gangavaram,4,2,0.94,Low
2024-12-20,Haldia,11,4,4.19,High
2024-12-20,Gopalpur,2,3,0.52,Low
2024-12-20,Newcastle,12,9,2.37,Medium
2024-12-20,Samarinda,5,2,0.9,Low
2024-12-20,Richards Bay,10,3,2.39,Medium
2024-12-20,Maputo,5,4,1.24,Low
2024-12-20,Norfolk,1,3,0.33,Low
2024-12-23,Paradip,16,4,4.13,High
2024-12-23,Visakhapatnam (Outer),6,3,1.4,Low
2024-12-23,Visakhapatnam (Inner),6,5,1.54,Medium
2024-12-23,Dhamra,5,3,1.17,Low
2024-12-23,Gangavaram,4,4,0.99,Low
2024-12-23,Haldia,16,5,5.71,High
2024-12-23,Gopalpur,2,1,0.72,Low
2024-12-23,Newcastle,17,6,3.52,High
2024-12-23,Samarinda,8,5,1.52,Medium
2024-12-23,Richards Bay,12,4,2.88,Medium
2024-12-23,Maputo,5,1,0.91,Low
2024-12-23,Norfolk,4,3,0.76,Low
2024-12-24,Paradip,9,8,2.69,Medium
2024-12-24,Visakhapatnam (Outer),7,4,1.54,Medium
2024-12-24,Visakhapatnam (Inner),5,3,1.35,Low
2024-12-24,Dhamra,4,5,0.92,Low
2024-12-24,Gangavaram,4,2,0.81,Low
2024-12-24,Haldia,15,5,5.58,High
2024-12-24,Gopalpur,2,1,0.35,Low
2024-12-24,Newcastle,18,7,3.53,High
2024-12-24,Samarinda,7,7,1.45,Low
2024-12-24,Richards Bay,8,4,1.9,Medium
2024-12-24,Maputo,4,1,1.12,Low
2024-12-24,Norfolk,4,4,0.99,Low
2024-12-25,Paradip,7,6,1.95,Medium
2024-12-25,Visakhapatnam (Outer),5,4,1.2,Low
2024-12-25,Visakhapatnam (Inner),9,6,2.39,Medium
2024-12-25,Dhamra,6,6,1.48,Low
2024-12-25,Gangavaram,2,1,0.59,Low
2024-12-25,Haldia,18,4,6.58,High
2024-12-25,Gopalpur,2,1,0.43,Low
2024-12-25,Newcastle,20,10,3.91,High
2024-12-25,Samarinda,10,6,1.99,Medium
2024-12-25,Richards Bay,8,5,2.07,Medium
2024-12-25,Maputo,4,3,0.75,Low
2024-12-25,Norfolk,4,3,0.79,Low
2024-12-26,Paradip,7,7,2.11,Medium
2024-12-26,Visakhapatnam (Outer),10,3,2.47,Medium
2024-12-26,Visakhapatnam (Inner),4,4,1.37,Low
2024-12-26,Dhamra,2,3,0.54,Low
2024-12-26,Gangavaram,2,3,0.72,Low
2024-12-26,Haldia,15,3,5.57,High
2024-12-26,Gopalpur,3,2,0.75,Low
2024-12-26,Newcastle,11,8,2.46,Medium
2024-12-26,Samarinda,3,6,0.67,Low
2024-12-26,Richards Bay,11,5,2.51,Medium
2024-12-26,Maputo,3,3,0.82,Low
2024-12-26,Norfolk,3,4,0.91,Low
2024-12-27,Paradip,8,6,2.28,Medium
2024-12-27,Visakhapatnam (Outer),5,6,1.16,Low
2024-12-27,Visakhapatnam (Inner),9,2,2.25,Medium
2024-12-27,Dhamra,4,3,1.11,Low
2024-12-27,Gangavaram,4,2,1.0,Low
2024-12-27,Haldia,10,4,3.96,High
2024-12-27,Gopalpur,3,3,0.46,Low
2024-12-27,Newcastle,15,8,2.84,Medium
2024-12-27,Samarinda,11,6,1.86,Medium
2024-12-27,Richards Bay,10,5,2.17,Medium
2024-12-27,Maputo,5,2,1.19,Low
2024-12-27,Norfolk,5,5,1.01,Low
2024-12-30,Paradip,5,5,1.4,Low
2024-12-30,Visakhapatnam (Outer),3,3,1.06,Low
2024-12-30,Visakhapatnam (Inner),9,5,2.13,Medium
2024-12-30,Dhamra,8,3,1.81,Medium
2024-12-30,Gangavaram,3,1,0.63,Low
2024-12-30,Haldia,14,4,5.21,High
2024-12-30,Gopalpur,2,1,0.7,Low
2024-12-30,Newcastle,15,8,3.12,Medium
2024-12-30,Samarinda,11,5,1.77,Medium
2024-12-30,Richards Bay,8,5,1.91,Medium
2024-12-30,Maputo,5,2,1.2,Low
2024-12-30,Norfolk,2,3,0.41,Low
2024-12-31,Paradip,7,5,2.0,Medium
2024-12-31,Visakhapatnam (Outer),7,4,1.7,Medium
2024-12-31,Visakhapatnam (Inner),6,6,1.53,Medium
2024-12-31,Dhamra,4,3,1.06,Low
2024-12-31,Gangavaram,3,3,0.9,Low
2024-12-31,Haldia,7,3,2.86,Medium
2024-12-31,Gopalpur,2,1,0.6,Low
2024-12-31,Newcastle,11,8,2.2,Medium
2024-12-31,Samarinda,7,4,1.36,Low
2024-12-31,Richards Bay,11,4,2.43,Medium
2024-12-31,Maputo,4,3,0.89,Low
2024-12-31,Norfolk,4,5,1.01,Low
2025-01-01,Paradip,10,6,2.75,Medium
2025-01-01,Visakhapatnam (Outer),5,2,1.35,Low
2025-01-01,Visakhapatnam (Inner),9,4,2.29,Medium
2025-01-01,Dhamra,4,6,0.84,Low
2025-01-01,Gangavaram,6,4,1.27,Low
2025-01-01,Haldia,16,4,5.79,High
2025-01-01,Gopalpur,2,2,0.38,Low
2025-01-01,Newcastle,15,6,3.0,Medium
2025-01-01,Samarinda,7,6,1.38,Low
2025-01-01,Richards Bay,4,6,1.22,Low
2025-01-01,Maputo,6,4,1.36,Low
2025-01-01,Norfolk,4,4,0.94,Low
2025-01-02,Paradip,12,5,3.45,Medium
2025-01-02,Visakhapatnam (Outer),6,2,1.63,Medium
2025-01-02,Visakhapatnam (Inner),5,4,1.37,Low
2025-01-02,Dhamra,4,4,0.94,Low
2025-01-02,Gangavaram,5,2,0.96,Low
2025-01-02,Haldia,9,5,3.6,High
2025-01-02,Gopalpur,2,2,0.61,Low
2025-01-02,Newcastle,17,7,3.55,High
2025-01-02,Samarinda,11,5,1.9,Medium
2025-01-02,Richards Bay,7,6,1.74,Medium
2025-01-02,Maputo,3,3,0.77,Low
2025-01-02,Norfolk,3,2,0.74,Low
2025-01-03,Paradip,9,6,2.69,Medium
2025-01-03,Visakhapatnam (Outer),5,3,1.47,Low
2025-01-03,Visakhapatnam (Inner),6,5,1.57,Medium
2025-01-03,Dhamra,6,4,1.22,Low
2025-01-03,Gangavaram,4,3,0.89,Low
2025-01-03,Haldia,14,5,5.35,High
2025-01-03,Gopalpur,3,2,0.82,Low
2025-01-03,Newcastle,9,7,2.03,Medium
2025-01-03,Samarinda,8,7,1.51,Medium
2025-01-03,Richards Bay,8,6,1.79,Medium
2025-01-03,Maputo,4,4,0.87,Low
2025-01-03,Norfolk,3,4,0.59,Low
2025-01-06,Paradip,11,7,3.06,Medium
2025-01-06,Visakhapatnam (Outer),6,2,1.54,Medium
2025-01-06,Visakhapatnam (Inner),5,4,1.6,Medium
2025-01-06,Dhamra,5,2,1.01,Low
2025-01-06,Gangavaram,5,2,0.95,Low
2025-01-06,Haldia,17,5,6.14,High
2025-01-06,Gopalpur,3,2,0.58,Low
2025-01-06,Newcastle,16,9,3.01,Medium
2025-01-06,Samarinda,9,6,1.54,Medium
2025-01-06,Richards Bay,12,5,2.56,Medium
2025-01-06,Maputo,4,3,1.13,Low
2025-01-06,Norfolk,2,2,0.69,Low
2025-01-07,Paradip,7,6,2.19,Medium
2025-01-07,Visakhapatnam (Outer),6,4,1.6,Medium
2025-01-07,Visakhapatnam (Inner),7,3,1.83,Medium
2025-01-07,Dhamra,5,5,1.39,Low
2025-01-07,Gangavaram,4,1,0.8,Low
2025-01-07,Haldia,15,4,5.39,High
2025-01-07,Gopalpur,2,3,0.34,Low
2025-01-07,Newcastle,10,6,1.92,Medium
2025-01-07,Samarinda,7,6,1.29,Low
2025-01-07,Richards Bay,9,6,2.28,Medium
2025-01-07,Maputo,2,2,0.64,Low
2025-01-07,Norfolk,4,4,0.97,Low
2025-01-08,Paradip,7,6,2.12,Medium
2025-01-08,Visakhapatnam (Outer),5,3,1.29,Low
2025-01-08,Visakhapatnam (Inner),7,5,1.85,Medium
2025-01-08,Dhamra,5,2,1.25,Low
2025-01-08,Gangavaram,3,1,0.84,Low
2025-01-08,Haldia,9,5,3.42,Medium
2025-01-08,Gopalpur,3,3,0.77,Low
2025-01-08,Newcastle,12,8,2.41,Medium
2025-01-08,Samarinda,9,6,1.47,Low
2025-01-08,Richards Bay,9,4,1.96,Medium
2025-01-08,Maputo,5,2,1.13,Low
2025-01-08,Norfolk,4,4,0.73,Low
2025-01-09,Paradip,13,6,3.68,High
2025-01-09,Visakhapatnam (Outer),7,3,1.83,Medium
2025-01-09,Visakhapatnam (Inner),4,5,1.09,Low
2025-01-09,Dhamra,4,3,1.1,Low
2025-01-09,Gangavaram,3,1,0.88,Low
2025-01-09,Haldia,13,4,4.74,High
2025-01-09,Gopalpur,2,2,0.56,Low
2025-01-09,Newcastle,20,7,3.78,High
2025-01-09,Samarinda,11,5,1.93,Medium
2025-01-09,Richards Bay,8,6,1.99,Medium
2025-01-09,Maputo,5,1,0.97,Low
2025-01-09,Norfolk,3,4,0.77,Low
2025-01-10,Paradip,5,4,1.55,Medium
2025-01-10,Visakhapatnam (Outer),9,4,2.29,Medium
2025-01-10,Visakhapatnam (Inner),6,3,1.72,Medium
2025-01-10,Dhamra,5,4,1.3,Low
2025-01-10,Gangavaram,4,3,0.79,Low
2025-01-10,Haldia,11,5,4.08,High
2025-01-10,Gopalpur,3,1,0.75,Low
2025-01-10,Newcastle,12,5,2.3,Medium
2025-01-10,Samarinda,7,3,1.48,Low
2025-01-10,Richards Bay,11,4,2.65,Medium
2025-01-10,Maputo,4,3,1.12,Low
2025-01-10,Norfolk,6,3,1.24,Low
2025-01-13,Paradip,7,5,2.12,Medium
2025-01-13,Visakhapatnam (Outer),5,3,1.21,Low
2025-01-13,Visakhapatnam (Inner),7,4,1.9,Medium
2025-01-13,Dhamra,6,2,1.39,Low
2025-01-13,Gangavaram,4,1,0.9,Low
2025-01-13,Haldia,3,4,1.45,Low
2025-01-13,Gopalpur,2,1,0.57,Low
2025-01-13,Newcastle,11,7,2.25,Medium
2025-01-13,Samarinda,7,5,1.41,Low
2025-01-13,Richards Bay,10,5,2.26,Medium
2025-01-13,Maputo,5,4,1.01,Low
2025-01-13,Norfolk,4,3,0.97,Low
2025-01-14,Paradip,9,5,2.72,Medium
2025-01-14,Visakhapatnam (Outer),4,1,1.12,Low
2025-01-14,Visakhapatnam (Inner),10,3,2.35,Medium
2025-01-14,Dhamra,5,3,1.25,Low
2025-01-14,Gangavaram,2,2,0.71,Low
2025-01-14,Haldia,15,6,5.49,High
2025-01-14,Gopalpur,2,2,0.69,Low
2025-01-14,Newcastle,16,7,3.31,Medium
2025-01-14,Samarinda,6,4,1.23,Low
2025-01-14,Richards Bay,8,7,1.87,Medium
2025-01-14,Maputo,5,4,1.18,Low
2025-01-14,Norfolk,4,4,0.79,Low
2025-01-15,Paradip,10,6,2.66,Medium
2025-01-15,Visakhapatnam (Outer),7,3,1.59,Medium
2025-01-15,Visakhapatnam (Inner),10,3,2.65,Medium
2025-01-15,Dhamra,5,1,1.08,Low
2025-01-15,Gangavaram,5,2,1.07,Low
2025-01-15,Haldia,9,5,3.41,Medium
2025-01-15,Gopalpur,2,1,0.55,Low
2025-01-15,Newcastle,9,7,1.85,Medium
2025-01-15,Samarinda,7,5,1.35,Low
2025-01-15,Richards Bay,6,4,1.65,Medium
2025-01-15,Maputo,6,3,1.29,Low
2025-01-15,Norfolk,4,3,0.99,Low
2025-01-16,Paradip,11,6,2.96,Medium
2025-01-16,Visakhapatnam (Outer),7,4,1.73,Medium
2025-01-16,Visakhapatnam (Inner),6,4,1.76,Medium
2025-01-16,Dhamra,5,3,1.16,Low
2025-01-16,Gangavaram,4,3,0.84,Low
2025-01-16,Haldia,10,6,3.96,High
2025-01-16,Gopalpur,2,2,0.7,Low
2025-01-16,Newcastle,17,8,3.3,Medium
2025-01-16,Samarinda,10,4,1.73,Medium
2025-01-16,Richards Bay,9,6,2.15,Medium
2025-01-16,Maputo,2,3,0.76,Low
2025-01-16,Norfolk,4,2,1.04,Low
2025-01-17,Paradip,6,5,1.77,Medium
2025-01-17,Visakhapatnam (Outer),8,3,1.76,Medium
2025-01-17,Visakhapatnam (Inner),7,5,1.85,Medium
2025-01-17,Dhamra,6,5,1.31,Low
2025-01-17,Gangavaram,5,2,0.99,Low
2025-01-17,Haldia,13,2,4.91,High
2025-01-17,Gopalpur,3,2,0.75,Low
2025-01-17,Newcastle,13,8,2.53,Medium
2025-01-17,Samarinda,7,7,1.43,Low
2025-01-17,Richards Bay,9,3,2.07,Medium
2025-01-17,Maputo,4,1,1.08,Low
2025-01-17,Norfolk,5,4,0.95,Low
2025-01-20,Paradip,4,7,1.12,Low
2025-01-20,Visakhapatnam (Outer),7,3,1.78,Medium
2025-01-20,Visakhapatnam (Inner),5,5,1.21,Low
2025-01-20,Dhamra,2,3,0.54,Low
2025-01-20,Gangavaram,3,4,0.55,Low
2025-01-20,Haldia,12,5,4.38,High
2025-01-20,Gopalpur,2,1,0.48,Low
2025-01-20,Newcastle,19,6,3.56,High
2025-01-20,Samarinda,7,5,1.33,Low
2025-01-20,Richards Bay,12,4,2.84,Medium
2025-01-20,Maputo,4,4,0.96,Low
2025-01-20,Norfolk,4,2,0.8,Low
2025-01-21,Paradip,12,5,3.1,Medium
2025-01-21,Visakhapatnam (Outer),3,3,0.86,Low
2025-01-21,Visakhapatnam (Inner),6,4,1.47,Low
2025-01-21,Dhamra,6,3,1.36,Low
2025-01-21,Gangavaram,4,2,0.87,Low
2025-01-21,Haldia,13,5,4.95,High
2025-01-21,Gopalpur,1,1,0.29,Low
2025-01-21,Newcastle,20,7,3.85,High
2025-01-21,Samarinda,7,6,1.36,Low
2025-01-21,Richards Bay,9,5,1.98,Medium
2025-01-21,Maputo,6,3,1.08,Low
2025-01-21,Norfolk,4,4,0.94,Low
2025-01-22,Paradip,14,5,3.95,High
2025-01-22,Visakhapatnam (Outer),6,3,1.51,Medium
2025-01-22,Visakhapatnam (Inner),7,4,1.72,Medium
2025-01-22,Dhamra,3,3,0.89,Low
2025-01-22,Gangavaram,5,1,0.93,Low
2025-01-22,Haldia,10,5,3.76,High
2025-01-22,Gopalpur,2,2,0.43,Low
2025-01-22,Newcastle,20,8,3.93,High
2025-01-22,Samarinda,8,5,1.3,Low
2025-01-22,Richards Bay,10,4,2.11,Medium
2025-01-22,Maputo,2,1,0.72,Low
2025-01-22,Norfolk,6,5,1.11,Low
2025-01-23,Paradip,16,5,4.41,High
2025-01-23,Visakhapatnam (Outer),9,5,2.09,Medium
2025-01-23,Visakhapatnam (Inner),6,6,1.58,Medium
2025-01-23,Dhamra,4,5,0.88,Low
2025-01-23,Gangavaram,4,3,0.75,Low
2025-01-23,Haldia,11,5,3.97,High
2025-01-23,Gopalpur,2,1,0.7,Low
2025-01-23,Newcastle,11,8,2.3,Medium
2025-01-23,Samarinda,9,4,1.73,Medium
2025-01-23,Richards Bay,7,5,1.54,Medium
2025-01-23,Maputo,5,1,1.0,Low
2025-01-23,Norfolk,3,4,0.54,Low
2025-01-24,Paradip,9,7,2.41,Medium
2025-01-24,Visakhapatnam (Outer),6,3,1.39,Low
2025-01-24,Visakhapatnam (Inner),9,5,2.47,Medium
2025-01-24,Dhamra,3,3,0.76,Low
2025-01-24,Gangavaram,5,4,1.11,Low
2025-01-24,Haldia,9,4,3.54,High
2025-01-24,Gopalpur,4,1,0.72,Low
2025-01-24,Newcastle,13,7,2.57,Medium
2025-01-24,Samarinda,7,7,1.43,Low
2025-01-24,Richards Bay,11,4,2.53,Medium
2025-01-24,Maputo,7,2,1.46,Low
2025-01-24,Norfolk,2,3,0.63,Low
2025-01-27,Paradip,8,3,2.27,Medium
2025-01-27,Visakhapatnam (Outer),3,4,0.98,Low
2025-01-27,Visakhapatnam (Inner),5,4,1.2,Low
2025-01-27,Dhamra,4,3,0.84,Low
2025-01-27,Gangavaram,2,5,0.74,Low
2025-01-27,Haldia,9,6,3.55,High
2025-01-27,Gopalpur,2,1,0.44,Low
2025-01-27,Newcastle,18,6,3.45,Medium
2025-01-27,Samarinda,4,5,1.07,Low
2025-01-27,Richards Bay,12,6,2.77,Medium
2025-01-27,Maputo,6,1,1.19,Low
2025-01-27,Norfolk,4,4,0.96,Low
2025-01-28,Paradip,10,7,2.91,Medium
2025-01-28,Visakhapatnam (Outer),5,3,1.3,Low
2025-01-28,Visakhapatnam (Inner),10,3,2.34,Medium
2025-01-28,Dhamra,4,4,1.16,Low
2025-01-28,Gangavaram,2,2,0.47,Low
2025-01-28,Haldia,13,4,4.89,High
2025-01-28,Gopalpur,1,3,0.43,Low
2025-01-28,Newcastle,17,9,3.32,Medium
2025-01-28,Samarinda,7,6,1.15,Low
2025-01-28,Richards Bay,12,4,2.83,Medium
2025-01-28,Maputo,5,3,1.21,Low
2025-01-28,Norfolk,3,3,0.8,Low
2025-01-29,Paradip,10,4,2.7,Medium
2025-01-29,Visakhapatnam (Outer),4,4,1.25,Low
2025-01-29,Visakhapatnam (Inner),9,4,2.26,Medium
2025-01-29,Dhamra,3,5,0.73,Low
2025-01-29,Gangavaram,1,3,0.34,Low
2025-01-29,Haldia,7,3,2.87,Medium
2025-01-29,Gopalpur,3,1,0.74,Low
2025-01-29,Newcastle,13,10,2.82,Medium
2025-01-29,Samarinda,8,6,1.47,Low
2025-01-29,Richards Bay,11,4,2.39,Medium
2025-01-29,Maputo,2,4,0.72,Low
2025-01-29,Norfolk,3,5,0.57,Low
2025-01-30,Paradip,8,6,2.33,Medium
2025-01-30,Visakhapatnam (Outer),4,5,1.02,Low
2025-01-30,Visakhapatnam (Inner),4,5,1.02,Low
2025-01-30,Dhamra,4,4,1.09,Low
2025-01-30,Gangavaram,5,3,1.21,Low
2025-01-30,Haldia,11,4,3.98,High
2025-01-30,Gopalpur,3,2,0.54,Low
2025-01-30,Newcastle,5,9,1.02,Low
2025-01-30,Samarinda,9,5,1.83,Medium
2025-01-30,Richards Bay,6,5,1.33,Low
2025-01-30,Maputo,4,2,1.08,Low
2025-01-30,Norfolk,2,3,0.53,Low
2025-01-31,Paradip,9,6,2.65,Medium
2025-01-31,Visakhapatnam (Outer),5,4,1.17,Low
2025-01-31,Visakhapatnam (Inner),8,6,2.12,Medium
2025-01-31,Dhamra,4,3,0.93,Low
2025-01-31,Gangavaram,3,3,0.88,Low
2025-01-31,Haldia,12,5,4.64,High
2025-01-31,Gopalpur,2,3,0.4,Low
2025-01-31,Newcastle,15,8,2.94,Medium
2025-01-31,Samarinda,8,7,1.54,Medium
2025-01-31,Richards Bay,9,4,2.21,Medium
2025-01-31,Maputo,2,4,0.49,Low
2025-01-31,Norfolk,4,3,0.69,Low
2025-02-03,Paradip,5,5,1.61,Medium
2025-02-03,Visakhapatnam (Outer),5,4,1.38,Low
2025-02-03,Visakhapatnam (Inner),3,2,1.04,Low
2025-02-03,Dhamra,5,3,1.17,Low
2025-02-03,Gangavaram,2,4,0.5,Low
2025-02-03,Haldia,12,3,4.44,High
2025-02-03,Gopalpur,3,3,0.7,Low
2025-02-03,Newcastle,16,5,3.28,Medium
2025-02-03,Samarinda,10,5,1.95,Medium
2025-02-03,Richards Bay,8,3,2.01,Medium
2025-02-03,Maputo,5,4,1.16,Low
2025-02-03,Norfolk,3,2,0.64,Low
2025-02-04,Paradip,13,5,3.42,Medium
2025-02-04,Visakhapatnam (Outer),2,2,0.7,Low
2025-02-04,Visakhapatnam (Inner),4,4,1.31,Low
2025-02-04,Dhamra,5,5,1.08,Low
2025-02-04,Gangavaram,4,2,0.86,Low
2025-02-04,Haldia,13,6,4.91,High
2025-02-04,Gopalpur,2,1,0.56,Low
2025-02-04,Newcastle,13,6,2.6,Medium
2025-02-04,Samarinda,4,5,0.93,Low
2025-02-04,Richards Bay,10,5,2.37,Medium
2025-02-04,Maputo,3,3,0.89,Low
2025-02-04,Norfolk,3,3,0.55,Low
2025-02-05,Paradip,14,4,3.91,High
2025-02-05,Visakhapatnam (Outer),7,3,1.89,Medium
2025-02-05,Visakhapatnam (Inner),10,3,2.7,Medium
2025-02-05,Dhamra,5,3,1.11,Low
2025-02-05,Gangavaram,3,2,0.74,Low
2025-02-05,Haldia,10,6,3.91,High
2025-02-05,Gopalpur,2,3,0.38,Low
2025-02-05,Newcastle,17,7,3.3,Medium
2025-02-05,Samarinda,7,5,1.51,Medium
2025-02-05,Richards Bay,8,5,2.06,Medium
2025-02-05,Maputo,6,2,1.35,Low
2025-02-05,Norfolk,3,2,0.73,Low
2025-02-06,Paradip,9,6,2.61,Medium
2025-02-06,Visakhapatnam (Outer),5,3,1.27,Low
2025-02-06,Visakhapatnam (Inner),9,4,2.2,Medium
2025-02-06,Dhamra,6,4,1.25,Low
2025-02-06,Gangavaram,2,2,0.67,Low
2025-02-06,Haldia,10,5,3.87,High
2025-02-06,Gopalpur,3,2,0.79,Low
2025-02-06,Newcastle,17,8,3.56,High
2025-02-06,Samarinda,5,6,1.21,Low
2025-02-06,Richards Bay,12,5,2.6,Medium
2025-02-06,Maputo,6,2,1.1,Low
2025-02-06,Norfolk,4,3,1.03,Low
2025-02-07,Paradip,14,5,3.85,High
2025-02-07,Visakhapatnam (Outer),4,3,1.0,Low
2025-02-07,Visakhapatnam (Inner),7,2,1.8,Medium
2025-02-07,Dhamra,6,3,1.4,Low
2025-02-07,Gangavaram,1,2,0.31,Low
2025-02-07,Haldia,10,4,3.6,High
2025-02-07,Gopalpur,3,1,0.75,Low
2025-02-07,Newcastle,14,8,2.91,Medium
2025-02-07,Samarinda,8,6,1.4,Low
2025-02-07,Richards Bay,8,5,1.81,Medium
2025-02-07,Maputo,4,4,0.98,Low
2025-02-07,Norfolk,5,3,1.09,Low
2025-02-10,Paradip,14,5,3.98,High
2025-02-10,Visakhapatnam (Outer),6,4,1.55,Medium
2025-02-10,Visakhapatnam (Inner),7,4,1.93,Medium
2025-02-10,Dhamra,6,2,1.48,Low
2025-02-10,Gangavaram,5,1,1.0,Low
2025-02-10,Haldia,8,3,3.27,Medium
2025-02-10,Gopalpur,3,1,0.81,Low
2025-02-10,Newcastle,12,8,2.45,Medium
2025-02-10,Samarinda,8,4,1.59,Medium
2025-02-10,Richards Bay,8,5,2.0,Medium
2025-02-10,Maputo,2,2,0.72,Low
2025-02-10,Norfolk,5,4,0.92,Low
2025-02-11,Paradip,6,5,1.88,Medium
2025-02-11,Visakhapatnam (Outer),7,3,1.73,Medium
2025-02-11,Visakhapatnam (Inner),4,3,1.02,Low
2025-02-11,Dhamra,4,5,0.9,Low
2025-02-11,Gangavaram,4,2,1.0,Low
2025-02-11,Haldia,15,4,5.52,High
2025-02-11,Gopalpur,1,3,0.37,Low
2025-02-11,Newcastle,17,6,3.17,Medium
2025-02-11,Samarinda,9,3,1.63,Medium
2025-02-11,Richards Bay,4,3,1.08,Low
2025-02-11,Maputo,1,2,0.64,Low
2025-02-11,Norfolk,3,4,0.73,Low
2025-02-12,Paradip,13,6,3.42,Medium
2025-02-12,Visakhapatnam (Outer),2,3,0.58,Low
2025-02-12,Visakhapatnam (Inner),11,4,2.55,Medium
2025-02-12,Dhamra,3,4,0.82,Low
2025-02-12,Gangavaram,4,5,1.0,Low
2025-02-12,Haldia,12,5,4.67,High
2025-02-12,Gopalpur,4,2,0.85,Low
2025-02-12,Newcastle,15,6,3.0,Medium
2025-02-12,Samarinda,8,5,1.3,Low
2025-02-12,Richards Bay,8,5,1.71,Medium
2025-02-12,Maputo,6,4,1.39,Low
2025-02-12,Norfolk,3,3,0.65,Low
2025-02-13,Paradip,8,6,2.37,Medium
2025-02-13,Visakhapatnam (Outer),5,2,1.21,Low
2025-02-13,Visakhapatnam (Inner),9,4,2.2,Medium
2025-02-13,Dhamra,4,4,1.15,Low
2025-02-13,Gangavaram,4,1,0.98,Low
2025-02-13,Haldia,9,5,3.64,High
2025-02-13,Gopalpur,2,1,0.72,Low
2025-02-13,Newcastle,15,8,3.03,Medium
2025-02-13,Samarinda,6,6,1.12,Low
2025-02-13,Richards Bay,7,5,1.89,Medium
2025-02-13,Maputo,4,3,0.77,Low
2025-02-13,Norfolk,2,2,0.44,Low
2025-02-14,Paradip,10,5,2.62,Medium
2025-02-14,Visakhapatnam (Outer),3,5,0.97,Low
2025-02-14,Visakhapatnam (Inner),6,4,1.47,Low
2025-02-14,Dhamra,5,3,1.09,Low
2025-02-14,Gangavaram,4,4,0.78,Low
2025-02-14,Haldia,18,4,6.41,High
2025-02-14,Gopalpur,2,1,0.35,Low
2025-02-14,Newcastle,12,9,2.39,Medium
2025-02-14,Samarinda,5,4,0.96,Low
2025-02-14,Richards Bay,10,4,2.33,Medium
2025-02-14,Maputo,4,3,0.76,Low
2025-02-14,Norfolk,4,5,0.73,Low
2025-02-17,Paradip,13,6,3.53,High
2025-02-17,Visakhapatnam (Outer),5,4,1.36,Low
2025-02-17,Visakhapatnam (Inner),9,4,2.42,Medium
2025-02-17,Dhamra,5,4,1.04,Low
2025-02-17,Gangavaram,4,3,0.7,Low
2025-02-17,Haldia,17,4,6.25,High
2025-02-17,Gopalpur,3,4,0.52,Low
2025-02-17,Newcastle,21,7,3.98,High
2025-02-17,Samarinda,5,6,1.24,Low
2025-02-17,Richards Bay,7,5,1.71,Medium
2025-02-17,Maputo,3,2,0.61,Low
2025-02-17,Norfolk,4,4,0.85,Low
2025-02-18,Paradip,10,6,2.75,Medium
2025-02-18,Visakhapatnam (Outer),4,4,1.04,Low
2025-02-18,Visakhapatnam (Inner),6,6,1.66,Medium
2025-02-18,Dhamra,0,2,0.47,Low
2025-02-18,Gangavaram,3,3,0.74,Low
2025-02-18,Haldia,12,3,4.51,High
2025-02-18,Gopalpur,3,1,0.75,Low
2025-02-18,Newcastle,17,6,3.32,Medium
2025-02-18,Samarinda,9,5,1.46,Low
2025-02-18,Richards Bay,11,3,2.62,Medium
2025-02-18,Maputo,5,2,1.05,Low
2025-02-18,Norfolk,2,4,0.77,Low
2025-02-19,Paradip,10,6,2.62,Medium
2025-02-19,Visakhapatnam (Outer),5,4,1.34,Low
2025-02-19,Visakhapatnam (Inner),8,5,2.1,Medium
2025-02-19,Dhamra,4,3,1.17,Low
2025-02-19,Gangavaram,5,3,0.95,Low
2025-02-19,Haldia,9,6,3.32,Medium
2025-02-19,Gopalpur,3,3,0.62,Low
2025-02-19,Newcastle,13,11,2.7,Medium
2025-02-19,Samarinda,8,7,1.45,Low
2025-02-19,Richards Bay,8,5,1.99,Medium
2025-02-19,Maputo,4,3,0.75,Low
2025-02-19,Norfolk,3,6,0.68,Low
2025-02-20,Paradip,13,7,3.51,High
2025-02-20,Visakhapatnam (Outer),5,4,1.28,Low
2025-02-20,Visakhapatnam (Inner),8,4,2.23,Medium
2025-02-20,Dhamra,5,2,1.01,Low
2025-02-20,Gangavaram,4,1,0.87,Low
2025-02-20,Haldia,10,3,3.7,High
2025-02-20,Gopalpur,4,1,0.96,Low
2025-02-20,Newcastle,15,9,3.08,Medium
2025-02-20,Samarinda,8,6,1.37,Low
2025-02-20,Richards Bay,8,5,1.87,Medium
2025-02-20,Maputo,5,3,1.01,Low
2025-02-20,Norfolk,5,6,0.87,Low
2025-02-21,Paradip,9,5,2.66,Medium
2025-02-21,Visakhapatnam (Outer),7,4,1.89,Medium
2025-02-21,Visakhapatnam (Inner),4,3,1.32,Low
2025-02-21,Dhamra,5,4,1.33,Low
2025-02-21,Gangavaram,3,4,0.74,Low
2025-02-21,Haldia,8,5,3.08,Medium
2025-02-21,Gopalpur,2,4,0.36,Low
2025-02-21,Newcastle,17,6,3.17,Medium
2025-02-21,Samarinda,5,3,1.11,Low
2025-02-21,Richards Bay,6,6,1.67,Medium
2025-02-21,Maputo,2,3,0.82,Low
2025-02-21,Norfolk,4,4,0.85,Low
2025-02-24,Paradip,17,5,4.7,High
2025-02-24,Visakhapatnam (Outer),6,4,1.47,Low
2025-02-24,Visakhapatnam (Inner),6,4,1.43,Low
2025-02-24,Dhamra,4,5,1.18,Low
2025-02-24,Gangavaram,1,3,0.52,Low
2025-02-24,Haldia,9,4,3.65,High
2025-02-24,Gopalpur,5,2,0.96,Low
2025-02-24,Newcastle,13,9,2.73,Medium
2025-02-24,Samarinda,7,5,1.44,Low
2025-02-24,Richards Bay,9,4,2.11,Medium
2025-02-24,Maputo,3,1,0.69,Low
2025-02-24,Norfolk,4,4,0.98,Low
2025-02-25,Paradip,11,5,3.22,Medium
2025-02-25,Visakhapatnam (Outer),5,4,1.28,Low
2025-02-25,Visakhapatnam (Inner),8,4,2.03,Medium
2025-02-25,Dhamra,3,3,0.8,Low
2025-02-25,Gangavaram,4,1,0.75,Low
2025-02-25,Haldia,11,4,4.26,High
2025-02-25,Gopalpur,2,3,0.55,Low
2025-02-25,Newcastle,15,8,2.83,Medium
2025-02-25,Samarinda,7,6,1.16,Low
2025-02-25,Richards Bay,8,4,2.0,Medium
2025-02-25,Maputo,7,3,1.44,Low
2025-02-25,Norfolk,3,4,0.91,Low
2025-02-26,Paradip,9,5,2.43,Medium
2025-02-26,Visakhapatnam (Outer),5,5,1.37,Low
2025-02-26,Visakhapatnam (Inner),6,5,1.61,Medium
2025-02-26,Dhamra,4,4,1.04,Low
2025-02-26,Gangavaram,2,3,0.68,Low
2025-02-26,Haldia,10,4,3.91,High
2025-02-26,Gopalpur,2,1,0.6,Low
2025-02-26,Newcastle,9,6,1.74,Medium
2025-02-26,Samarinda,8,5,1.53,Medium
2025-02-26,Richards Bay,9,4,2.17,Medium
2025-02-26,Maputo,5,2,1.23,Low
2025-02-26,Norfolk,4,3,0.87,Low
2025-02-27,Paradip,8,8,2.39,Medium
2025-02-27,Visakhapatnam (Outer),6,4,1.55,Medium
2025-02-27,Visakhapatnam (Inner),7,4,1.91,Medium
2025-02-27,Dhamra,2,2,0.7,Low
2025-02-27,Gangavaram,4,2,0.88,Low
2025-02-27,Haldia,11,4,4.14,High
2025-02-27,Gopalpur,3,2,0.7,Low
2025-02-27,Newcastle,20,7,4.03,High
2025-02-27,Samarinda,8,5,1.65,Medium
2025-02-27,Richards Bay,12,4,2.82,Medium
2025-02-27,Maputo,5,3,1.25,Low
2025-02-27,Norfolk,4,2,0.75,Low
2025-02-28,Paradip,8,6,2.19,Medium
2025-02-28,Visakhapatnam (Outer),6,4,1.53,Medium
2025-02-28,Visakhapatnam (Inner),8,5,2.13,Medium
2025-02-28,Dhamra,5,4,1.19,Low
2025-02-28,Gangavaram,2,5,0.79,Low
2025-02-28,Haldia,9,4,3.41,Medium
2025-02-28,Gopalpur,2,1,0.61,Low
2025-02-28,Newcastle,16,9,3.01,Medium
2025-02-28,Samarinda,6,5,1.21,Low
2025-02-28,Richards Bay,4,4,1.22,Low
2025-02-28,Maputo,6,4,1.26,Low
2025-02-28,Norfolk,6,5,1.18,Low
2025-03-03,Paradip,11,5,3.11,Medium
2025-03-03,Visakhapatnam (Outer),4,5,1.22,Low
2025-03-03,Visakhapatnam (Inner),6,4,1.76,Medium
2025-03-03,Dhamra,4,4,1.08,Low
2025-03-03,Gangavaram,2,3,0.69,Low
2025-03-03,Haldia,13,6,4.72,High
2025-03-03,Gopalpur,3,3,0.64,Low
2025-03-03,Newcastle,9,9,1.73,Medium
2025-03-03,Samarinda,10,6,1.8,Medium
2025-03-03,Richards Bay,8,6,1.84,Medium
2025-03-03,Maputo,3,3,0.62,Low
2025-03-03,Norfolk,3,3,0.64,Low
2025-03-04,Paradip,8,6,2.12,Medium
2025-03-04,Visakhapatnam (Outer),7,3,1.72,Medium
2025-03-04,Visakhapatnam (Inner),7,5,1.75,Medium
2025-03-04,Dhamra,5,4,1.36,Low
2025-03-04,Gangavaram,4,3,0.96,Low
2025-03-04,Haldia,9,5,3.51,High
2025-03-04,Gopalpur,3,2,0.6,Low
2025-03-04,Newcastle,9,8,1.82,Medium
2025-03-04,Samarinda,5,4,1.2,Low
2025-03-04,Richards Bay,11,5,2.51,Medium
2025-03-04,Maputo,4,2,1.11,Low
2025-03-04,Norfolk,2,5,0.72,Low
2025-03-05,Paradip,10,5,2.72,Medium
2025-03-05,Visakhapatnam (Outer),7,5,1.75,Medium
2025-03-05,Visakhapatnam (Inner),7,5,1.85,Medium
2025-03-05,Dhamra,6,4,1.19,Low
2025-03-05,Gangavaram,2,2,0.58,Low
2025-03-05,Haldia,9,5,3.37,Medium
2025-03-05,Gopalpur,2,2,0.66,Low
2025-03-05,Newcastle,15,9,3.0,Medium
2025-03-05,Samarinda,6,5,1.3,Low
2025-03-05,Richards Bay,8,4,1.96,Medium
2025-03-05,Maputo,3,3,0.73,Low
2025-03-05,Norfolk,4,3,0.72,Low
2025-03-06,Paradip,7,5,1.97,Medium
2025-03-06,Visakhapatnam (Outer),5,4,1.4,Low
2025-03-06,Visakhapatnam (Inner),6,4,1.74,Medium
2025-03-06,Dhamra,5,5,1.11,Low
2025-03-06,Gangavaram,4,1,0.78,Low
2025-03-06,Haldia,17,4,6.39,High
2025-03-06,Gopalpur,4,2,0.76,Low
2025-03-06,Newcastle,9,8,1.75,Medium
2025-03-06,Samarinda,9,5,1.45,Low
2025-03-06,Richards Bay,9,5,2.29,Medium
2025-03-06,Maputo,4,2,0.78,Low
2025-03-06,Norfolk,4,4,0.91,Low
2025-03-07,Paradip,11,5,2.9,Medium
2025-03-07,Visakhapatnam (Outer),6,3,1.62,Medium
2025-03-07,Visakhapatnam (Inner),10,5,2.58,Medium
2025-03-07,Dhamra,4,1,1.05,Low
2025-03-07,Gangavaram,4,2,0.73,Low
2025-03-07,Haldia,7,5,2.75,Medium
2025-03-07,Gopalpur,2,1,0.69,Low
2025-03-07,Newcastle,22,6,4.24,High
2025-03-07,Samarinda,8,5,1.59,Medium
2025-03-07,Richards Bay,5,4,1.44,Low
2025-03-07,Maputo,7,3,1.5,Medium
2025-03-07,Norfolk,4,4,0.96,Low
2025-03-10,Paradip,11,5,3.02,Medium
2025-03-10,Visakhapatnam (Outer),3,3,1.03,Low
2025-03-10,Visakhapatnam (Inner),6,5,1.77,Medium
2025-03-10,Dhamra,6,4,1.18,Low
2025-03-10,Gangavaram,6,3,1.35,Low
2025-03-10,Haldia,11,4,4.01,High
2025-03-10,Gopalpur,3,2,0.8,Low
2025-03-10,Newcastle,13,8,2.45,Medium
2025-03-10,Samarinda,7,5,1.34,Low
2025-03-10,Richards Bay,10,5,2.36,Medium
2025-03-10,Maputo,4,3,1.08,Low
2025-03-10,Norfolk,3,5,0.53,Low
2025-03-11,Paradip,13,4,3.5,Medium
2025-03-11,Visakhapatnam (Outer),3,5,1.03,Low
2025-03-11,Visakhapatnam (Inner),6,3,1.73,Medium
2025-03-11,Dhamra,3,4,0.94,Low
2025-03-11,Gangavaram,3,2,0.88,Low
2025-03-11,Haldia,9,5,3.34,Medium
2025-03-11,Gopalpur,2,2,0.5,Low
2025-03-11,Newcastle,9,7,1.87,Medium
2025-03-11,Samarinda,10,6,1.79,Medium
2025-03-11,Richards Bay,10,5,2.39,Medium
2025-03-11,Maputo,5,3,0.94,Low
2025-03-11,Norfolk,3,3,0.71,Low
2025-03-12,Paradip,6,6,1.68,Medium
2025-03-12,Visakhapatnam (Outer),5,5,1.25,Low
2025-03-12,Visakhapatnam (Inner),5,6,1.23,Low
2025-03-12,Dhamra,6,2,1.36,Low
2025-03-12,Gangavaram,4,2,0.89,Low
2025-03-12,Haldia,11,3,4.16,High
2025-03-12,Gopalpur,2,2,0.46,Low
2025-03-12,Newcastle,17,8,3.23,Medium
2025-03-12,Samarinda,7,7,1.44,Low
2025-03-12,Richards Bay,7,3,1.58,Medium
2025-03-12,Maputo,4,1,0.76,Low
2025-03-12,Norfolk,6,5,0.99,Low
2025-03-13,Paradip,1,6,0.36,Low
2025-03-13,Visakhapatnam (Outer),6,3,1.52,Medium
2025-03-13,Visakhapatnam (Inner),11,4,2.74,Medium
2025-03-13,Dhamra,6,4,1.35,Low
2025-03-13,Gangavaram,1,3,0.57,Low
2025-03-13,Haldia,15,4,5.48,High
2025-03-13,Gopalpur,2,2,0.55,Low
2025-03-13,Newcastle,12,8,2.66,Medium
2025-03-13,Samarinda,8,5,1.41,Low
2025-03-13,Richards Bay,7,4,1.74,Medium
2025-03-13,Maputo,3,3,0.96,Low
2025-03-13,Norfolk,4,3,1.0,Low
2025-03-14,Paradip,11,5,3.15,Medium
2025-03-14,Visakhapatnam (Outer),3,4,0.82,Low
2025-03-14,Visakhapatnam (Inner),9,6,2.36,Medium
2025-03-14,Dhamra,5,5,1.4,Low
2025-03-14,Gangavaram,3,3,0.66,Low
2025-03-14,Haldia,17,4,6.2,High
2025-03-14,Gopalpur,3,1,0.64,Low
2025-03-14,Newcastle,17,9,3.29,Medium
2025-03-14,Samarinda,6,6,1.07,Low
2025-03-14,Richards Bay,12,7,2.59,Medium
2025-03-14,Maputo,5,2,1.04,Low
2025-03-14,Norfolk,3,3,0.55,Low
2025-03-17,Paradip,9,7,2.39,Medium
2025-03-17,Visakhapatnam (Outer),6,3,1.43,Low
2025-03-17,Visakhapatnam (Inner),10,5,2.58,Medium
2025-03-17,Dhamra,4,4,0.82,Low
2025-03-17,Gangavaram,3,2,0.78,Low
2025-03-17,Haldia,10,4,3.76,High
2025-03-17,Gopalpur,3,2,0.85,Low
2025-03-17,Newcastle,8,7,1.9,Medium
2025-03-17,Samarinda,7,6,1.35,Low
2025-03-17,Richards Bay,7,2,1.75,Medium
2025-03-17,Maputo,3,3,0.93,Low
2025-03-17,Norfolk,4,4,1.04,Low
2025-03-18,Paradip,10,6,2.94,Medium
2025-03-18,Visakhapatnam (Outer),4,4,1.24,Low
2025-03-18,Visakhapatnam (Inner),6,4,1.5,Medium
2025-03-18,Dhamra,4,2,0.93,Low
2025-03-18,Gangavaram,3,1,0.63,Low
2025-03-18,Haldia,11,5,4.18,High
2025-03-18,Gopalpur,2,2,0.47,Low
2025-03-18,Newcastle,13,10,2.52,Medium
2025-03-18,Samarinda,12,4,2.05,Medium
2025-03-18,Richards Bay,12,3,2.54,Medium
2025-03-18,Maputo,3,4,0.69,Low
2025-03-18,Norfolk,3,4,0.66,Low
2025-03-19,Paradip,9,5,2.6,Medium
2025-03-19,Visakhapatnam (Outer),3,4,1.05,Low
2025-03-19,Visakhapatnam (Inner),8,3,2.13,Medium
2025-03-19,Dhamra,5,3,1.11,Low
2025-03-19,Gangavaram,4,3,1.0,Low
2025-03-19,Haldia,11,5,4.3,High
2025-03-19,Gopalpur,3,1,0.67,Low
2025-03-19,Newcastle,11,8,2.35,Medium
2025-03-19,Samarinda,5,4,1.21,Low
2025-03-19,Richards Bay,7,5,1.78,Medium
2025-03-19,Maputo,4,2,0.99,Low
2025-03-19,Norfolk,3,2,0.86,Low
2025-03-20,Paradip,7,5,1.95,Medium
2025-03-20,Visakhapatnam (Outer),4,2,1.08,Low
2025-03-20,Visakhapatnam (Inner),6,5,1.73,Medium
2025-03-20,Dhamra,5,3,1.06,Low
2025-03-20,Gangavaram,3,2,0.85,Low
2025-03-20,Haldia,11,5,4.26,High
2025-03-20,Gopalpur,3,1,0.76,Low
2025-03-20,Newcastle,17,7,3.42,Medium
2025-03-20,Samarinda,9,5,1.75,Medium
2025-03-20,Richards Bay,6,5,1.61,Medium
2025-03-20,Maputo,2,2,0.48,Low
2025-03-20,Norfolk,4,3,1.02,Low
2025-03-21,Paradip,13,6,3.69,High
2025-03-21,Visakhapatnam (Outer),7,4,1.55,Medium
2025-03-21,Visakhapatnam (Inner),5,4,1.59,Medium
2025-03-21,Dhamra,6,4,1.43,Low
2025-03-21,Gangavaram,4,2,0.72,Low
2025-03-21,Haldia,9,3,3.64,High
2025-03-21,Gopalpur,2,2,0.49,Low
2025-03-21,Newcastle,16,9,3.28,Medium
2025-03-21,Samarinda,6,6,1.39,Low
2025-03-21,Richards Bay,11,3,2.46,Medium
2025-03-21,Maputo,4,2,1.01,Low
2025-03-21,Norfolk,3,3,0.71,Low
2025-03-24,Paradip,7,6,2.12,Medium
2025-03-24,Visakhapatnam (Outer),8,4,1.78,Medium
2025-03-24,Visakhapatnam (Inner),5,6,1.21,Low
2025-03-24,Dhamra,7,5,1.39,Low
2025-03-24,Gangavaram,2,2,0.64,Low
2025-03-24,Haldia,11,3,4.19,High
2025-03-24,Gopalpur,2,1,0.45,Low
2025-03-24,Newcastle,22,8,4.12,High
2025-03-24,Samarinda,8,6,1.45,Low
2025-03-24,Richards Bay,13,6,2.83,Medium
2025-03-24,Maputo,4,3,1.01,Low
2025-03-24,Norfolk,4,3,1.05,Low
2025-03-25,Paradip,11,6,2.86,Medium
2025-03-25,Visakhapatnam (Outer),5,3,1.33,Low
2025-03-25,Visakhapatnam (Inner),5,5,1.26,Low
2025-03-25,Dhamra,3,3,1.03,Low
2025-03-25,Gangavaram,2,2,0.43,Low
2025-03-25,Haldia,15,4,5.73,High
2025-03-25,Gopalpur,1,2,0.4,Low
2025-03-25,Newcastle,17,9,3.21,Medium
2025-03-25,Samarinda,7,6,1.26,Low
2025-03-25,Richards Bay,9,3,2.05,Medium
2025-03-25,Maputo,5,1,1.09,Low
2025-03-25,Norfolk,4,5,0.96,Low
2025-03-26,Paradip,8,6,2.22,Medium
2025-03-26,Visakhapatnam (Outer),4,2,0.94,Low
2025-03-26,Visakhapatnam (Inner),6,5,1.51,Medium
2025-03-26,Dhamra,4,4,1.05,Low
2025-03-26,Gangavaram,5,1,0.98,Low
2025-03-26,Haldia,14,5,5.09,High
2025-03-26,Gopalpur,3,1,0.76,Low
2025-03-26,Newcastle,16,6,3.28,Medium
2025-03-26,Samarinda,8,6,1.5,Medium
2025-03-26,Richards Bay,11,4,2.35,Medium
2025-03-26,Maputo,5,1,1.02,Low
2025-03-26,Norfolk,5,2,1.09,Low
2025-03-27,Paradip,7,6,2.17,Medium
2025-03-27,Visakhapatnam (Outer),4,4,1.17,Low
2025-03-27,Visakhapatnam (Inner),10,4,2.57,Medium
2025-03-27,Dhamra,3,5,0.7,Low
2025-03-27,Gangavaram,6,3,1.05,Low
2025-03-27,Haldia,12,5,4.46,High
2025-03-27,Gopalpur,2,2,0.47,Low
2025-03-27,Newcastle,20,9,4.04,High
2025-03-27,Samarinda,8,7,1.59,Medium
2025-03-27,Richards Bay,14,5,2.96,Medium
2025-03-27,Maputo,2,2,0.65,Low
2025-03-27,Norfolk,4,3,0.8,Low
2025-03-28,Paradip,9,5,2.61,Medium
2025-03-28,Visakhapatnam (Outer),7,3,1.63,Medium
2025-03-28,Visakhapatnam (Inner),6,4,1.61,Medium
2025-03-28,Dhamra,4,3,0.82,Low
2025-03-28,Gangavaram,4,1,0.85,Low
2025-03-28,Haldia,12,4,4.43,High
2025-03-28,Gopalpur,3,1,0.84,Low
2025-03-28,Newcastle,16,6,3.35,Medium
2025-03-28,Samarinda,11,6,1.79,Medium
2025-03-28,Richards Bay,6,4,1.44,Low
2025-03-28,Maputo,6,2,1.28,Low
2025-03-28,Norfolk,4,4,0.7,Low
2025-03-31,Paradip,11,5,3.03,Medium
2025-03-31,Visakhapatnam (Outer),5,2,1.45,Low
2025-03-31,Visakhapatnam (Inner),9,5,2.47,Medium
2025-03-31,Dhamra,7,5,1.69,Medium
2025-03-31,Gangavaram,1,2,0.26,Low
2025-03-31,Haldia,0,4,0.14,Low
2025-03-31,Gopalpur,3,2,0.85,Low
2025-03-31,Newcastle,15,8,2.82,Medium
2025-03-31,Samarinda,6,4,1.16,Low
2025-03-31,Richards Bay,11,4,2.41,Medium
2025-03-31,Maputo,3,3,0.78,Low
2025-03-31,Norfolk,3,5,0.65,Low
2025-04-01,Paradip,10,3,2.83,Medium
2025-04-01,Visakhapatnam (Outer),5,3,1.44,Low
2025-04-01,Visakhapatnam (Inner),8,4,2.1,Medium
2025-04-01,Dhamra,4,2,1.16,Low
2025-04-01,Gangavaram,3,4,0.94,Low
2025-04-01,Haldia,13,5,4.71,High
2025-04-01,Gopalpur,2,1,0.45,Low
2025-04-01,Newcastle,10,7,2.01,Medium
2025-04-01,Samarinda,5,5,1.14,Low
2025-04-01,Richards Bay,5,1,1.16,Low
2025-04-01,Maputo,6,2,1.22,Low
2025-04-01,Norfolk,3,4,0.82,Low
2025-04-02,Paradip,14,5,3.78,High
2025-04-02,Visakhapatnam (Outer),8,3,2.09,Medium
2025-04-02,Visakhapatnam (Inner),2,6,0.68,Low
2025-04-02,Dhamra,7,5,1.51,Medium
2025-04-02,Gangavaram,3,4,0.95,Low
2025-04-02,Haldia,6,4,2.21,Medium
2025-04-02,Gopalpur,2,1,0.42,Low
2025-04-02,Newcastle,13,8,2.45,Medium
2025-04-02,Samarinda,6,4,1.23,Low
2025-04-02,Richards Bay,9,6,2.21,Medium
2025-04-02,Maputo,5,5,1.17,Low
2025-04-02,Norfolk,4,3,0.68,Low
2025-04-03,Paradip,9,5,2.41,Medium
2025-04-03,Visakhapatnam (Outer),5,4,1.46,Low
2025-04-03,Visakhapatnam (Inner),2,5,0.64,Low
2025-04-03,Dhamra,4,4,0.84,Low
2025-04-03,Gangavaram,2,4,0.69,Low
2025-04-03,Haldia,6,4,2.26,Medium
2025-04-03,Gopalpur,3,1,0.73,Low
2025-04-03,Newcastle,16,8,3.09,Medium
2025-04-03,Samarinda,6,6,1.25,Low
2025-04-03,Richards Bay,11,5,2.38,Medium
2025-04-03,Maputo,5,2,1.03,Low
2025-04-03,Norfolk,5,4,1.1,Low
2025-04-04,Paradip,11,6,2.96,Medium
2025-04-04,Visakhapatnam (Outer),6,4,1.41,Low
2025-04-04,Visakhapatnam (Inner),8,4,2.21,Medium
2025-04-04,Dhamra,3,4,0.7,Low
2025-04-04,Gangavaram,4,2,0.73,Low
2025-04-04,Haldia,11,6,4.14,High
2025-04-04,Gopalpur,4,1,0.77,Low
2025-04-04,Newcastle,15,8,2.83,Medium
2025-04-04,Samarinda,5,6,1.23,Low
2025-04-04,Richards Bay,7,4,1.56,Medium
2025-04-04,Maputo,4,2,0.88,Low
2025-04-04,Norfolk,4,4,0.87,Low
2025-04-07,Paradip,10,4,2.94,Medium
2025-04-07,Visakhapatnam (Outer),8,4,1.98,Medium
2025-04-07,Visakhapatnam (Inner),8,4,1.87,Medium
2025-04-07,Dhamra,3,2,0.87,Low
2025-04-07,Gangavaram,3,2,0.89,Low
2025-04-07,Haldia,12,5,4.64,High
2025-04-07,Gopalpur,2,1,0.41,Low
2025-04-07,Newcastle,15,7,2.81,Medium
2025-04-07,Samarinda,7,6,1.34,Low
2025-04-07,Richards Bay,15,6,3.23,Medium
2025-04-07,Maputo,6,3,1.09,Low
2025-04-07,Norfolk,4,4,0.88,Low
2025-04-08,Paradip,11,6,2.89,Medium
2025-04-08,Visakhapatnam (Outer),5,4,1.18,Low
2025-04-08,Visakhapatnam (Inner),6,5,1.62,Medium
2025-04-08,Dhamra,6,3,1.3,Low
2025-04-08,Gangavaram,3,1,0.59,Low
2025-04-08,Haldia,15,5,5.63,High
2025-04-08,Gopalpur,3,3,0.48,Low
2025-04-08,Newcastle,10,6,2.15,Medium
2025-04-08,Samarinda,8,5,1.45,Low
2025-04-08,Richards Bay,11,4,2.7,Medium
2025-04-08,Maputo,5,2,1.0,Low
2025-04-08,Norfolk,3,3,0.91,Low
2025-04-09,Paradip,8,6,2.47,Medium
2025-04-09,Visakhapatnam (Outer),6,4,1.36,Low
2025-04-09,Visakhapatnam (Inner),8,4,2.11,Medium
2025-04-09,Dhamra,3,4,0.97,Low
2025-04-09,Gangavaram,4,2,0.92,Low
2025-04-09,Haldia,11,4,4.08,High
2025-04-09,Gopalpur,2,4,0.72,Low
2025-04-09,Newcastle,12,7,2.46,Medium
2025-04-09,Samarinda,4,6,1.05,Low
2025-04-09,Richards Bay,9,5,2.07,Medium
2025-04-09,Maputo,6,2,1.31,Low
2025-04-09,Norfolk,3,3,0.62,Low
2025-04-10,Paradip,17,7,4.46,High
2025-04-10,Visakhapatnam (Outer),4,1,1.24,Low
2025-04-10,Visakhapatnam (Inner),10,4,2.36,Medium
2025-04-10,Dhamra,3,4,0.72,Low
2025-04-10,Gangavaram,4,3,1.07,Low
2025-04-10,Haldia,7,5,2.87,Medium
2025-04-10,Gopalpur,3,2,0.67,Low
2025-04-10,Newcastle,12,8,2.63,Medium
2025-04-10,Samarinda,6,6,1.33,Low
2025-04-10,Richards Bay,10,2,2.12,Medium
2025-04-10,Maputo,4,2,0.96,Low
2025-04-10,Norfolk,3,3,0.92,Low
2025-04-11,Paradip,10,5,2.85,Medium
2025-04-11,Visakhapatnam (Outer),7,4,1.84,Medium
2025-04-11,Visakhapatnam (Inner),7,5,1.99,Medium
2025-04-11,Dhamra,4,4,1.03,Low
2025-04-11,Gangavaram,2,1,0.65,Low
2025-04-11,Haldia,5,4,2.08,Medium
2025-04-11,Gopalpur,5,1,1.05,Low
2025-04-11,Newcastle,21,9,4.2,High
2025-04-11,Samarinda,12,6,2.19,Medium
2025-04-11,Richards Bay,7,5,1.64,Medium
2025-04-11,Maputo,6,3,1.23,Low
2025-04-11,Norfolk,2,4,0.41,Low
2025-04-14,Paradip,7,8,2.16,Medium
2025-04-14,Visakhapatnam (Outer),6,3,1.39,Low
2025-04-14,Visakhapatnam (Inner),11,5,2.72,Medium
2025-04-14,Dhamra,5,4,1.34,Low
2025-04-14,Gangavaram,4,2,1.07,Low
2025-04-14,Haldia,10,5,3.87,High
2025-04-14,Gopalpur,4,1,0.74,Low
2025-04-14,Newcastle,15,6,3.16,Medium
2025-04-14,Samarinda,11,6,1.76,Medium
2025-04-14,Richards Bay,8,4,1.85,Medium
2025-04-14,Maputo,4,3,1.02,Low
2025-04-14,Norfolk,2,5,0.78,Low
2025-04-15,Paradip,9,4,2.44,Medium
2025-04-15,Visakhapatnam (Outer),3,4,0.94,Low
2025-04-15,Visakhapatnam (Inner),5,4,1.3,Low
2025-04-15,Dhamra,4,4,0.97,Low
2025-04-15,Gangavaram,4,3,1.05,Low
2025-04-15,Haldia,14,5,5.01,High
2025-04-15,Gopalpur,3,2,0.65,Low
2025-04-15,Newcastle,15,9,2.89,Medium
2025-04-15,Samarinda,7,7,1.27,Low
2025-04-15,Richards Bay,7,4,1.58,Medium
2025-04-15,Maputo,4,3,0.78,Low
2025-04-15,Norfolk,3,2,0.78,Low
2025-04-16,Paradip,11,5,2.87,Medium
2025-04-16,Visakhapatnam (Outer),5,4,1.12,Low
2025-04-16,Visakhapatnam (Inner),4,5,1.02,Low
2025-04-16,Dhamra,5,5,1.31,Low
2025-04-16,Gangavaram,3,2,0.95,Low
2025-04-16,Haldia,13,4,4.73,High
2025-04-16,Gopalpur,2,2,0.68,Low
2025-04-16,Newcastle,15,7,2.98,Medium
2025-04-16,Samarinda,4,6,0.89,Low
2025-04-16,Richards Bay,6,6,1.37,Low
2025-04-16,Maputo,4,2,1.12,Low
2025-04-16,Norfolk,4,4,0.86,Low
2025-04-17,Paradip,9,6,2.42,Medium
2025-04-17,Visakhapatnam (Outer),5,5,1.5,Medium
2025-04-17,Visakhapatnam (Inner),9,5,2.31,Medium
2025-04-17,Dhamra,5,2,1.29,Low
2025-04-17,Gangavaram,4,2,0.85,Low
2025-04-17,Haldia,5,6,2.02,Medium
2025-04-17,Gopalpur,2,1,0.47,Low
2025-04-17,Newcastle,14,7,2.9,Medium
2025-04-17,Samarinda,7,6,1.33,Low
2025-04-17,Richards Bay,5,5,1.44,Low
2025-04-17,Maputo,6,3,1.29,Low
2025-04-17,Norfolk,3,4,0.57,Low
2025-04-18,Paradip,12,5,3.15,Medium
2025-04-18,Visakhapatnam (Outer),5,4,1.11,Low
2025-04-18,Visakhapatnam (Inner),9,4,2.38,Medium
2025-04-18,Dhamra,6,4,1.21,Low
2025-04-18,Gangavaram,1,2,0.57,Low
2025-04-18,Haldia,14,5,5.11,High
2025-04-18,Gopalpur,3,2,0.7,Low
2025-04-18,Newcastle,12,9,2.45,Medium
2025-04-18,Samarinda,6,7,1.34,Low
2025-04-18,Richards Bay,12,4,2.59,Medium
2025-04-18,Maputo,5,3,1.3,Low
2025-04-18,Norfolk,2,3,0.57,Low
2025-04-21,Paradip,12,5,3.24,Medium
2025-04-21,Visakhapatnam (Outer),7,4,1.87,Medium
2025-04-21,Visakhapatnam (Inner),11,1,2.8,Medium
2025-04-21,Dhamra,5,3,1.1,Low
2025-04-21,Gangavaram,5,2,1.08,Low
2025-04-21,Haldia,13,4,4.98,High
2025-04-21,Gopalpur,3,1,0.75,Low
2025-04-21,Newcastle,20,7,3.85,High
2025-04-21,Samarinda,7,6,1.32,Low
2025-04-21,Richards Bay,5,3,1.32,Low
2025-04-21,Maputo,4,2,0.99,Low
2025-04-21,Norfolk,3,5,0.88,Low
2025-04-22,Paradip,11,5,3.21,Medium
2025-04-22,Visakhapatnam (Outer),5,5,1.33,Low
2025-04-22,Visakhapatnam (Inner),7,4,1.97,Medium
2025-04-22,Dhamra,6,4,1.5,Medium
2025-04-22,Gangavaram,4,3,1.06,Low
2025-04-22,Haldia,8,3,2.93,Medium
2025-04-22,Gopalpur,3,1,0.69,Low
2025-04-22,Newcastle,14,8,3.0,Medium
2025-04-22,Samarinda,6,6,1.25,Low
2025-04-22,Richards Bay,8,5,1.74,Medium
2025-04-22,Maputo,5,3,1.3,Low
2025-04-22,Norfolk,4,2,0.75,Low
2025-04-23,Paradip,13,4,3.58,High
2025-04-23,Visakhapatnam (Outer),7,4,1.76,Medium
2025-04-23,Visakhapatnam (Inner),8,4,2.13,Medium
2025-04-23,Dhamra,5,5,1.24,Low
2025-04-23,Gangavaram,4,3,0.76,Low
2025-04-23,Haldia,12,4,4.61,High
2025-04-23,Gopalpur,3,2,0.51,Low
2025-04-23,Newcastle,13,9,2.79,Medium
2025-04-23,Samarinda,8,7,1.39,Low
2025-04-23,Richards Bay,6,3,1.35,Low
2025-04-23,Maputo,4,1,0.88,Low
2025-04-23,Norfolk,4,4,1.03,Low
2025-04-24,Paradip,13,6,3.73,High
2025-04-24,Visakhapatnam (Outer),7,2,1.7,Medium
2025-04-24,Visakhapatnam (Inner),7,5,1.9,Medium
2025-04-24,Dhamra,3,5,0.84,Low
2025-04-24,Gangavaram,5,2,1.2,Low
2025-04-24,Haldia,9,3,3.54,High
2025-04-24,Gopalpur,2,1,0.44,Low
2025-04-24,Newcastle,14,7,2.85,Medium
2025-04-24,Samarinda,8,5,1.65,Medium
2025-04-24,Richards Bay,8,4,1.77,Medium
2025-04-24,Maputo,4,1,0.99,Low
2025-04-24,Norfolk,5,3,1.02,Low
2025-04-25,Paradip,11,5,2.93,Medium
2025-04-25,Visakhapatnam (Outer),9,6,1.97,Medium
2025-04-25,Visakhapatnam (Inner),7,6,1.75,Medium
2025-04-25,Dhamra,3,4,0.88,Low
2025-04-25,Gangavaram,4,3,0.72,Low
2025-04-25,Haldia,12,5,4.49,High
2025-04-25,Gopalpur,2,3,0.7,Low
2025-04-25,Newcastle,15,7,2.88,Medium
2025-04-25,Samarinda,7,7,1.45,Low
2025-04-25,Richards Bay,10,4,2.32,Medium
2025-04-25,Maputo,3,1,0.95,Low
2025-04-25,Norfolk,3,3,0.9,Low
2025-04-28,Paradip,9,4,2.51,Medium
2025-04-28,Visakhapatnam (Outer),5,6,1.34,Low
2025-04-28,Visakhapatnam (Inner),10,4,2.66,Medium
2025-04-28,Dhamra,3,4,0.67,Low
2025-04-28,Gangavaram,4,1,0.73,Low
2025-04-28,Haldia,14,6,5.25,High
2025-04-28,Gopalpur,3,1,0.85,Low
2025-04-28,Newcastle,20,6,4.08,High
2025-04-28,Samarinda,9,5,1.5,Medium
2025-04-28,Richards Bay,10,3,2.29,Medium
2025-04-28,Maputo,3,3,0.64,Low
2025-04-28,Norfolk,2,4,0.74,Low
2025-04-29,Paradip,9,6,2.68,Medium
2025-04-29,Visakhapatnam (Outer),5,3,1.3,Low
2025-04-29,Visakhapatnam (Inner),6,4,1.5,Medium
2025-04-29,Dhamra,3,5,0.68,Low
2025-04-29,Gangavaram,4,3,0.78,Low
2025-04-29,Haldia,15,3,5.7,High
2025-04-29,Gopalpur,3,2,0.59,Low
2025-04-29,Newcastle,17,7,3.3,Medium
2025-04-29,Samarinda,6,3,1.05,Low
2025-04-29,Richards Bay,8,4,1.81,Medium
2025-04-29,Maputo,4,3,1.07,Low
2025-04-29,Norfolk,6,4,1.05,Low
2025-04-30,Paradip,8,4,2.11,Medium
2025-04-30,Visakhapatnam (Outer),5,4,1.39,Low
2025-04-30,Visakhapatnam (Inner),4,3,1.37,Low
2025-04-30,Dhamra,5,1,1.24,Low
2025-04-30,Gangavaram,3,2,0.87,Low
2025-04-30,Haldia,9,4,3.4,Medium
2025-04-30,Gopalpur,2,4,0.52,Low
2025-04-30,Newcastle,22,7,4.11,High
2025-04-30,Samarinda,8,4,1.32,Low
2025-04-30,Richards Bay,8,3,1.72,Medium
2025-04-30,Maputo,4,2,0.75,Low
2025-04-30,Norfolk,4,3,0.78,Low
2025-05-01,Paradip,8,5,2.24,Medium
2025-05-01,Visakhapatnam (Outer),5,3,1.48,Low
2025-05-01,Visakhapatnam (Inner),7,6,1.8,Medium
2025-05-01,Dhamra,4,4,1.02,Low
2025-05-01,Gangavaram,2,1,0.57,Low
2025-05-01,Haldia,12,4,4.59,High
2025-05-01,Gopalpur,3,3,0.54,Low
2025-05-01,Newcastle,20,7,3.78,High
2025-05-01,Samarinda,5,6,1.12,Low
2025-05-01,Richards Bay,9,4,2.03,Medium
2025-05-01,Maputo,4,2,0.92,Low
2025-05-01,Norfolk,3,5,0.88,Low
2025-05-02,Paradip,7,6,2.03,Medium
2025-05-02,Visakhapatnam (Outer),7,3,1.66,Medium
2025-05-02,Visakhapatnam (Inner),9,6,2.14,Medium
2025-05-02,Dhamra,5,3,1.04,Low
2025-05-02,Gangavaram,5,4,1.06,Low
2025-05-02,Haldia,14,4,5.24,High
2025-05-02,Gopalpur,2,1,0.4,Low
2025-05-02,Newcastle,27,7,5.29,High
2025-05-02,Samarinda,11,5,2.14,Medium
2025-05-02,Richards Bay,7,4,1.87,Medium
2025-05-02,Maputo,4,2,1.05,Low
2025-05-02,Norfolk,4,4,0.73,Low
2025-05-05,Paradip,8,5,2.35,Medium
2025-05-05,Visakhapatnam (Outer),4,3,1.03,Low
2025-05-05,Visakhapatnam (Inner),12,6,2.99,Medium
2025-05-05,Dhamra,2,4,0.52,Low
2025-05-05,Gangavaram,4,3,0.76,Low
2025-05-05,Haldia,12,4,4.33,High
2025-05-05,Gopalpur,2,2,0.69,Low
2025-05-05,Newcastle,11,8,2.13,Medium
2025-05-05,Samarinda,7,6,1.52,Medium
2025-05-05,Richards Bay,6,5,1.42,Low
2025-05-05,Maputo,5,2,0.95,Low
2025-05-05,Norfolk,2,3,0.39,Low
2025-05-06,Paradip,8,7,2.41,Medium
2025-05-06,Visakhapatnam (Outer),6,4,1.62,Medium
2025-05-06,Visakhapatnam (Inner),5,4,1.29,Low
2025-05-06,Dhamra,3,4,1.03,Low
2025-05-06,Gangavaram,5,3,0.86,Low
2025-05-06,Haldia,12,5,4.49,High
2025-05-06,Gopalpur,2,1,0.67,Low
2025-05-06,Newcastle,15,7,2.87,Medium
2025-05-06,Samarinda,6,7,1.11,Low
2025-05-06,Richards Bay,10,4,2.4,Medium
2025-05-06,Maputo,4,3,0.98,Low
2025-05-06,Norfolk,3,2,0.91,Low
2025-05-07,Paradip,8,5,2.35,Medium
2025-05-07,Visakhapatnam (Outer),6,4,1.46,Low
2025-05-07,Visakhapatnam (Inner),10,5,2.53,Medium
2025-05-07,Dhamra,4,3,0.83,Low
2025-05-07,Gangavaram,2,2,0.78,Low
2025-05-07,Haldia,10,4,3.77,High
2025-05-07,Gopalpur,2,1,0.35,Low
2025-05-07,Newcastle,16,7,3.23,Medium
2025-05-07,Samarinda,12,6,2.19,Medium
2025-05-07,Richards Bay,11,6,2.67,Medium
2025-05-07,Maputo,4,3,0.97,Low
2025-05-07,Norfolk,3,5,0.72,Low
2025-05-08,Paradip,5,5,1.54,Medium
2025-05-08,Visakhapatnam (Outer),5,3,1.12,Low
2025-05-08,Visakhapatnam (Inner),6,7,1.66,Medium
2025-05-08,Dhamra,3,3,0.66,Low
2025-05-08,Gangavaram,4,2,0.75,Low
2025-05-08,Haldia,15,5,5.62,High
2025-05-08,Gopalpur,3,2,0.71,Low
2025-05-08,Newcastle,13,7,2.68,Medium
2025-05-08,Samarinda,9,5,1.47,Low
2025-05-08,Richards Bay,5,3,1.35,Low
2025-05-08,Maputo,5,3,0.96,Low
2025-05-08,Norfolk,2,5,0.45,Low
2025-05-09,Paradip,7,7,2.24,Medium
2025-05-09,Visakhapatnam (Outer),6,2,1.55,Medium
2025-05-09,Visakhapatnam (Inner),6,4,1.7,Medium
2025-05-09,Dhamra,4,2,0.92,Low
2025-05-09,Gangavaram,2,3,0.44,Low
2025-05-09,Haldia,13,4,5.04,High
2025-05-09,Gopalpur,4,1,0.83,Low
2025-05-09,Newcastle,22,10,4.46,High
2025-05-09,Samarinda,10,6,1.96,Medium
2025-05-09,Richards Bay,7,4,1.73,Medium
2025-05-09,Maputo,4,2,1.1,Low
2025-05-09,Norfolk,3,4,0.7,Low
2025-05-12,Paradip,9,6,2.65,Medium
2025-05-12,Visakhapatnam (Outer),7,2,1.83,Medium
2025-05-12,Visakhapatnam (Inner),11,3,2.63,Medium
2025-05-12,Dhamra,3,4,0.92,Low
2025-05-12,Gangavaram,4,3,0.73,Low
2025-05-12,Haldia,12,5,4.66,High
2025-05-12,Gopalpur,3,2,0.73,Low
2025-05-12,Newcastle,10,10,2.22,Medium
2025-05-12,Samarinda,5,5,0.99,Low
2025-05-12,Richards Bay,9,4,2.04,Medium
2025-05-12,Maputo,5,3,0.94,Low
2025-05-12,Norfolk,4,5,0.91,Low
2025-05-13,Paradip,8,5,2.28,Medium
2025-05-13,Visakhapatnam (Outer),6,2,1.49,Low
2025-05-13,Visakhapatnam (Inner),11,3,2.84,Medium
2025-05-13,Dhamra,2,4,0.78,Low
2025-05-13,Gangavaram,4,2,1.04,Low
2025-05-13,Haldia,13,4,4.73,High
2025-05-13,Gopalpur,3,4,0.71,Low
2025-05-13,Newcastle,12,5,2.52,Medium
2025-05-13,Samarinda,7,6,1.48,Low
2025-05-13,Richards Bay,14,5,3.12,Medium
2025-05-13,Maputo,2,2,0.54,Low
2025-05-13,Norfolk,3,4,0.8,Low
2025-05-14,Paradip,13,5,3.52,High
2025-05-14,Visakhapatnam (Outer),3,2,0.71,Low
2025-05-14,Visakhapatnam (Inner),6,4,1.74,Medium
2025-05-14,Dhamra,3,4,0.93,Low
2025-05-14,Gangavaram,2,2,0.76,Low
2025-05-14,Haldia,11,4,4.01,High
2025-05-14,Gopalpur,3,3,0.65,Low
2025-05-14,Newcastle,14,9,2.77,Medium
2025-05-14,Samarinda,6,7,1.19,Low
2025-05-14,Richards Bay,10,3,2.24,Medium
2025-05-14,Maputo,2,3,0.73,Low
2025-05-14,Norfolk,2,6,0.54,Low
2025-05-15,Paradip,14,5,3.71,High
2025-05-15,Visakhapatnam (Outer),6,3,1.57,Medium
2025-05-15,Visakhapatnam (Inner),6,5,1.53,Medium
2025-05-15,Dhamra,7,4,1.58,Medium
2025-05-15,Gangavaram,4,3,1.01,Low
2025-05-15,Haldia,8,5,3.19,Medium
2025-05-15,Gopalpur,2,1,0.44,Low
2025-05-15,Newcastle,21,7,3.93,High
2025-05-15,Samarinda,8,6,1.32,Low
2025-05-15,Richards Bay,8,3,1.83,Medium
2025-05-15,Maputo,3,4,0.98,Low
2025-05-15,Norfolk,3,3,0.55,Low
2025-05-16,Paradip,5,6,1.62,Medium
2025-05-16,Visakhapatnam (Outer),3,5,1.04,Low
2025-05-16,Visakhapatnam (Inner),9,6,2.31,Medium
2025-05-16,Dhamra,5,5,1.32,Low
2025-05-16,Gangavaram,2,1,0.47,Low
2025-05-16,Haldia,6,5,2.45,Medium
2025-05-16,Gopalpur,3,1,0.78,Low
2025-05-16,Newcastle,16,7,3.19,Medium
2025-05-16,Samarinda,9,5,1.7,Medium
2025-05-16,Richards Bay,13,4,2.9,Medium
2025-05-16,Maputo,3,2,0.69,Low
2025-05-16,Norfolk,3,4,0.76,Low
2025-05-19,Paradip,7,6,1.86,Medium
2025-05-19,Visakhapatnam (Outer),5,5,1.31,Low
2025-05-19,Visakhapatnam (Inner),7,5,1.85,Medium
2025-05-19,Dhamra,5,5,1.32,Low
2025-05-19,Gangavaram,3,3,0.62,Low
2025-05-19,Haldia,8,3,2.94,Medium
2025-05-19,Gopalpur,2,3,0.68,Low
2025-05-19,Newcastle,13,8,2.64,Medium
2025-05-19,Samarinda,10,7,1.78,Medium
2025-05-19,Richards Bay,10,6,2.3,Medium
2025-05-19,Maputo,5,2,1.2,Low
2025-05-19,Norfolk,5,3,0.88,Low
2025-05-20,Paradip,4,5,1.41,Low
2025-05-20,Visakhapatnam (Outer),3,3,1.0,Low
2025-05-20,Visakhapatnam (Inner),3,4,0.91,Low
2025-05-20,Dhamra,4,2,0.88,Low
2025-05-20,Gangavaram,3,2,0.86,Low
2025-05-20,Haldia,8,4,3.09,Medium
2025-05-20,Gopalpur,3,2,0.77,Low
2025-05-20,Newcastle,13,7,2.81,Medium
2025-05-20,Samarinda,7,3,1.24,Low
2025-05-20,Richards Bay,6,5,1.67,Medium
2025-05-20,Maputo,5,2,1.12,Low
2025-05-20,Norfolk,4,5,0.92,Low
2025-05-21,Paradip,12,6,3.27,Medium
2025-05-21,Visakhapatnam (Outer),8,3,2.04,Medium
2025-05-21,Visakhapatnam (Inner),6,6,1.69,Medium
2025-05-21,Dhamra,6,4,1.49,Low
2025-05-21,Gangavaram,4,1,1.05,Low
2025-05-21,Haldia,12,5,4.7,High
2025-05-21,Gopalpur,1,1,0.23,Low
2025-05-21,Newcastle,14,7,2.97,Medium
2025-05-21,Samarinda,7,7,1.4,Low
2025-05-21,Richards Bay,10,4,2.23,Medium
2025-05-21,Maputo,5,4,1.08,Low
2025-05-21,Norfolk,5,5,1.05,Low
2025-05-22,Paradip,14,5,3.79,High
2025-05-22,Visakhapatnam (Outer),5,2,1.37,Low
2025-05-22,Visakhapatnam (Inner),11,5,2.76,Medium
2025-05-22,Dhamra,5,1,1.22,Low
2025-05-22,Gangavaram,6,4,1.04,Low
2025-05-22,Haldia,9,5,3.42,Medium
2025-05-22,Gopalpur,2,2,0.7,Low
2025-05-22,Newcastle,18,9,3.45,Medium
2025-05-22,Samarinda,8,5,1.68,Medium
2025-05-22,Richards Bay,8,6,1.97,Medium
2025-05-22,Maputo,5,1,1.13,Low
2025-05-22,Norfolk,4,4,0.93,Low
2025-05-23,Paradip,14,4,3.67,High
2025-05-23,Visakhapatnam (Outer),4,5,1.03,Low
2025-05-23,Visakhapatnam (Inner),4,5,1.29,Low
2025-05-23,Dhamra,3,4,0.91,Low
2025-05-23,Gangavaram,2,3,0.47,Low
2025-05-23,Haldia,15,5,5.52,High
2025-05-23,Gopalpur,3,2,0.81,Low
2025-05-23,Newcastle,10,7,1.95,Medium
2025-05-23,Samarinda,5,7,0.94,Low
2025-05-23,Richards Bay,8,5,1.88,Medium
2025-05-23,Maputo,6,2,1.32,Low
2025-05-23,Norfolk,4,3,0.85,Low
2025-05-26,Paradip,10,6,2.61,Medium
2025-05-26,Visakhapatnam (Outer),5,4,1.38,Low
2025-05-26,Visakhapatnam (Inner),6,7,1.61,Medium
2025-05-26,Dhamra,4,3,0.94,Low
2025-05-26,Gangavaram,2,1,0.64,Low
2025-05-26,Haldia,3,5,1.43,Low
2025-05-26,Gopalpur,2,2,0.51,Low
2025-05-26,Newcastle,10,9,1.98,Medium
2025-05-26,Samarinda,9,7,1.75,Medium
2025-05-26,Richards Bay,5,6,1.44,Low
2025-05-26,Maputo,5,3,1.05,Low
2025-05-26,Norfolk,3,3,0.67,Low
2025-05-27,Paradip,7,6,2.25,Medium
2025-05-27,Visakhapatnam (Outer),6,3,1.59,Medium
2025-05-27,Visakhapatnam (Inner),5,6,1.33,Low
2025-05-27,Dhamra,5,4,1.02,Low
2025-05-27,Gangavaram,5,2,1.06,Low
2025-05-27,Haldia,9,4,3.65,High
2025-05-27,Gopalpur,2,1,0.64,Low
2025-05-27,Newcastle,21,7,4.11,High
2025-05-27,Samarinda,9,7,1.7,Medium
2025-05-27,Richards Bay,12,5,2.58,Medium
2025-05-27,Maputo,5,3,1.29,Low
2025-05-27,Norfolk,2,3,0.54,Low
2025-05-28,Paradip,11,6,3.11,Medium
2025-05-28,Visakhapatnam (Outer),6,4,1.37,Low
2025-05-28,Visakhapatnam (Inner),8,6,1.89,Medium
2025-05-28,Dhamra,4,4,1.07,Low
2025-05-28,Gangavaram,4,4,0.99,Low
2025-05-28,Haldia,4,5,1.77,Medium
2025-05-28,Gopalpur,2,1,0.46,Low
2025-05-28,Newcastle,16,9,3.1,Medium
2025-05-28,Samarinda,10,5,1.76,Medium
2025-05-28,Richards Bay,7,5,1.76,Medium
2025-05-28,Maputo,3,4,0.77,Low
2025-05-28,Norfolk,2,4,0.52,Low
2025-05-29,Paradip,13,5,3.43,Medium
2025-05-29,Visakhapatnam (Outer),5,2,1.22,Low
2025-05-29,Visakhapatnam (Inner),6,3,1.48,Low
2025-05-29,Dhamra,3,1,0.94,Low
2025-05-29,Gangavaram,3,3,0.71,Low
2025-05-29,Haldia,13,4,4.92,High
2025-05-29,Gopalpur,2,1,0.56,Low
2025-05-29,Newcastle,13,8,2.5,Medium
2025-05-29,Samarinda,6,4,1.14,Low
2025-05-29,Richards Bay,6,5,1.54,Medium
2025-05-29,Maputo,3,4,0.92,Low
2025-05-29,Norfolk,3,2,0.52,Low
2025-05-30,Paradip,11,6,2.95,Medium
2025-05-30,Visakhapatnam (Outer),5,3,1.29,Low
2025-05-30,Visakhapatnam (Inner),6,3,1.64,Medium
2025-05-30,Dhamra,4,3,1.15,Low
2025-05-30,Gangavaram,4,2,1.05,Low
2025-05-30,Haldia,8,5,3.13,Medium
2025-05-30,Gopalpur,2,2,0.65,Low
2025-05-30,Newcastle,12,8,2.48,Medium
2025-05-30,Samarinda,9,6,1.79,Medium
2025-05-30,Richards Bay,11,4,2.53,Medium
2025-05-30,Maputo,5,2,1.07,Low
2025-05-30,Norfolk,3,2,0.74,Low
2025-06-02,Paradip,14,5,3.66,High
2025-06-02,Visakhapatnam (Outer),9,4,2.07,Medium
2025-06-02,Visakhapatnam (Inner),8,6,2.02,Medium
2025-06-02,Dhamra,6,4,1.24,Low
2025-06-02,Gangavaram,4,4,0.81,Low
2025-06-02,Haldia,14,3,5.29,High
2025-06-02,Gopalpur,5,2,0.93,Low
2025-06-02,Newcastle,13,6,2.73,Medium
2025-06-02,Samarinda,8,5,1.55,Medium
2025-06-02,Richards Bay,6,5,1.35,Low
2025-06-02,Maputo,4,2,0.81,Low
2025-06-02,Norfolk,5,3,0.87,Low
2025-06-03,Paradip,11,5,2.98,Medium
2025-06-03,Visakhapatnam (Outer),8,2,1.93,Medium
2025-06-03,Visakhapatnam (Inner),13,5,2.96,Medium
2025-06-03,Dhamra,4,3,1.07,Low
2025-06-03,Gangavaram,6,3,1.39,Low
2025-06-03,Haldia,18,5,6.46,High
2025-06-03,Gopalpur,4,3,0.79,Low
2025-06-03,Newcastle,15,9,2.93,Medium
2025-06-03,Samarinda,7,4,1.25,Low
2025-06-03,Richards Bay,8,5,1.84,Medium
2025-06-03,Maputo,8,2,1.46,Low
2025-06-03,Norfolk,2,2,0.74,Low
2025-06-04,Paradip,12,6,3.37,Medium
2025-06-04,Visakhapatnam (Outer),7,2,1.84,Medium
2025-06-04,Visakhapatnam (Inner),9,5,2.47,Medium
2025-06-04,Dhamra,6,2,1.42,Low
2025-06-04,Gangavaram,5,1,1.23,Low
2025-06-04,Haldia,18,3,6.71,High
2025-06-04,Gopalpur,3,1,0.68,Low
2025-06-04,Newcastle,18,8,3.68,High
2025-06-04,Samarinda,10,3,1.98,Medium
2025-06-04,Richards Bay,9,2,1.91,Medium
2025-06-04,Maputo,3,1,0.91,Low
2025-06-04,Norfolk,5,2,0.82,Low
2025-06-05,Paradip,12,4,3.46,Medium
2025-06-05,Visakhapatnam (Outer),7,4,1.54,Medium
2025-06-05,Visakhapatnam (Inner),9,6,2.37,Medium
2025-06-05,Dhamra,5,4,1.1,Low
2025-06-05,Gangavaram,5,4,1.21,Low
2025-06-05,Haldia,19,5,6.82,High
2025-06-05,Gopalpur,4,3,0.84,Low
2025-06-05,Newcastle,16,6,3.24,Medium
2025-06-05,Samarinda,5,8,0.99,Low
2025-06-05,Richards Bay,11,4,2.3,Medium
2025-06-05,Maputo,3,4,0.82,Low
2025-06-05,Norfolk,2,3,0.72,Low
2025-06-06,Paradip,11,5,2.94,Medium
2025-06-06,Visakhapatnam (Outer),7,2,1.66,Medium
2025-06-06,Visakhapatnam (Inner),11,4,2.76,Medium
2025-06-06,Dhamra,6,3,1.37,Low
2025-06-06,Gangavaram,3,1,0.7,Low
2025-06-06,Haldia,14,5,5.38,High
2025-06-06,Gopalpur,3,2,0.82,Low
2025-06-06,Newcastle,19,8,3.74,High
2025-06-06,Samarinda,9,5,1.76,Medium
2025-06-06,Richards Bay,7,4,1.64,Medium
2025-06-06,Maputo,6,2,1.16,Low
2025-06-06,Norfolk,3,3,0.89,Low
2025-06-09,Paradip,14,7,3.7,High
2025-06-09,Visakhapatnam (Outer),7,3,1.68,Medium
2025-06-09,Visakhapatnam (Inner),11,5,2.75,Medium
2025-06-09,Dhamra,8,3,1.74,Medium
2025-06-09,Gangavaram,4,2,0.94,Low
2025-06-09,Haldia,13,4,4.7,High
2025-06-09,Gopalpur,3,1,0.66,Low
2025-06-09,Newcastle,15,8,2.91,Medium
2025-06-09,Samarinda,7,5,1.54,Medium
2025-06-09,Richards Bay,6,3,1.43,Low
2025-06-09,Maputo,5,2,1.08,Low
2025-06-09,Norfolk,4,2,0.83,Low
2025-06-10,Paradip,14,5,3.9,High
2025-06-10,Visakhapatnam (Outer),8,3,1.93,Medium
2025-06-10,Visakhapatnam (Inner),10,6,2.5,Medium
2025-06-10,Dhamra,6,4,1.44,Low
2025-06-10,Gangavaram,5,1,1.08,Low
2025-06-10,Haldia,14,5,5.12,High
2025-06-10,Gopalpur,4,2,0.66,Low
2025-06-10,Newcastle,20,6,3.95,High
2025-06-10,Samarinda,8,6,1.43,Low
2025-06-10,Richards Bay,10,2,2.2,Medium
2025-06-10,Maputo,5,4,1.27,Low
2025-06-10,Norfolk,3,2,0.92,Low
2025-06-11,Paradip,12,5,3.1,Medium
2025-06-11,Visakhapatnam (Outer),8,4,1.71,Medium
2025-06-11,Visakhapatnam (Inner),8,5,1.87,Medium
2025-06-11,Dhamra,5,4,1.03,Low
2025-06-11,Gangavaram,5,2,1.14,Low
2025-06-11,Haldia,19,3,6.79,High
2025-06-11,Gopalpur,3,3,0.76,Low
2025-06-11,Newcastle,16,8,3.18,Medium
2025-06-11,Samarinda,5,6,0.86,Low
2025-06-11,Richards Bay,9,3,2.02,Medium
2025-06-11,Maputo,5,1,1.04,Low
2025-06-11,Norfolk,4,3,0.87,Low
2025-06-12,Paradip,10,6,2.79,Medium
2025-06-12,Visakhapatnam (Outer),8,2,1.94,Medium
2025-06-12,Visakhapatnam (Inner),11,4,2.57,Medium
2025-06-12,Dhamra,8,2,1.79,Medium
2025-06-12,Gangavaram,4,1,0.89,Low
2025-06-12,Haldia,13,3,5.05,High
2025-06-12,Gopalpur,4,1,0.62,Low
2025-06-12,Newcastle,15,7,2.86,Medium
2025-06-12,Samarinda,9,5,1.77,Medium
2025-06-12,Richards Bay,6,3,1.46,Low
2025-06-12,Maputo,5,2,1.27,Low
2025-06-12,Norfolk,3,3,0.63,Low
2025-06-13,Paradip,13,5,3.35,Medium
2025-06-13,Visakhapatnam (Outer),9,3,1.91,Medium
2025-06-13,Visakhapatnam (Inner),13,4,3.08,Medium
2025-06-13,Dhamra,5,6,1.13,Low
2025-06-13,Gangavaram,3,4,0.75,Low
2025-06-13,Haldia,16,4,6.03,High
2025-06-13,Gopalpur,3,1,0.54,Low
2025-06-13,Newcastle,15,9,2.99,Medium
2025-06-13,Samarinda,10,6,1.69,Medium
2025-06-13,Richards Bay,9,6,1.94,Medium
2025-06-13,Maputo,7,1,1.44,Low
2025-06-13,Norfolk,5,4,1.14,Low
2025-06-16,Paradip,12,7,3.32,Medium
2025-06-16,Visakhapatnam (Outer),5,3,1.39,Low
2025-06-16,Visakhapatnam (Inner),11,7,2.66,Medium
2025-06-16,Dhamra,6,2,1.44,Low
2025-06-16,Gangavaram,4,4,1.06,Low
2025-06-16,Haldia,19,3,7.1,High
2025-06-16,Gopalpur,3,1,0.61,Low
2025-06-16,Newcastle,14,9,2.86,Medium
2025-06-16,Samarinda,7,6,1.41,Low
2025-06-16,Richards Bay,7,5,1.84,Medium
2025-06-16,Maputo,6,3,1.4,Low
2025-06-16,Norfolk,3,3,0.6,Low
2025-06-17,Paradip,15,5,4.01,High
2025-06-17,Visakhapatnam (Outer),8,5,1.86,Medium
2025-06-17,Visakhapatnam (Inner),9,5,2.13,Medium
2025-06-17,Dhamra,6,3,1.49,Low
2025-06-17,Gangavaram,5,4,1.16,Low
2025-06-17,Haldia,15,4,5.38,High
2025-06-17,Gopalpur,2,3,0.46,Low
2025-06-17,Newcastle,16,9,3.36,Medium
2025-06-17,Samarinda,9,5,1.65,Medium
2025-06-17,Richards Bay,8,5,1.79,Medium
2025-06-17,Maputo,2,2,0.7,Low
2025-06-17,Norfolk,3,2,0.81,Low
2025-06-18,Paradip,11,5,3.13,Medium
2025-06-18,Visakhapatnam (Outer),7,3,1.64,Medium
2025-06-18,Visakhapatnam (Inner),10,6,2.54,Medium
2025-06-18,Dhamra,5,4,1.33,Low
2025-06-18,Gangavaram,5,4,1.07,Low
2025-06-18,Haldia,19,6,6.8,High
2025-06-18,Gopalpur,3,2,0.7,Low
2025-06-18,Newcastle,18,8,3.41,Medium
2025-06-18,Samarinda,4,5,0.99,Low
2025-06-18,Richards Bay,8,6,2.02,Medium
2025-06-18,Maputo,4,3,1.05,Low
2025-06-18,Norfolk,2,2,0.51,Low
2025-06-19,Paradip,8,5,2.31,Medium
2025-06-19,Visakhapatnam (Outer),3,2,1.05,Low
2025-06-19,Visakhapatnam (Inner),8,5,2.23,Medium
2025-06-19,Dhamra,5,2,1.37,Low
2025-06-19,Gangavaram,5,2,0.86,Low
2025-06-19,Haldia,12,4,4.64,High
2025-06-19,Gopalpur,4,3,0.77,Low
2025-06-19,Newcastle,10,6,1.97,Medium
2025-06-19,Samarinda,10,6,1.88,Medium
2025-06-19,Richards Bay,8,3,2.01,Medium
2025-06-19,Maputo,3,4,0.8,Low
2025-06-19,Norfolk,3,3,0.84,Low
2025-06-20,Paradip,13,5,3.52,High
2025-06-20,Visakhapatnam (Outer),8,5,1.84,Medium
2025-06-20,Visakhapatnam (Inner),11,6,2.65,Medium
2025-06-20,Dhamra,6,3,1.19,Low
2025-06-20,Gangavaram,5,5,0.87,Low
2025-06-20,Haldia,15,5,5.67,High
2025-06-20,Gopalpur,3,1,0.53,Low
2025-06-20,Newcastle,19,9,3.91,High
2025-06-20,Samarinda,7,5,1.4,Low
2025-06-20,Richards Bay,5,4,1.1,Low
2025-06-20,Maputo,5,1,0.95,Low
2025-06-20,Norfolk,5,4,1.17,Low
2025-06-23,Paradip,16,6,4.34,High
2025-06-23,Visakhapatnam (Outer),9,4,2.08,Medium
2025-06-23,Visakhapatnam (Inner),11,3,2.8,Medium
2025-06-23,Dhamra,8,3,1.93,Medium
2025-06-23,Gangavaram,5,2,1.07,Low
2025-06-23,Haldia,19,3,6.94,High
2025-06-23,Gopalpur,4,2,0.73,Low
2025-06-23,Newcastle,14,6,2.97,Medium
2025-06-23,Samarinda,11,6,1.93,Medium
2025-06-23,Richards Bay,10,2,2.33,Medium
2025-06-23,Maputo,5,4,1.29,Low
2025-06-23,Norfolk,4,4,0.71,Low
2025-06-24,Paradip,11,4,3.06,Medium
2025-06-24,Visakhapatnam (Outer),8,3,2.08,Medium
2025-06-24,Visakhapatnam (Inner),6,3,1.66,Medium
2025-06-24,Dhamra,7,3,1.4,Low
2025-06-24,Gangavaram,4,3,1.0,Low
2025-06-24,Haldia,17,5,6.09,High
2025-06-24,Gopalpur,3,1,0.74,Low
2025-06-24,Newcastle,18,7,3.49,Medium
2025-06-24,Samarinda,10,5,2.0,Medium
2025-06-24,Richards Bay,11,4,2.33,Medium
2025-06-24,Maputo,3,2,0.97,Low
2025-06-24,Norfolk,4,5,0.92,Low
2025-06-25,Paradip,11,5,3.16,Medium
2025-06-25,Visakhapatnam (Outer),10,5,2.16,Medium
2025-06-25,Visakhapatnam (Inner),9,6,2.43,Medium
2025-06-25,Dhamra,8,2,1.91,Medium
2025-06-25,Gangavaram,4,3,0.86,Low
2025-06-25,Haldia,20,5,7.49,High
2025-06-25,Gopalpur,4,2,0.78,Low
2025-06-25,Newcastle,12,7,2.41,Medium
2025-06-25,Samarinda,8,5,1.46,Low
2025-06-25,Richards Bay,14,4,3.03,Medium
2025-06-25,Maputo,5,3,0.98,Low
2025-06-25,Norfolk,3,4,0.9,Low
2025-06-26,Paradip,12,4,3.39,Medium
2025-06-26,Visakhapatnam (Outer),7,4,1.68,Medium
2025-06-26,Visakhapatnam (Inner),13,4,3.0,Medium
2025-06-26,Dhamra,6,2,1.49,Low
2025-06-26,Gangavaram,4,3,0.94,Low
2025-06-26,Haldia,16,3,5.9,High
2025-06-26,Gopalpur,4,1,0.59,Low
2025-06-26,Newcastle,5,9,1.16,Low
2025-06-26,Samarinda,7,6,1.34,Low
2025-06-26,Richards Bay,10,4,2.3,Medium
2025-06-26,Maputo,4,3,1.11,Low
2025-06-26,Norfolk,4,4,0.91,Low
2025-06-27,Paradip,11,6,2.98,Medium
2025-06-27,Visakhapatnam (Outer),7,3,1.76,Medium
2025-06-27,Visakhapatnam (Inner),12,4,3.03,Medium
2025-06-27,Dhamra,5,3,1.05,Low
2025-06-27,Gangavaram,5,1,1.03,Low
2025-06-27,Haldia,15,4,5.74,High
2025-06-27,Gopalpur,6,1,1.1,Low
2025-06-27,Newcastle,12,9,2.37,Medium
2025-06-27,Samarinda,6,7,1.06,Low
2025-06-27,Richards Bay,14,4,3.27,Medium
2025-06-27,Maputo,4,2,0.78,Low
2025-06-27,Norfolk,3,2,0.63,Low
2025-06-30,Paradip,17,5,4.36,High
2025-06-30,Visakhapatnam (Outer),10,2,2.14,Medium
2025-06-30,Visakhapatnam (Inner),11,3,2.64,Medium
2025-06-30,Dhamra,6,4,1.52,Medium
2025-06-30,Gangavaram,6,2,1.14,Low
2025-06-30,Haldia,14,4,5.13,High
2025-06-30,Gopalpur,5,1,0.72,Low
2025-06-30,Newcastle,16,9,3.36,Medium
2025-06-30,Samarinda,10,5,1.9,Medium
2025-06-30,Richards Bay,9,5,1.91,Medium
2025-06-30,Maputo,5,4,1.04,Low
2025-06-30,Norfolk,5,3,0.92,Low
2025-07-01,Paradip,14,5,3.86,High
2025-07-01,Visakhapatnam (Outer),9,4,1.94,Medium
2025-07-01,Visakhapatnam (Inner),12,5,3.1,Medium
2025-07-01,Dhamra,5,4,1.18,Low
2025-07-01,Gangavaram,7,2,1.54,Medium
2025-07-01,Haldia,19,4,6.97,High
2025-07-01,Gopalpur,5,3,0.86,Low
2025-07-01,Newcastle,11,6,2.11,Medium
2025-07-01,Samarinda,8,7,1.37,Low
2025-07-01,Richards Bay,8,4,1.95,Medium
2025-07-01,Maputo,4,2,1.06,Low
2025-07-01,Norfolk,3,3,0.8,Low
2025-07-02,Paradip,14,5,3.79,High
2025-07-02,Visakhapatnam (Outer),10,4,2.31,Medium
2025-07-02,Visakhapatnam (Inner),13,5,3.03,Medium
2025-07-02,Dhamra,6,4,1.45,Low
2025-07-02,Gangavaram,3,4,0.74,Low
2025-07-02,Haldia,23,5,8.53,High
2025-07-02,Gopalpur,4,3,0.7,Low
2025-07-02,Newcastle,8,7,1.56,Medium
2025-07-02,Samarinda,5,6,1.18,Low
2025-07-02,Richards Bay,9,4,2.23,Medium
2025-07-02,Maputo,5,3,1.16,Low
2025-07-02,Norfolk,2,3,0.7,Low
2025-07-03,Paradip,18,6,4.93,High
2025-07-03,Visakhapatnam (Outer),9,6,2.09,Medium
2025-07-03,Visakhapatnam (Inner),12,5,3.0,Medium
2025-07-03,Dhamra,6,3,1.31,Low
2025-07-03,Gangavaram,6,2,1.16,Low
2025-07-03,Haldia,18,6,6.74,High
2025-07-03,Gopalpur,4,2,0.64,Low
2025-07-03,Newcastle,21,9,3.88,High
2025-07-03,Samarinda,8,4,1.65,Medium
2025-07-03,Richards Bay,13,5,2.9,Medium
2025-07-03,Maputo,5,2,1.07,Low
2025-07-03,Norfolk,3,5,0.88,Low
2025-07-04,Paradip,11,6,3.14,Medium
2025-07-04,Visakhapatnam (Outer),6,3,1.58,Medium
2025-07-04,Visakhapatnam (Inner),9,7,2.34,Medium
2025-07-04,Dhamra,5,5,1.3,Low
2025-07-04,Gangavaram,4,3,1.08,Low
2025-07-04,Haldia,11,4,4.1,High
2025-07-04,Gopalpur,3,3,0.68,Low
2025-07-04,Newcastle,21,7,4.04,High
2025-07-04,Samarinda,12,8,2.14,Medium
2025-07-04,Richards Bay,5,5,1.47,Low
2025-07-04,Maputo,4,3,0.79,Low
2025-07-04,Norfolk,4,4,0.67,Low
2025-07-07,Paradip,17,5,4.61,High
2025-07-07,Visakhapatnam (Outer),9,2,2.22,Medium
2025-07-07,Visakhapatnam (Inner),15,4,3.4,Medium
2025-07-07,Dhamra,6,5,1.4,Low
2025-07-07,Gangavaram,5,3,0.99,Low
2025-07-07,Haldia,17,4,6.28,High
2025-07-07,Gopalpur,2,2,0.49,Low
2025-07-07,Newcastle,19,8,3.54,High
2025-07-07,Samarinda,4,5,1.03,Low
2025-07-07,Richards Bay,11,5,2.46,Medium
2025-07-07,Maputo,5,3,0.9,Low
2025-07-07,Norfolk,4,3,0.67,Low
2025-07-08,Paradip,12,6,3.28,Medium
2025-07-08,Visakhapatnam (Outer),9,4,2.04,Medium
2025-07-08,Visakhapatnam (Inner),9,3,2.21,Medium
2025-07-08,Dhamra,7,5,1.51,Medium
2025-07-08,Gangavaram,4,2,0.75,Low
2025-07-08,Haldia,12,4,4.65,High
2025-07-08,Gopalpur,3,1,0.77,Low
2025-07-08,Newcastle,14,7,2.89,Medium
2025-07-08,Samarinda,13,4,2.35,Medium
2025-07-08,Richards Bay,7,4,1.51,Medium
2025-07-08,Maputo,5,2,1.01,Low
2025-07-08,Norfolk,2,5,0.61,Low
2025-07-09,Paradip,14,4,3.99,High
2025-07-09,Visakhapatnam (Outer),9,3,2.03,Medium
2025-07-09,Visakhapatnam (Inner),7,4,1.65,Medium
2025-07-09,Dhamra,5,2,1.1,Low
2025-07-09,Gangavaram,5,2,0.98,Low
2025-07-09,Haldia,11,4,4.04,High
2025-07-09,Gopalpur,3,1,0.66,Low
2025-07-09,Newcastle,18,7,3.59,High
2025-07-09,Samarinda,8,6,1.44,Low
2025-07-09,Richards Bay,9,3,2.04,Medium
2025-07-09,Maputo,5,2,0.95,Low
2025-07-09,Norfolk,3,3,0.53,Low
2025-07-10,Paradip,11,7,3.04,Medium
2025-07-10,Visakhapatnam (Outer),8,4,1.95,Medium
2025-07-10,Visakhapatnam (Inner),10,4,2.38,Medium
2025-07-10,Dhamra,6,4,1.52,Medium
2025-07-10,Gangavaram,4,2,0.94,Low
2025-07-10,Haldia,12,5,4.41,High
2025-07-10,Gopalpur,3,1,0.57,Low
2025-07-10,Newcastle,10,7,2.16,Medium
2025-07-10,Samarinda,7,6,1.38,Low
2025-07-10,Richards Bay,9,4,2.12,Medium
2025-07-10,Maputo,6,3,1.35,Low
2025-07-10,Norfolk,4,4,0.81,Low
2025-07-11,Paradip,11,6,3.15,Medium
2025-07-11,Visakhapatnam (Outer),9,2,2.28,Medium
2025-07-11,Visakhapatnam (Inner),6,5,1.66,Medium
2025-07-11,Dhamra,6,3,1.4,Low
2025-07-11,Gangavaram,3,1,0.89,Low
2025-07-11,Haldia,12,5,4.4,High
2025-07-11,Gopalpur,3,2,0.74,Low
2025-07-11,Newcastle,13,9,2.69,Medium
2025-07-11,Samarinda,12,4,2.04,Medium
2025-07-11,Richards Bay,6,5,1.41,Low
2025-07-11,Maputo,4,2,0.78,Low
2025-07-11,Norfolk,4,4,0.71,Low
2025-07-14,Paradip,17,4,4.4,High
2025-07-14,Visakhapatnam (Outer),10,2,2.21,Medium
2025-07-14,Visakhapatnam (Inner),9,4,2.42,Medium
2025-07-14,Dhamra,5,4,1.23,Low
2025-07-14,Gangavaram,5,3,1.1,Low
2025-07-14,Haldia,17,4,6.27,High
2025-07-14,Gopalpur,5,2,0.86,Low
2025-07-14,Newcastle,17,7,3.32,Medium
2025-07-14,Samarinda,6,5,1.03,Low
2025-07-14,Richards Bay,6,5,1.47,Low
2025-07-14,Maputo,5,2,1.15,Low
2025-07-14,Norfolk,4,4,0.78,Low
2025-07-15,Paradip,13,5,3.36,Medium
2025-07-15,Visakhapatnam (Outer),5,5,1.36,Low
2025-07-15,Visakhapatnam (Inner),9,4,2.35,Medium
2025-07-15,Dhamra,9,3,1.87,Medium
2025-07-15,Gangavaram,5,2,1.04,Low
2025-07-15,Haldia,14,5,5.11,High
2025-07-15,Gopalpur,4,2,0.68,Low
2025-07-15,Newcastle,10,8,2.26,Medium
2025-07-15,Samarinda,9,6,1.79,Medium
2025-07-15,Richards Bay,4,2,1.14,Low
2025-07-15,Maputo,5,1,1.28,Low
2025-07-15,Norfolk,2,3,0.46,Low
2025-07-16,Paradip,10,6,2.68,Medium
2025-07-16,Visakhapatnam (Outer),10,4,2.22,Medium
2025-07-16,Visakhapatnam (Inner),9,5,2.45,Medium
2025-07-16,Dhamra,5,3,1.33,Low
2025-07-16,Gangavaram,4,1,0.74,Low
2025-07-16,Haldia,14,5,5.12,High
2025-07-16,Gopalpur,3,2,0.77,Low
2025-07-16,Newcastle,16,8,3.06,Medium
2025-07-16,Samarinda,10,7,1.96,Medium
2025-07-16,Richards Bay,9,2,1.91,Medium
2025-07-16,Maputo,6,4,1.16,Low
2025-07-16,Norfolk,4,2,0.94,Low
2025-07-17,Paradip,14,5,3.91,High
2025-07-17,Visakhapatnam (Outer),10,1,2.13,Medium
2025-07-17,Visakhapatnam (Inner),12,4,2.82,Medium
2025-07-17,Dhamra,4,3,0.98,Low
2025-07-17,Gangavaram,5,2,1.03,Low
2025-07-17,Haldia,11,2,4.1,High
2025-07-17,Gopalpur,3,1,0.47,Low
2025-07-17,Newcastle,17,11,3.17,Medium
2025-07-17,Samarinda,13,7,2.06,Medium
2025-07-17,Richards Bay,12,5,2.55,Medium
2025-07-17,Maputo,6,2,1.27,Low
2025-07-17,Norfolk,5,4,1.17,Low
2025-07-18,Paradip,13,6,3.44,Medium
2025-07-18,Visakhapatnam (Outer),7,3,1.58,Medium
2025-07-18,Visakhapatnam (Inner),8,3,2.04,Medium
2025-07-18,Dhamra,5,2,1.01,Low
2025-07-18,Gangavaram,4,3,0.96,Low
2025-07-18,Haldia,17,5,6.42,High
2025-07-18,Gopalpur,3,1,0.86,Low
2025-07-18,Newcastle,15,7,2.89,Medium
2025-07-18,Samarinda,9,4,1.58,Medium
2025-07-18,Richards Bay,9,6,2.1,Medium
2025-07-18,Maputo,4,3,0.97,Low
2025-07-18,Norfolk,5,2,1.12,Low
2025-07-21,Paradip,13,6,3.65,High
2025-07-21,Visakhapatnam (Outer),7,2,1.52,Medium
2025-07-21,Visakhapatnam (Inner),13,4,3.2,Medium
2025-07-21,Dhamra,4,5,1.13,Low
2025-07-21,Gangavaram,6,4,1.12,Low
2025-07-21,Haldia,19,3,6.85,High
2025-07-21,Gopalpur,4,3,0.83,Low
2025-07-21,Newcastle,15,6,2.91,Medium
2025-07-21,Samarinda,9,7,1.53,Medium
2025-07-21,Richards Bay,11,6,2.48,Medium
2025-07-21,Maputo,4,4,1.0,Low
2025-07-21,Norfolk,4,4,0.74,Low
2025-07-22,Paradip,12,4,3.43,Medium
2025-07-22,Visakhapatnam (Outer),6,2,1.56,Medium
2025-07-22,Visakhapatnam (Inner),10,3,2.31,Medium
2025-07-22,Dhamra,6,4,1.29,Low
2025-07-22,Gangavaram,4,4,0.77,Low
2025-07-22,Haldia,14,4,5.35,High
2025-07-22,Gopalpur,4,1,0.69,Low
2025-07-22,Newcastle,8,6,1.89,Medium
2025-07-22,Samarinda,6,5,1.32,Low
2025-07-22,Richards Bay,7,4,1.58,Medium
2025-07-22,Maputo,4,3,0.75,Low
2025-07-22,Norfolk,4,4,0.68,Low
2025-07-23,Paradip,8,6,2.33,Medium
2025-07-23,Visakhapatnam (Outer),7,5,1.55,Medium
2025-07-23,Visakhapatnam (Inner),9,4,2.36,Medium
2025-07-23,Dhamra,3,4,0.74,Low
2025-07-23,Gangavaram,6,1,1.08,Low
2025-07-23,Haldia,19,3,7.06,High
2025-07-23,Gopalpur,2,1,0.61,Low
2025-07-23,Newcastle,13,5,2.6,Medium
2025-07-23,Samarinda,5,4,1.22,Low
2025-07-23,Richards Bay,14,5,3.23,Medium
2025-07-23,Maputo,5,2,1.08,Low
2025-07-23,Norfolk,2,4,0.59,Low
2025-07-24,Paradip,11,7,2.87,Medium
2025-07-24,Visakhapatnam (Outer),5,5,1.15,Low
2025-07-24,Visakhapatnam (Inner),10,4,2.34,Medium
2025-07-24,Dhamra,5,4,1.27,Low
2025-07-24,Gangavaram,4,2,1.0,Low
2025-07-24,Haldia,18,4,6.46,High
2025-07-24,Gopalpur,4,1,0.88,Low
2025-07-24,Newcastle,20,9,3.83,High
2025-07-24,Samarinda,9,4,1.58,Medium
2025-07-24,Richards Bay,9,4,2.23,Medium
2025-07-24,Maputo,3,4,0.92,Low
2025-07-24,Norfolk,4,3,0.85,Low
2025-07-25,Paradip,13,6,3.53,High
2025-07-25,Visakhapatnam (Outer),9,3,2.21,Medium
2025-07-25,Visakhapatnam (Inner),9,4,2.4,Medium
2025-07-25,Dhamra,8,3,1.93,Medium
2025-07-25,Gangavaram,3,1,0.69,Low
2025-07-25,Haldia,17,7,6.07,High
2025-07-25,Gopalpur,4,2,0.76,Low
2025-07-25,Newcastle,17,8,3.49,Medium
2025-07-25,Samarinda,7,6,1.32,Low
2025-07-25,Richards Bay,6,4,1.44,Low
2025-07-25,Maputo,6,2,1.12,Low
2025-07-25,Norfolk,1,2,0.27,Low
2025-07-28,Paradip,14,7,3.99,High
2025-07-28,Visakhapatnam (Outer),9,2,1.92,Medium
2025-07-28,Visakhapatnam (Inner),11,6,2.59,Medium
2025-07-28,Dhamra,7,3,1.64,Medium
2025-07-28,Gangavaram,5,3,0.9,Low
2025-07-28,Haldia,11,5,4.27,High
2025-07-28,Gopalpur,4,2,0.84,Low
2025-07-28,Newcastle,24,9,4.63,High
2025-07-28,Samarinda,10,5,1.69,Medium
2025-07-28,Richards Bay,10,3,2.24,Medium
2025-07-28,Maputo,4,4,0.79,Low
2025-07-28,Norfolk,4,5,1.06,Low
2025-07-29,Paradip,9,5,2.35,Medium
2025-07-29,Visakhapatnam (Outer),8,5,2.05,Medium
2025-07-29,Visakhapatnam (Inner),10,4,2.36,Medium
2025-07-29,Dhamra,7,4,1.5,Medium
2025-07-29,Gangavaram,6,3,1.01,Low
2025-07-29,Haldia,16,5,5.94,High
2025-07-29,Gopalpur,3,4,0.81,Low
2025-07-29,Newcastle,18,7,3.6,High
2025-07-29,Samarinda,4,6,0.79,Low
2025-07-29,Richards Bay,9,5,1.93,Medium
2025-07-29,Maputo,5,2,1.06,Low
2025-07-29,Norfolk,3,3,0.76,Low
2025-07-30,Paradip,13,6,3.69,High
2025-07-30,Visakhapatnam (Outer),5,5,1.25,Low
2025-07-30,Visakhapatnam (Inner),16,5,3.66,High
2025-07-30,Dhamra,8,6,1.72,Medium
2025-07-30,Gangavaram,5,2,1.19,Low
2025-07-30,Haldia,19,5,6.92,High
2025-07-30,Gopalpur,3,1,0.77,Low
2025-07-30,Newcastle,11,6,2.48,Medium
2025-07-30,Samarinda,11,5,1.91,Medium
2025-07-30,Richards Bay,12,6,2.53,Medium
2025-07-30,Maputo,4,3,1.09,Low
2025-07-30,Norfolk,3,4,0.88,Low
2025-07-31,Paradip,11,5,2.86,Medium
2025-07-31,Visakhapatnam (Outer),7,2,1.64,Medium
2025-07-31,Visakhapatnam (Inner),12,6,2.85,Medium
2025-07-31,Dhamra,7,2,1.76,Medium
2025-07-31,Gangavaram,6,2,1.16,Low
2025-07-31,Haldia,17,3,6.24,High
2025-07-31,Gopalpur,2,2,0.66,Low
2025-07-31,Newcastle,11,6,2.28,Medium
2025-07-31,Samarinda,8,5,1.52,Medium
2025-07-31,Richards Bay,8,5,1.93,Medium
2025-07-31,Maputo,5,3,1.09,Low
2025-07-31,Norfolk,4,3,0.92,Low
2025-08-01,Paradip,11,5,3.1,Medium
2025-08-01,Visakhapatnam (Outer),7,3,1.56,Medium
2025-08-01,Visakhapatnam (Inner),8,5,2.11,Medium
2025-08-01,Dhamra,8,4,1.77,Medium
2025-08-01,Gangavaram,6,2,1.16,Low
2025-08-01,Haldia,17,6,6.06,High
2025-08-01,Gopalpur,3,2,0.6,Low
2025-08-01,Newcastle,19,6,3.91,High
2025-08-01,Samarinda,6,5,1.31,Low
2025-08-01,Richards Bay,7,4,1.55,Medium
2025-08-01,Maputo,5,3,0.91,Low
2025-08-01,Norfolk,5,4,0.81,Low
2025-08-04,Paradip,16,5,4.39,High
2025-08-04,Visakhapatnam (Outer),6,4,1.64,Medium
2025-08-04,Visakhapatnam (Inner),12,5,2.92,Medium
2025-08-04,Dhamra,6,1,1.21,Low
2025-08-04,Gangavaram,3,2,0.93,Low
2025-08-04,Haldia,10,4,3.88,High
2025-08-04,Gopalpur,3,1,0.81,Low
2025-08-04,Newcastle,17,4,3.48,Medium
2025-08-04,Samarinda,9,6,1.77,Medium
2025-08-04,Richards Bay,11,5,2.59,Medium
2025-08-04,Maputo,4,2,0.93,Low
2025-08-04,Norfolk,4,4,1.01,Low
2025-08-05,Paradip,12,6,3.4,Medium
2025-08-05,Visakhapatnam (Outer),9,3,2.08,Medium
2025-08-05,Visakhapatnam (Inner),14,6,3.39,Medium
2025-08-05,Dhamra,5,5,1.12,Low
2025-08-05,Gangavaram,4,2,1.07,Low
2025-08-05,Haldia,16,3,5.81,High
2025-08-05,Gopalpur,4,1,0.58,Low
2025-08-05,Newcastle,12,7,2.45,Medium
2025-08-05,Samarinda,13,5,2.17,Medium
2025-08-05,Richards Bay,7,4,1.56,Medium
2025-08-05,Maputo,4,3,1.03,Low
2025-08-05,Norfolk,2,4,0.51,Low
2025-08-06,Paradip,13,6,3.46,Medium
2025-08-06,Visakhapatnam (Outer),6,3,1.58,Medium
2025-08-06,Visakhapatnam (Inner),7,4,2.04,Medium
2025-08-06,Dhamra,8,3,1.69,Medium
2025-08-06,Gangavaram,5,3,0.95,Low
2025-08-06,Haldia,20,4,7.22,High
2025-08-06,Gopalpur,5,1,0.75,Low
2025-08-06,Newcastle,9,6,1.91,Medium
2025-08-06,Samarinda,9,5,1.64,Medium
2025-08-06,Richards Bay,7,5,1.55,Medium
2025-08-06,Maputo,6,2,1.2,Low
2025-08-06,Norfolk,5,6,0.94,Low
2025-08-07,Paradip,10,5,2.99,Medium
2025-08-07,Visakhapatnam (Outer),11,2,2.54,Medium
2025-08-07,Visakhapatnam (Inner),11,4,2.91,Medium
2025-08-07,Dhamra,6,4,1.21,Low
2025-08-07,Gangavaram,5,3,1.06,Low
2025-08-07,Haldia,13,5,5.03,High
2025-08-07,Gopalpur,3,1,0.66,Low
2025-08-07,Newcastle,16,5,3.27,Medium
2025-08-07,Samarinda,8,5,1.31,Low
2025-08-07,Richards Bay,9,5,2.14,Medium
2025-08-07,Maputo,4,4,0.93,Low
2025-08-07,Norfolk,4,4,0.87,Low
2025-08-08,Paradip,12,6,3.23,Medium
2025-08-08,Visakhapatnam (Outer),7,3,1.69,Medium
2025-08-08,Visakhapatnam (Inner),7,6,2.02,Medium
2025-08-08,Dhamra,6,4,1.19,Low
2025-08-08,Gangavaram,5,1,0.93,Low
2025-08-08,Haldia,10,3,3.68,High
2025-08-08,Gopalpur,3,2,0.68,Low
2025-08-08,Newcastle,18,9,3.74,High
2025-08-08,Samarinda,10,7,1.68,Medium
2025-08-08,Richards Bay,10,4,2.45,Medium
2025-08-08,Maputo,6,3,1.44,Low
2025-08-08,Norfolk,4,3,0.9,Low
2025-08-11,Paradip,14,6,3.67,High
2025-08-11,Visakhapatnam (Outer),10,5,2.45,Medium
2025-08-11,Visakhapatnam (Inner),14,5,3.32,Medium
2025-08-11,Dhamra,6,4,1.34,Low
2025-08-11,Gangavaram,7,2,1.3,Low
2025-08-11,Haldia,13,5,4.85,High
2025-08-11,Gopalpur,4,2,0.83,Low
2025-08-11,Newcastle,14,7,2.71,Medium
2025-08-11,Samarinda,8,5,1.68,Medium
2025-08-11,Richards Bay,8,4,1.97,Medium
2025-08-11,Maputo,6,2,1.35,Low
2025-08-11,Norfolk,3,3,0.6,Low
2025-08-12,Paradip,14,8,3.66,High
2025-08-12,Visakhapatnam (Outer),9,4,1.9,Medium
2025-08-12,Visakhapatnam (Inner),11,6,2.76,Medium
2025-08-12,Dhamra,5,3,1.34,Low
2025-08-12,Gangavaram,4,2,1.08,Low
2025-08-12,Haldia,12,7,4.48,High
2025-08-12,Gopalpur,3,1,0.82,Low
2025-08-12,Newcastle,4,8,0.98,Low
2025-08-12,Samarinda,5,5,1.03,Low
2025-08-12,Richards Bay,8,4,1.92,Medium
2025-08-12,Maputo,3,2,0.78,Low
2025-08-12,Norfolk,4,4,0.83,Low
2025-08-13,Paradip,14,5,3.78,High
2025-08-13,Visakhapatnam (Outer),9,3,2.02,Medium
2025-08-13,Visakhapatnam (Inner),9,3,2.39,Medium
2025-08-13,Dhamra,7,6,1.41,Low
2025-08-13,Gangavaram,4,3,1.04,Low
2025-08-13,Haldia,12,5,4.42,High
2025-08-13,Gopalpur,4,2,0.59,Low
2025-08-13,Newcastle,10,6,2.08,Medium
2025-08-13,Samarinda,9,6,1.58,Medium
2025-08-13,Richards Bay,6,3,1.42,Low
2025-08-13,Maputo,5,3,1.07,Low
2025-08-13,Norfolk,2,3,0.46,Low
2025-08-14,Paradip,14,7,3.8,High
2025-08-14,Visakhapatnam (Outer),9,5,1.98,Medium
2025-08-14,Visakhapatnam (Inner),13,4,3.36,Medium
2025-08-14,Dhamra,6,3,1.38,Low
2025-08-14,Gangavaram,6,1,1.34,Low
2025-08-14,Haldia,12,6,4.64,High
2025-08-14,Gopalpur,3,1,0.46,Low
2025-08-14,Newcastle,17,9,3.16,Medium
2025-08-14,Samarinda,10,6,1.97,Medium
2025-08-14,Richards Bay,6,6,1.31,Low
2025-08-14,Maputo,4,3,1.03,Low
2025-08-14,Norfolk,3,4,0.91,Low
2025-08-15,Paradip,10,5,2.71,Medium
2025-08-15,Visakhapatnam (Outer),8,5,1.92,Medium
2025-08-15,Visakhapatnam (Inner),10,3,2.53,Medium
2025-08-15,Dhamra,8,4,1.81,Medium
2025-08-15,Gangavaram,5,4,0.99,Low
2025-08-15,Haldia,18,2,6.73,High
2025-08-15,Gopalpur,3,1,0.52,Low
2025-08-15,Newcastle,12,8,2.38,Medium
2025-08-15,Samarinda,9,5,1.47,Low
2025-08-15,Richards Bay,8,3,1.79,Medium
2025-08-15,Maputo,4,3,0.83,Low
2025-08-15,Norfolk,3,3,0.58,Low
2025-08-18,Paradip,11,8,2.86,Medium
2025-08-18,Visakhapatnam (Outer),8,5,2.06,Medium
2025-08-18,Visakhapatnam (Inner),14,6,3.51,High
2025-08-18,Dhamra,7,5,1.63,Medium
2025-08-18,Gangavaram,5,1,1.11,Low
2025-08-18,Haldia,18,6,6.61,High
2025-08-18,Gopalpur,5,1,0.89,Low
2025-08-18,Newcastle,13,7,2.51,Medium
2025-08-18,Samarinda,9,4,1.78,Medium
2025-08-18,Richards Bay,13,5,2.74,Medium
2025-08-18,Maputo,4,1,1.08,Low
2025-08-18,Norfolk,6,4,1.24,Low
2025-08-19,Paradip,11,5,3.17,Medium
2025-08-19,Visakhapatnam (Outer),10,3,2.3,Medium
2025-08-19,Visakhapatnam (Inner),13,3,3.18,Medium
2025-08-19,Dhamra,7,4,1.4,Low
2025-08-19,Gangavaram,6,1,1.15,Low
2025-08-19,Haldia,17,6,6.29,High
2025-08-19,Gopalpur,4,3,0.73,Low
2025-08-19,Newcastle,15,9,3.19,Medium
2025-08-19,Samarinda,6,8,1.15,Low
2025-08-19,Richards Bay,8,6,1.79,Medium
2025-08-19,Maputo,5,2,1.2,Low
2025-08-19,Norfolk,3,5,0.87,Low
2025-08-20,Paradip,12,7,3.16,Medium
2025-08-20,Visakhapatnam (Outer),8,4,1.87,Medium
2025-08-20,Visakhapatnam (Inner),13,5,3.34,Medium
2025-08-20,Dhamra,6,4,1.49,Low
2025-08-20,Gangavaram,5,4,0.93,Low
2025-08-20,Haldia,14,5,5.07,High
2025-08-20,Gopalpur,4,2,0.97,Low
2025-08-20,Newcastle,13,6,2.8,Medium
2025-08-20,Samarinda,11,8,2.14,Medium
2025-08-20,Richards Bay,7,3,1.86,Medium
2025-08-20,Maputo,3,1,0.81,Low
2025-08-20,Norfolk,4,3,0.76,Low
2025-08-21,Paradip,12,5,3.26,Medium
2025-08-21,Visakhapatnam (Outer),11,3,2.67,Medium
2025-08-21,Visakhapatnam (Inner),9,5,2.44,Medium
2025-08-21,Dhamra,5,3,1.39,Low
2025-08-21,Gangavaram,5,4,1.17,Low
2025-08-21,Haldia,17,7,6.43,High
2025-08-21,Gopalpur,5,2,0.84,Low
2025-08-21,Newcastle,7,8,1.41,Low
2025-08-21,Samarinda,9,5,1.49,Low
2025-08-21,Richards Bay,14,3,3.12,Medium
2025-08-21,Maputo,5,1,1.14,Low
2025-08-21,Norfolk,3,4,0.78,Low
2025-08-22,Paradip,10,4,2.81,Medium
2025-08-22,Visakhapatnam (Outer),9,2,2.05,Medium
2025-08-22,Visakhapatnam (Inner),12,5,2.98,Medium
2025-08-22,Dhamra,6,5,1.24,Low
2025-08-22,Gangavaram,5,2,1.14,Low
2025-08-22,Haldia,21,6,7.68,High
2025-08-22,Gopalpur,3,2,0.61,Low
2025-08-22,Newcastle,18,9,3.59,High
2025-08-22,Samarinda,5,6,0.96,Low
2025-08-22,Richards Bay,15,4,3.36,Medium
2025-08-22,Maputo,5,3,1.08,Low
2025-08-22,Norfolk,3,2,0.55,Low
2025-08-25,Paradip,14,5,3.95,High
2025-08-25,Visakhapatnam (Outer),6,4,1.59,Medium
2025-08-25,Visakhapatnam (Inner),12,5,3.1,Medium
2025-08-25,Dhamra,7,2,1.71,Medium
2025-08-25,Gangavaram,5,2,1.2,Low
2025-08-25,Haldia,16,5,5.85,High
2025-08-25,Gopalpur,3,1,0.6,Low
2025-08-25,Newcastle,13,7,2.7,Medium
2025-08-25,Samarinda,7,6,1.43,Low
2025-08-25,Richards Bay,14,5,3.08,Medium
2025-08-25,Maputo,3,3,0.71,Low
2025-08-25,Norfolk,3,5,0.89,Low
2025-08-26,Paradip,11,5,2.86,Medium
2025-08-26,Visakhapatnam (Outer),5,3,1.34,Low
2025-08-26,Visakhapatnam (Inner),9,5,2.37,Medium
2025-08-26,Dhamra,8,3,1.7,Medium
2025-08-26,Gangavaram,4,3,0.79,Low
2025-08-26,Haldia,16,4,5.97,High
2025-08-26,Gopalpur,4,1,0.59,Low
2025-08-26,Newcastle,14,7,2.69,Medium
2025-08-26,Samarinda,8,6,1.41,Low
2025-08-26,Richards Bay,9,5,1.99,Medium
2025-08-26,Maputo,3,3,0.7,Low
2025-08-26,Norfolk,4,3,0.92,Low
2025-08-27,Paradip,13,7,3.6,High
2025-08-27,Visakhapatnam (Outer),7,3,1.5,Medium
2025-08-27,Visakhapatnam (Inner),12,4,2.74,Medium
2025-08-27,Dhamra,6,5,1.35,Low
2025-08-27,Gangavaram,4,3,0.79,Low
2025-08-27,Haldia,20,3,7.45,High
2025-08-27,Gopalpur,4,4,0.92,Low
2025-08-27,Newcastle,16,7,3.17,Medium
2025-08-27,Samarinda,9,4,1.79,Medium
2025-08-27,Richards Bay,8,5,1.98,Medium
2025-08-27,Maputo,4,1,1.07,Low
2025-08-27,Norfolk,3,4,0.53,Low
2025-08-28,Paradip,12,6,3.46,Medium
2025-08-28,Visakhapatnam (Outer),7,5,1.71,Medium
2025-08-28,Visakhapatnam (Inner),14,3,3.46,Medium
2025-08-28,Dhamra,5,3,1.36,Low
2025-08-28,Gangavaram,5,2,0.94,Low
2025-08-28,Haldia,11,5,4.11,High
2025-08-28,Gopalpur,5,2,0.99,Low
2025-08-28,Newcastle,23,6,4.35,High
2025-08-28,Samarinda,7,4,1.52,Medium
2025-08-28,Richards Bay,10,5,2.26,Medium
2025-08-28,Maputo,3,3,0.66,Low
2025-08-28,Norfolk,3,3,0.85,Low
2025-08-29,Paradip,14,5,3.74,High
2025-08-29,Visakhapatnam (Outer),7,3,1.75,Medium
2025-08-29,Visakhapatnam (Inner),12,3,2.96,Medium
2025-08-29,Dhamra,5,5,1.0,Low
2025-08-29,Gangavaram,4,3,0.76,Low
2025-08-29,Haldia,17,5,6.18,High
2025-08-29,Gopalpur,3,1,0.64,Low
2025-08-29,Newcastle,12,8,2.31,Medium
2025-08-29,Samarinda,7,4,1.46,Low
2025-08-29,Richards Bay,8,4,1.98,Medium
2025-08-29,Maputo,6,2,1.39,Low
2025-08-29,Norfolk,4,3,0.91,Low
2025-09-01,Paradip,8,4,2.18,Medium
2025-09-01,Visakhapatnam (Outer),6,4,1.4,Low
2025-09-01,Visakhapatnam (Inner),8,4,2.14,Medium
2025-09-01,Dhamra,5,2,1.05,Low
2025-09-01,Gangavaram,4,2,0.86,Low
2025-09-01,Haldia,10,3,3.78,High
2025-09-01,Gopalpur,2,2,0.47,Low
2025-09-01,Newcastle,10,7,2.05,Medium
2025-09-01,Samarinda,8,5,1.56,Medium
2025-09-01,Richards Bay,10,6,2.17,Medium
2025-09-01,Maputo,2,2,0.78,Low
2025-09-01,Norfolk,3,4,0.76,Low
2025-09-02,Paradip,12,5,3.21,Medium
2025-09-02,Visakhapatnam (Outer),5,2,1.23,Low
2025-09-02,Visakhapatnam (Inner),6,7,1.76,Medium
2025-09-02,Dhamra,5,3,1.32,Low
2025-09-02,Gangavaram,5,1,0.95,Low
2025-09-02,Haldia,9,6,3.62,High
2025-09-02,Gopalpur,1,1,0.25,Low
2025-09-02,Newcastle,20,7,3.97,High
2025-09-02,Samarinda,7,6,1.29,Low
2025-09-02,Richards Bay,7,4,1.56,Medium
2025-09-02,Maputo,4,1,1.02,Low
2025-09-02,Norfolk,3,2,0.73,Low
2025-09-03,Paradip,10,6,2.85,Medium
2025-09-03,Visakhapatnam (Outer),7,5,1.84,Medium
2025-09-03,Visakhapatnam (Inner),7,6,1.89,Medium
2025-09-03,Dhamra,3,3,0.68,Low
2025-09-03,Gangavaram,2,4,0.68,Low
2025-09-03,Haldia,7,6,2.6,Medium
2025-09-03,Gopalpur,3,3,0.58,Low
2025-09-03,Newcastle,15,8,2.92,Medium
2025-09-03,Samarinda,6,5,1.2,Low
2025-09-03,Richards Bay,10,5,2.43,Medium
2025-09-03,Maputo,3,3,0.84,Low
2025-09-03,Norfolk,3,2,0.78,Low
2025-09-04,Paradip,15,6,3.9,High
2025-09-04,Visakhapatnam (Outer),4,3,0.91,Low
2025-09-04,Visakhapatnam (Inner),8,4,2.17,Medium
2025-09-04,Dhamra,4,3,0.89,Low
2025-09-04,Gangavaram,3,3,0.92,Low
2025-09-04,Haldia,14,6,5.16,High
2025-09-04,Gopalpur,2,2,0.46,Low
2025-09-04,Newcastle,13,8,2.53,Medium
2025-09-04,Samarinda,8,6,1.52,Medium
2025-09-04,Richards Bay,4,5,0.99,Low
2025-09-04,Maputo,5,1,0.98,Low
2025-09-04,Norfolk,4,4,0.79,Low
2025-09-05,Paradip,10,9,2.84,Medium
2025-09-05,Visakhapatnam (Outer),7,4,1.71,Medium
2025-09-05,Visakhapatnam (Inner),4,2,1.32,Low
2025-09-05,Dhamra,6,2,1.55,Medium
2025-09-05,Gangavaram,4,3,0.85,Low
2025-09-05,Haldia,11,5,4.23,High
2025-09-05,Gopalpur,3,3,0.53,Low
2025-09-05,Newcastle,6,8,1.45,Low
2025-09-05,Samarinda,9,7,1.69,Medium
2025-09-05,Richards Bay,10,4,2.37,Medium
2025-09-05,Maputo,3,4,0.68,Low
2025-09-05,Norfolk,4,2,1.01,Low
2025-09-08,Paradip,4,5,1.48,Low
2025-09-08,Visakhapatnam (Outer),4,3,1.0,Low
2025-09-08,Visakhapatnam (Inner),9,4,2.28,Medium
2025-09-08,Dhamra,3,3,0.91,Low
2025-09-08,Gangavaram,4,4,1.05,Low
2025-09-08,Haldia,12,6,4.42,High
2025-09-08,Gopalpur,4,2,0.93,Low
2025-09-08,Newcastle,14,6,2.71,Medium
2025-09-08,Samarinda,10,4,1.67,Medium
2025-09-08,Richards Bay,11,3,2.47,Medium
2025-09-08,Maputo,5,3,1.19,Low
2025-09-08,Norfolk,2,2,0.5,Low
2025-09-09,Paradip,8,5,2.29,Medium
2025-09-09,Visakhapatnam (Outer),6,3,1.68,Medium
2025-09-09,Visakhapatnam (Inner),9,4,2.43,Medium
2025-09-09,Dhamra,5,3,1.09,Low
2025-09-09,Gangavaram,4,2,1.09,Low
2025-09-09,Haldia,5,6,2.22,Medium
2025-09-09,Gopalpur,3,1,0.71,Low
2025-09-09,Newcastle,18,9,3.42,Medium
2025-09-09,Samarinda,8,7,1.5,Medium
2025-09-09,Richards Bay,10,4,2.37,Medium
2025-09-09,Maputo,6,3,1.23,Low
2025-09-09,Norfolk,1,2,0.26,Low
2025-09-10,Paradip,6,6,1.66,Medium
2025-09-10,Visakhapatnam (Outer),7,5,1.77,Medium
2025-09-10,Visakhapatnam (Inner),6,6,1.75,Medium
2025-09-10,Dhamra,5,4,1.04,Low
2025-09-10,Gangavaram,3,3,0.67,Low
2025-09-10,Haldia,12,4,4.64,High
2025-09-10,Gopalpur,2,1,0.36,Low
2025-09-10,Newcastle,12,7,2.4,Medium
2025-09-10,Samarinda,9,5,1.5,Medium
2025-09-10,Richards Bay,7,4,1.61,Medium
2025-09-10,Maputo,4,2,0.85,Low
2025-09-10,Norfolk,3,3,0.9,Low
2025-09-11,Paradip,10,7,2.63,Medium
2025-09-11,Visakhapatnam (Outer),8,3,1.9,Medium
2025-09-11,Visakhapatnam (Inner),6,4,1.62,Medium
2025-09-11,Dhamra,7,4,1.46,Low
2025-09-11,Gangavaram,3,3,0.63,Low
2025-09-11,Haldia,11,4,4.12,High
2025-09-11,Gopalpur,1,2,0.4,Low
2025-09-11,Newcastle,23,7,4.62,High
2025-09-11,Samarinda,9,5,1.47,Low
2025-09-11,Richards Bay,11,4,2.62,Medium
2025-09-11,Maputo,4,2,0.96,Low
2025-09-11,Norfolk,3,4,0.9,Low
2025-09-12,Paradip,8,5,2.12,Medium
2025-09-12,Visakhapatnam (Outer),2,4,0.53,Low
2025-09-12,Visakhapatnam (Inner),8,3,2.07,Medium
2025-09-12,Dhamra,3,3,0.87,Low
2025-09-12,Gangavaram,4,2,0.98,Low
2025-09-12,Haldia,15,5,5.6,High
2025-09-12,Gopalpur,2,1,0.55,Low
2025-09-12,Newcastle,12,8,2.4,Medium
2025-09-12,Samarinda,12,5,2.27,Medium
2025-09-12,Richards Bay,9,4,2.02,Medium
2025-09-12,Maputo,4,4,0.75,Low
2025-09-12,Norfolk,4,3,0.79,Low
2025-09-15,Paradip,8,5,2.23,Medium
2025-09-15,Visakhapatnam (Outer),6,3,1.54,Medium
2025-09-15,Visakhapatnam (Inner),7,3,1.77,Medium
2025-09-15,Dhamra,7,3,1.68,Medium
2025-09-15,Gangavaram,4,3,0.95,Low
2025-09-15,Haldia,14,5,5.39,High
2025-09-15,Gopalpur,3,2,0.77,Low
2025-09-15,Newcastle,20,8,3.91,High
2025-09-15,Samarinda,6,6,1.11,Low
2025-09-15,Richards Bay,8,5,1.93,Medium
2025-09-15,Maputo,4,2,0.83,Low
2025-09-15,Norfolk,4,2,0.74,Low
2025-09-16,Paradip,5,6,1.53,Medium
2025-09-16,Visakhapatnam (Outer),6,2,1.52,Medium
2025-09-16,Visakhapatnam (Inner),6,6,1.5,Medium
2025-09-16,Dhamra,3,5,0.96,Low
2025-09-16,Gangavaram,4,2,0.93,Low
2025-09-16,Haldia,13,4,4.93,High
2025-09-16,Gopalpur,3,1,0.69,Low
2025-09-16,Newcastle,15,8,2.86,Medium
2025-09-16,Samarinda,8,5,1.39,Low
2025-09-16,Richards Bay,10,6,2.41,Medium
2025-09-16,Maputo,4,3,1.03,Low
2025-09-16,Norfolk,3,4,0.85,Low
2025-09-17,Paradip,15,5,4.16,High
2025-09-17,Visakhapatnam (Outer),5,2,1.41,Low
2025-09-17,Visakhapatnam (Inner),4,4,0.99,Low
2025-09-17,Dhamra,5,1,1.2,Low
2025-09-17,Gangavaram,5,2,0.92,Low
2025-09-17,Haldia,9,6,3.42,Medium
2025-09-17,Gopalpur,3,1,0.79,Low
2025-09-17,Newcastle,15,6,3.04,Medium
2025-09-17,Samarinda,8,5,1.38,Low
2025-09-17,Richards Bay,9,4,1.93,Medium
2025-09-17,Maputo,4,2,0.99,Low
2025-09-17,Norfolk,6,5,1.2,Low
2025-09-18,Paradip,11,6,2.85,Medium
2025-09-18,Visakhapatnam (Outer),8,2,2.06,Medium
2025-09-18,Visakhapatnam (Inner),8,6,2.23,Medium
2025-09-18,Dhamra,3,4,0.83,Low
2025-09-18,Gangavaram,3,3,0.73,Low
2025-09-18,Haldia,12,4,4.53,High
2025-09-18,Gopalpur,2,1,0.57,Low
2025-09-18,Newcastle,9,6,2.06,Medium
2025-09-18,Samarinda,9,5,1.45,Low
2025-09-18,Richards Bay,10,6,2.41,Medium
2025-09-18,Maputo,5,3,1.02,Low
2025-09-18,Norfolk,3,3,0.9,Low
2025-09-19,Paradip,11,5,3.01,Medium
2025-09-19,Visakhapatnam (Outer),4,2,1.1,Low
2025-09-19,Visakhapatnam (Inner),7,4,1.79,Medium
2025-09-19,Dhamra,6,4,1.5,Medium
2025-09-19,Gangavaram,3,4,0.68,Low
2025-09-19,Haldia,14,2,5.15,High
2025-09-19,Gopalpur,3,3,0.82,Low
2025-09-19,Newcastle,22,6,4.41,High
2025-09-19,Samarinda,4,5,0.81,Low
2025-09-19,Richards Bay,8,4,1.74,Medium
2025-09-19,Maputo,5,4,1.09,Low
2025-09-19,Norfolk,4,4,0.86,Low
2025-09-22,Paradip,7,6,2.07,Medium
2025-09-22,Visakhapatnam (Outer),5,3,1.1,Low
2025-09-22,Visakhapatnam (Inner),8,4,2.12,Medium
2025-09-22,Dhamra,4,5,0.87,Low
2025-09-22,Gangavaram,5,1,1.17,Low
2025-09-22,Haldia,10,5,3.75,High
2025-09-22,Gopalpur,3,4,0.77,Low
2025-09-22,Newcastle,10,5,2.15,Medium
2025-09-22,Samarinda,3,6,0.72,Low
2025-09-22,Richards Bay,5,4,1.35,Low
2025-09-22,Maputo,5,4,1.28,Low
2025-09-22,Norfolk,5,5,1.03,Low
2025-09-23,Paradip,9,5,2.65,Medium
2025-09-23,Visakhapatnam (Outer),5,2,1.44,Low
2025-09-23,Visakhapatnam (Inner),6,5,1.66,Medium
2025-09-23,Dhamra,5,4,1.02,Low
2025-09-23,Gangavaram,3,1,0.76,Low
2025-09-23,Haldia,15,5,5.42,High
2025-09-23,Gopalpur,2,1,0.44,Low
2025-09-23,Newcastle,14,7,2.83,Medium
2025-09-23,Samarinda,11,6,2.08,Medium
2025-09-23,Richards Bay,7,3,1.63,Medium
2025-09-23,Maputo,3,2,0.73,Low
2025-09-23,Norfolk,3,2,0.91,Low
2025-09-24,Paradip,10,5,2.64,Medium
2025-09-24,Visakhapatnam (Outer),7,3,1.73,Medium
2025-09-24,Visakhapatnam (Inner),4,5,1.11,Low
2025-09-24,Dhamra,5,3,1.04,Low
2025-09-24,Gangavaram,3,2,0.77,Low
2025-09-24,Haldia,13,4,4.86,High
2025-09-24,Gopalpur,2,2,0.35,Low
2025-09-24,Newcastle,14,7,2.95,Medium
2025-09-24,Samarinda,8,7,1.65,Medium
2025-09-24,Richards Bay,8,4,1.96,Medium
2025-09-24,Maputo,3,3,0.78,Low
2025-09-24,Norfolk,5,4,0.85,Low
2025-09-25,Paradip,5,5,1.55,Medium
2025-09-25,Visakhapatnam (Outer),6,3,1.43,Low
2025-09-25,Visakhapatnam (Inner),10,6,2.65,Medium
2025-09-25,Dhamra,4,4,0.9,Low
2025-09-25,Gangavaram,5,1,1.2,Low
2025-09-25,Haldia,12,5,4.69,High
2025-09-25,Gopalpur,3,2,0.62,Low
2025-09-25,Newcastle,15,6,2.93,Medium
2025-09-25,Samarinda,10,5,1.97,Medium
2025-09-25,Richards Bay,11,4,2.62,Medium
2025-09-25,Maputo,4,2,0.94,Low
2025-09-25,Norfolk,4,3,0.75,Low
2025-09-26,Paradip,12,7,3.2,Medium
2025-09-26,Visakhapatnam (Outer),7,4,1.59,Medium
2025-09-26,Visakhapatnam (Inner),8,5,2.01,Medium
2025-09-26,Dhamra,5,6,1.39,Low
2025-09-26,Gangavaram,4,2,0.96,Low
2025-09-26,Haldia,15,4,5.59,High
2025-09-26,Gopalpur,4,1,0.84,Low
2025-09-26,Newcastle,21,7,3.94,High
2025-09-26,Samarinda,11,8,1.78,Medium
2025-09-26,Richards Bay,6,6,1.48,Low
2025-09-26,Maputo,6,1,1.22,Low
2025-09-26,Norfolk,3,2,0.83,Low
2025-09-29,Paradip,11,5,2.9,Medium
2025-09-29,Visakhapatnam (Outer),5,4,1.29,Low
2025-09-29,Visakhapatnam (Inner),10,5,2.49,Medium
2025-09-29,Dhamra,6,3,1.3,Low
2025-09-29,Gangavaram,3,3,0.94,Low
2025-09-29,Haldia,12,5,4.65,High
2025-09-29,Gopalpur,3,2,0.69,Low
2025-09-29,Newcastle,20,8,3.78,High
2025-09-29,Samarinda,8,6,1.37,Low
2025-09-29,Richards Bay,8,6,1.9,Medium
2025-09-29,Maputo,3,3,0.7,Low
2025-09-29,Norfolk,2,4,0.52,Low
2025-09-30,Paradip,9,6,2.55,Medium
2025-09-30,Visakhapatnam (Outer),6,3,1.39,Low
2025-09-30,Visakhapatnam (Inner),10,6,2.43,Medium
2025-09-30,Dhamra,6,5,1.29,Low
2025-09-30,Gangavaram,4,4,0.87,Low
2025-09-30,Haldia,13,5,5.05,High
2025-09-30,Gopalpur,2,1,0.69,Low
2025-09-30,Newcastle,16,5,3.05,Medium
2025-09-30,Samarinda,8,6,1.54,Medium
2025-09-30,Richards Bay,8,5,1.93,Medium
2025-09-30,Maputo,5,3,1.22,Low
2025-09-30,Norfolk,3,4,0.63,Low
2025-10-01,Paradip,11,5,3.2,Medium
2025-10-01,Visakhapatnam (Outer),7,6,1.66,Medium
2025-10-01,Visakhapatnam (Inner),7,3,1.85,Medium
2025-10-01,Dhamra,5,3,1.14,Low
2025-10-01,Gangavaram,5,2,0.9,Low
2025-10-01,Haldia,17,3,6.17,High
2025-10-01,Gopalpur,4,2,0.77,Low
2025-10-01,Newcastle,21,8,4.11,High
2025-10-01,Samarinda,9,6,1.71,Medium
2025-10-01,Richards Bay,8,4,1.96,Medium
2025-10-01,Maputo,7,1,1.53,Medium
2025-10-01,Norfolk,4,4,0.7,Low
2025-10-02,Paradip,12,7,3.41,Medium
2025-10-02,Visakhapatnam (Outer),7,6,1.79,Medium
2025-10-02,Visakhapatnam (Inner),9,6,2.46,Medium
2025-10-02,Dhamra,4,3,1.18,Low
2025-10-02,Gangavaram,4,3,0.97,Low
2025-10-02,Haldia,17,3,6.37,High
2025-10-02,Gopalpur,2,1,0.49,Low
2025-10-02,Newcastle,14,7,2.67,Medium
2025-10-02,Samarinda,10,5,1.84,Medium
2025-10-02,Richards Bay,7,6,1.63,Medium
2025-10-02,Maputo,5,4,1.29,Low
2025-10-02,Norfolk,5,3,1.18,Low
2025-10-03,Paradip,12,7,3.11,Medium
2025-10-03,Visakhapatnam (Outer),6,2,1.62,Medium
2025-10-03,Visakhapatnam (Inner),10,5,2.7,Medium
2025-10-03,Dhamra,5,4,1.08,Low
2025-10-03,Gangavaram,1,4,0.64,Low
2025-10-03,Haldia,15,5,5.58,High
2025-10-03,Gopalpur,2,2,0.43,Low
2025-10-03,Newcastle,16,8,3.26,Medium
2025-10-03,Samarinda,8,4,1.39,Low
2025-10-03,Richards Bay,12,7,2.53,Medium
2025-10-03,Maputo,6,3,1.45,Low
2025-10-03,Norfolk,4,3,0.85,Low
2025-10-06,Paradip,13,4,3.68,High
2025-10-06,Visakhapatnam (Outer),5,5,1.31,Low
2025-10-06,Visakhapatnam (Inner),5,3,1.44,Low
2025-10-06,Dhamra,5,3,1.07,Low
2025-10-06,Gangavaram,2,2,0.71,Low
2025-10-06,Haldia,12,5,4.4,High
2025-10-06,Gopalpur,2,2,0.56,Low
2025-10-06,Newcastle,20,9,3.84,High
2025-10-06,Samarinda,11,6,2.04,Medium
2025-10-06,Richards Bay,7,6,1.83,Medium
2025-10-06,Maputo,5,1,1.21,Low
2025-10-06,Norfolk,6,3,1.05,Low
2025-10-07,Paradip,11,6,3.09,Medium
2025-10-07,Visakhapatnam (Outer),6,4,1.58,Medium
2025-10-07,Visakhapatnam (Inner),9,6,2.41,Medium
2025-10-07,Dhamra,3,3,0.96,Low
2025-10-07,Gangavaram,4,3,0.99,Low
2025-10-07,Haldia,12,3,4.44,High
2025-10-07,Gopalpur,1,2,0.59,Low
2025-10-07,Newcastle,13,7,2.75,Medium
2025-10-07,Samarinda,5,6,1.0,Low
2025-10-07,Richards Bay,13,4,2.74,Medium
2025-10-07,Maputo,4,1,1.04,Low
2025-10-07,Norfolk,1,4,0.61,Low
2025-10-08,Paradip,6,5,1.88,Medium
2025-10-08,Visakhapatnam (Outer),6,3,1.58,Medium
2025-10-08,Visakhapatnam (Inner),3,3,0.89,Low
2025-10-08,Dhamra,5,3,1.37,Low
2025-10-08,Gangavaram,2,1,0.73,Low
2025-10-08,Haldia,19,5,6.91,High
2025-10-08,Gopalpur,3,1,0.59,Low
2025-10-08,Newcastle,13,7,2.56,Medium
2025-10-08,Samarinda,7,5,1.18,Low
2025-10-08,Richards Bay,8,6,1.8,Medium
2025-10-08,Maputo,4,2,0.74,Low
2025-10-08,Norfolk,4,2,0.74,Low
2025-10-09,Paradip,10,6,2.96,Medium
2025-10-09,Visakhapatnam (Outer),5,4,1.32,Low
2025-10-09,Visakhapatnam (Inner),5,4,1.41,Low
2025-10-09,Dhamra,2,3,0.78,Low
2025-10-09,Gangavaram,5,1,1.04,Low
2025-10-09,Haldia,13,4,4.9,High
2025-10-09,Gopalpur,3,2,0.85,Low
2025-10-09,Newcastle,21,8,4.15,High
2025-10-09,Samarinda,10,6,1.82,Medium
2025-10-09,Richards Bay,4,4,0.96,Low
2025-10-09,Maputo,4,2,0.83,Low
2025-10-09,Norfolk,5,3,0.84,Low
2025-10-10,Paradip,10,6,2.91,Medium
2025-10-10,Visakhapatnam (Outer),7,5,1.82,Medium
2025-10-10,Visakhapatnam (Inner),9,4,2.44,Medium
2025-10-10,Dhamra,4,4,0.98,Low
2025-10-10,Gangavaram,4,2,0.78,Low
2025-10-10,Haldia,10,4,3.94,High
2025-10-10,Gopalpur,3,2,0.82,Low
2025-10-10,Newcastle,13,10,2.6,Medium
2025-10-10,Samarinda,7,4,1.21,Low
2025-10-10,Richards Bay,7,5,1.67,Medium
2025-10-10,Maputo,6,4,1.22,Low
2025-10-10,Norfolk,5,4,1.17,Low
2025-10-13,Paradip,10,6,2.9,Medium
2025-10-13,Visakhapatnam (Outer),4,3,1.11,Low
2025-10-13,Visakhapatnam (Inner),8,5,2.12,Medium
2025-10-13,Dhamra,4,2,0.86,Low
2025-10-13,Gangavaram,4,1,1.07,Low
2025-10-13,Haldia,12,2,4.51,High
2025-10-13,Gopalpur,3,4,0.63,Low
2025-10-13,Newcastle,12,7,2.34,Medium
2025-10-13,Samarinda,9,6,1.66,Medium
2025-10-13,Richards Bay,8,4,2.05,Medium
2025-10-13,Maputo,4,3,1.14,Low
2025-10-13,Norfolk,2,4,0.55,Low
2025-10-14,Paradip,8,4,2.23,Medium
2025-10-14,Visakhapatnam (Outer),3,4,1.01,Low
2025-10-14,Visakhapatnam (Inner),8,5,2.0,Medium
2025-10-14,Dhamra,6,5,1.22,Low
2025-10-14,Gangavaram,4,3,0.71,Low
2025-10-14,Haldia,11,5,4.11,High
2025-10-14,Gopalpur,2,1,0.45,Low
2025-10-14,Newcastle,10,9,1.92,Medium
2025-10-14,Samarinda,8,5,1.34,Low
2025-10-14,Richards Bay,9,5,2.02,Medium
2025-10-14,Maputo,4,1,1.09,Low
2025-10-14,Norfolk,4,3,0.7,Low
2025-10-15,Paradip,11,7,3.02,Medium
2025-10-15,Visakhapatnam (Outer),6,4,1.43,Low
2025-10-15,Visakhapatnam (Inner),10,6,2.5,Medium
2025-10-15,Dhamra,4,3,1.07,Low
2025-10-15,Gangavaram,3,3,0.63,Low
2025-10-15,Haldia,11,5,4.22,High
2025-10-15,Gopalpur,2,2,0.43,Low
2025-10-15,Newcastle,13,7,2.67,Medium
2025-10-15,Samarinda,11,4,1.87,Medium
2025-10-15,Richards Bay,11,5,2.44,Medium
2025-10-15,Maputo,5,3,0.91,Low
2025-10-15,Norfolk,4,3,0.78,Low
2025-10-16,Paradip,8,6,2.12,Medium
2025-10-16,Visakhapatnam (Outer),8,4,1.71,Medium
2025-10-16,Visakhapatnam (Inner),9,3,2.28,Medium
2025-10-16,Dhamra,5,4,1.11,Low
2025-10-16,Gangavaram,3,2,0.62,Low
2025-10-16,Haldia,15,5,5.5,High
2025-10-16,Gopalpur,3,1,0.63,Low
2025-10-16,Newcastle,10,8,2.19,Medium
2025-10-16,Samarinda,6,7,1.17,Low
2025-10-16,Richards Bay,6,5,1.43,Low
2025-10-16,Maputo,4,2,0.96,Low
2025-10-16,Norfolk,4,3,0.76,Low
2025-10-17,Paradip,14,5,3.69,High
2025-10-17,Visakhapatnam (Outer),4,3,1.28,Low
2025-10-17,Visakhapatnam (Inner),6,4,1.76,Medium
2025-10-17,Dhamra,4,3,1.1,Low
2025-10-17,Gangavaram,3,2,0.9,Low
2025-10-17,Haldia,12,5,4.46,High
2025-10-17,Gopalpur,3,1,0.79,Low
2025-10-17,Newcastle,19,6,3.7,High
2025-10-17,Samarinda,7,5,1.41,Low
2025-10-17,Richards Bay,11,4,2.57,Medium
2025-10-17,Maputo,4,2,0.94,Low
2025-10-17,Norfolk,4,2,0.83,Low
2025-10-20,Paradip,8,6,2.13,Medium
2025-10-20,Visakhapatnam (Outer),8,3,1.9,Medium
2025-10-20,Visakhapatnam (Inner),6,6,1.66,Medium
2025-10-20,Dhamra,3,3,0.77,Low
2025-10-20,Gangavaram,4,2,0.7,Low
2025-10-20,Haldia,12,5,4.37,High
2025-10-20,Gopalpur,3,1,0.76,Low
2025-10-20,Newcastle,9,7,1.85,Medium
2025-10-20,Samarinda,10,4,1.93,Medium
2025-10-20,Richards Bay,6,6,1.54,Medium
2025-10-20,Maputo,4,1,0.78,Low
2025-10-20,Norfolk,4,4,0.9,Low
2025-10-21,Paradip,8,5,2.35,Medium
2025-10-21,Visakhapatnam (Outer),5,3,1.42,Low
2025-10-21,Visakhapatnam (Inner),9,6,2.09,Medium
2025-10-21,Dhamra,3,3,0.75,Low
2025-10-21,Gangavaram,2,4,0.73,Low
2025-10-21,Haldia,15,4,5.73,High
2025-10-21,Gopalpur,2,1,0.35,Low
2025-10-21,Newcastle,10,7,2.21,Medium
2025-10-21,Samarinda,9,5,1.66,Medium
2025-10-21,Richards Bay,8,3,1.83,Medium
2025-10-21,Maputo,4,1,0.83,Low
2025-10-21,Norfolk,2,4,0.7,Low
2025-10-22,Paradip,13,6,3.63,High
2025-10-22,Visakhapatnam (Outer),4,4,1.22,Low
2025-10-22,Visakhapatnam (Inner),11,4,2.88,Medium
2025-10-22,Dhamra,5,2,1.26,Low
2025-10-22,Gangavaram,4,1,0.79,Low
2025-10-22,Haldia,10,6,3.75,High
2025-10-22,Gopalpur,1,1,0.28,Low
2025-10-22,Newcastle,20,7,3.9,High
2025-10-22,Samarinda,9,5,1.8,Medium
2025-10-22,Richards Bay,7,4,1.72,Medium
2025-10-22,Maputo,3,2,0.67,Low
2025-10-22,Norfolk,4,4,0.91,Low
2025-10-23,Paradip,10,6,2.78,Medium
2025-10-23,Visakhapatnam (Outer),5,3,1.1,Low
2025-10-23,Visakhapatnam (Inner),7,4,1.89,Medium
2025-10-23,Dhamra,5,3,1.36,Low
2025-10-23,Gangavaram,5,3,0.9,Low
2025-10-23,Haldia,14,5,5.35,High
2025-10-23,Gopalpur,2,2,0.56,Low
2025-10-23,Newcastle,6,8,1.49,Low
2025-10-23,Samarinda,3,6,0.6,Low
2025-10-23,Richards Bay,9,4,2.23,Medium
2025-10-23,Maputo,4,4,0.97,Low
2025-10-23,Norfolk,3,1,0.79,Low
2025-10-24,Paradip,6,6,1.9,Medium
2025-10-24,Visakhapatnam (Outer),7,5,1.87,Medium
2025-10-24,Visakhapatnam (Inner),9,5,2.11,Medium
2025-10-24,Dhamra,2,3,0.5,Low
2025-10-24,Gangavaram,5,3,1.21,Low
2025-10-24,Haldia,16,4,6.06,High
2025-10-24,Gopalpur,3,1,0.53,Low
2025-10-24,Newcastle,16,7,3.11,Medium
2025-10-24,Samarinda,7,5,1.53,Medium
2025-10-24,Richards Bay,9,3,1.91,Medium
2025-10-24,Maputo,5,3,0.91,Low
2025-10-24,Norfolk,4,3,0.89,Low
2025-10-27,Paradip,9,5,2.4,Medium
2025-10-27,Visakhapatnam (Outer),6,3,1.63,Medium
2025-10-27,Visakhapatnam (Inner),8,5,2.08,Medium
2025-10-27,Dhamra,4,4,1.06,Low
2025-10-27,Gangavaram,3,2,0.67,Low
2025-10-27,Haldia,8,4,2.98,Medium
2025-10-27,Gopalpur,4,1,0.89,Low
2025-10-27,Newcastle,10,7,1.99,Medium
2025-10-27,Samarinda,7,6,1.53,Medium
2025-10-27,Richards Bay,9,5,1.95,Medium
2025-10-27,Maputo,6,2,1.37,Low
2025-10-27,Norfolk,4,5,0.94,Low
2025-10-28,Paradip,9,6,2.53,Medium
2025-10-28,Visakhapatnam (Outer),6,3,1.38,Low
2025-10-28,Visakhapatnam (Inner),9,3,2.33,Medium
2025-10-28,Dhamra,5,3,1.16,Low
2025-10-28,Gangavaram,3,1,0.72,Low
2025-10-28,Haldia,9,5,3.29,Medium
2025-10-28,Gopalpur,2,3,0.72,Low
2025-10-28,Newcastle,11,7,2.44,Medium
2025-10-28,Samarinda,6,6,1.31,Low
2025-10-28,Richards Bay,12,4,2.54,Medium
2025-10-28,Maputo,6,3,1.16,Low
2025-10-28,Norfolk,3,3,0.71,Low
2025-10-29,Paradip,9,6,2.52,Medium
2025-10-29,Visakhapatnam (Outer),7,5,1.55,Medium
2025-10-29,Visakhapatnam (Inner),8,4,2.17,Medium
2025-10-29,Dhamra,4,4,0.92,Low
2025-10-29,Gangavaram,5,2,0.98,Low
2025-10-29,Haldia,8,5,2.95,Medium
2025-10-29,Gopalpur,2,1,0.39,Low
2025-10-29,Newcastle,16,8,3.3,Medium
2025-10-29,Samarinda,6,6,1.15,Low
2025-10-29,Richards Bay,10,5,2.18,Medium
2025-10-29,Maputo,5,1,0.9,Low
2025-10-29,Norfolk,4,5,0.71,Low
2025-10-30,Paradip,6,6,1.97,Medium
2025-10-30,Visakhapatnam (Outer),6,4,1.61,Medium
2025-10-30,Visakhapatnam (Inner),5,5,1.47,Low
2025-10-30,Dhamra,6,4,1.53,Medium
2025-10-30,Gangavaram,2,1,0.54,Low
2025-10-30,Haldia,9,4,3.47,Medium
2025-10-30,Gopalpur,3,4,0.7,Low
2025-10-30,Newcastle,17,10,3.21,Medium
2025-10-30,Samarinda,6,4,1.31,Low
2025-10-30,Richards Bay,4,5,1.11,Low
2025-10-30,Maputo,4,3,0.79,Low
2025-10-30,Norfolk,3,3,0.83,Low
2025-10-31,Paradip,10,6,2.89,Medium
2025-10-31,Visakhapatnam (Outer),8,5,1.7,Medium
2025-10-31,Visakhapatnam (Inner),9,3,2.23,Medium
2025-10-31,Dhamra,3,3,0.84,Low
2025-10-31,Gangavaram,3,3,0.8,Low
2025-10-31,Haldia,10,6,3.94,High
2025-10-31,Gopalpur,3,2,0.63,Low
2025-10-31,Newcastle,14,6,2.76,Medium
2025-10-31,Samarinda,8,6,1.61,Medium
2025-10-31,Richards Bay,4,5,1.12,Low
2025-10-31,Maputo,5,1,1.12,Low
2025-10-31,Norfolk,4,4,0.98,Low
2025-11-03,Paradip,11,3,2.94,Medium
2025-11-03,Visakhapatnam (Outer),7,5,1.83,Medium
2025-11-03,Visakhapatnam (Inner),9,3,2.37,Medium
2025-11-03,Dhamra,6,4,1.49,Low
2025-11-03,Gangavaram,5,1,0.93,Low
2025-11-03,Haldia,17,3,6.43,High
2025-11-03,Gopalpur,1,1,0.55,Low
2025-11-03,Newcastle,20,7,3.81,High
2025-11-03,Samarinda,8,6,1.68,Medium
2025-11-03,Richards Bay,13,3,2.97,Medium
2025-11-03,Maputo,3,3,0.73,Low
2025-11-03,Norfolk,2,2,0.56,Low
2025-11-04,Paradip,10,5,2.78,Medium
2025-11-04,Visakhapatnam (Outer),8,4,1.76,Medium
2025-11-04,Visakhapatnam (Inner),8,5,2.02,Medium
2025-11-04,Dhamra,5,2,1.02,Low
2025-11-04,Gangavaram,3,3,0.75,Low
2025-11-04,Haldia,13,4,5.0,High
2025-11-04,Gopalpur,2,1,0.61,Low
2025-11-04,Newcastle,15,7,3.04,Medium
2025-11-04,Samarinda,8,5,1.64,Medium
2025-11-04,Richards Bay,8,5,1.87,Medium
2025-11-04,Maputo,5,2,0.94,Low
2025-11-04,Norfolk,3,3,0.7,Low
2025-11-05,Paradip,8,4,2.43,Medium
2025-11-05,Visakhapatnam (Outer),6,4,1.31,Low
2025-11-05,Visakhapatnam (Inner),6,4,1.5,Medium
2025-11-05,Dhamra,4,5,0.97,Low
2025-11-05,Gangavaram,3,1,0.87,Low
2025-11-05,Haldia,15,4,5.37,High
2025-11-05,Gopalpur,3,2,0.48,Low
2025-11-05,Newcastle,15,7,3.17,Medium
2025-11-05,Samarinda,6,6,1.04,Low
2025-11-05,Richards Bay,9,2,2.19,Medium
2025-11-05,Maputo,4,2,0.99,Low
2025-11-05,Norfolk,3,4,0.67,Low
2025-11-06,Paradip,14,6,3.61,High
2025-11-06,Visakhapatnam (Outer),7,5,1.81,Medium
2025-11-06,Visakhapatnam (Inner),11,3,2.56,Medium
2025-11-06,Dhamra,4,3,1.14,Low
2025-11-06,Gangavaram,4,2,0.97,Low
2025-11-06,Haldia,10,6,3.65,High
2025-11-06,Gopalpur,3,2,0.63,Low
2025-11-06,Newcastle,16,7,3.31,Medium
2025-11-06,Samarinda,7,5,1.53,Medium
2025-11-06,Richards Bay,11,5,2.54,Medium
2025-11-06,Maputo,6,2,1.21,Low
2025-11-06,Norfolk,3,3,0.65,Low
2025-11-07,Paradip,11,5,3.14,Medium
2025-11-07,Visakhapatnam (Outer),6,3,1.67,Medium
2025-11-07,Visakhapatnam (Inner),7,3,1.75,Medium
2025-11-07,Dhamra,6,3,1.55,Medium
2025-11-07,Gangavaram,4,2,0.99,Low
2025-11-07,Haldia,11,5,4.12,High
2025-11-07,Gopalpur,3,1,0.68,Low
2025-11-07,Newcastle,16,7,3.06,Medium
2025-11-07,Samarinda,6,6,1.28,Low
2025-11-07,Richards Bay,9,6,2.12,Medium
2025-11-07,Maputo,3,2,0.71,Low
2025-11-07,Norfolk,2,4,0.59,Low
2025-11-10,Paradip,10,5,2.76,Medium
2025-11-10,Visakhapatnam (Outer),7,3,1.75,Medium
2025-11-10,Visakhapatnam (Inner),6,5,1.54,Medium
2025-11-10,Dhamra,5,4,1.4,Low
2025-11-10,Gangavaram,3,2,0.59,Low
2025-11-10,Haldia,8,3,3.3,Medium
2025-11-10,Gopalpur,3,3,0.8,Low
2025-11-10,Newcastle,13,9,2.54,Medium
2025-11-10,Samarinda,9,5,1.68,Medium
2025-11-10,Richards Bay,9,5,2.22,Medium
2025-11-10,Maputo,5,2,0.98,Low
2025-11-10,Norfolk,2,6,0.78,Low
2025-11-11,Paradip,10,5,2.62,Medium
2025-11-11,Visakhapatnam (Outer),6,4,1.38,Low
2025-11-11,Visakhapatnam (Inner),6,4,1.56,Medium
2025-11-11,Dhamra,4,5,0.85,Low
2025-11-11,Gangavaram,3,2,0.88,Low
2025-11-11,Haldia,9,6,3.61,High
2025-11-11,Gopalpur,3,1,0.72,Low
2025-11-11,Newcastle,12,7,2.31,Medium
2025-11-11,Samarinda,7,5,1.26,Low
2025-11-11,Richards Bay,8,4,2.03,Medium
2025-11-11,Maputo,3,3,0.78,Low
2025-11-11,Norfolk,5,4,1.05,Low
2025-11-12,Paradip,10,5,2.93,Medium
2025-11-12,Visakhapatnam (Outer),5,3,1.48,Low
2025-11-12,Visakhapatnam (Inner),6,6,1.47,Low
2025-11-12,Dhamra,5,4,1.36,Low
2025-11-12,Gangavaram,5,2,1.07,Low
2025-11-12,Haldia,14,6,5.33,High
2025-11-12,Gopalpur,2,2,0.56,Low
2025-11-12,Newcastle,15,9,2.84,Medium
2025-11-12,Samarinda,9,6,1.82,Medium
2025-11-12,Richards Bay,11,4,2.55,Medium
2025-11-12,Maputo,3,2,0.81,Low
2025-11-12,Norfolk,4,4,0.69,Low
2025-11-13,Paradip,10,5,2.74,Medium
2025-11-13,Visakhapatnam (Outer),5,4,1.46,Low
2025-11-13,Visakhapatnam (Inner),10,4,2.5,Medium
2025-11-13,Dhamra,2,4,0.67,Low
2025-11-13,Gangavaram,5,1,1.11,Low
2025-11-13,Haldia,17,3,6.44,High
2025-11-13,Gopalpur,3,1,0.7,Low
2025-11-13,Newcastle,18,9,3.44,Medium
2025-11-13,Samarinda,8,5,1.65,Medium
2025-11-13,Richards Bay,8,5,1.85,Medium
2025-11-13,Maputo,4,3,1.12,Low
2025-11-13,Norfolk,3,2,0.55,Low
2025-11-14,Paradip,9,6,2.49,Medium
2025-11-14,Visakhapatnam (Outer),6,4,1.62,Medium
2025-11-14,Visakhapatnam (Inner),7,4,1.65,Medium
2025-11-14,Dhamra,6,4,1.25,Low
2025-11-14,Gangavaram,4,1,0.72,Low
2025-11-14,Haldia,11,4,4.11,High
2025-11-14,Gopalpur,3,1,0.76,Low
2025-11-14,Newcastle,11,6,2.19,Medium
2025-11-14,Samarinda,9,6,1.59,Medium
2025-11-14,Richards Bay,12,6,2.88,Medium
2025-11-14,Maputo,5,2,1.25,Low
2025-11-14,Norfolk,4,4,0.69,Low
2025-11-17,Paradip,12,4,3.36,Medium
2025-11-17,Visakhapatnam (Outer),7,4,1.67,Medium
2025-11-17,Visakhapatnam (Inner),9,6,2.22,Medium
2025-11-17,Dhamra,6,2,1.24,Low
2025-11-17,Gangavaram,4,3,0.79,Low
2025-11-17,Haldia,10,2,3.76,High
2025-11-17,Gopalpur,2,1,0.42,Low
2025-11-17,Newcastle,15,9,3.15,Medium
2025-11-17,Samarinda,8,7,1.4,Low
2025-11-17,Richards Bay,7,4,1.75,Medium
2025-11-17,Maputo,6,1,1.33,Low
2025-11-17,Norfolk,4,3,1.04,Low
2025-11-18,Paradip,10,4,2.79,Medium
2025-11-18,Visakhapatnam (Outer),2,3,0.85,Low
2025-11-18,Visakhapatnam (Inner),6,5,1.74,Medium
2025-11-18,Dhamra,5,2,1.18,Low
2025-11-18,Gangavaram,5,1,1.15,Low
2025-11-18,Haldia,10,3,3.61,High
2025-11-18,Gopalpur,4,1,0.9,Low
2025-11-18,Newcastle,16,6,3.08,Medium
2025-11-18,Samarinda,9,6,1.45,Low
2025-11-18,Richards Bay,9,4,2.0,Medium
2025-11-18,Maputo,6,2,1.23,Low
2025-11-18,Norfolk,5,4,1.13,Low
2025-11-19,Paradip,9,6,2.75,Medium
2025-11-19,Visakhapatnam (Outer),3,2,1.06,Low
2025-11-19,Visakhapatnam (Inner),9,5,2.31,Medium
2025-11-19,Dhamra,4,4,0.92,Low
2025-11-19,Gangavaram,3,5,0.93,Low
2025-11-19,Haldia,14,6,5.3,High
2025-11-19,Gopalpur,2,1,0.71,Low
2025-11-19,Newcastle,16,6,3.08,Medium
2025-11-19,Samarinda,10,6,1.83,Medium
2025-11-19,Richards Bay,3,4,0.76,Low
2025-11-19,Maputo,4,1,1.04,Low
2025-11-19,Norfolk,3,4,0.57,Low
2025-11-20,Paradip,8,6,2.21,Medium
2025-11-20,Visakhapatnam (Outer),6,3,1.38,Low
2025-11-20,Visakhapatnam (Inner),12,4,2.85,Medium
2025-11-20,Dhamra,4,3,1.17,Low
2025-11-20,Gangavaram,3,1,0.6,Low
2025-11-20,Haldia,16,4,6.04,High
2025-11-20,Gopalpur,1,1,0.58,Low
2025-11-20,Newcastle,11,6,2.44,Medium
2025-11-20,Samarinda,6,5,1.25,Low
2025-11-20,Richards Bay,5,6,1.44,Low
2025-11-20,Maputo,4,2,0.93,Low
2025-11-20,Norfolk,2,4,0.5,Low
2025-11-21,Paradip,6,5,1.72,Medium
2025-11-21,Visakhapatnam (Outer),5,2,1.15,Low
2025-11-21,Visakhapatnam (Inner),5,5,1.26,Low
2025-11-21,Dhamra,4,4,0.87,Low
2025-11-21,Gangavaram,4,3,0.73,Low
2025-11-21,Haldia,14,4,5.29,High
2025-11-21,Gopalpur,1,3,0.39,Low
2025-11-21,Newcastle,15,7,3.17,Medium
2025-11-21,Samarinda,5,5,0.93,Low
2025-11-21,Richards Bay,9,4,1.95,Medium
2025-11-21,Maputo,3,3,0.71,Low
2025-11-21,Norfolk,3,5,0.62,Low
2025-11-24,Paradip,13,4,3.51,High
2025-11-24,Visakhapatnam (Outer),4,3,1.3,Low
2025-11-24,Visakhapatnam (Inner),8,5,1.93,Medium
2025-11-24,Dhamra,6,3,1.21,Low
2025-11-24,Gangavaram,4,2,1.08,Low
2025-11-24,Haldia,10,3,3.96,High
2025-11-24,Gopalpur,2,3,0.59,Low
2025-11-24,Newcastle,15,8,2.86,Medium
2025-11-24,Samarinda,6,4,1.34,Low
2025-11-24,Richards Bay,8,4,1.76,Medium
2025-11-24,Maputo,4,2,1.11,Low
2025-11-24,Norfolk,5,3,0.87,Low
2025-11-25,Paradip,10,5,2.97,Medium
2025-11-25,Visakhapatnam (Outer),5,2,1.36,Low
2025-11-25,Visakhapatnam (Inner),7,4,1.9,Medium
2025-11-25,Dhamra,3,2,0.65,Low
2025-11-25,Gangavaram,4,1,1.09,Low
2025-11-25,Haldia,13,4,4.98,High
2025-11-25,Gopalpur,3,1,0.76,Low
2025-11-25,Newcastle,21,7,4.22,High
2025-11-25,Samarinda,6,5,1.01,Low
2025-11-25,Richards Bay,9,5,2.23,Medium
2025-11-25,Maputo,4,3,1.03,Low
2025-11-25,Norfolk,4,5,0.72,Low
2025-11-26,Paradip,6,6,1.62,Medium
2025-11-26,Visakhapatnam (Outer),4,3,1.15,Low
2025-11-26,Visakhapatnam (Inner),10,5,2.49,Medium
2025-11-26,Dhamra,3,3,1.01,Low
2025-11-26,Gangavaram,2,3,0.64,Low
2025-11-26,Haldia,14,4,5.17,High
2025-11-26,Gopalpur,3,1,0.78,Low
2025-11-26,Newcastle,18,9,3.5,Medium
2025-11-26,Samarinda,8,6,1.64,Medium
2025-11-26,Richards Bay,9,5,2.02,Medium
2025-11-26,Maputo,3,3,0.96,Low
2025-11-26,Norfolk,3,2,0.69,Low
2025-11-27,Paradip,7,6,2.25,Medium
2025-11-27,Visakhapatnam (Outer),8,2,1.71,Medium
2025-11-27,Visakhapatnam (Inner),9,5,2.38,Medium
2025-11-27,Dhamra,4,4,1.16,Low
2025-11-27,Gangavaram,3,2,0.61,Low
2025-11-27,Haldia,14,4,5.27,High
2025-11-27,Gopalpur,2,2,0.7,Low
2025-11-27,Newcastle,14,9,2.97,Medium
2025-11-27,Samarinda,8,6,1.32,Low
2025-11-27,Richards Bay,10,4,2.34,Medium
2025-11-27,Maputo,4,3,0.74,Low
2025-11-27,Norfolk,2,3,0.45,Low
2025-11-28,Paradip,11,5,3.17,Medium
2025-11-28,Visakhapatnam (Outer),5,3,1.31,Low
2025-11-28,Visakhapatnam (Inner),7,5,1.84,Medium
2025-11-28,Dhamra,4,5,0.99,Low
2025-11-28,Gangavaram,4,2,0.76,Low
2025-11-28,Haldia,5,6,2.08,Medium
2025-11-28,Gopalpur,2,1,0.65,Low
2025-11-28,Newcastle,12,8,2.55,Medium
2025-11-28,Samarinda,3,7,0.84,Low
2025-11-28,Richards Bay,11,5,2.56,Medium
2025-11-28,Maputo,4,1,0.91,Low
2025-11-28,Norfolk,4,4,0.84,Low
2025-12-01,Paradip,6,6,1.83,Medium
2025-12-01,Visakhapatnam (Outer),7,2,1.55,Medium
2025-12-01,Visakhapatnam (Inner),7,5,1.74,Medium
2025-12-01,Dhamra,4,4,1.03,Low
2025-12-01,Gangavaram,3,3,0.73,Low
2025-12-01,Haldia,12,5,4.41,High
2025-12-01,Gopalpur,1,2,0.31,Low
2025-12-01,Newcastle,10,8,2.08,Medium
2025-12-01,Samarinda,8,5,1.54,Medium
2025-12-01,Richards Bay,15,4,3.43,Medium
2025-12-01,Maputo,4,3,1.13,Low
2025-12-01,Norfolk,3,4,0.89,Low
2025-12-02,Paradip,12,4,3.36,Medium
2025-12-02,Visakhapatnam (Outer),6,3,1.51,Medium
2025-12-02,Visakhapatnam (Inner),3,3,1.09,Low
2025-12-02,Dhamra,6,3,1.21,Low
2025-12-02,Gangavaram,3,3,0.57,Low
2025-12-02,Haldia,10,5,3.7,High
2025-12-02,Gopalpur,3,2,0.5,Low
2025-12-02,Newcastle,19,8,3.8,High
2025-12-02,Samarinda,8,6,1.47,Low
2025-12-02,Richards Bay,8,4,2.03,Medium
2025-12-02,Maputo,4,4,0.94,Low
2025-12-02,Norfolk,3,3,0.85,Low
2025-12-03,Paradip,5,5,1.46,Low
2025-12-03,Visakhapatnam (Outer),7,4,1.68,Medium
2025-12-03,Visakhapatnam (Inner),5,5,1.21,Low
2025-12-03,Dhamra,4,2,0.95,Low
2025-12-03,Gangavaram,4,4,0.74,Low
2025-12-03,Haldia,11,6,4.09,High
2025-12-03,Gopalpur,3,1,0.79,Low
2025-12-03,Newcastle,20,7,3.73,High
2025-12-03,Samarinda,7,8,1.51,Medium
2025-12-03,Richards Bay,7,2,1.87,Medium
2025-12-03,Maputo,4,2,1.04,Low
2025-12-03,Norfolk,3,3,0.81,Low
2025-12-04,Paradip,6,6,1.74,Medium
2025-12-04,Visakhapatnam (Outer),6,2,1.42,Low
2025-12-04,Visakhapatnam (Inner),8,4,2.25,Medium
2025-12-04,Dhamra,5,2,1.22,Low
2025-12-04,Gangavaram,5,4,1.05,Low
2025-12-04,Haldia,17,4,6.06,High
2025-12-04,Gopalpur,3,3,0.7,Low
2025-12-04,Newcastle,6,8,1.56,Medium
2025-12-04,Samarinda,5,5,1.17,Low
2025-12-04,Richards Bay,8,5,2.06,Medium
2025-12-04,Maputo,3,1,0.64,Low
2025-12-04,Norfolk,3,2,0.56,Low
2025-12-05,Paradip,5,5,1.67,Medium
2025-12-05,Visakhapatnam (Outer),7,3,1.89,Medium
2025-12-05,Visakhapatnam (Inner),7,5,1.68,Medium
2025-12-05,Dhamra,5,2,1.2,Low
2025-12-05,Gangavaram,4,3,0.73,Low
2025-12-05,Haldia,13,6,4.95,High
2025-12-05,Gopalpur,2,1,0.53,Low
2025-12-05,Newcastle,12,11,2.5,Medium
2025-12-05,Samarinda,12,5,1.97,Medium
2025-12-05,Richards Bay,8,5,1.98,Medium
2025-12-05,Maputo,3,4,0.96,Low
2025-12-05,Norfolk,5,3,0.89,Low
2025-12-08,Paradip,12,6,3.5,Medium
2025-12-08,Visakhapatnam (Outer),8,5,1.88,Medium
2025-12-08,Visakhapatnam (Inner),9,3,2.14,Medium
2025-12-08,Dhamra,6,3,1.58,Medium
2025-12-08,Gangavaram,3,2,0.76,Low
2025-12-08,Haldia,14,3,5.09,High
2025-12-08,Gopalpur,3,2,0.68,Low
2025-12-08,Newcastle,12,7,2.27,Medium
2025-12-08,Samarinda,10,7,1.74,Medium
2025-12-08,Richards Bay,8,3,2.08,Medium
2025-12-08,Maputo,8,4,1.55,Medium
2025-12-08,Norfolk,3,4,0.9,Low
2025-12-09,Paradip,6,4,1.87,Medium
2025-12-09,Visakhapatnam (Outer),6,2,1.51,Medium
2025-12-09,Visakhapatnam (Inner),4,5,1.3,Low
2025-12-09,Dhamra,4,3,0.95,Low
2025-12-09,Gangavaram,4,2,0.82,Low
2025-12-09,Haldia,11,4,4.12,High
2025-12-09,Gopalpur,2,1,0.46,Low
2025-12-09,Newcastle,10,8,1.97,Medium
2025-12-09,Samarinda,6,5,1.09,Low
2025-12-09,Richards Bay,8,6,1.74,Medium
2025-12-09,Maputo,3,1,0.72,Low
2025-12-09,Norfolk,2,4,0.74,Low
2025-12-10,Paradip,10,4,2.93,Medium
2025-12-10,Visakhapatnam (Outer),5,2,1.36,Low
2025-12-10,Visakhapatnam (Inner),6,6,1.6,Medium
2025-12-10,Dhamra,3,4,0.83,Low
2025-12-10,Gangavaram,2,1,0.72,Low
2025-12-10,Haldia,19,6,7.12,High
2025-12-10,Gopalpur,3,1,0.51,Low
2025-12-10,Newcastle,15,7,2.98,Medium
2025-12-10,Samarinda,7,6,1.47,Low
2025-12-10,Richards Bay,10,4,2.47,Medium
2025-12-10,Maputo,5,2,1.02,Low
2025-12-10,Norfolk,3,4,0.9,Low
2025-12-11,Paradip,11,8,2.92,Medium
2025-12-11,Visakhapatnam (Outer),4,4,1.26,Low
2025-12-11,Visakhapatnam (Inner),9,3,2.4,Medium
2025-12-11,Dhamra,3,4,0.75,Low
2025-12-11,Gangavaram,2,3,0.46,Low
2025-12-11,Haldia,19,6,6.95,High
2025-12-11,Gopalpur,3,3,0.6,Low
2025-12-11,Newcastle,10,8,2.12,Medium
2025-12-11,Samarinda,5,5,1.05,Low
2025-12-11,Richards Bay,11,3,2.54,Medium
2025-12-11,Maputo,5,1,1.1,Low
2025-12-11,Norfolk,4,3,0.9,Low
2025-12-12,Paradip,12,4,3.1,Medium
2025-12-12,Visakhapatnam (Outer),9,2,1.97,Medium
2025-12-12,Visakhapatnam (Inner),8,6,2.07,Medium
2025-12-12,Dhamra,4,5,1.01,Low
2025-12-12,Gangavaram,3,3,0.77,Low
2025-12-12,Haldia,13,5,4.99,High
2025-12-12,Gopalpur,3,1,0.47,Low
2025-12-12,Newcastle,12,8,2.56,Medium
2025-12-12,Samarinda,3,9,0.66,Low
2025-12-12,Richards Bay,8,3,1.89,Medium
2025-12-12,Maputo,8,3,1.55,Medium
2025-12-12,Norfolk,3,4,0.6,Low
2025-12-15,Paradip,7,4,2.2,Medium
2025-12-15,Visakhapatnam (Outer),8,2,1.72,Medium
2025-12-15,Visakhapatnam (Inner),8,4,1.88,Medium
2025-12-15,Dhamra,5,4,1.26,Low
2025-12-15,Gangavaram,3,3,0.6,Low
2025-12-15,Haldia,15,6,5.46,High
2025-12-15,Gopalpur,3,2,0.68,Low
2025-12-15,Newcastle,20,6,3.84,High
2025-12-15,Samarinda,4,5,1.04,Low
2025-12-15,Richards Bay,8,4,1.88,Medium
2025-12-15,Maputo,2,1,0.69,Low
2025-12-15,Norfolk,5,4,0.96,Low
2025-12-16,Paradip,9,5,2.38,Medium
2025-12-16,Visakhapatnam (Outer),6,3,1.59,Medium
2025-12-16,Visakhapatnam (Inner),6,5,1.56,Medium
2025-12-16,Dhamra,4,4,0.83,Low
2025-12-16,Gangavaram,5,1,1.11,Low
2025-12-16,Haldia,17,5,6.39,High
2025-12-16,Gopalpur,2,1,0.38,Low
2025-12-16,Newcastle,14,9,2.84,Medium
2025-12-16,Samarinda,6,6,1.36,Low
2025-12-16,Richards Bay,7,6,1.78,Medium
2025-12-16,Maputo,4,3,1.09,Low
2025-12-16,Norfolk,2,3,0.7,Low
2025-12-17,Paradip,8,5,2.33,Medium
2025-12-17,Visakhapatnam (Outer),4,3,1.0,Low
2025-12-17,Visakhapatnam (Inner),11,4,2.59,Medium
2025-12-17,Dhamra,4,4,1.18,Low
2025-12-17,Gangavaram,4,2,0.97,Low
2025-12-17,Haldia,11,4,3.95,High
2025-12-17,Gopalpur,2,1,0.39,Low
2025-12-17,Newcastle,10,6,2.04,Medium
2025-12-17,Samarinda,7,5,1.51,Medium
2025-12-17,Richards Bay,6,5,1.46,Low
2025-12-17,Maputo,4,3,1.14,Low
2025-12-17,Norfolk,3,3,0.89,Low
2025-12-18,Paradip,11,5,3.11,Medium
2025-12-18,Visakhapatnam (Outer),7,3,1.6,Medium
2025-12-18,Visakhapatnam (Inner),7,5,1.82,Medium
2025-12-18,Dhamra,4,4,1.11,Low
2025-12-18,Gangavaram,4,2,1.09,Low
2025-12-18,Haldia,12,5,4.36,High
2025-12-18,Gopalpur,2,1,0.48,Low
2025-12-18,Newcastle,25,9,5.0,High
2025-12-18,Samarinda,6,6,1.14,Low
2025-12-18,Richards Bay,10,6,2.2,Medium
2025-12-18,Maputo,6,3,1.17,Low
2025-12-18,Norfolk,2,5,0.53,Low
2025-12-19,Paradip,10,6,2.94,Medium
2025-12-19,Visakhapatnam (Outer),5,4,1.21,Low
2025-12-19,Visakhapatnam (Inner),7,4,1.8,Medium
2025-12-19,Dhamra,2,3,0.65,Low
2025-12-19,Gangavaram,2,2,0.49,Low
2025-12-19,Haldia,15,3,5.43,High
2025-12-19,Gopalpur,2,1,0.67,Low
2025-12-19,Newcastle,14,9,3.02,Medium
2025-12-19,Samarinda,5,7,0.85,Low
2025-12-19,Richards Bay,12,4,2.79,Medium
2025-12-19,Maputo,2,3,0.61,Low
2025-12-19,Norfolk,2,3,0.68,Low
2025-12-22,Paradip,6,5,1.73,Medium
2025-12-22,Visakhapatnam (Outer),6,3,1.37,Low
2025-12-22,Visakhapatnam (Inner),7,5,1.98,Medium
2025-12-22,Dhamra,5,4,1.13,Low
2025-12-22,Gangavaram,5,2,1.24,Low
2025-12-22,Haldia,8,4,3.09,Medium
2025-12-22,Gopalpur,3,1,0.57,Low
2025-12-22,Newcastle,14,8,2.8,Medium
2025-12-22,Samarinda,10,6,1.88,Medium
2025-12-22,Richards Bay,9,10,2.14,Medium
2025-12-22,Maputo,3,2,0.6,Low
2025-12-22,Norfolk,3,6,0.67,Low
2025-12-23,Paradip,6,4,1.79,Medium
2025-12-23,Visakhapatnam (Outer),6,3,1.55,Medium
2025-12-23,Visakhapatnam (Inner),9,5,2.29,Medium
2025-12-23,Dhamra,4,4,1.0,Low
2025-12-23,Gangavaram,3,2,0.59,Low
2025-12-23,Haldia,16,6,6.02,High
2025-12-23,Gopalpur,2,1,0.43,Low
2025-12-23,Newcastle,16,7,3.0,Medium
2025-12-23,Samarinda,9,7,1.8,Medium
2025-12-23,Richards Bay,10,3,2.23,Medium
2025-12-23,Maputo,7,4,1.49,Low
2025-12-23,Norfolk,3,2,0.79,Low
2025-12-24,Paradip,7,5,2.15,Medium
2025-12-24,Visakhapatnam (Outer),5,5,1.31,Low
2025-12-24,Visakhapatnam (Inner),7,3,1.84,Medium
2025-12-24,Dhamra,3,4,0.78,Low
2025-12-24,Gangavaram,2,3,0.78,Low
2025-12-24,Haldia,15,5,5.62,High
2025-12-24,Gopalpur,3,1,0.55,Low
2025-12-24,Newcastle,19,7,3.89,High
2025-12-24,Samarinda,6,6,1.04,Low
2025-12-24,Richards Bay,8,3,1.76,Medium
2025-12-24,Maputo,5,1,1.07,Low
2025-12-24,Norfolk,4,3,0.68,Low
2025-12-25,Paradip,11,4,3.09,Medium
2025-12-25,Visakhapatnam (Outer),6,3,1.6,Medium
2025-12-25,Visakhapatnam (Inner),8,4,2.0,Medium
2025-12-25,Dhamra,5,3,1.19,Low
2025-12-25,Gangavaram,3,2,0.87,Low
2025-12-25,Haldia,11,5,4.35,High
2025-12-25,Gopalpur,3,1,0.63,Low
2025-12-25,Newcastle,16,6,3.36,Medium
2025-12-25,Samarinda,4,4,0.94,Low
2025-12-25,Richards Bay,8,5,1.81,Medium
2025-12-25,Maputo,4,2,0.83,Low
2025-12-25,Norfolk,4,4,1.02,Low
2025-12-26,Paradip,13,6,3.55,High
2025-12-26,Visakhapatnam (Outer),5,4,1.4,Low
2025-12-26,Visakhapatnam (Inner),8,4,2.08,Medium
2025-12-26,Dhamra,5,4,1.19,Low
2025-12-26,Gangavaram,4,2,0.74,Low
2025-12-26,Haldia,11,4,4.29,High
2025-12-26,Gopalpur,2,2,0.57,Low
2025-12-26,Newcastle,12,7,2.29,Medium
2025-12-26,Samarinda,6,6,1.01,Low
2025-12-26,Richards Bay,14,6,3.12,Medium
2025-12-26,Maputo,5,4,1.05,Low
2025-12-26,Norfolk,4,4,0.67,Low
2025-12-29,Paradip,9,5,2.4,Medium
2025-12-29,Visakhapatnam (Outer),4,4,1.23,Low
2025-12-29,Visakhapatnam (Inner),3,4,1.04,Low
2025-12-29,Dhamra,7,4,1.72,Medium
2025-12-29,Gangavaram,4,3,0.78,Low
2025-12-29,Haldia,12,2,4.6,High
2025-12-29,Gopalpur,2,4,0.53,Low
2025-12-29,Newcastle,12,9,2.36,Medium
2025-12-29,Samarinda,4,5,0.81,Low
2025-12-29,Richards Bay,6,5,1.46,Low
2025-12-29,Maputo,6,3,1.44,Low
2025-12-29,Norfolk,2,4,0.69,Low
2025-12-30,Paradip,8,6,2.28,Medium
2025-12-30,Visakhapatnam (Outer),5,2,1.4,Low
2025-12-30,Visakhapatnam (Inner),10,5,2.55,Medium
2025-12-30,Dhamra,1,3,0.49,Low
2025-12-30,Gangavaram,3,1,0.74,Low
2025-12-30,Haldia,17,7,6.35,High
2025-12-30,Gopalpur,2,2,0.48,Low
2025-12-30,Newcastle,14,8,2.72,Medium
2025-12-30,Samarinda,7,5,1.39,Low
2025-12-30,Richards Bay,13,4,2.94,Medium
2025-12-30,Maputo,3,2,0.67,Low
2025-12-30,Norfolk,2,3,0.78,Low
2025-12-31,Paradip,9,7,2.57,Medium
2025-12-31,Visakhapatnam (Outer),4,5,0.98,Low
2025-12-31,Visakhapatnam (Inner),8,7,1.98,Medium
2025-12-31,Dhamra,5,2,1.05,Low
2025-12-31,Gangavaram,4,3,0.72,Low
2025-12-31,Haldia,13,5,4.83,High
2025-12-31,Gopalpur,2,1,0.39,Low
2025-12-31,Newcastle,12,9,2.36,Medium
2025-12-31,Samarinda,10,6,1.63,Medium
2025-12-31,Richards Bay,12,4,2.6,Medium
2025-12-31,Maputo,4,3,0.89,Low
2025-12-31,Norfolk,4,4,1.02,Low
2026-01-01,Paradip,9,5,2.59,Medium
2026-01-01,Visakhapatnam (Outer),6,4,1.44,Low
2026-01-01,Visakhapatnam (Inner),7,4,1.82,Medium
2026-01-01,Dhamra,5,2,1.3,Low
2026-01-01,Gangavaram,3,2,0.66,Low
2026-01-01,Haldia,9,5,3.49,Medium
2026-01-01,Gopalpur,3,1,0.51,Low
2026-01-01,Newcastle,16,8,3.0,Medium
2026-01-01,Samarinda,7,4,1.16,Low
2026-01-01,Richards Bay,9,4,2.17,Medium
2026-01-01,Maputo,4,3,0.99,Low
2026-01-01,Norfolk,3,2,0.79,Low
2026-01-02,Paradip,8,6,2.1,Medium
2026-01-02,Visakhapatnam (Outer),7,3,1.89,Medium
2026-01-02,Visakhapatnam (Inner),10,5,2.69,Medium
2026-01-02,Dhamra,4,4,1.18,Low
2026-01-02,Gangavaram,5,3,0.9,Low
2026-01-02,Haldia,17,4,6.08,High
2026-01-02,Gopalpur,3,1,0.86,Low
2026-01-02,Newcastle,22,5,4.11,High
2026-01-02,Samarinda,6,5,1.38,Low
2026-01-02,Richards Bay,9,5,2.09,Medium
2026-01-02,Maputo,6,3,1.1,Low
2026-01-02,Norfolk,2,3,0.44,Low
2026-01-05,Paradip,10,6,2.89,Medium
2026-01-05,Visakhapatnam (Outer),5,4,1.37,Low
2026-01-05,Visakhapatnam (Inner),7,3,2.04,Medium
2026-01-05,Dhamra,5,5,1.15,Low
2026-01-05,Gangavaram,2,3,0.61,Low
2026-01-05,Haldia,13,4,4.84,High
2026-01-05,Gopalpur,3,1,0.72,Low
2026-01-05,Newcastle,19,7,3.61,High
2026-01-05,Samarinda,9,5,1.59,Medium
2026-01-05,Richards Bay,9,4,1.93,Medium
2026-01-05,Maputo,3,4,0.96,Low
2026-01-05,Norfolk,4,1,0.99,Low
2026-01-06,Paradip,8,6,2.44,Medium
2026-01-06,Visakhapatnam (Outer),4,4,1.08,Low
2026-01-06,Visakhapatnam (Inner),10,5,2.64,Medium
2026-01-06,Dhamra,4,4,0.86,Low
2026-01-06,Gangavaram,5,2,1.21,Low
2026-01-06,Haldia,13,5,4.74,High
2026-01-06,Gopalpur,2,1,0.6,Low
2026-01-06,Newcastle,12,7,2.34,Medium
2026-01-06,Samarinda,7,5,1.16,Low
2026-01-06,Richards Bay,8,3,1.83,Medium
2026-01-06,Maputo,8,2,1.46,Low
2026-01-06,Norfolk,3,3,0.79,Low
2026-01-07,Paradip,7,6,2.23,Medium
2026-01-07,Visakhapatnam (Outer),6,1,1.3,Low
2026-01-07,Visakhapatnam (Inner),11,3,2.57,Medium
2026-01-07,Dhamra,4,2,1.17,Low
2026-01-07,Gangavaram,4,2,0.78,Low
2026-01-07,Haldia,12,3,4.32,High
2026-01-07,Gopalpur,1,1,0.56,Low
2026-01-07,Newcastle,11,7,2.23,Medium
2026-01-07,Samarinda,4,5,1.05,Low
2026-01-07,Richards Bay,13,5,2.87,Medium
2026-01-07,Maputo,4,1,1.1,Low
2026-01-07,Norfolk,4,4,0.93,Low
2026-01-08,Paradip,7,6,2.03,Medium
2026-01-08,Visakhapatnam (Outer),5,2,1.23,Low
2026-01-08,Visakhapatnam (Inner),8,5,2.06,Medium
2026-01-08,Dhamra,2,4,0.78,Low
2026-01-08,Gangavaram,4,1,0.77,Low
2026-01-08,Haldia,13,5,4.95,High
2026-01-08,Gopalpur,2,2,0.37,Low
2026-01-08,Newcastle,11,8,2.43,Medium
2026-01-08,Samarinda,7,5,1.43,Low
2026-01-08,Richards Bay,10,6,2.17,Medium
2026-01-08,Maputo,6,2,1.19,Low
2026-01-08,Norfolk,4,4,0.68,Low
2026-01-09,Paradip,12,6,3.22,Medium
2026-01-09,Visakhapatnam (Outer),3,4,1.04,Low
2026-01-09,Visakhapatnam (Inner),9,4,2.39,Medium
2026-01-09,Dhamra,3,2,0.74,Low
2026-01-09,Gangavaram,3,3,0.66,Low
2026-01-09,Haldia,13,6,5.02,High
2026-01-09,Gopalpur,1,3,0.59,Low
2026-01-09,Newcastle,11,8,2.25,Medium
2026-01-09,Samarinda,8,7,1.61,Medium
2026-01-09,Richards Bay,9,4,2.25,Medium
2026-01-09,Maputo,6,2,1.14,Low
2026-01-09,Norfolk,4,5,0.9,Low
2026-01-12,Paradip,10,5,2.63,Medium
2026-01-12,Visakhapatnam (Outer),4,3,1.12,Low
2026-01-12,Visakhapatnam (Inner),9,5,2.28,Medium
2026-01-12,Dhamra,4,4,0.94,Low
2026-01-12,Gangavaram,3,2,0.58,Low
2026-01-12,Haldia,9,2,3.62,High
2026-01-12,Gopalpur,2,1,0.47,Low
2026-01-12,Newcastle,12,7,2.57,Medium
2026-01-12,Samarinda,11,4,1.93,Medium
2026-01-12,Richards Bay,8,4,2.0,Medium
2026-01-12,Maputo,3,2,0.82,Low
2026-01-12,Norfolk,3,4,0.88,Low
2026-01-13,Paradip,9,5,2.46,Medium
2026-01-13,Visakhapatnam (Outer),3,3,0.83,Low
2026-01-13,Visakhapatnam (Inner),6,4,1.55,Medium
2026-01-13,Dhamra,5,4,1.25,Low
2026-01-13,Gangavaram,4,3,1.08,Low
2026-01-13,Haldia,12,6,4.58,High
2026-01-13,Gopalpur,1,1,0.37,Low
2026-01-13,Newcastle,13,8,2.7,Medium
2026-01-13,Samarinda,10,4,1.67,Medium
2026-01-13,Richards Bay,6,5,1.39,Low
2026-01-13,Maputo,5,3,1.29,Low
2026-01-13,Norfolk,3,4,0.8,Low
2026-01-14,Paradip,5,5,1.54,Medium
2026-01-14,Visakhapatnam (Outer),7,4,1.77,Medium
2026-01-14,Visakhapatnam (Inner),9,4,2.19,Medium
2026-01-14,Dhamra,5,2,1.19,Low
2026-01-14,Gangavaram,4,3,0.87,Low
2026-01-14,Haldia,12,3,4.62,High
2026-01-14,Gopalpur,3,3,0.69,Low
2026-01-14,Newcastle,18,9,3.66,High
2026-01-14,Samarinda,8,4,1.61,Medium
2026-01-14,Richards Bay,9,4,2.19,Medium
2026-01-14,Maputo,3,4,0.63,Low
2026-01-14,Norfolk,3,3,0.71,Low
2026-01-15,Paradip,8,5,2.41,Medium
2026-01-15,Visakhapatnam (Outer),8,4,1.93,Medium
2026-01-15,Visakhapatnam (Inner),10,3,2.59,Medium
2026-01-15,Dhamra,5,1,1.17,Low
2026-01-15,Gangavaram,2,2,0.59,Low
2026-01-15,Haldia,12,3,4.63,High
2026-01-15,Gopalpur,1,1,0.57,Low
2026-01-15,Newcastle,22,8,4.46,High
2026-01-15,Samarinda,8,6,1.5,Medium
2026-01-15,Richards Bay,8,5,1.84,Medium
2026-01-15,Maputo,5,4,1.22,Low
2026-01-15,Norfolk,1,3,0.24,Low
2026-01-16,Paradip,12,7,3.27,Medium
2026-01-16,Visakhapatnam (Outer),7,5,1.84,Medium
2026-01-16,Visakhapatnam (Inner),7,4,1.89,Medium
2026-01-16,Dhamra,3,4,0.68,Low
2026-01-16,Gangavaram,2,3,0.45,Low
2026-01-16,Haldia,9,5,3.41,Medium
2026-01-16,Gopalpur,2,1,0.59,Low
2026-01-16,Newcastle,12,9,2.28,Medium
2026-01-16,Samarinda,8,5,1.63,Medium
2026-01-16,Richards Bay,7,5,1.54,Medium
2026-01-16,Maputo,5,3,0.98,Low
2026-01-16,Norfolk,3,4,0.85,Low
2026-01-19,Paradip,10,4,2.73,Medium
2026-01-19,Visakhapatnam (Outer),5,4,1.47,Low
2026-01-19,Visakhapatnam (Inner),9,2,2.47,Medium
2026-01-19,Dhamra,5,3,1.12,Low
2026-01-19,Gangavaram,4,1,0.76,Low
2026-01-19,Haldia,9,4,3.35,Medium
2026-01-19,Gopalpur,2,2,0.51,Low
2026-01-19,Newcastle,12,8,2.32,Medium
2026-01-19,Samarinda,7,8,1.53,Medium
2026-01-19,Richards Bay,9,4,2.01,Medium
2026-01-19,Maputo,3,1,0.68,Low
2026-01-19,Norfolk,6,4,1.12,Low
2026-01-20,Paradip,7,6,2.0,Medium
2026-01-20,Visakhapatnam (Outer),7,4,1.9,Medium
2026-01-20,Visakhapatnam (Inner),6,2,1.64,Medium
2026-01-20,Dhamra,7,4,1.64,Medium
2026-01-20,Gangavaram,3,1,0.9,Low
2026-01-20,Haldia,10,4,3.81,High
2026-01-20,Gopalpur,4,2,0.69,Low
2026-01-20,Newcastle,14,6,2.83,Medium
2026-01-20,Samarinda,8,6,1.5,Medium
2026-01-20,Richards Bay,10,5,2.12,Medium
2026-01-20,Maputo,4,3,0.88,Low
2026-01-20,Norfolk,3,4,0.87,Low
2026-01-21,Paradip,8,5,2.41,Medium
2026-01-21,Visakhapatnam (Outer),6,2,1.54,Medium
2026-01-21,Visakhapatnam (Inner),5,6,1.57,Medium
2026-01-21,Dhamra,3,4,0.96,Low
2026-01-21,Gangavaram,3,4,0.57,Low
2026-01-21,Haldia,13,5,4.85,High
2026-01-21,Gopalpur,2,3,0.46,Low
2026-01-21,Newcastle,17,9,3.28,Medium
2026-01-21,Samarinda,7,6,1.36,Low
2026-01-21,Richards Bay,14,6,3.09,Medium
2026-01-21,Maputo,7,3,1.54,Medium
2026-01-21,Norfolk,3,4,0.66,Low
2026-01-22,Paradip,6,6,1.88,Medium
2026-01-22,Visakhapatnam (Outer),5,4,1.5,Medium
2026-01-22,Visakhapatnam (Inner),6,5,1.76,Medium
2026-01-22,Dhamra,5,1,1.01,Low
2026-01-22,Gangavaram,4,3,1.08,Low
2026-01-22,Haldia,11,4,4.11,High
2026-01-22,Gopalpur,1,2,0.49,Low
2026-01-22,Newcastle,8,8,1.56,Medium
2026-01-22,Samarinda,7,5,1.29,Low
2026-01-22,Richards Bay,12,4,2.87,Medium
2026-01-22,Maputo,5,3,1.04,Low
2026-01-22,Norfolk,3,3,0.53,Low
2026-01-23,Paradip,3,4,0.99,Low
2026-01-23,Visakhapatnam (Outer),4,5,1.15,Low
2026-01-23,Visakhapatnam (Inner),6,5,1.65,Medium
2026-01-23,Dhamra,6,3,1.43,Low
2026-01-23,Gangavaram,3,2,0.72,Low
2026-01-23,Haldia,9,5,3.44,Medium
2026-01-23,Gopalpur,2,2,0.58,Low
2026-01-23,Newcastle,18,8,3.47,Medium
2026-01-23,Samarinda,8,7,1.57,Medium
2026-01-23,Richards Bay,9,5,2.18,Medium
2026-01-23,Maputo,6,3,1.44,Low
2026-01-23,Norfolk,3,4,0.8,Low
2026-01-26,Paradip,11,8,2.95,Medium
2026-01-26,Visakhapatnam (Outer),4,2,1.26,Low
2026-01-26,Visakhapatnam (Inner),6,5,1.58,Medium
2026-01-26,Dhamra,7,5,1.75,Medium
2026-01-26,Gangavaram,4,3,0.95,Low
2026-01-26,Haldia,11,4,4.11,High
2026-01-26,Gopalpur,2,2,0.63,Low
2026-01-26,Newcastle,5,8,1.3,Low
2026-01-26,Samarinda,10,4,1.98,Medium
2026-01-26,Richards Bay,8,3,1.8,Medium
2026-01-26,Maputo,6,1,1.08,Low
2026-01-26,Norfolk,5,3,1.06,Low
2026-01-27,Paradip,6,6,1.74,Medium
2026-01-27,Visakhapatnam (Outer),6,3,1.6,Medium
2026-01-27,Visakhapatnam (Inner),7,5,2.03,Medium
2026-01-27,Dhamra,3,3,0.75,Low
2026-01-27,Gangavaram,4,5,0.92,Low
2026-01-27,Haldia,15,5,5.71,High
2026-01-27,Gopalpur,3,1,0.81,Low
2026-01-27,Newcastle,15,8,3.2,Medium
2026-01-27,Samarinda,5,5,1.04,Low
2026-01-27,Richards Bay,6,5,1.48,Low
2026-01-27,Maputo,4,2,1.12,Low
2026-01-27,Norfolk,4,4,0.87,Low
2026-01-28,Paradip,6,4,1.81,Medium
2026-01-28,Visakhapatnam (Outer),6,1,1.32,Low
2026-01-28,Visakhapatnam (Inner),8,5,2.23,Medium
2026-01-28,Dhamra,4,4,1.11,Low
2026-01-28,Gangavaram,3,5,0.59,Low
2026-01-28,Haldia,10,4,3.93,High
2026-01-28,Gopalpur,2,1,0.48,Low
2026-01-28,Newcastle,15,6,2.98,Medium
2026-01-28,Samarinda,8,5,1.36,Low
2026-01-28,Richards Bay,7,5,1.51,Medium
2026-01-28,Maputo,6,3,1.25,Low
2026-01-28,Norfolk,4,2,0.81,Low
2026-01-29,Paradip,12,6,3.46,Medium
2026-01-29,Visakhapatnam (Outer),9,2,2.27,Medium
2026-01-29,Visakhapatnam (Inner),13,4,3.34,Medium
2026-01-29,Dhamra,5,3,1.1,Low
2026-01-29,Gangavaram,7,4,1.39,Low
2026-01-29,Haldia,9,4,3.52,High
2026-01-29,Gopalpur,2,3,0.56,Low
2026-01-29,Newcastle,14,8,2.89,Medium
2026-01-29,Samarinda,9,5,1.66,Medium
2026-01-29,Richards Bay,11,4,2.33,Medium
2026-01-29,Maputo,6,2,1.14,Low
2026-01-29,Norfolk,3,4,0.57,Low
2026-01-30,Paradip,8,6,2.34,Medium
2026-01-30,Visakhapatnam (Outer),7,3,1.56,Medium
2026-01-30,Visakhapatnam (Inner),5,6,1.31,Low
2026-01-30,Dhamra,7,4,1.75,Medium
2026-01-30,Gangavaram,3,2,0.9,Low
2026-01-30,Haldia,11,5,4.11,High
2026-01-30,Gopalpur,3,1,0.56,Low
2026-01-30,Newcastle,16,7,3.28,Medium
2026-01-30,Samarinda,9,5,1.48,Low
2026-01-30,Richards Bay,11,6,2.51,Medium
2026-01-30,Maputo,6,2,1.34,Low
2026-01-30,Norfolk,4,2,0.79,Low
2026-02-02,Paradip,10,6,2.7,Medium
2026-02-02,Visakhapatnam (Outer),7,4,1.52,Medium
2026-02-02,Visakhapatnam (Inner),11,4,2.57,Medium
2026-02-02,Dhamra,5,4,1.34,Low
2026-02-02,Gangavaram,2,1,0.66,Low
2026-02-02,Haldia,8,5,3.26,Medium
2026-02-02,Gopalpur,2,1,0.62,Low
2026-02-02,Newcastle,13,9,2.77,Medium
2026-02-02,Samarinda,6,6,1.15,Low
2026-02-02,Richards Bay,7,4,1.76,Medium
2026-02-02,Maputo,5,2,1.09,Low
2026-02-02,Norfolk,4,4,1.0,Low
2026-02-03,Paradip,3,5,1.15,Low
2026-02-03,Visakhapatnam (Outer),4,4,1.21,Low
2026-02-03,Visakhapatnam (Inner),8,4,2.0,Medium
2026-02-03,Dhamra,6,5,1.23,Low
2026-02-03,Gangavaram,6,5,1.22,Low
2026-02-03,Haldia,14,2,5.17,High
2026-02-03,Gopalpur,2,1,0.74,Low
2026-02-03,Newcastle,11,7,2.42,Medium
2026-02-03,Samarinda,8,5,1.55,Medium
2026-02-03,Richards Bay,7,5,1.56,Medium
2026-02-03,Maputo,2,3,0.75,Low
2026-02-03,Norfolk,4,4,0.88,Low
2026-02-04,Paradip,12,8,3.27,Medium
2026-02-04,Visakhapatnam (Outer),5,3,1.19,Low
2026-02-04,Visakhapatnam (Inner),9,6,2.34,Medium
2026-02-04,Dhamra,5,3,1.3,Low
2026-02-04,Gangavaram,4,3,0.81,Low
2026-02-04,Haldia,11,5,3.96,High
2026-02-04,Gopalpur,2,3,0.57,Low
2026-02-04,Newcastle,12,7,2.27,Medium
2026-02-04,Samarinda,8,4,1.5,Medium
2026-02-04,Richards Bay,9,4,2.18,Medium
2026-02-04,Maputo,3,2,0.7,Low
2026-02-04,Norfolk,4,2,0.88,Low
2026-02-05,Paradip,13,6,3.52,High
2026-02-05,Visakhapatnam (Outer),4,5,1.02,Low
2026-02-05,Visakhapatnam (Inner),7,4,1.91,Medium
2026-02-05,Dhamra,5,2,1.19,Low
2026-02-05,Gangavaram,3,2,0.82,Low
2026-02-05,Haldia,10,4,3.99,High
2026-02-05,Gopalpur,2,2,0.48,Low
2026-02-05,Newcastle,14,7,2.97,Medium
2026-02-05,Samarinda,3,5,0.59,Low
2026-02-05,Richards Bay,11,5,2.32,Medium
2026-02-05,Maputo,3,3,0.94,Low
2026-02-05,Norfolk,5,3,0.92,Low
2026-02-06,Paradip,9,3,2.56,Medium
2026-02-06,Visakhapatnam (Outer),7,3,1.85,Medium
2026-02-06,Visakhapatnam (Inner),8,6,2.09,Medium
2026-02-06,Dhamra,2,4,0.49,Low
2026-02-06,Gangavaram,2,1,0.53,Low
2026-02-06,Haldia,6,5,2.21,Medium
2026-02-06,Gopalpur,3,1,0.81,Low
2026-02-06,Newcastle,12,7,2.34,Medium
2026-02-06,Samarinda,10,6,1.71,Medium
2026-02-06,Richards Bay,11,4,2.39,Medium
2026-02-06,Maputo,5,1,1.22,Low
2026-02-06,Norfolk,2,1,0.59,Low
2026-02-09,Paradip,7,6,2.01,Medium
2026-02-09,Visakhapatnam (Outer),5,4,1.39,Low
2026-02-09,Visakhapatnam (Inner),9,5,2.26,Medium
2026-02-09,Dhamra,4,3,1.12,Low
2026-02-09,Gangavaram,2,4,0.49,Low
2026-02-09,Haldia,17,4,6.34,High
2026-02-09,Gopalpur,3,2,0.76,Low
2026-02-09,Newcastle,13,9,2.58,Medium
2026-02-09,Samarinda,7,4,1.29,Low
2026-02-09,Richards Bay,8,5,2.0,Medium
2026-02-09,Maputo,4,2,0.87,Low
2026-02-09,Norfolk,4,5,0.72,Low
2026-02-10,Paradip,13,3,3.53,High
2026-02-10,Visakhapatnam (Outer),6,4,1.48,Low
2026-02-10,Visakhapatnam (Inner),5,4,1.29,Low
2026-02-10,Dhamra,6,5,1.39,Low
2026-02-10,Gangavaram,3,2,0.82,Low
2026-02-10,Haldia,10,4,3.63,High
2026-02-10,Gopalpur,1,3,0.37,Low
2026-02-10,Newcastle,19,8,3.73,High
2026-02-10,Samarinda,6,5,1.39,Low
2026-02-10,Richards Bay,9,5,2.06,Medium
2026-02-10,Maputo,6,1,1.41,Low
2026-02-10,Norfolk,4,3,0.67,Low
2026-02-11,Paradip,8,6,2.14,Medium
2026-02-11,Visakhapatnam (Outer),4,2,1.3,Low
2026-02-11,Visakhapatnam (Inner),8,3,2.07,Medium
2026-02-11,Dhamra,5,2,1.17,Low
2026-02-11,Gangavaram,3,2,0.78,Low
2026-02-11,Haldia,12,3,4.32,High
2026-02-11,Gopalpur,2,1,0.45,Low
2026-02-11,Newcastle,8,7,1.69,Medium
2026-02-11,Samarinda,11,5,1.94,Medium
2026-02-11,Richards Bay,13,6,3.08,Medium
2026-02-11,Maputo,3,3,0.92,Low
2026-02-11,Norfolk,2,3,0.64,Low
2026-02-12,Paradip,11,4,2.89,Medium
2026-02-12,Visakhapatnam (Outer),6,5,1.32,Low
2026-02-12,Visakhapatnam (Inner),9,3,2.42,Medium
2026-02-12,Dhamra,5,4,1.03,Low
2026-02-12,Gangavaram,4,4,0.88,Low
2026-02-12,Haldia,13,5,4.99,High
2026-02-12,Gopalpur,1,1,0.48,Low
2026-02-12,Newcastle,13,7,2.69,Medium
2026-02-12,Samarinda,9,5,1.56,Medium
2026-02-12,Richards Bay,7,3,1.79,Medium
2026-02-12,Maputo,3,3,0.89,Low
2026-02-12,Norfolk,4,3,1.03,Low
2026-02-13,Paradip,13,5,3.69,High
2026-02-13,Visakhapatnam (Outer),7,2,1.55,Medium
2026-02-13,Visakhapatnam (Inner),4,5,1.17,Low
2026-02-13,Dhamra,5,3,1.03,Low
2026-02-13,Gangavaram,4,2,0.87,Low
2026-02-13,Haldia,15,6,5.43,High
2026-02-13,Gopalpur,3,1,0.82,Low
2026-02-13,Newcastle,7,9,1.4,Low
2026-02-13,Samarinda,10,6,1.95,Medium
2026-02-13,Richards Bay,9,6,2.12,Medium
2026-02-13,Maputo,5,2,1.26,Low
2026-02-13,Norfolk,4,4,0.66,Low
2026-02-16,Paradip,11,4,3.08,Medium
2026-02-16,Visakhapatnam (Outer),5,2,1.34,Low
2026-02-16,Visakhapatnam (Inner),6,3,1.7,Medium
2026-02-16,Dhamra,5,4,1.39,Low
2026-02-16,Gangavaram,3,2,0.59,Low
2026-02-16,Haldia,9,4,3.3,Medium
2026-02-16,Gopalpur,3,1,0.76,Low
2026-02-16,Newcastle,19,7,3.66,High
2026-02-16,Samarinda,7,6,1.33,Low
2026-02-16,Richards Bay,8,5,1.93,Medium
2026-02-16,Maputo,3,3,0.85,Low
2026-02-16,Norfolk,4,3,0.73,Low
2026-02-17,Paradip,11,6,3.2,Medium
2026-02-17,Visakhapatnam (Outer),8,5,1.71,Medium
2026-02-17,Visakhapatnam (Inner),6,6,1.68,Medium
2026-02-17,Dhamra,4,4,1.0,Low
2026-02-17,Gangavaram,5,2,1.05,Low
2026-02-17,Haldia,11,4,4.08,High
2026-02-17,Gopalpur,2,1,0.49,Low
2026-02-17,Newcastle,12,7,2.46,Medium
2026-02-17,Samarinda,5,6,1.21,Low
2026-02-17,Richards Bay,11,4,2.57,Medium
2026-02-17,Maputo,4,3,0.83,Low
2026-02-17,Norfolk,4,2,0.89,Low
2026-02-18,Paradip,14,4,3.97,High
2026-02-18,Visakhapatnam (Outer),4,4,0.96,Low
2026-02-18,Visakhapatnam (Inner),9,5,2.46,Medium
2026-02-18,Dhamra,3,3,0.95,Low
2026-02-18,Gangavaram,3,2,0.7,Low
2026-02-18,Haldia,8,5,2.98,Medium
2026-02-18,Gopalpur,4,2,0.97,Low
2026-02-18,Newcastle,20,7,3.84,High
2026-02-18,Samarinda,5,5,0.98,Low
2026-02-18,Richards Bay,12,5,2.66,Medium
2026-02-18,Maputo,5,3,0.99,Low
2026-02-18,Norfolk,2,3,0.67,Low
2026-02-19,Paradip,8,6,2.49,Medium
2026-02-19,Visakhapatnam (Outer),8,4,1.94,Medium
2026-02-19,Visakhapatnam (Inner),6,5,1.8,Medium
2026-02-19,Dhamra,4,3,0.95,Low
2026-02-19,Gangavaram,3,2,0.85,Low
2026-02-19,Haldia,12,4,4.52,High
2026-02-19,Gopalpur,1,2,0.46,Low
2026-02-19,Newcastle,13,9,2.6,Medium
2026-02-19,Samarinda,9,5,1.66,Medium
2026-02-19,Richards Bay,4,6,1.18,Low
2026-02-19,Maputo,4,2,1.12,Low
2026-02-19,Norfolk,2,3,0.66,Low
2026-02-20,Paradip,11,5,2.9,Medium
2026-02-20,Visakhapatnam (Outer),6,4,1.54,Medium
2026-02-20,Visakhapatnam (Inner),9,4,2.25,Medium
2026-02-20,Dhamra,3,5,0.83,Low
2026-02-20,Gangavaram,4,3,0.75,Low
2026-02-20,Haldia,12,5,4.51,High
2026-02-20,Gopalpur,1,1,0.61,Low
2026-02-20,Newcastle,15,8,3.04,Medium
2026-02-20,Samarinda,11,7,1.89,Medium
2026-02-20,Richards Bay,9,5,2.01,Medium
2026-02-20,Maputo,5,4,0.95,Low
2026-02-20,Norfolk,4,2,0.74,Low
2026-02-23,Paradip,9,7,2.38,Medium
2026-02-23,Visakhapatnam (Outer),6,5,1.46,Low
2026-02-23,Visakhapatnam (Inner),7,5,1.7,Medium
2026-02-23,Dhamra,5,3,1.04,Low
2026-02-23,Gangavaram,3,1,0.6,Low
2026-02-23,Haldia,11,5,4.06,High
2026-02-23,Gopalpur,3,2,0.5,Low
2026-02-23,Newcastle,9,5,1.94,Medium
2026-02-23,Samarinda,7,4,1.27,Low
2026-02-23,Richards Bay,7,4,1.61,Medium
2026-02-23,Maputo,7,3,1.6,Medium
2026-02-23,Norfolk,5,3,0.89,Low
2026-02-24,Paradip,9,5,2.52,Medium
2026-02-24,Visakhapatnam (Outer),6,4,1.38,Low
2026-02-24,Visakhapatnam (Inner),9,5,2.29,Medium
2026-02-24,Dhamra,3,1,0.72,Low
2026-02-24,Gangavaram,5,1,1.18,Low
2026-02-24,Haldia,15,4,5.52,High
2026-02-24,Gopalpur,2,2,0.54,Low
2026-02-24,Newcastle,12,6,2.51,Medium
2026-02-24,Samarinda,5,4,0.97,Low
2026-02-24,Richards Bay,8,4,1.9,Medium
2026-02-24,Maputo,3,2,0.73,Low
2026-02-24,Norfolk,3,3,0.72,Low
2026-02-25,Paradip,5,4,1.41,Low
2026-02-25,Visakhapatnam (Outer),5,4,1.31,Low
2026-02-25,Visakhapatnam (Inner),6,4,1.66,Medium
2026-02-25,Dhamra,6,5,1.21,Low
2026-02-25,Gangavaram,3,3,0.64,Low
2026-02-25,Haldia,11,5,4.27,High
2026-02-25,Gopalpur,1,1,0.39,Low
2026-02-25,Newcastle,16,6,3.08,Medium
2026-02-25,Samarinda,10,4,1.84,Medium
2026-02-25,Richards Bay,3,4,0.92,Low
2026-02-25,Maputo,6,2,1.27,Low
2026-02-25,Norfolk,2,4,0.52,Low
2026-02-26,Paradip,7,6,2.07,Medium
2026-02-26,Visakhapatnam (Outer),5,5,1.25,Low
2026-02-26,Visakhapatnam (Inner),6,5,1.45,Low
2026-02-26,Dhamra,4,4,0.92,Low
2026-02-26,Gangavaram,3,3,0.59,Low
2026-02-26,Haldia,10,5,3.78,High
2026-02-26,Gopalpur,2,1,0.72,Low
2026-02-26,Newcastle,11,7,2.32,Medium
2026-02-26,Samarinda,10,6,1.89,Medium
2026-02-26,Richards Bay,10,5,2.47,Medium
2026-02-26,Maputo,6,3,1.44,Low
2026-02-26,Norfolk,3,1,0.88,Low
2026-02-27,Paradip,14,6,3.94,High
2026-02-27,Visakhapatnam (Outer),6,2,1.68,Medium
2026-02-27,Visakhapatnam (Inner),8,5,2.11,Medium
2026-02-27,Dhamra,6,2,1.49,Low
2026-02-27,Gangavaram,5,2,1.02,Low
2026-02-27,Haldia,11,4,4.13,High
2026-02-27,Gopalpur,4,1,0.94,Low
2026-02-27,Newcastle,14,7,2.98,Medium
2026-02-27,Samarinda,4,7,0.92,Low
2026-02-27,Richards Bay,9,5,2.22,Medium
2026-02-27,Maputo,4,3,0.87,Low
2026-02-27,Norfolk,3,5,0.74,Low
2026-03-02,Paradip,12,6,3.21,Medium
2026-03-02,Visakhapatnam (Outer),7,2,1.63,Medium
2026-03-02,Visakhapatnam (Inner),10,4,2.4,Medium
2026-03-02,Dhamra,4,5,1.03,Low
2026-03-02,Gangavaram,4,2,0.79,Low
2026-03-02,Haldia,14,4,5.02,High
2026-03-02,Gopalpur,2,1,0.55,Low
2026-03-02,Newcastle,11,7,2.42,Medium
2026-03-02,Samarinda,6,5,1.36,Low
2026-03-02,Richards Bay,11,4,2.58,Medium
2026-03-02,Maputo,4,3,0.88,Low
2026-03-02,Norfolk,3,3,0.71,Low
2026-03-03,Paradip,5,4,1.48,Low
2026-03-03,Visakhapatnam (Outer),7,3,1.6,Medium
2026-03-03,Visakhapatnam (Inner),8,3,1.98,Medium
2026-03-03,Dhamra,3,4,0.97,Low
2026-03-03,Gangavaram,5,4,0.86,Low
2026-03-03,Haldia,11,5,4.2,High
2026-03-03,Gopalpur,2,1,0.67,Low
2026-03-03,Newcastle,10,6,2.18,Medium
2026-03-03,Samarinda,9,6,1.47,Low
2026-03-03,Richards Bay,12,3,2.62,Medium
2026-03-03,Maputo,6,2,1.12,Low
2026-03-03,Norfolk,4,4,1.06,Low
2026-03-04,Paradip,7,6,2.18,Medium
2026-03-04,Visakhapatnam (Outer),5,4,1.28,Low
2026-03-04,Visakhapatnam (Inner),5,4,1.55,Medium
2026-03-04,Dhamra,4,4,1.01,Low
2026-03-04,Gangavaram,4,2,1.05,Low
2026-03-04,Haldia,11,6,4.08,High
2026-03-04,Gopalpur,2,1,0.72,Low
2026-03-04,Newcastle,4,7,1.16,Low
2026-03-04,Samarinda,7,5,1.52,Medium
2026-03-04,Richards Bay,9,3,2.28,Medium
2026-03-04,Maputo,6,2,1.37,Low
2026-03-04,Norfolk,4,4,0.99,Low
2026-03-05,Paradip,8,7,2.37,Medium
2026-03-05,Visakhapatnam (Outer),6,3,1.5,Medium
2026-03-05,Visakhapatnam (Inner),9,4,2.08,Medium
2026-03-05,Dhamra,5,3,1.4,Low
2026-03-05,Gangavaram,3,2,0.56,Low
2026-03-05,Haldia,10,3,3.69,High
2026-03-05,Gopalpur,2,2,0.4,Low
2026-03-05,Newcastle,13,8,2.64,Medium
2026-03-05,Samarinda,8,5,1.55,Medium
2026-03-05,Richards Bay,6,5,1.58,Medium
2026-03-05,Maputo,5,3,1.18,Low
2026-03-05,Norfolk,5,3,1.19,Low
2026-03-06,Paradip,8,5,2.16,Medium
2026-03-06,Visakhapatnam (Outer),6,3,1.54,Medium
2026-03-06,Visakhapatnam (Inner),7,3,1.99,Medium
2026-03-06,Dhamra,2,3,0.59,Low
2026-03-06,Gangavaram,2,3,0.6,Low
2026-03-06,Haldia,12,5,4.4,High
2026-03-06,Gopalpur,4,2,0.94,Low
2026-03-06,Newcastle,18,6,3.51,High
2026-03-06,Samarinda,5,4,0.87,Low
2026-03-06,Richards Bay,8,4,2.02,Medium
2026-03-06,Maputo,5,2,1.06,Low
2026-03-06,Norfolk,4,4,0.7,Low
2026-03-09,Paradip,9,5,2.45,Medium
2026-03-09,Visakhapatnam (Outer),6,3,1.65,Medium
2026-03-09,Visakhapatnam (Inner),9,3,2.35,Medium
2026-03-09,Dhamra,6,3,1.33,Low
2026-03-09,Gangavaram,5,3,1.01,Low
2026-03-09,Haldia,13,6,4.85,High
2026-03-09,Gopalpur,3,1,0.69,Low
2026-03-09,Newcastle,12,10,2.64,Medium
2026-03-09,Samarinda,7,5,1.41,Low
2026-03-09,Richards Bay,10,5,2.19,Medium
2026-03-09,Maputo,4,3,1.08,Low
2026-03-09,Norfolk,3,1,0.58,Low
2026-03-10,Paradip,16,7,4.27,High
2026-03-10,Visakhapatnam (Outer),6,3,1.38,Low
2026-03-10,Visakhapatnam (Inner),8,3,2.06,Medium
2026-03-10,Dhamra,4,3,0.92,Low
2026-03-10,Gangavaram,4,1,1.02,Low
2026-03-10,Haldia,12,5,4.54,High
2026-03-10,Gopalpur,2,1,0.72,Low
2026-03-10,Newcastle,8,7,1.8,Medium
2026-03-10,Samarinda,6,4,1.04,Low
2026-03-10,Richards Bay,9,5,2.03,Medium
2026-03-10,Maputo,5,2,1.17,Low
2026-03-10,Norfolk,3,3,0.65,Low
2026-03-11,Paradip,10,5,2.7,Medium
2026-03-11,Visakhapatnam (Outer),5,4,1.33,Low
2026-03-11,Visakhapatnam (Inner),6,3,1.57,Medium
2026-03-11,Dhamra,3,4,0.91,Low
2026-03-11,Gangavaram,3,1,0.85,Low
2026-03-11,Haldia,14,3,5.34,High
2026-03-11,Gopalpur,2,1,0.62,Low
2026-03-11,Newcastle,14,8,2.67,Medium
2026-03-11,Samarinda,7,8,1.46,Low
2026-03-11,Richards Bay,2,5,0.87,Low
2026-03-11,Maputo,4,1,1.08,Low
2026-03-11,Norfolk,4,4,0.83,Low
2026-03-12,Paradip,5,6,1.7,Medium
2026-03-12,Visakhapatnam (Outer),7,4,1.76,Medium
2026-03-12,Visakhapatnam (Inner),7,6,1.88,Medium
2026-03-12,Dhamra,5,3,1.06,Low
2026-03-12,Gangavaram,2,3,0.68,Low
2026-03-12,Haldia,12,5,4.55,High
2026-03-12,Gopalpur,3,1,0.78,Low
2026-03-12,Newcastle,12,8,2.64,Medium
2026-03-12,Samarinda,7,5,1.41,Low
2026-03-12,Richards Bay,13,5,3.08,Medium
2026-03-12,Maputo,5,2,1.29,Low
2026-03-12,Norfolk,4,3,0.95,Low
2026-03-13,Paradip,11,6,3.12,Medium
2026-03-13,Visakhapatnam (Outer),5,3,1.23,Low
2026-03-13,Visakhapatnam (Inner),7,4,1.87,Medium
2026-03-13,Dhamra,4,3,0.94,Low
2026-03-13,Gangavaram,5,1,1.15,Low
2026-03-13,Haldia,11,3,4.1,High
2026-03-13,Gopalpur,2,1,0.63,Low
2026-03-13,Newcastle,23,9,4.64,High
2026-03-13,Samarinda,8,6,1.66,Medium
2026-03-13,Richards Bay,6,5,1.59,Medium
2026-03-13,Maputo,2,2,0.6,Low
2026-03-13,Norfolk,2,3,0.57,Low
2026-03-16,Paradip,9,6,2.67,Medium
2026-03-16,Visakhapatnam (Outer),5,3,1.26,Low
2026-03-16,Visakhapatnam (Inner),8,5,2.13,Medium
2026-03-16,Dhamra,2,5,0.69,Low
2026-03-16,Gangavaram,4,2,0.77,Low
2026-03-16,Haldia,13,3,4.71,High
2026-03-16,Gopalpur,1,2,0.4,Low
2026-03-16,Newcastle,16,8,3.19,Medium
2026-03-16,Samarinda,6,5,1.04,Low
2026-03-16,Richards Bay,9,4,2.21,Medium
2026-03-16,Maputo,6,2,1.25,Low
2026-03-16,Norfolk,6,3,1.33,Low
2026-03-17,Paradip,11,7,3.13,Medium
2026-03-17,Visakhapatnam (Outer),7,2,1.61,Medium
2026-03-17,Visakhapatnam (Inner),6,4,1.74,Medium
2026-03-17,Dhamra,5,4,1.31,Low
2026-03-17,Gangavaram,4,1,0.96,Low
2026-03-17,Haldia,15,3,5.58,High
2026-03-17,Gopalpur,4,2,0.82,Low
2026-03-17,Newcastle,15,9,3.05,Medium
2026-03-17,Samarinda,6,5,1.09,Low
2026-03-17,Richards Bay,5,4,1.13,Low
2026-03-17,Maputo,5,1,0.93,Low
2026-03-17,Norfolk,4,2,0.69,Low
2026-03-18,Paradip,7,6,1.93,Medium
2026-03-18,Visakhapatnam (Outer),5,3,1.15,Low
2026-03-18,Visakhapatnam (Inner),7,4,1.72,Medium
2026-03-18,Dhamra,5,4,1.01,Low
2026-03-18,Gangavaram,5,2,1.02,Low
2026-03-18,Haldia,14,4,5.17,High
2026-03-18,Gopalpur,3,1,0.53,Low
2026-03-18,Newcastle,8,8,1.8,Medium
2026-03-18,Samarinda,8,4,1.42,Low
2026-03-18,Richards Bay,9,5,1.91,Medium
2026-03-18,Maputo,4,4,0.89,Low
2026-03-18,Norfolk,3,5,0.88,Low
2026-03-19,Paradip,9,5,2.38,Medium
2026-03-19,Visakhapatnam (Outer),7,4,1.78,Medium
2026-03-19,Visakhapatnam (Inner),10,4,2.41,Medium
2026-03-19,Dhamra,6,2,1.35,Low
2026-03-19,Gangavaram,2,2,0.62,Low
2026-03-19,Haldia,13,2,5.05,High
2026-03-19,Gopalpur,2,1,0.45,Low
2026-03-19,Newcastle,16,7,3.17,Medium
2026-03-19,Samarinda,5,5,0.9,Low
2026-03-19,Richards Bay,5,4,1.15,Low
2026-03-19,Maputo,6,4,1.14,Low
2026-03-19,Norfolk,5,3,0.98,Low
2026-03-20,Paradip,8,5,2.14,Medium
2026-03-20,Visakhapatnam (Outer),7,4,1.74,Medium
2026-03-20,Visakhapatnam (Inner),6,4,1.58,Medium
2026-03-20,Dhamra,5,4,1.39,Low
2026-03-20,Gangavaram,4,1,0.89,Low
2026-03-20,Haldia,14,5,5.4,High
2026-03-20,Gopalpur,3,2,0.54,Low
2026-03-20,Newcastle,14,10,2.64,Medium
2026-03-20,Samarinda,9,4,1.71,Medium
2026-03-20,Richards Bay,11,3,2.39,Medium
2026-03-20,Maputo,2,1,0.62,Low
2026-03-20,Norfolk,4,5,0.91,Low
2026-03-23,Paradip,8,6,2.46,Medium
2026-03-23,Visakhapatnam (Outer),5,3,1.2,Low
2026-03-23,Visakhapatnam (Inner),8,5,1.98,Medium
2026-03-23,Dhamra,4,2,1.17,Low
2026-03-23,Gangavaram,3,4,0.6,Low
2026-03-23,Haldia,15,5,5.49,High
2026-03-23,Gopalpur,2,2,0.58,Low
2026-03-23,Newcastle,15,8,3.15,Medium
2026-03-23,Samarinda,11,5,2.14,Medium
2026-03-23,Richards Bay,11,3,2.3,Medium
2026-03-23,Maputo,4,2,1.04,Low
2026-03-23,Norfolk,2,5,0.62,Low
2026-03-24,Paradip,10,5,2.94,Medium
2026-03-24,Visakhapatnam (Outer),5,3,1.36,Low
2026-03-24,Visakhapatnam (Inner),8,4,1.87,Medium
2026-03-24,Dhamra,5,4,1.32,Low
2026-03-24,Gangavaram,3,1,0.6,Low
2026-03-24,Haldia,15,6,5.42,High
2026-03-24,Gopalpur,2,2,0.6,Low
2026-03-24,Newcastle,22,8,4.44,High
2026-03-24,Samarinda,8,6,1.39,Low
2026-03-24,Richards Bay,8,5,1.95,Medium
2026-03-24,Maputo,4,2,1.05,Low
2026-03-24,Norfolk,4,4,0.82,Low
2026-03-25,Paradip,13,7,3.52,High
2026-03-25,Visakhapatnam (Outer),8,2,2.1,Medium
2026-03-25,Visakhapatnam (Inner),9,6,2.09,Medium
2026-03-25,Dhamra,5,4,1.03,Low
2026-03-25,Gangavaram,3,2,0.63,Low
2026-03-25,Haldia,14,2,5.07,High
2026-03-25,Gopalpur,2,1,0.69,Low
2026-03-25,Newcastle,11,9,2.42,Medium
2026-03-25,Samarinda,8,5,1.53,Medium
2026-03-25,Richards Bay,8,3,1.88,Medium
2026-03-25,Maputo,5,1,1.2,Low
2026-03-25,Norfolk,4,3,0.69,Low
2026-03-26,Paradip,14,6,3.6,High
2026-03-26,Visakhapatnam (Outer),6,5,1.42,Low
2026-03-26,Visakhapatnam (Inner),6,4,1.8,Medium
2026-03-26,Dhamra,3,2,1.02,Low
2026-03-26,Gangavaram,3,2,0.56,Low
2026-03-26,Haldia,13,5,4.78,High
2026-03-26,Gopalpur,4,3,0.98,Low
2026-03-26,Newcastle,16,9,3.32,Medium
2026-03-26,Samarinda,8,6,1.36,Low
2026-03-26,Richards Bay,9,4,2.22,Medium
2026-03-26,Maputo,5,3,1.21,Low
2026-03-26,Norfolk,4,3,0.82,Low
2026-03-27,Paradip,10,5,2.68,Medium
2026-03-27,Visakhapatnam (Outer),5,3,1.2,Low
2026-03-27,Visakhapatnam (Inner),9,4,2.1,Medium
2026-03-27,Dhamra,4,4,1.12,Low
2026-03-27,Gangavaram,4,2,0.94,Low
2026-03-27,Haldia,16,4,5.91,High
2026-03-27,Gopalpur,4,1,0.82,Low
2026-03-27,Newcastle,18,8,3.74,High
2026-03-27,Samarinda,5,4,0.95,Low
2026-03-27,Richards Bay,10,5,2.13,Medium
2026-03-27,Maputo,3,2,0.74,Low
2026-03-27,Norfolk,4,2,0.74,Low
2026-03-30,Paradip,9,6,2.4,Medium
2026-03-30,Visakhapatnam (Outer),5,3,1.15,Low
2026-03-30,Visakhapatnam (Inner),7,5,1.67,Medium
2026-03-30,Dhamra,7,5,1.52,Medium
2026-03-30,Gangavaram,3,1,0.58,Low
2026-03-30,Haldia,15,5,5.5,High
2026-03-30,Gopalpur,3,1,0.77,Low
2026-03-30,Newcastle,16,7,3.11,Medium
2026-03-30,Samarinda,3,3,0.61,Low
2026-03-30,Richards Bay,6,5,1.38,Low
2026-03-30,Maputo,4,1,1.08,Low
2026-03-30,Norfolk,2,2,0.68,Low
2026-03-31,Paradip,9,5,2.61,Medium
2026-03-31,Visakhapatnam (Outer),4,4,0.99,Low
2026-03-31,Visakhapatnam (Inner),7,6,2.03,Medium
2026-03-31,Dhamra,5,4,1.36,Low
2026-03-31,Gangavaram,4,3,0.95,Low
2026-03-31,Haldia,11,3,4.08,High
2026-03-31,Gopalpur,2,2,0.38,Low
2026-03-31,Newcastle,17,6,3.41,Medium
2026-03-31,Samarinda,7,5,1.49,Low
2026-03-31,Richards Bay,6,4,1.6,Medium
2026-03-31,Maputo,5,1,1.18,Low
2026-03-31,Norfolk,4,4,0.86,Low
2026-04-01,Paradip,6,5,1.77,Medium
2026-04-01,Visakhapatnam (Outer),6,2,1.67,Medium
2026-04-01,Visakhapatnam (Inner),4,5,1.14,Low
2026-04-01,Dhamra,3,3,0.95,Low
2026-04-01,Gangavaram,3,3,0.81,Low
2026-04-01,Haldia,14,5,5.17,High
2026-04-01,Gopalpur,2,1,0.56,Low
2026-04-01,Newcastle,10,5,1.98,Medium
2026-04-01,Samarinda,8,6,1.4,Low
2026-04-01,Richards Bay,13,3,2.95,Medium
2026-04-01,Maputo,3,3,0.91,Low
2026-04-01,Norfolk,2,4,0.5,Low
2026-04-02,Paradip,12,4,3.29,Medium
2026-04-02,Visakhapatnam (Outer),6,5,1.69,Medium
2026-04-02,Visakhapatnam (Inner),8,5,2.03,Medium
2026-04-02,Dhamra,5,1,1.06,Low
2026-04-02,Gangavaram,5,2,1.1,Low
2026-04-02,Haldia,14,3,5.07,High
2026-04-02,Gopalpur,3,3,0.67,Low
2026-04-02,Newcastle,15,8,3.11,Medium
2026-04-02,Samarinda,7,6,1.2,Low
2026-04-02,Richards Bay,10,4,2.16,Medium
2026-04-02,Maputo,4,3,0.87,Low
2026-04-02,Norfolk,3,4,0.6,Low
2026-04-03,Paradip,7,6,2.23,Medium
2026-04-03,Visakhapatnam (Outer),6,3,1.67,Medium
2026-04-03,Visakhapatnam (Inner),6,4,1.72,Medium
2026-04-03,Dhamra,6,3,1.29,Low
2026-04-03,Gangavaram,4,2,0.94,Low
2026-04-03,Haldia,10,5,3.89,High
2026-04-03,Gopalpur,1,2,0.47,Low
2026-04-03,Newcastle,15,8,3.02,Medium
2026-04-03,Samarinda,12,5,2.29,Medium
2026-04-03,Richards Bay,10,4,2.28,Medium
2026-04-03,Maputo,5,2,1.05,Low
2026-04-03,Norfolk,3,4,0.66,Low
2026-04-06,Paradip,13,6,3.59,High
2026-04-06,Visakhapatnam (Outer),4,4,1.25,Low
2026-04-06,Visakhapatnam (Inner),8,4,1.98,Medium
2026-04-06,Dhamra,4,3,0.95,Low
2026-04-06,Gangavaram,3,1,0.75,Low
2026-04-06,Haldia,10,3,3.82,High
2026-04-06,Gopalpur,3,2,0.65,Low
2026-04-06,Newcastle,16,9,3.09,Medium
2026-04-06,Samarinda,5,7,0.98,Low
2026-04-06,Richards Bay,8,3,2.1,Medium
2026-04-06,Maputo,4,3,1.13,Low
2026-04-06,Norfolk,4,5,0.84,Low
2026-04-07,Paradip,11,5,3.24,Medium
2026-04-07,Visakhapatnam (Outer),6,5,1.38,Low
2026-04-07,Visakhapatnam (Inner),7,5,1.81,Medium
2026-04-07,Dhamra,3,4,0.72,Low
2026-04-07,Gangavaram,5,3,1.13,Low
2026-04-07,Haldia,13,4,4.93,High
2026-04-07,Gopalpur,3,3,0.47,Low
2026-04-07,Newcastle,9,6,1.85,Medium
2026-04-07,Samarinda,10,5,1.68,Medium
2026-04-07,Richards Bay,11,5,2.47,Medium
2026-04-07,Maputo,3,2,0.69,Low
2026-04-07,Norfolk,3,3,0.73,Low
2026-04-08,Paradip,6,5,1.63,Medium
2026-04-08,Visakhapatnam (Outer),4,3,0.92,Low
2026-04-08,Visakhapatnam (Inner),11,5,2.84,Medium
2026-04-08,Dhamra,3,4,0.89,Low
2026-04-08,Gangavaram,4,2,0.85,Low
2026-04-08,Haldia,2,7,0.91,Low
2026-04-08,Gopalpur,2,2,0.62,Low
2026-04-08,Newcastle,7,8,1.42,Low
2026-04-08,Samarinda,12,6,1.99,Medium
2026-04-08,Richards Bay,7,8,1.83,Medium
2026-04-08,Maputo,3,2,0.79,Low
2026-04-08,Norfolk,4,2,0.73,Low
2026-04-09,Paradip,9,4,2.51,Medium
2026-04-09,Visakhapatnam (Outer),5,4,1.22,Low
2026-04-09,Visakhapatnam (Inner),5,5,1.48,Low
2026-04-09,Dhamra,5,4,1.09,Low
2026-04-09,Gangavaram,4,5,1.09,Low
2026-04-09,Haldia,12,4,4.6,High
2026-04-09,Gopalpur,3,1,0.85,Low
2026-04-09,Newcastle,7,7,1.6,Medium
2026-04-09,Samarinda,6,7,1.35,Low
2026-04-09,Richards Bay,6,2,1.63,Medium
2026-04-09,Maputo,5,2,1.08,Low
2026-04-09,Norfolk,3,5,0.81,Low
2026-04-10,Paradip,11,5,3.06,Medium
2026-04-10,Visakhapatnam (Outer),3,4,1.05,Low
2026-04-10,Visakhapatnam (Inner),6,3,1.45,Low
2026-04-10,Dhamra,4,2,1.01,Low
2026-04-10,Gangavaram,4,3,0.77,Low
2026-04-10,Haldia,9,5,3.26,Medium
2026-04-10,Gopalpur,2,1,0.52,Low
2026-04-10,Newcastle,16,6,3.2,Medium
2026-04-10,Samarinda,9,5,1.54,Medium
2026-04-10,Richards Bay,5,5,1.17,Low
2026-04-10,Maputo,4,3,0.87,Low
2026-04-10,Norfolk,2,3,0.61,Low
2026-04-13,Paradip,9,6,2.64,Medium
2026-04-13,Visakhapatnam (Outer),4,2,1.25,Low
2026-04-13,Visakhapatnam (Inner),9,4,2.33,Medium
2026-04-13,Dhamra,4,4,1.19,Low
2026-04-13,Gangavaram,3,1,0.59,Low
2026-04-13,Haldia,12,6,4.58,High
2026-04-13,Gopalpur,2,3,0.45,Low
2026-04-13,Newcastle,12,7,2.32,Medium
2026-04-13,Samarinda,9,6,1.54,Medium
2026-04-13,Richards Bay,7,7,1.71,Medium
2026-04-13,Maputo,3,3,0.68,Low
2026-04-13,Norfolk,3,3,0.79,Low
2026-04-14,Paradip,10,6,2.74,Medium
2026-04-14,Visakhapatnam (Outer),7,5,1.89,Medium
2026-04-14,Visakhapatnam (Inner),4,5,1.29,Low
2026-04-14,Dhamra,4,3,1.0,Low
2026-04-14,Gangavaram,4,2,1.05,Low
2026-04-14,Haldia,14,4,5.32,High
2026-04-14,Gopalpur,3,2,0.57,Low
2026-04-14,Newcastle,12,7,2.36,Medium
2026-04-14,Samarinda,10,5,1.78,Medium
2026-04-14,Richards Bay,6,4,1.64,Medium
2026-04-14,Maputo,4,3,0.8,Low
2026-04-14,Norfolk,2,4,0.7,Low
2026-04-15,Paradip,13,6,3.62,High
2026-04-15,Visakhapatnam (Outer),6,6,1.69,Medium
2026-04-15,Visakhapatnam (Inner),8,3,2.1,Medium
2026-04-15,Dhamra,4,3,1.15,Low
2026-04-15,Gangavaram,2,1,0.57,Low
2026-04-15,Haldia,9,5,3.53,High
2026-04-15,Gopalpur,3,1,0.71,Low
2026-04-15,Newcastle,16,9,3.35,Medium
2026-04-15,Samarinda,7,7,1.34,Low
2026-04-15,Richards Bay,9,3,2.21,Medium
2026-04-15,Maputo,8,2,1.7,Medium
2026-04-15,Norfolk,4,3,0.8,Low
2026-04-16,Paradip,9,6,2.41,Medium
2026-04-16,Visakhapatnam (Outer),7,3,1.58,Medium
2026-04-16,Visakhapatnam (Inner),8,5,2.13,Medium
2026-04-16,Dhamra,7,4,1.41,Low
2026-04-16,Gangavaram,3,4,0.62,Low
2026-04-16,Haldia,14,4,5.2,High
2026-04-16,Gopalpur,2,2,0.54,Low
2026-04-16,Newcastle,17,7,3.2,Medium
2026-04-16,Samarinda,12,7,2.22,Medium
2026-04-16,Richards Bay,8,3,1.74,Medium
2026-04-16,Maputo,4,4,0.82,Low
2026-04-16,Norfolk,3,2,0.54,Low
2026-04-17,Paradip,7,4,2.21,Medium
2026-04-17,Visakhapatnam (Outer),4,2,1.26,Low
2026-04-17,Visakhapatnam (Inner),9,4,2.09,Medium
2026-04-17,Dhamra,7,5,1.62,Medium
2026-04-17,Gangavaram,5,2,0.96,Low
2026-04-17,Haldia,10,4,3.84,High
2026-04-17,Gopalpur,3,1,0.78,Low
2026-04-17,Newcastle,9,9,1.99,Medium
2026-04-17,Samarinda,3,7,0.73,Low
2026-04-17,Richards Bay,9,5,2.21,Medium
2026-04-17,Maputo,6,1,1.45,Low
2026-04-17,Norfolk,4,4,0.85,Low
2026-04-20,Paradip,9,5,2.41,Medium
2026-04-20,Visakhapatnam (Outer),5,6,1.31,Low
2026-04-20,Visakhapatnam (Inner),9,4,2.47,Medium
2026-04-20,Dhamra,6,4,1.47,Low
2026-04-20,Gangavaram,4,3,0.95,Low
2026-04-20,Haldia,15,5,5.41,High
2026-04-20,Gopalpur,2,3,0.5,Low
2026-04-20,Newcastle,8,7,1.72,Medium
2026-04-20,Samarinda,8,6,1.47,Low
2026-04-20,Richards Bay,7,4,1.86,Medium
2026-04-20,Maputo,3,3,0.81,Low
2026-04-20,Norfolk,4,1,0.86,Low
2026-04-21,Paradip,13,6,3.59,High
2026-04-21,Visakhapatnam (Outer),5,3,1.11,Low
2026-04-21,Visakhapatnam (Inner),11,5,2.88,Medium
2026-04-21,Dhamra,6,5,1.54,Medium
2026-04-21,Gangavaram,4,3,0.93,Low
2026-04-21,Haldia,11,5,4.1,High
2026-04-21,Gopalpur,2,1,0.73,Low
2026-04-21,Newcastle,12,5,2.46,Medium
2026-04-21,Samarinda,6,3,1.28,Low
2026-04-21,Richards Bay,6,5,1.52,Medium
2026-04-21,Maputo,5,3,1.09,Low
2026-04-21,Norfolk,3,2,0.68,Low
2026-04-22,Paradip,9,5,2.73,Medium
2026-04-22,Visakhapatnam (Outer),10,3,2.46,Medium
2026-04-22,Visakhapatnam (Inner),10,5,2.38,Medium
2026-04-22,Dhamra,4,5,1.16,Low
2026-04-22,Gangavaram,6,5,1.08,Low
2026-04-22,Haldia,12,4,4.52,High
2026-04-22,Gopalpur,3,1,0.81,Low
2026-04-22,Newcastle,15,8,2.93,Medium
2026-04-22,Samarinda,4,6,0.96,Low
2026-04-22,Richards Bay,5,5,1.36,Low
2026-04-22,Maputo,4,3,0.83,Low
2026-04-22,Norfolk,4,2,0.93,Low
2026-04-23,Paradip,10,4,2.87,Medium
2026-04-23,Visakhapatnam (Outer),9,2,1.97,Medium
2026-04-23,Visakhapatnam (Inner),4,4,1.1,Low
2026-04-23,Dhamra,4,2,0.95,Low
2026-04-23,Gangavaram,3,1,0.56,Low
2026-04-23,Haldia,10,4,3.83,High
2026-04-23,Gopalpur,3,2,0.65,Low
2026-04-23,Newcastle,13,7,2.51,Medium
2026-04-23,Samarinda,6,5,1.23,Low
2026-04-23,Richards Bay,10,5,2.43,Medium
2026-04-23,Maputo,4,3,0.75,Low
2026-04-23,Norfolk,3,3,0.71,Low
2026-04-24,Paradip,9,7,2.42,Medium
2026-04-24,Visakhapatnam (Outer),6,3,1.31,Low
2026-04-24,Visakhapatnam (Inner),6,4,1.46,Low
2026-04-24,Dhamra,5,3,1.15,Low
2026-04-24,Gangavaram,4,4,0.71,Low
2026-04-24,Haldia,14,5,5.35,High
2026-04-24,Gopalpur,2,2,0.71,Low
2026-04-24,Newcastle,20,8,3.88,High
2026-04-24,Samarinda,10,5,1.87,Medium
2026-04-24,Richards Bay,8,4,2.08,Medium
2026-04-24,Maputo,3,5,0.8,Low
2026-04-24,Norfolk,4,3,0.83,Low
2026-04-27,Paradip,11,5,3.12,Medium
2026-04-27,Visakhapatnam (Outer),6,3,1.41,Low
2026-04-27,Visakhapatnam (Inner),9,4,2.44,Medium
2026-04-27,Dhamra,3,1,0.84,Low
2026-04-27,Gangavaram,2,3,0.64,Low
2026-04-27,Haldia,14,3,5.31,High
2026-04-27,Gopalpur,2,3,0.71,Low
2026-04-27,Newcastle,10,8,2.12,Medium
2026-04-27,Samarinda,10,6,1.81,Medium
2026-04-27,Richards Bay,9,5,2.04,Medium
2026-04-27,Maputo,7,2,1.42,Low
2026-04-27,Norfolk,2,2,0.65,Low
2026-04-28,Paradip,8,7,2.13,Medium
2026-04-28,Visakhapatnam (Outer),4,4,1.3,Low
2026-04-28,Visakhapatnam (Inner),8,6,2.17,Medium
2026-04-28,Dhamra,5,3,1.15,Low
2026-04-28,Gangavaram,4,3,0.72,Low
2026-04-28,Haldia,8,4,2.9,Medium
2026-04-28,Gopalpur,3,2,0.71,Low
2026-04-28,Newcastle,11,7,2.4,Medium
2026-04-28,Samarinda,6,5,1.27,Low
2026-04-28,Richards Bay,6,5,1.45,Low
2026-04-28,Maputo,5,2,1.26,Low
2026-04-28,Norfolk,3,4,0.68,Low
2026-04-29,Paradip,8,6,2.25,Medium
2026-04-29,Visakhapatnam (Outer),4,3,0.91,Low
2026-04-29,Visakhapatnam (Inner),7,5,1.89,Medium
2026-04-29,Dhamra,6,3,1.2,Low
2026-04-29,Gangavaram,2,3,0.73,Low
2026-04-29,Haldia,18,2,6.61,High
2026-04-29,Gopalpur,3,2,0.72,Low
2026-04-29,Newcastle,16,7,3.04,Medium
2026-04-29,Samarinda,6,6,1.18,Low
2026-04-29,Richards Bay,9,4,2.16,Medium
2026-04-29,Maputo,6,2,1.4,Low
2026-04-29,Norfolk,3,2,0.78,Low
2026-04-30,Paradip,11,6,3.03,Medium
2026-04-30,Visakhapatnam (Outer),4,5,1.21,Low
2026-04-30,Visakhapatnam (Inner),11,6,2.57,Medium
2026-04-30,Dhamra,3,3,0.74,Low
2026-04-30,Gangavaram,6,2,1.39,Low
2026-04-30,Haldia,10,5,3.79,High
2026-04-30,Gopalpur,3,1,0.73,Low
2026-04-30,Newcastle,15,8,2.99,Medium
2026-04-30,Samarinda,8,6,1.48,Low
2026-04-30,Richards Bay,9,5,2.12,Medium
2026-04-30,Maputo,4,2,1.08,Low
2026-04-30,Norfolk,4,2,0.95,Low
2026-05-01,Paradip,9,6,2.63,Medium
2026-05-01,Visakhapatnam (Outer),3,5,0.98,Low
2026-05-01,Visakhapatnam (Inner),8,6,1.95,Medium
2026-05-01,Dhamra,4,2,1.06,Low
2026-05-01,Gangavaram,3,3,0.65,Low
2026-05-01,Haldia,13,4,4.88,High
2026-05-01,Gopalpur,2,1,0.5,Low
2026-05-01,Newcastle,8,8,1.72,Medium
2026-05-01,Samarinda,7,5,1.15,Low
2026-05-01,Richards Bay,9,5,2.07,Medium
2026-05-01,Maputo,6,3,1.23,Low
2026-05-01,Norfolk,4,4,0.88,Low
2026-05-04,Paradip,8,5,2.21,Medium
2026-05-04,Visakhapatnam (Outer),7,3,1.51,Medium
2026-05-04,Visakhapatnam (Inner),7,6,1.78,Medium
2026-05-04,Dhamra,7,4,1.58,Medium
2026-05-04,Gangavaram,4,3,0.94,Low
2026-05-04,Haldia,8,4,3.11,Medium
2026-05-04,Gopalpur,3,1,0.65,Low
2026-05-04,Newcastle,19,8,3.79,High
2026-05-04,Samarinda,9,7,1.64,Medium
2026-05-04,Richards Bay,9,6,1.92,Medium
2026-05-04,Maputo,4,2,0.75,Low
2026-05-04,Norfolk,7,4,1.22,Low
2026-05-05,Paradip,14,6,3.89,High
2026-05-05,Visakhapatnam (Outer),8,5,2.07,Medium
2026-05-05,Visakhapatnam (Inner),9,5,2.25,Medium
2026-05-05,Dhamra,5,3,1.03,Low
2026-05-05,Gangavaram,4,3,0.71,Low
2026-05-05,Haldia,13,3,4.91,High
2026-05-05,Gopalpur,2,1,0.67,Low
2026-05-05,Newcastle,9,8,1.88,Medium
2026-05-05,Samarinda,5,6,1.02,Low
2026-05-05,Richards Bay,10,4,2.15,Medium
2026-05-05,Maputo,3,3,0.89,Low
2026-05-05,Norfolk,4,4,0.76,Low
2026-05-06,Paradip,11,6,2.9,Medium
2026-05-06,Visakhapatnam (Outer),4,3,1.3,Low
2026-05-06,Visakhapatnam (Inner),6,4,1.53,Medium
2026-05-06,Dhamra,4,5,0.88,Low
2026-05-06,Gangavaram,5,2,0.89,Low
2026-05-06,Haldia,8,4,3.04,Medium
2026-05-06,Gopalpur,1,3,0.36,Low
2026-05-06,Newcastle,5,8,1.12,Low
2026-05-06,Samarinda,4,5,0.93,Low
2026-05-06,Richards Bay,8,3,2.02,Medium
2026-05-06,Maputo,6,2,1.35,Low
2026-05-06,Norfolk,4,3,0.75,Low
2026-05-07,Paradip,5,6,1.71,Medium
2026-05-07,Visakhapatnam (Outer),8,3,2.1,Medium
2026-05-07,Visakhapatnam (Inner),9,4,2.37,Medium
2026-05-07,Dhamra,5,3,1.12,Low
2026-05-07,Gangavaram,4,1,0.71,Low
2026-05-07,Haldia,5,5,2.17,Medium
2026-05-07,Gopalpur,3,1,0.65,Low
2026-05-07,Newcastle,15,7,2.83,Medium
2026-05-07,Samarinda,9,5,1.7,Medium
2026-05-07,Richards Bay,4,6,1.02,Low
2026-05-07,Maputo,3,3,0.72,Low
2026-05-07,Norfolk,3,3,0.83,Low
2026-05-08,Paradip,11,5,3.12,Medium
2026-05-08,Visakhapatnam (Outer),8,3,1.84,Medium
2026-05-08,Visakhapatnam (Inner),9,4,2.44,Medium
2026-05-08,Dhamra,6,3,1.19,Low
2026-05-08,Gangavaram,4,2,1.06,Low
2026-05-08,Haldia,8,4,3.03,Medium
2026-05-08,Gopalpur,3,2,0.62,Low
2026-05-08,Newcastle,17,10,3.38,Medium
2026-05-08,Samarinda,6,6,1.11,Low
2026-05-08,Richards Bay,8,2,1.75,Medium
2026-05-08,Maputo,5,3,0.91,Low
2026-05-08,Norfolk,4,4,1.05,Low
2026-05-11,Paradip,12,5,3.13,Medium
2026-05-11,Visakhapatnam (Outer),6,4,1.38,Low
2026-05-11,Visakhapatnam (Inner),6,6,1.58,Medium
2026-05-11,Dhamra,5,4,1.12,Low
2026-05-11,Gangavaram,5,3,1.04,Low
2026-05-11,Haldia,11,6,4.16,High
2026-05-11,Gopalpur,3,1,0.47,Low
2026-05-11,Newcastle,14,7,3.01,Medium
2026-05-11,Samarinda,4,5,0.96,Low
2026-05-11,Richards Bay,8,5,1.71,Medium
2026-05-11,Maputo,4,3,1.07,Low
2026-05-11,Norfolk,2,4,0.45,Low
2026-05-12,Paradip,8,5,2.49,Medium
2026-05-12,Visakhapatnam (Outer),6,4,1.55,Medium
2026-05-12,Visakhapatnam (Inner),6,5,1.62,Medium
2026-05-12,Dhamra,5,2,1.3,Low
2026-05-12,Gangavaram,2,2,0.49,Low
2026-05-12,Haldia,13,5,4.98,High
2026-05-12,Gopalpur,3,2,0.52,Low
2026-05-12,Newcastle,17,7,3.31,Medium
2026-05-12,Samarinda,6,4,1.05,Low
2026-05-12,Richards Bay,7,6,1.63,Medium
2026-05-12,Maputo,4,1,0.92,Low
2026-05-12,Norfolk,3,3,0.6,Low
2026-05-13,Paradip,13,6,3.74,High
2026-05-13,Visakhapatnam (Outer),6,4,1.36,Low
2026-05-13,Visakhapatnam (Inner),8,4,1.96,Medium
2026-05-13,Dhamra,4,4,1.15,Low
2026-05-13,Gangavaram,3,3,0.6,Low
2026-05-13,Haldia,10,4,3.65,High
2026-05-13,Gopalpur,2,3,0.58,Low
2026-05-13,Newcastle,15,8,3.03,Medium
2026-05-13,Samarinda,6,5,1.03,Low
2026-05-13,Richards Bay,9,3,1.97,Medium
2026-05-13,Maputo,4,4,0.93,Low
2026-05-13,Norfolk,4,3,0.69,Low
2026-05-14,Paradip,8,5,2.34,Medium
2026-05-14,Visakhapatnam (Outer),5,3,1.19,Low
2026-05-14,Visakhapatnam (Inner),6,4,1.54,Medium
2026-05-14,Dhamra,5,3,1.13,Low
2026-05-14,Gangavaram,3,1,0.83,Low
2026-05-14,Haldia,11,5,4.18,High
2026-05-14,Gopalpur,2,1,0.64,Low
2026-05-14,Newcastle,15,7,3.19,Medium
2026-05-14,Samarinda,8,5,1.41,Low
2026-05-14,Richards Bay,10,4,2.21,Medium
2026-05-14,Maputo,5,4,0.95,Low
2026-05-14,Norfolk,3,3,0.79,Low
2026-05-15,Paradip,9,6,2.41,Medium
2026-05-15,Visakhapatnam (Outer),3,2,0.77,Low
2026-05-15,Visakhapatnam (Inner),9,4,2.15,Medium
2026-05-15,Dhamra,5,2,1.06,Low
2026-05-15,Gangavaram,6,2,1.04,Low
2026-05-15,Haldia,13,5,4.91,High
2026-05-15,Gopalpur,2,2,0.59,Low
2026-05-15,Newcastle,23,8,4.34,High
2026-05-15,Samarinda,9,6,1.47,Low
2026-05-15,Richards Bay,7,3,1.81,Medium
2026-05-15,Maputo,3,1,0.82,Low
2026-05-15,Norfolk,5,3,1.07,Low
2026-05-18,Paradip,9,5,2.61,Medium
2026-05-18,Visakhapatnam (Outer),7,3,1.54,Medium
2026-05-18,Visakhapatnam (Inner),10,6,2.56,Medium
2026-05-18,Dhamra,6,4,1.25,Low
2026-05-18,Gangavaram,4,1,1.06,Low
2026-05-18,Haldia,13,5,4.79,High
2026-05-18,Gopalpur,1,1,0.31,Low
2026-05-18,Newcastle,13,7,2.53,Medium
2026-05-18,Samarinda,9,6,1.61,Medium
2026-05-18,Richards Bay,10,6,2.18,Medium
2026-05-18,Maputo,5,3,1.29,Low
2026-05-18,Norfolk,1,4,0.6,Low
2026-05-19,Paradip,11,8,2.97,Medium
2026-05-19,Visakhapatnam (Outer),5,3,1.34,Low
2026-05-19,Visakhapatnam (Inner),7,5,1.72,Medium
2026-05-19,Dhamra,5,3,1.27,Low
2026-05-19,Gangavaram,5,3,1.04,Low
2026-05-19,Haldia,16,7,5.97,High
2026-05-19,Gopalpur,2,2,0.59,Low
2026-05-19,Newcastle,23,8,4.43,High
2026-05-19,Samarinda,5,4,0.9,Low
2026-05-19,Richards Bay,13,3,3.09,Medium
2026-05-19,Maputo,4,1,0.83,Low
2026-05-19,Norfolk,4,4,0.96,Low
2026-05-20,Paradip,12,5,3.28,Medium
2026-05-20,Visakhapatnam (Outer),5,6,1.16,Low
2026-05-20,Visakhapatnam (Inner),10,5,2.43,Medium
2026-05-20,Dhamra,3,5,0.96,Low
2026-05-20,Gangavaram,3,3,0.94,Low
2026-05-20,Haldia,8,5,3.19,Medium
2026-05-20,Gopalpur,4,2,0.8,Low
2026-05-20,Newcastle,12,8,2.56,Medium
2026-05-20,Samarinda,6,5,1.32,Low
2026-05-20,Richards Bay,9,4,2.04,Medium
2026-05-20,Maputo,5,1,1.13,Low
2026-05-20,Norfolk,4,3,0.89,Low
2026-05-21,Paradip,11,6,2.91,Medium
2026-05-21,Visakhapatnam (Outer),5,3,1.33,Low
2026-05-21,Visakhapatnam (Inner),8,5,2.09,Medium
2026-05-21,Dhamra,6,3,1.43,Low
2026-05-21,Gangavaram,2,2,0.74,Low
2026-05-21,Haldia,15,4,5.68,High
2026-05-21,Gopalpur,3,2,0.78,Low
2026-05-21,Newcastle,12,7,2.28,Medium
2026-05-21,Samarinda,9,5,1.69,Medium
2026-05-21,Richards Bay,9,4,2.09,Medium
2026-05-21,Maputo,6,3,1.24,Low
2026-05-21,Norfolk,2,3,0.59,Low
2026-05-22,Paradip,11,6,3.15,Medium
2026-05-22,Visakhapatnam (Outer),7,4,1.75,Medium
2026-05-22,Visakhapatnam (Inner),7,4,1.8,Medium
2026-05-22,Dhamra,4,3,0.98,Low
2026-05-22,Gangavaram,2,3,0.63,Low
2026-05-22,Haldia,10,7,3.99,High
2026-05-22,Gopalpur,2,2,0.52,Low
2026-05-22,Newcastle,16,8,3.32,Medium
2026-05-22,Samarinda,9,5,1.51,Medium
2026-05-22,Richards Bay,10,4,2.43,Medium
2026-05-22,Maputo,4,1,0.91,Low
2026-05-22,Norfolk,4,5,0.86,Low
2026-05-25,Paradip,8,7,2.44,Medium
2026-05-25,Visakhapatnam (Outer),3,2,0.8,Low
2026-05-25,Visakhapatnam (Inner),5,3,1.4,Low
2026-05-25,Dhamra,4,5,1.04,Low
2026-05-25,Gangavaram,3,2,0.57,Low
2026-05-25,Haldia,18,2,6.53,High
2026-05-25,Gopalpur,4,1,0.65,Low
2026-05-25,Newcastle,16,7,3.04,Medium
2026-05-25,Samarinda,2,5,0.4,Low
2026-05-25,Richards Bay,6,4,1.33,Low
2026-05-25,Maputo,4,2,0.95,Low
2026-05-25,Norfolk,4,4,0.77,Low
2026-05-26,Paradip,6,8,1.63,Medium
2026-05-26,Visakhapatnam (Outer),6,4,1.32,Low
2026-05-26,Visakhapatnam (Inner),6,5,1.56,Medium
2026-05-26,Dhamra,5,4,1.08,Low
2026-05-26,Gangavaram,3,2,0.59,Low
2026-05-26,Haldia,12,5,4.51,High
2026-05-26,Gopalpur,2,3,0.54,Low
2026-05-26,Newcastle,8,7,1.86,Medium
2026-05-26,Samarinda,7,6,1.37,Low
2026-05-26,Richards Bay,8,4,1.7,Medium
2026-05-26,Maputo,4,1,0.85,Low
2026-05-26,Norfolk,3,5,0.91,Low
2026-05-27,Paradip,9,5,2.41,Medium
2026-05-27,Visakhapatnam (Outer),5,5,1.45,Low
2026-05-27,Visakhapatnam (Inner),11,5,2.8,Medium
2026-05-27,Dhamra,6,4,1.42,Low
2026-05-27,Gangavaram,3,1,0.84,Low
2026-05-27,Haldia,13,3,4.83,High
2026-05-27,Gopalpur,5,1,0.85,Low
2026-05-27,Newcastle,11,8,2.1,Medium
2026-05-27,Samarinda,11,6,1.8,Medium
2026-05-27,Richards Bay,11,6,2.68,Medium
2026-05-27,Maputo,5,2,0.99,Low
2026-05-27,Norfolk,6,4,0.96,Low
2026-05-28,Paradip,9,6,2.72,Medium
2026-05-28,Visakhapatnam (Outer),6,5,1.65,Medium
2026-05-28,Visakhapatnam (Inner),8,5,2.12,Medium
2026-05-28,Dhamra,4,5,1.22,Low
2026-05-28,Gangavaram,4,2,0.95,Low
2026-05-28,Haldia,12,6,4.58,High
2026-05-28,Gopalpur,1,2,0.46,Low
2026-05-28,Newcastle,12,8,2.35,Medium
2026-05-28,Samarinda,5,4,1.22,Low
2026-05-28,Richards Bay,7,5,1.86,Medium
2026-05-28,Maputo,2,1,0.65,Low
2026-05-28,Norfolk,4,2,0.87,Low
2026-05-29,Paradip,11,6,3.24,Medium
2026-05-29,Visakhapatnam (Outer),5,4,1.22,Low
2026-05-29,Visakhapatnam (Inner),9,5,2.21,Medium
2026-05-29,Dhamra,5,3,1.32,Low
2026-05-29,Gangavaram,3,2,0.93,Low
2026-05-29,Haldia,9,4,3.64,High
2026-05-29,Gopalpur,3,2,0.55,Low
2026-05-29,Newcastle,15,8,3.13,Medium
2026-05-29,Samarinda,11,4,1.8,Medium
2026-05-29,Richards Bay,11,4,2.47,Medium
2026-05-29,Maputo,5,2,1.06,Low
2026-05-29,Norfolk,4,5,0.78,Low
2026-06-01,Paradip,12,5,3.12,Medium
2026-06-01,Visakhapatnam (Outer),7,2,1.86,Medium
2026-06-01,Visakhapatnam (Inner),12,4,3.09,Medium
2026-06-01,Dhamra,6,4,1.19,Low
2026-06-01,Gangavaram,6,2,1.36,Low
2026-06-01,Haldia,14,4,5.16,High
2026-06-01,Gopalpur,4,1,0.76,Low
2026-06-01,Newcastle,12,7,2.53,Medium
2026-06-01,Samarinda,10,5,1.85,Medium
2026-06-01,Richards Bay,9,5,2.08,Medium
2026-06-01,Maputo,4,3,0.95,Low
2026-06-01,Norfolk,5,2,0.83,Low
2026-06-02,Paradip,14,6,3.69,High
2026-06-02,Visakhapatnam (Outer),6,4,1.45,Low
2026-06-02,Visakhapatnam (Inner),8,4,2.15,Medium
2026-06-02,Dhamra,5,3,1.02,Low
2026-06-02,Gangavaram,7,3,1.51,Medium
2026-06-02,Haldia,18,6,6.7,High
2026-06-02,Gopalpur,4,1,0.87,Low
2026-06-02,Newcastle,11,7,2.13,Medium
2026-06-02,Samarinda,9,4,1.77,Medium
2026-06-02,Richards Bay,9,4,2.15,Medium
2026-06-02,Maputo,4,3,1.11,Low
2026-06-02,Norfolk,3,2,0.55,Low
2026-06-03,Paradip,10,4,2.86,Medium
2026-06-03,Visakhapatnam (Outer),8,4,2.07,Medium
2026-06-03,Visakhapatnam (Inner),9,3,2.13,Medium
2026-06-03,Dhamra,6,3,1.53,Medium
2026-06-03,Gangavaram,6,1,1.13,Low
2026-06-03,Haldia,12,5,4.36,High
2026-06-03,Gopalpur,4,1,0.79,Low
2026-06-03,Newcastle,17,8,3.4,Medium
2026-06-03,Samarinda,9,6,1.71,Medium
2026-06-03,Richards Bay,8,3,1.75,Medium
2026-06-03,Maputo,5,4,0.92,Low
2026-06-03,Norfolk,5,4,0.99,Low
2026-06-04,Paradip,14,8,3.62,High
2026-06-04,Visakhapatnam (Outer),6,4,1.69,Medium
2026-06-04,Visakhapatnam (Inner),12,4,3.02,Medium
2026-06-04,Dhamra,8,3,1.93,Medium
2026-06-04,Gangavaram,5,2,1.22,Low
2026-06-04,Haldia,19,6,7.01,High
2026-06-04,Gopalpur,5,1,0.76,Low
2026-06-04,Newcastle,15,8,3.11,Medium
2026-06-04,Samarinda,5,7,1.1,Low
2026-06-04,Richards Bay,8,4,2.09,Medium
2026-06-04,Maputo,3,1,0.66,Low
2026-06-04,Norfolk,3,5,0.71,Low
2026-06-05,Paradip,16,6,4.4,High
2026-06-05,Visakhapatnam (Outer),8,2,1.74,Medium
2026-06-05,Visakhapatnam (Inner),14,6,3.36,Medium
2026-06-05,Dhamra,7,4,1.47,Low
2026-06-05,Gangavaram,2,4,0.73,Low
2026-06-05,Haldia,16,5,5.92,High
2026-06-05,Gopalpur,3,2,0.65,Low
2026-06-05,Newcastle,14,8,2.7,Medium
2026-06-05,Samarinda,7,6,1.18,Low
2026-06-05,Richards Bay,3,7,1.1,Low
2026-06-05,Maputo,5,2,1.27,Low
2026-06-05,Norfolk,3,2,0.9,Low
2026-06-08,Paradip,16,6,4.3,High
2026-06-08,Visakhapatnam (Outer),9,3,2.13,Medium
2026-06-08,Visakhapatnam (Inner),10,4,2.36,Medium
2026-06-08,Dhamra,7,4,1.5,Medium
2026-06-08,Gangavaram,5,2,1.01,Low
2026-06-08,Haldia,17,4,6.21,High
2026-06-08,Gopalpur,4,3,0.76,Low
2026-06-08,Newcastle,20,8,3.98,High
2026-06-08,Samarinda,9,4,1.78,Medium
2026-06-08,Richards Bay,10,6,2.23,Medium
2026-06-08,Maputo,4,3,0.97,Low
2026-06-08,Norfolk,3,3,0.7,Low
2026-06-09,Paradip,13,5,3.62,High
2026-06-09,Visakhapatnam (Outer),5,4,1.26,Low
2026-06-09,Visakhapatnam (Inner),11,4,2.7,Medium
2026-06-09,Dhamra,8,4,1.93,Medium
2026-06-09,Gangavaram,4,2,1.08,Low
2026-06-09,Haldia,15,6,5.64,High
2026-06-09,Gopalpur,4,1,0.85,Low
2026-06-09,Newcastle,12,9,2.29,Medium
2026-06-09,Samarinda,9,5,1.71,Medium
2026-06-09,Richards Bay,7,5,1.58,Medium
2026-06-09,Maputo,5,3,1.17,Low
2026-06-09,Norfolk,5,2,0.96,Low
2026-06-10,Paradip,15,7,4.08,High
2026-06-10,Visakhapatnam (Outer),8,5,1.99,Medium
2026-06-10,Visakhapatnam (Inner),9,5,2.11,Medium
2026-06-10,Dhamra,7,4,1.65,Medium
2026-06-10,Gangavaram,4,4,0.99,Low
2026-06-10,Haldia,11,4,4.09,High
2026-06-10,Gopalpur,4,1,0.92,Low
2026-06-10,Newcastle,16,7,3.08,Medium
2026-06-10,Samarinda,7,6,1.47,Low
2026-06-10,Richards Bay,6,4,1.33,Low
2026-06-10,Maputo,8,1,1.49,Low
2026-06-10,Norfolk,4,3,0.99,Low
2026-06-11,Paradip,10,5,2.87,Medium
2026-06-11,Visakhapatnam (Outer),9,5,2.09,Medium
2026-06-11,Visakhapatnam (Inner),12,4,3.12,Medium
2026-06-11,Dhamra,7,4,1.68,Medium
2026-06-11,Gangavaram,3,1,0.93,Low
2026-06-11,Haldia,14,4,5.12,High
2026-06-11,Gopalpur,4,1,0.82,Low
2026-06-11,Newcastle,18,7,3.51,High
2026-06-11,Samarinda,5,6,1.16,Low
2026-06-11,Richards Bay,8,3,1.73,Medium
2026-06-11,Maputo,2,4,0.54,Low
2026-06-11,Norfolk,4,3,0.93,Low
2026-06-12,Paradip,14,6,3.74,High
2026-06-12,Visakhapatnam (Outer),7,4,1.67,Medium
2026-06-12,Visakhapatnam (Inner),8,3,2.08,Medium
2026-06-12,Dhamra,8,5,1.68,Medium
2026-06-12,Gangavaram,4,2,0.78,Low
2026-06-12,Haldia,9,4,3.4,Medium
2026-06-12,Gopalpur,3,2,0.83,Low
2026-06-12,Newcastle,14,10,2.98,Medium
2026-06-12,Samarinda,5,5,1.23,Low
2026-06-12,Richards Bay,8,4,1.8,Medium
2026-06-12,Maputo,5,2,1.01,Low
2026-06-12,Norfolk,3,4,0.69,Low
2026-06-15,Paradip,11,7,3.22,Medium
2026-06-15,Visakhapatnam (Outer),9,3,1.93,Medium
2026-06-15,Visakhapatnam (Inner),12,5,2.85,Medium
2026-06-15,Dhamra,6,3,1.29,Low
2026-06-15,Gangavaram,6,3,1.18,Low
2026-06-15,Haldia,17,6,6.06,High
2026-06-15,Gopalpur,4,3,0.97,Low
2026-06-15,Newcastle,11,7,2.17,Medium
2026-06-15,Samarinda,7,5,1.4,Low
2026-06-15,Richards Bay,11,5,2.61,Medium
2026-06-15,Maputo,3,4,0.95,Low
2026-06-15,Norfolk,1,3,0.42,Low
2026-06-16,Paradip,17,5,4.44,High
2026-06-16,Visakhapatnam (Outer),7,3,1.83,Medium
2026-06-16,Visakhapatnam (Inner),9,3,2.4,Medium
2026-06-16,Dhamra,5,3,1.2,Low
2026-06-16,Gangavaram,6,4,1.1,Low
2026-06-16,Haldia,13,6,4.79,High
2026-06-16,Gopalpur,3,3,0.74,Low
2026-06-16,Newcastle,10,9,2.14,Medium
2026-06-16,Samarinda,7,6,1.53,Medium
2026-06-16,Richards Bay,8,3,1.74,Medium
2026-06-16,Maputo,4,1,0.74,Low
2026-06-16,Norfolk,3,3,0.8,Low
2026-06-17,Paradip,12,6,3.41,Medium
2026-06-17,Visakhapatnam (Outer),7,3,1.62,Medium
2026-06-17,Visakhapatnam (Inner),9,4,2.09,Medium
2026-06-17,Dhamra,8,3,1.61,Medium
2026-06-17,Gangavaram,7,3,1.18,Low
2026-06-17,Haldia,18,4,6.73,High
2026-06-17,Gopalpur,2,2,0.46,Low
2026-06-17,Newcastle,16,7,3.27,Medium
2026-06-17,Samarinda,7,3,1.19,Low
2026-06-17,Richards Bay,8,6,1.95,Medium
2026-06-17,Maputo,4,2,0.92,Low
2026-06-17,Norfolk,4,7,0.94,Low
2026-06-18,Paradip,8,6,2.39,Medium
2026-06-18,Visakhapatnam (Outer),8,5,1.87,Medium
2026-06-18,Visakhapatnam (Inner),10,4,2.37,Medium
2026-06-18,Dhamra,6,3,1.23,Low
2026-06-18,Gangavaram,5,1,1.1,Low
2026-06-18,Haldia,17,4,6.35,High
2026-06-18,Gopalpur,2,2,0.48,Low
2026-06-18,Newcastle,13,10,2.73,Medium
2026-06-18,Samarinda,7,6,1.52,Medium
2026-06-18,Richards Bay,5,3,1.5,Medium
2026-06-18,Maputo,5,3,1.1,Low
2026-06-18,Norfolk,4,4,0.92,Low
2026-06-19,Paradip,12,5,3.32,Medium
2026-06-19,Visakhapatnam (Outer),7,3,1.7,Medium
2026-06-19,Visakhapatnam (Inner),10,5,2.49,Medium
2026-06-19,Dhamra,4,4,1.03,Low
2026-06-19,Gangavaram,5,1,0.98,Low
2026-06-19,Haldia,19,5,7.04,High
2026-06-19,Gopalpur,4,1,0.86,Low
2026-06-19,Newcastle,11,10,2.13,Medium
2026-06-19,Samarinda,9,6,1.75,Medium
2026-06-19,Richards Bay,10,5,2.3,Medium
2026-06-19,Maputo,5,6,1.12,Low
2026-06-19,Norfolk,4,3,0.88,Low
2026-06-22,Paradip,11,6,3.13,Medium
2026-06-22,Visakhapatnam (Outer),7,6,1.66,Medium
2026-06-22,Visakhapatnam (Inner),10,4,2.31,Medium
2026-06-22,Dhamra,8,3,1.85,Medium
2026-06-22,Gangavaram,5,2,1.15,Low
2026-06-22,Haldia,14,4,5.16,High
2026-06-22,Gopalpur,4,3,0.88,Low
2026-06-22,Newcastle,13,6,2.45,Medium
2026-06-22,Samarinda,8,6,1.63,Medium
2026-06-22,Richards Bay,10,6,2.21,Medium
2026-06-22,Maputo,5,1,1.23,Low
2026-06-22,Norfolk,5,4,1.03,Low
2026-06-23,Paradip,13,6,3.63,High
2026-06-23,Visakhapatnam (Outer),8,4,1.84,Medium
2026-06-23,Visakhapatnam (Inner),7,4,2.0,Medium
2026-06-23,Dhamra,4,4,0.98,Low
2026-06-23,Gangavaram,6,2,1.29,Low
2026-06-23,Haldia,16,4,5.73,High
2026-06-23,Gopalpur,3,2,0.81,Low
2026-06-23,Newcastle,15,6,3.06,Medium
2026-06-23,Samarinda,9,6,1.51,Medium
2026-06-23,Richards Bay,6,5,1.61,Medium
2026-06-23,Maputo,3,1,0.79,Low
2026-06-23,Norfolk,4,4,0.97,Low
2026-06-24,Paradip,10,5,2.67,Medium
2026-06-24,Visakhapatnam (Outer),8,2,1.72,Medium
2026-06-24,Visakhapatnam (Inner),12,4,2.86,Medium
2026-06-24,Dhamra,8,4,1.62,Medium
2026-06-24,Gangavaram,5,1,1.2,Low
2026-06-24,Haldia,12,4,4.68,High
2026-06-24,Gopalpur,4,2,0.69,Low
2026-06-24,Newcastle,13,8,2.67,Medium
2026-06-24,Samarinda,5,6,1.03,Low
2026-06-24,Richards Bay,7,5,1.75,Medium
2026-06-24,Maputo,7,2,1.48,Low
2026-06-24,Norfolk,4,3,1.03,Low
2026-06-25,Paradip,16,5,4.32,High
2026-06-25,Visakhapatnam (Outer),7,2,1.73,Medium
2026-06-25,Visakhapatnam (Inner),9,5,2.36,Medium
2026-06-25,Dhamra,4,2,1.2,Low
2026-06-25,Gangavaram,5,2,1.05,Low
2026-06-25,Haldia,6,4,2.29,Medium
2026-06-25,Gopalpur,4,2,0.7,Low
2026-06-25,Newcastle,13,8,2.54,Medium
2026-06-25,Samarinda,5,3,1.05,Low
2026-06-25,Richards Bay,8,4,1.82,Medium
2026-06-25,Maputo,3,2,0.9,Low
2026-06-25,Norfolk,3,3,0.54,Low
2026-06-26,Paradip,14,4,3.81,High
2026-06-26,Visakhapatnam (Outer),9,4,2.11,Medium
2026-06-26,Visakhapatnam (Inner),9,4,2.18,Medium
2026-06-26,Dhamra,6,4,1.49,Low
2026-06-26,Gangavaram,6,2,1.21,Low
2026-06-26,Haldia,12,5,4.4,High
2026-06-26,Gopalpur,3,2,0.56,Low
2026-06-26,Newcastle,19,7,3.68,High
2026-06-26,Samarinda,10,4,1.79,Medium
2026-06-26,Richards Bay,10,7,2.22,Medium
2026-06-26,Maputo,6,4,1.24,Low
2026-06-26,Norfolk,1,4,0.3,Low
2026-06-29,Paradip,14,5,3.94,High
2026-06-29,Visakhapatnam (Outer),7,3,1.7,Medium
2026-06-29,Visakhapatnam (Inner),9,5,2.1,Medium
2026-06-29,Dhamra,4,3,1.02,Low
2026-06-29,Gangavaram,6,4,1.24,Low
2026-06-29,Haldia,12,4,4.42,High
2026-06-29,Gopalpur,5,3,0.97,Low
2026-06-29,Newcastle,15,8,3.13,Medium
2026-06-29,Samarinda,7,6,1.34,Low
2026-06-29,Richards Bay,6,3,1.46,Low
2026-06-29,Maputo,4,3,0.79,Low
2026-06-29,Norfolk,2,3,0.51,Low
2026-06-30,Paradip,15,5,4.01,High
2026-06-30,Visakhapatnam (Outer),9,1,2.26,Medium
2026-06-30,Visakhapatnam (Inner),13,3,3.08,Medium
2026-06-30,Dhamra,6,5,1.33,Low
2026-06-30,Gangavaram,5,3,0.89,Low
2026-06-30,Haldia,14,5,5.37,High
2026-06-30,Gopalpur,3,2,0.74,Low
2026-06-30,Newcastle,15,8,2.92,Medium
2026-06-30,Samarinda,9,5,1.83,Medium
2026-06-30,Richards Bay,6,6,1.41,Low
2026-06-30,Maputo,3,1,0.76,Low
2026-06-30,Norfolk,3,1,0.75,Low
2026-07-01,Paradip,15,6,3.86,High
2026-07-01,Visakhapatnam (Outer),9,3,2.28,Medium
2026-07-01,Visakhapatnam (Inner),13,4,3.06,Medium
2026-07-01,Dhamra,7,3,1.54,Medium
2026-07-01,Gangavaram,5,3,1.09,Low
2026-07-01,Haldia,16,5,5.77,High
2026-07-01,Gopalpur,3,1,0.49,Low
2026-07-01,Newcastle,12,8,2.41,Medium
2026-07-01,Samarinda,10,5,1.73,Medium
2026-07-01,Richards Bay,8,4,1.92,Medium
2026-07-01,Maputo,5,3,1.09,Low
2026-07-01,Norfolk,3,3,0.66,Low
2026-07-02,Paradip,15,6,3.95,High
2026-07-02,Visakhapatnam (Outer),8,4,1.74,Medium
2026-07-02,Visakhapatnam (Inner),10,5,2.33,Medium
2026-07-02,Dhamra,5,3,1.39,Low
2026-07-02,Gangavaram,5,2,0.9,Low
2026-07-02,Haldia,14,3,5.2,High
2026-07-02,Gopalpur,3,3,0.8,Low
2026-07-02,Newcastle,5,6,1.01,Low
2026-07-02,Samarinda,11,6,1.83,Medium
2026-07-02,Richards Bay,11,4,2.6,Medium
2026-07-02,Maputo,2,2,0.73,Low
2026-07-02,Norfolk,6,3,1.06,Low
2026-07-03,Paradip,17,4,4.74,High
2026-07-03,Visakhapatnam (Outer),7,3,1.75,Medium
2026-07-03,Visakhapatnam (Inner),11,4,2.8,Medium
2026-07-03,Dhamra,6,4,1.46,Low
2026-07-03,Gangavaram,6,2,1.14,Low
2026-07-03,Haldia,17,6,6.24,High
2026-07-03,Gopalpur,4,2,0.62,Low
2026-07-03,Newcastle,17,6,3.56,High
2026-07-03,Samarinda,8,5,1.65,Medium
2026-07-03,Richards Bay,10,5,2.38,Medium
2026-07-03,Maputo,4,5,1.03,Low
2026-07-03,Norfolk,2,4,0.63,Low
2026-07-06,Paradip,15,4,4.2,High
2026-07-06,Visakhapatnam (Outer),8,3,1.84,Medium
2026-07-06,Visakhapatnam (Inner),14,6,3.4,Medium
2026-07-06,Dhamra,6,2,1.45,Low
2026-07-06,Gangavaram,5,3,1.15,Low
2026-07-06,Haldia,20,3,7.23,High
2026-07-06,Gopalpur,4,2,0.71,Low
2026-07-06,Newcastle,9,8,1.76,Medium
2026-07-06,Samarinda,5,7,1.2,Low
2026-07-06,Richards Bay,8,2,1.76,Medium
2026-07-06,Maputo,6,3,1.18,Low
2026-07-06,Norfolk,5,4,1.04,Low
2026-07-07,Paradip,11,5,3.03,Medium
2026-07-07,Visakhapatnam (Outer),6,3,1.45,Low
2026-07-07,Visakhapatnam (Inner),10,5,2.4,Medium
2026-07-07,Dhamra,6,5,1.46,Low
2026-07-07,Gangavaram,7,1,1.43,Low
2026-07-07,Haldia,16,4,5.71,High
2026-07-07,Gopalpur,3,2,0.75,Low
2026-07-07,Newcastle,14,8,2.74,Medium
2026-07-07,Samarinda,10,6,1.69,Medium
2026-07-07,Richards Bay,5,5,1.14,Low
2026-07-07,Maputo,2,1,0.79,Low
2026-07-07,Norfolk,4,3,0.84,Low
2026-07-08,Paradip,12,7,3.28,Medium
2026-07-08,Visakhapatnam (Outer),7,4,1.57,Medium
2026-07-08,Visakhapatnam (Inner),9,5,2.41,Medium
2026-07-08,Dhamra,5,4,1.07,Low
2026-07-08,Gangavaram,6,2,1.34,Low
2026-07-08,Haldia,14,3,5.21,High
2026-07-08,Gopalpur,4,1,0.81,Low
2026-07-08,Newcastle,18,7,3.68,High
2026-07-08,Samarinda,8,6,1.47,Low
2026-07-08,Richards Bay,11,5,2.56,Medium
2026-07-08,Maputo,6,3,1.21,Low
2026-07-08,Norfolk,4,3,0.95,Low
2026-07-09,Paradip,12,6,3.2,Medium
2026-07-09,Visakhapatnam (Outer),7,3,1.7,Medium
2026-07-09,Visakhapatnam (Inner),11,5,2.67,Medium
2026-07-09,Dhamra,4,5,1.18,Low
2026-07-09,Gangavaram,6,1,1.07,Low
2026-07-09,Haldia,20,4,7.35,High
2026-07-09,Gopalpur,4,2,0.72,Low
2026-07-09,Newcastle,14,8,2.98,Medium
2026-07-09,Samarinda,10,5,1.96,Medium
2026-07-09,Richards Bay,12,5,2.77,Medium
2026-07-09,Maputo,4,3,0.91,Low
2026-07-09,Norfolk,5,3,1.02,Low
2026-07-10,Paradip,12,6,3.44,Medium
2026-07-10,Visakhapatnam (Outer),10,3,2.48,Medium
2026-07-10,Visakhapatnam (Inner),8,6,2.25,Medium
2026-07-10,Dhamra,5,3,1.05,Low
2026-07-10,Gangavaram,5,1,1.12,Low
2026-07-10,Haldia,19,5,6.79,High
2026-07-10,Gopalpur,4,2,0.88,Low
2026-07-10,Newcastle,14,6,2.69,Medium
2026-07-10,Samarinda,10,6,1.69,Medium
2026-07-10,Richards Bay,6,4,1.55,Medium
2026-07-10,Maputo,4,2,0.83,Low
2026-07-10,Norfolk,3,3,0.67,Low
2026-07-13,Paradip,17,6,4.56,High
2026-07-13,Visakhapatnam (Outer),8,3,2.06,Medium
2026-07-13,Visakhapatnam (Inner),12,5,2.98,Medium
2026-07-13,Dhamra,5,5,1.26,Low
2026-07-13,Gangavaram,5,2,0.87,Low
2026-07-13,Haldia,15,5,5.6,High
2026-07-13,Gopalpur,4,1,0.64,Low
2026-07-13,Newcastle,11,7,2.11,Medium
2026-07-13,Samarinda,7,7,1.43,Low
2026-07-13,Richards Bay,10,5,2.43,Medium
2026-07-13,Maputo,6,4,1.29,Low
2026-07-13,Norfolk,4,3,0.7,Low
2026-07-14,Paradip,13,5,3.74,High
2026-07-14,Visakhapatnam (Outer),8,5,1.99,Medium
2026-07-14,Visakhapatnam (Inner),13,5,3.15,Medium
2026-07-14,Dhamra,6,4,1.35,Low
2026-07-14,Gangavaram,4,2,1.06,Low
2026-07-14,Haldia,15,2,5.38,High
2026-07-14,Gopalpur,4,1,0.72,Low
2026-07-14,Newcastle,20,6,3.82,High
2026-07-14,Samarinda,7,6,1.53,Medium
2026-07-14,Richards Bay,5,4,1.35,Low
2026-07-14,Maputo,3,3,0.59,Low
2026-07-14,Norfolk,5,6,0.9,Low
2026-07-15,Paradip,15,6,4.17,High
2026-07-15,Visakhapatnam (Outer),9,3,2.12,Medium
2026-07-15,Visakhapatnam (Inner),9,4,2.47,Medium
2026-07-15,Dhamra,3,4,0.9,Low
2026-07-15,Gangavaram,4,4,0.97,Low
2026-07-15,Haldia,8,4,2.93,Medium
2026-07-15,Gopalpur,3,1,0.76,Low
2026-07-15,Newcastle,22,8,4.14,High
2026-07-15,Samarinda,7,8,1.16,Low
2026-07-15,Richards Bay,6,4,1.55,Medium
2026-07-15,Maputo,4,4,0.89,Low
2026-07-15,Norfolk,4,4,0.84,Low
2026-07-16,Paradip,13,5,3.44,Medium
2026-07-16,Visakhapatnam (Outer),8,4,1.78,Medium
2026-07-16,Visakhapatnam (Inner),12,7,3.09,Medium
2026-07-16,Dhamra,12,3,2.42,Medium
2026-07-16,Gangavaram,4,3,1.0,Low
2026-07-16,Haldia,14,4,5.17,High
2026-07-16,Gopalpur,4,1,0.87,Low
2026-07-16,Newcastle,16,8,3.21,Medium
2026-07-16,Samarinda,6,4,1.24,Low
2026-07-16,Richards Bay,10,5,2.11,Medium
2026-07-16,Maputo,5,3,1.2,Low
2026-07-16,Norfolk,3,5,0.67,Low
2026-07-17,Paradip,13,5,3.57,High
2026-07-17,Visakhapatnam (Outer),7,5,1.6,Medium
2026-07-17,Visakhapatnam (Inner),11,5,2.78,Medium
2026-07-17,Dhamra,7,5,1.4,Low
2026-07-17,Gangavaram,5,1,1.2,Low
2026-07-17,Haldia,17,5,6.18,High
2026-07-17,Gopalpur,4,3,0.64,Low
2026-07-17,Newcastle,20,8,3.87,High
2026-07-17,Samarinda,7,6,1.2,Low
2026-07-17,Richards Bay,8,7,1.91,Medium
2026-07-17,Maputo,6,3,1.22,Low
2026-07-17,Norfolk,2,3,0.54,Low
2026-07-20,Paradip,14,7,3.71,High
2026-07-20,Visakhapatnam (Outer),8,6,2.0,Medium
2026-07-20,Visakhapatnam (Inner),13,5,2.98,Medium
2026-07-20,Dhamra,5,3,1.28,Low
2026-07-20,Gangavaram,5,4,0.9,Low
2026-07-20,Haldia,14,4,5.35,High
2026-07-20,Gopalpur,3,2,0.81,Low
2026-07-20,Newcastle,15,8,2.92,Medium
2026-07-20,Samarinda,8,6,1.42,Low
2026-07-20,Richards Bay,6,5,1.59,Medium
2026-07-20,Maputo,3,2,0.68,Low
2026-07-20,Norfolk,4,3,0.91,Low
2026-07-21,Paradip,14,7,3.74,High
2026-07-21,Visakhapatnam (Outer),6,3,1.56,Medium
2026-07-21,Visakhapatnam (Inner),12,4,3.13,Medium
2026-07-21,Dhamra,8,2,1.82,Medium
2026-07-21,Gangavaram,7,2,1.39,Low
2026-07-21,Haldia,14,6,5.01,High
2026-07-21,Gopalpur,4,3,0.93,Low
2026-07-21,Newcastle,12,7,2.43,Medium
2026-07-21,Samarinda,5,4,1.12,Low
2026-07-21,Richards Bay,7,4,1.67,Medium
2026-07-21,Maputo,6,3,1.33,Low
2026-07-21,Norfolk,4,3,0.72,Low
2026-07-22,Paradip,17,7,4.55,High
2026-07-22,Visakhapatnam (Outer),8,3,1.75,Medium
2026-07-22,Visakhapatnam (Inner),8,5,2.04,Medium
2026-07-22,Dhamra,6,5,1.3,Low
2026-07-22,Gangavaram,5,2,1.15,Low
2026-07-22,Haldia,20,5,7.3,High
2026-07-22,Gopalpur,4,1,0.84,Low
2026-07-22,Newcastle,14,6,2.94,Medium
2026-07-22,Samarinda,7,7,1.39,Low
2026-07-22,Richards Bay,10,4,2.21,Medium
2026-07-22,Maputo,3,3,0.79,Low
2026-07-22,Norfolk,3,3,0.71,Low
2026-07-23,Paradip,13,4,3.63,High
2026-07-23,Visakhapatnam (Outer),9,6,2.17,Medium
2026-07-23,Visakhapatnam (Inner),12,5,2.89,Medium
2026-07-23,Dhamra,6,2,1.19,Low
2026-07-23,Gangavaram,4,2,0.79,Low
2026-07-23,Haldia,20,3,7.26,High
2026-07-23,Gopalpur,4,3,0.59,Low
2026-07-23,Newcastle,19,8,3.59,High
2026-07-23,Samarinda,9,7,1.7,Medium
2026-07-23,Richards Bay,6,6,1.42,Low
2026-07-23,Maputo,4,3,0.8,Low
2026-07-23,Norfolk,4,4,0.93,Low
2026-07-24,Paradip,12,6,3.15,Medium
2026-07-24,Visakhapatnam (Outer),8,3,1.93,Medium
2026-07-24,Visakhapatnam (Inner),9,4,2.3,Medium
2026-07-24,Dhamra,6,5,1.32,Low
2026-07-24,Gangavaram,4,3,0.77,Low
2026-07-24,Haldia,13,4,4.88,High
2026-07-24,Gopalpur,4,1,0.83,Low
2026-07-24,Newcastle,20,6,3.92,High
2026-07-24,Samarinda,9,6,1.57,Medium
2026-07-24,Richards Bay,10,5,2.16,Medium
2026-07-24,Maputo,3,3,0.81,Low
2026-07-24,Norfolk,4,4,0.73,Low
2026-07-27,Paradip,14,5,3.72,High
2026-07-27,Visakhapatnam (Outer),7,4,1.67,Medium
2026-07-27,Visakhapatnam (Inner),9,4,2.24,Medium
2026-07-27,Dhamra,6,3,1.55,Medium
2026-07-27,Gangavaram,4,3,0.98,Low
2026-07-27,Haldia,15,5,5.4,High
2026-07-27,Gopalpur,4,1,0.82,Low
2026-07-27,Newcastle,17,7,3.35,Medium
2026-07-27,Samarinda,9,6,1.55,Medium
2026-07-27,Richards Bay,10,4,2.46,Medium
2026-07-27,Maputo,5,1,1.06,Low
2026-07-27,Norfolk,4,3,0.97,Low
2026-07-28,Paradip,12,6,3.14,Medium
2026-07-28,Visakhapatnam (Outer),8,3,1.83,Medium
2026-07-28,Visakhapatnam (Inner),11,4,2.75,Medium
2026-07-28,Dhamra,5,5,1.08,Low
2026-07-28,Gangavaram,5,2,1.21,Low
2026-07-28,Haldia,15,4,5.66,High
2026-07-28,Gopalpur,4,1,0.81,Low
2026-07-28,Newcastle,16,8,3.04,Medium
2026-07-28,Samarinda,7,5,1.54,Medium
2026-07-28,Richards Bay,12,6,2.84,Medium
2026-07-28,Maputo,3,2,0.69,Low
2026-07-28,Norfolk,4,4,0.98,Low
2026-07-29,Paradip,11,6,3.21,Medium
2026-07-29,Visakhapatnam (Outer),10,4,2.4,Medium
2026-07-29,Visakhapatnam (Inner),10,4,2.57,Medium
2026-07-29,Dhamra,6,3,1.25,Low
2026-07-29,Gangavaram,4,3,0.88,Low
2026-07-29,Haldia,17,4,6.31,High
2026-07-29,Gopalpur,4,1,0.58,Low
2026-07-29,Newcastle,15,6,3.17,Medium
2026-07-29,Samarinda,7,4,1.15,Low
2026-07-29,Richards Bay,10,4,2.46,Medium
2026-07-29,Maputo,5,1,1.08,Low
2026-07-29,Norfolk,3,5,0.91,Low
2026-07-30,Paradip,13,7,3.5,Medium
2026-07-30,Visakhapatnam (Outer),7,2,1.65,Medium
2026-07-30,Visakhapatnam (Inner),11,5,2.73,Medium
2026-07-30,Dhamra,7,4,1.49,Low
2026-07-30,Gangavaram,7,2,1.17,Low
2026-07-30,Haldia,20,4,7.48,High
2026-07-30,Gopalpur,3,2,0.76,Low
2026-07-30,Newcastle,17,9,3.52,High
2026-07-30,Samarinda,5,5,1.14,Low
2026-07-30,Richards Bay,6,3,1.69,Medium
2026-07-30,Maputo,4,2,0.9,Low
2026-07-30,Norfolk,4,3,0.99,Low
2026-07-31,Paradip,15,6,4.24,High
2026-07-31,Visakhapatnam (Outer),11,3,2.39,Medium
2026-07-31,Visakhapatnam (Inner),10,6,2.52,Medium
2026-07-31,Dhamra,7,5,1.55,Medium
2026-07-31,Gangavaram,4,3,1.05,Low
2026-07-31,Haldia,14,4,5.11,High
2026-07-31,Gopalpur,4,1,0.93,Low
2026-07-31,Newcastle,13,6,2.44,Medium
2026-07-31,Samarinda,6,7,1.25,Low
2026-07-31,Richards Bay,8,4,1.87,Medium
2026-07-31,Maputo,5,2,1.2,Low
2026-07-31,Norfolk,4,3,0.68,Low
2026-08-03,Paradip,13,5,3.56,High
2026-08-03,Visakhapatnam (Outer),5,4,1.21,Low
2026-08-03,Visakhapatnam (Inner),10,4,2.35,Medium
2026-08-03,Dhamra,6,3,1.51,Medium
2026-08-03,Gangavaram,5,2,1.07,Low
2026-08-03,Haldia,21,6,7.79,High
2026-08-03,Gopalpur,3,1,0.8,Low
2026-08-03,Newcastle,6,8,1.26,Low
2026-08-03,Samarinda,7,6,1.4,Low
2026-08-03,Richards Bay,6,4,1.67,Medium
2026-08-03,Maputo,5,4,0.91,Low
2026-08-03,Norfolk,2,3,0.55,Low
2026-08-04,Paradip,11,5,2.88,Medium
2026-08-04,Visakhapatnam (Outer),8,5,1.77,Medium
2026-08-04,Visakhapatnam (Inner),11,4,2.78,Medium
2026-08-04,Dhamra,7,4,1.72,Medium
2026-08-04,Gangavaram,5,3,0.98,Low
2026-08-04,Haldia,12,4,4.48,High
2026-08-04,Gopalpur,3,1,0.5,Low
2026-08-04,Newcastle,15,9,2.83,Medium
2026-08-04,Samarinda,8,4,1.69,Medium
2026-08-04,Richards Bay,8,5,1.94,Medium
2026-08-04,Maputo,7,3,1.36,Low
2026-08-04,Norfolk,4,2,0.69,Low
2026-08-05,Paradip,11,7,2.93,Medium
2026-08-05,Visakhapatnam (Outer),5,5,1.33,Low
2026-08-05,Visakhapatnam (Inner),10,4,2.55,Medium
2026-08-05,Dhamra,7,2,1.64,Medium
2026-08-05,Gangavaram,6,2,1.14,Low
2026-08-05,Haldia,10,5,3.88,High
2026-08-05,Gopalpur,4,1,0.66,Low
2026-08-05,Newcastle,19,9,3.59,High
2026-08-05,Samarinda,6,6,1.3,Low
2026-08-05,Richards Bay,7,5,1.62,Medium
2026-08-05,Maputo,6,3,1.14,Low
2026-08-05,Norfolk,4,3,1.01,Low
2026-08-06,Paradip,14,6,3.61,High
2026-08-06,Visakhapatnam (Outer),6,4,1.43,Low
2026-08-06,Visakhapatnam (Inner),10,5,2.66,Medium
2026-08-06,Dhamra,6,4,1.52,Medium
2026-08-06,Gangavaram,5,4,1.19,Low
2026-08-06,Haldia,16,4,5.85,High
2026-08-06,Gopalpur,5,3,1.1,Low
2026-08-06,Newcastle,11,9,2.37,Medium
2026-08-06,Samarinda,7,4,1.34,Low
2026-08-06,Richards Bay,4,2,0.94,Low
2026-08-06,Maputo,6,2,1.2,Low
2026-08-06,Norfolk,1,3,0.37,Low
2026-08-07,Paradip,15,4,3.9,High
2026-08-07,Visakhapatnam (Outer),7,4,1.71,Medium
2026-08-07,Visakhapatnam (Inner),13,3,3.27,Medium
2026-08-07,Dhamra,6,2,1.5,Medium
2026-08-07,Gangavaram,4,2,0.94,Low
2026-08-07,Haldia,15,4,5.38,High
2026-08-07,Gopalpur,3,2,0.82,Low
2026-08-07,Newcastle,5,8,1.07,Low
2026-08-07,Samarinda,6,5,1.02,Low
2026-08-07,Richards Bay,9,6,2.01,Medium
2026-08-07,Maputo,5,2,1.11,Low
2026-08-07,Norfolk,3,1,0.79,Low
2026-08-10,Paradip,16,5,4.16,High
2026-08-10,Visakhapatnam (Outer),8,2,1.7,Medium
2026-08-10,Visakhapatnam (Inner),8,6,2.01,Medium
2026-08-10,Dhamra,7,5,1.75,Medium
2026-08-10,Gangavaram,4,2,0.71,Low
2026-08-10,Haldia,15,5,5.72,High
2026-08-10,Gopalpur,4,3,0.74,Low
2026-08-10,Newcastle,13,8,2.67,Medium
2026-08-10,Samarinda,9,5,1.73,Medium
2026-08-10,Richards Bay,7,6,1.77,Medium
2026-08-10,Maputo,7,2,1.36,Low
2026-08-10,Norfolk,3,4,0.56,Low
2026-08-11,Paradip,12,5,3.15,Medium
2026-08-11,Visakhapatnam (Outer),7,4,1.59,Medium
2026-08-11,Visakhapatnam (Inner),12,4,2.92,Medium
2026-08-11,Dhamra,7,2,1.72,Medium
2026-08-11,Gangavaram,5,2,0.85,Low
2026-08-11,Haldia,16,3,6.08,High
2026-08-11,Gopalpur,4,1,0.66,Low
2026-08-11,Newcastle,18,9,3.38,Medium
2026-08-11,Samarinda,8,7,1.48,Low
2026-08-11,Richards Bay,10,2,2.31,Medium
2026-08-11,Maputo,4,2,1.09,Low
2026-08-11,Norfolk,2,2,0.6,Low
2026-08-12,Paradip,14,7,3.96,High
2026-08-12,Visakhapatnam (Outer),7,4,1.7,Medium
2026-08-12,Visakhapatnam (Inner),11,5,2.84,Medium
2026-08-12,Dhamra,7,3,1.7,Medium
2026-08-12,Gangavaram,5,2,1.16,Low
2026-08-12,Haldia,14,3,5.24,High
2026-08-12,Gopalpur,3,1,0.64,Low
2026-08-12,Newcastle,16,6,3.02,Medium
2026-08-12,Samarinda,11,4,1.92,Medium
2026-08-12,Richards Bay,9,4,1.98,Medium
2026-08-12,Maputo,5,5,1.02,Low
2026-08-12,Norfolk,3,3,0.68,Low
2026-08-13,Paradip,15,6,4.2,High
2026-08-13,Visakhapatnam (Outer),5,3,1.15,Low
2026-08-13,Visakhapatnam (Inner),8,3,2.21,Medium
2026-08-13,Dhamra,7,5,1.74,Medium
2026-08-13,Gangavaram,5,2,1.1,Low
2026-08-13,Haldia,19,3,7.11,High
2026-08-13,Gopalpur,5,1,1.0,Low
2026-08-13,Newcastle,13,7,2.45,Medium
2026-08-13,Samarinda,6,6,1.14,Low
2026-08-13,Richards Bay,12,4,2.72,Medium
2026-08-13,Maputo,5,3,1.1,Low
2026-08-13,Norfolk,3,3,0.59,Low
2026-08-14,Paradip,11,6,2.97,Medium
2026-08-14,Visakhapatnam (Outer),6,2,1.55,Medium
2026-08-14,Visakhapatnam (Inner),5,4,1.42,Low
2026-08-14,Dhamra,5,1,1.09,Low
2026-08-14,Gangavaram,5,1,1.16,Low
2026-08-14,Haldia,18,5,6.66,High
2026-08-14,Gopalpur,3,2,0.81,Low
2026-08-14,Newcastle,17,6,3.22,Medium
2026-08-14,Samarinda,8,5,1.57,Medium
2026-08-14,Richards Bay,8,3,1.9,Medium
2026-08-14,Maputo,5,1,1.03,Low
2026-08-14,Norfolk,3,4,0.86,Low
2026-08-17,Paradip,8,6,2.22,Medium
2026-08-17,Visakhapatnam (Outer),9,3,2.08,Medium
2026-08-17,Visakhapatnam (Inner),7,5,1.81,Medium
2026-08-17,Dhamra,8,5,1.93,Medium
2026-08-17,Gangavaram,4,3,0.86,Low
2026-08-17,Haldia,18,6,6.7,High
2026-08-17,Gopalpur,4,1,0.71,Low
2026-08-17,Newcastle,10,9,2.16,Medium
2026-08-17,Samarinda,8,5,1.56,Medium
2026-08-17,Richards Bay,6,5,1.61,Medium
2026-08-17,Maputo,3,3,0.62,Low
2026-08-17,Norfolk,4,1,1.04,Low
2026-08-18,Paradip,11,7,3.07,Medium
2026-08-18,Visakhapatnam (Outer),7,4,1.75,Medium
2026-08-18,Visakhapatnam (Inner),9,4,2.46,Medium
2026-08-18,Dhamra,7,4,1.46,Low
2026-08-18,Gangavaram,6,3,1.1,Low
2026-08-18,Haldia,11,4,4.08,High
2026-08-18,Gopalpur,4,1,0.65,Low
2026-08-18,Newcastle,13,9,2.83,Medium
2026-08-18,Samarinda,7,5,1.41,Low
2026-08-18,Richards Bay,9,4,2.12,Medium
2026-08-18,Maputo,7,1,1.27,Low
2026-08-18,Norfolk,5,5,0.84,Low
2026-08-19,Paradip,14,7,3.93,High
2026-08-19,Visakhapatnam (Outer),8,4,1.93,Medium
2026-08-19,Visakhapatnam (Inner),8,4,2.1,Medium
2026-08-19,Dhamra,6,4,1.29,Low
2026-08-19,Gangavaram,4,2,1.05,Low
2026-08-19,Haldia,22,4,7.93,High
2026-08-19,Gopalpur,4,1,0.92,Low
2026-08-19,Newcastle,17,7,3.42,Medium
2026-08-19,Samarinda,9,5,1.84,Medium
2026-08-19,Richards Bay,9,4,2.08,Medium
2026-08-19,Maputo,5,2,1.25,Low
2026-08-19,Norfolk,4,4,1.04,Low
2026-08-20,Paradip,12,6,3.3,Medium
2026-08-20,Visakhapatnam (Outer),6,4,1.41,Low
2026-08-20,Visakhapatnam (Inner),10,5,2.6,Medium
2026-08-20,Dhamra,5,3,1.16,Low
2026-08-20,Gangavaram,5,3,0.99,Low
2026-08-20,Haldia,13,5,5.0,High
2026-08-20,Gopalpur,3,2,0.48,Low
2026-08-20,Newcastle,11,7,2.4,Medium
2026-08-20,Samarinda,8,5,1.52,Medium
2026-08-20,Richards Bay,7,4,1.79,Medium
2026-08-20,Maputo,7,2,1.38,Low
2026-08-20,Norfolk,4,4,0.69,Low
2026-08-21,Paradip,13,6,3.56,High
2026-08-21,Visakhapatnam (Outer),8,3,1.76,Medium
2026-08-21,Visakhapatnam (Inner),10,4,2.45,Medium
2026-08-21,Dhamra,6,3,1.41,Low
2026-08-21,Gangavaram,5,2,1.22,Low
2026-08-21,Haldia,16,5,5.77,High
2026-08-21,Gopalpur,4,2,0.6,Low
2026-08-21,Newcastle,15,5,2.91,Medium
2026-08-21,Samarinda,9,6,1.72,Medium
2026-08-21,Richards Bay,10,4,2.31,Medium
2026-08-21,Maputo,5,1,0.94,Low
2026-08-21,Norfolk,5,4,0.84,Low
2026-08-24,Paradip,12,6,3.18,Medium
2026-08-24,Visakhapatnam (Outer),7,2,1.64,Medium
2026-08-24,Visakhapatnam (Inner),13,4,3.28,Medium
2026-08-24,Dhamra,6,3,1.38,Low
2026-08-24,Gangavaram,5,3,1.07,Low
2026-08-24,Haldia,20,5,7.21,High
2026-08-24,Gopalpur,3,1,0.61,Low
2026-08-24,Newcastle,12,8,2.27,Medium
2026-08-24,Samarinda,5,4,1.07,Low
2026-08-24,Richards Bay,10,4,2.45,Medium
2026-08-24,Maputo,3,2,0.82,Low
2026-08-24,Norfolk,3,4,0.61,Low
2026-08-25,Paradip,11,8,2.87,Medium
2026-08-25,Visakhapatnam (Outer),6,4,1.38,Low
2026-08-25,Visakhapatnam (Inner),8,4,1.9,Medium
2026-08-25,Dhamra,9,3,1.79,Medium
2026-08-25,Gangavaram,4,3,1.05,Low
2026-08-25,Haldia,16,5,6.09,High
2026-08-25,Gopalpur,5,1,0.82,Low
2026-08-25,Newcastle,19,8,3.87,High
2026-08-25,Samarinda,5,6,0.86,Low
2026-08-25,Richards Bay,12,5,2.85,Medium
2026-08-25,Maputo,3,3,0.86,Low
2026-08-25,Norfolk,4,5,0.68,Low
2026-08-26,Paradip,14,7,3.87,High
2026-08-26,Visakhapatnam (Outer),8,4,1.84,Medium
2026-08-26,Visakhapatnam (Inner),10,6,2.55,Medium
2026-08-26,Dhamra,8,3,1.76,Medium
2026-08-26,Gangavaram,5,5,0.91,Low
2026-08-26,Haldia,12,3,4.35,High
2026-08-26,Gopalpur,3,2,0.54,Low
2026-08-26,Newcastle,11,8,2.11,Medium
2026-08-26,Samarinda,9,6,1.71,Medium
2026-08-26,Richards Bay,7,5,1.84,Medium
2026-08-26,Maputo,4,3,1.13,Low
2026-08-26,Norfolk,3,2,0.8,Low
2026-08-27,Paradip,13,5,3.68,High
2026-08-27,Visakhapatnam (Outer),6,4,1.62,Medium
2026-08-27,Visakhapatnam (Inner),11,5,2.59,Medium
2026-08-27,Dhamra,6,4,1.39,Low
2026-08-27,Gangavaram,5,3,1.0,Low
2026-08-27,Haldia,9,5,3.52,High
2026-08-27,Gopalpur,4,2,0.78,Low
2026-08-27,Newcastle,16,8,3.22,Medium
2026-08-27,Samarinda,7,5,1.49,Low
2026-08-27,Richards Bay,12,3,2.86,Medium
2026-08-27,Maputo,5,3,1.02,Low
2026-08-27,Norfolk,3,3,0.63,Low
2026-08-28,Paradip,16,5,4.4,High
2026-08-28,Visakhapatnam (Outer),6,3,1.4,Low
2026-08-28,Visakhapatnam (Inner),12,5,3.0,Medium
2026-08-28,Dhamra,7,4,1.69,Medium
2026-08-28,Gangavaram,5,3,1.03,Low
2026-08-28,Haldia,15,4,5.7,High
2026-08-28,Gopalpur,4,1,0.91,Low
2026-08-28,Newcastle,16,5,3.01,Medium
2026-08-28,Samarinda,8,4,1.46,Low
2026-08-28,Richards Bay,10,6,2.5,Medium
2026-08-28,Maputo,2,2,0.51,Low
2026-08-28,Norfolk,4,5,0.9,Low
2026-08-31,Paradip,16,4,4.25,High
2026-08-31,Visakhapatnam (Outer),7,4,1.64,Medium
2026-08-31,Visakhapatnam (Inner),5,6,1.33,Low
2026-08-31,Dhamra,5,2,1.07,Low
2026-08-31,Gangavaram,5,3,1.15,Low
2026-08-31,Haldia,17,5,6.23,High
2026-08-31,Gopalpur,3,1,0.77,Low
2026-08-31,Newcastle,10,7,2.06,Medium
2026-08-31,Samarinda,8,5,1.42,Low
2026-08-31,Richards Bay,10,5,2.5,Medium
2026-08-31,Maputo,5,2,1.26,Low
2026-08-31,Norfolk,2,2,0.57,Low
2026-09-01,Paradip,12,5,3.17,Medium
2026-09-01,Visakhapatnam (Outer),7,5,1.85,Medium
2026-09-01,Visakhapatnam (Inner),8,3,1.93,Medium
2026-09-01,Dhamra,5,3,1.39,Low
2026-09-01,Gangavaram,1,2,0.62,Low
2026-09-01,Haldia,10,5,3.7,High
2026-09-01,Gopalpur,2,3,0.49,Low
2026-09-01,Newcastle,17,5,3.28,Medium
2026-09-01,Samarinda,7,5,1.19,Low
2026-09-01,Richards Bay,8,4,1.86,Medium
2026-09-01,Maputo,5,2,1.02,Low
2026-09-01,Norfolk,4,1,0.84,Low
2026-09-02,Paradip,15,3,4.14,High
2026-09-02,Visakhapatnam (Outer),4,3,1.16,Low
2026-09-02,Visakhapatnam (Inner),8,4,2.05,Medium
2026-09-02,Dhamra,4,4,1.1,Low
2026-09-02,Gangavaram,3,3,0.93,Low
2026-09-02,Haldia,13,5,5.04,High
2026-09-02,Gopalpur,4,1,0.7,Low
2026-09-02,Newcastle,16,8,3.3,Medium
2026-09-02,Samarinda,8,6,1.51,Medium
2026-09-02,Richards Bay,14,4,3.12,Medium
2026-09-02,Maputo,5,4,1.08,Low
2026-09-02,Norfolk,4,3,0.9,Low
2026-09-03,Paradip,15,6,3.9,High
2026-09-03,Visakhapatnam (Outer),4,5,1.13,Low
2026-09-03,Visakhapatnam (Inner),10,3,2.42,Medium
2026-09-03,Dhamra,4,3,1.09,Low
2026-09-03,Gangavaram,4,4,1.08,Low
2026-09-03,Haldia,13,4,4.76,High
2026-09-03,Gopalpur,3,1,0.78,Low
2026-09-03,Newcastle,17,7,3.24,Medium
2026-09-03,Samarinda,8,6,1.54,Medium
2026-09-03,Richards Bay,9,5,2.13,Medium
2026-09-03,Maputo,5,1,1.29,Low
2026-09-03,Norfolk,4,3,0.67,Low
2026-09-04,Paradip,10,7,2.88,Medium
2026-09-04,Visakhapatnam (Outer),6,4,1.49,Low
2026-09-04,Visakhapatnam (Inner),2,3,0.93,Low
2026-09-04,Dhamra,5,1,1.36,Low
2026-09-04,Gangavaram,3,1,0.67,Low
2026-09-04,Haldia,10,5,3.97,High
2026-09-04,Gopalpur,4,1,0.71,Low
2026-09-04,Newcastle,16,7,3.12,Medium
2026-09-04,Samarinda,4,4,0.89,Low
2026-09-04,Richards Bay,9,4,2.27,Medium
2026-09-04,Maputo,5,3,1.25,Low
2026-09-04,Norfolk,3,5,0.71,Low
2026-09-07,Paradip,7,6,2.02,Medium
2026-09-07,Visakhapatnam (Outer),6,3,1.32,Low
2026-09-07,Visakhapatnam (Inner),9,5,2.15,Medium
2026-09-07,Dhamra,5,5,1.15,Low
2026-09-07,Gangavaram,5,4,1.2,Low
2026-09-07,Haldia,16,5,5.78,High
2026-09-07,Gopalpur,2,1,0.38,Low
2026-09-07,Newcastle,17,7,3.25,Medium
2026-09-07,Samarinda,7,6,1.39,Low
2026-09-07,Richards Bay,9,6,2.24,Medium
2026-09-07,Maputo,4,3,1.02,Low
2026-09-07,Norfolk,3,3,0.89,Low
2026-09-08,Paradip,7,3,2.21,Medium
2026-09-08,Visakhapatnam (Outer),6,4,1.4,Low
2026-09-08,Visakhapatnam (Inner),6,5,1.64,Medium
2026-09-08,Dhamra,5,6,1.05,Low
2026-09-08,Gangavaram,3,3,0.71,Low
2026-09-08,Haldia,16,4,5.92,High
2026-09-08,Gopalpur,3,2,0.72,Low
2026-09-08,Newcastle,20,8,3.97,High
2026-09-08,Samarinda,9,4,1.47,Low
2026-09-08,Richards Bay,8,5,1.96,Medium
2026-09-08,Maputo,2,2,0.48,Low
2026-09-08,Norfolk,3,1,0.74,Low
